<object stamp="a8cf85a3-1362-4653-baf2-2a8bcec20245_1740507682866" type="Aggregation" version="12">
	<property name="name" value="EU_CVA_Hedge_Cube_to_RDD" valueType="string"/>
	<property name="description" value="EU_CVA_Hedge_Cube_to_RDD" valueType="string"/>
	<property name="objectId" value="8b214796-2c5d-4444-82be-d79732d61589" valueType="string"/>
	<property name="branchId" value="7ca400a9-8409-4345-aa3f-1d5f813761af" valueType="string"/>
	<property name="models" valueType="table">
		<object type="ModelBasedTask:modelEntry" version="3">
			<property name="dataModel" valueType="url">DataModel["cva:Aggregation[BA_CVA_Hedge_Output_Cube]"{73d958bc-01f2-45c2-b70e-72542d5eaf28:Aggregation[c9f0041c-93f9-4d43-aa3e-b87eece93516]}]</property>
			<property name="instanceSelectionRule" valueType="object">
				<object type="InstanceSelectionRule" version="3">
					<property name="instanceDateRule" valueType="object">
						<object type="InstanceSelectionRule:rule" version="3">
							<property name="type" value="EQUAL" valueType="string"/>
						</object>
					</property>
					<property name="instanceKeyRules" valueType="table"/>
				</object>
			</property>
		</object>
	</property>
	<property name="requiresAllModels" value="true" valueType="boolean"/>
	<property name="parameters" valueType="table"/>
	<property name="details" valueType="table">
		<object type="Aggregation:detail" version="6">
			<property name="name" value="entity" valueType="string"/>
			<property name="description" value="" valueType="string"/>
			<property name="id" value="5a25a5d9-c786-461c-be1f-8675d4fd04b1" valueType="string"/>
			<property name="overrideLookupInformation" value="false" valueType="boolean"/>
			<property name="displayFormat" value="" valueType="string"/>
			<property name="title" value="Entity" valueType="string"/>
			<property name="overrideNullable" value="DEFAULT" valueType="string"/>
		</object>
		<object type="Aggregation:detail" version="6">
			<property name="name" value="id_unique" valueType="string"/>
			<property name="description" value="" valueType="string"/>
			<property name="id" value="1b136d23-2cf9-4080-8b33-d01b5f746d48" valueType="string"/>
			<property name="overrideLookupInformation" value="false" valueType="boolean"/>
			<property name="displayFormat" value="" valueType="string"/>
			<property name="title" value="Unique ID" valueType="string"/>
			<property name="overrideNullable" value="DEFAULT" valueType="string"/>
		</object>
	</property>
	<property name="calcFields" valueType="table">
		<object type="Aggregation:calcField" version="7">
			<property name="name" value="enm_cva_apprch" valueType="string"/>
			<property name="description" value="" valueType="string"/>
			<property name="id" value="2ae211e6-d9f2-419c-ad4b-3acbb15f025e" valueType="string"/>
			<property name="aggrMethod" value="MAX" valueType="string"/>
			<property name="calcTotal" value="false" valueType="boolean"/>
			<property name="calcFormula" valueType="table"/>
			<property name="displayFormat" value="" valueType="string"/>
			<property name="overrideLookupInformation" value="false" valueType="boolean"/>
			<property name="title" value="ENM CVA Approach" valueType="string"/>
			<property name="overrideNullable" value="DEFAULT" valueType="string"/>
		</object>
		<object type="Aggregation:calcField" version="7">
			<property name="name" value="enm_hdg_typ" valueType="string"/>
			<property name="description" value="" valueType="string"/>
			<property name="id" value="ad9d408d-34d2-4ab0-8ff4-c47e8585db37" valueType="string"/>
			<property name="aggrMethod" value="MAX" valueType="string"/>
			<property name="calcTotal" value="false" valueType="boolean"/>
			<property name="calcFormula" valueType="table"/>
			<property name="displayFormat" value="" valueType="string"/>
			<property name="overrideLookupInformation" value="false" valueType="boolean"/>
			<property name="title" value="Hegde Type" valueType="string"/>
			<property name="overrideNullable" value="DEFAULT" valueType="string"/>
		</object>
		<object type="Aggregation:calcField" version="7">
			<property name="name" value="cva_excldd_ind" valueType="string"/>
			<property name="description" value="" valueType="string"/>
			<property name="id" value="ac9b55dd-9d4d-4b23-b8cf-12e28e4300af" valueType="string"/>
			<property name="aggrMethod" value="MAX" valueType="string"/>
			<property name="calcTotal" value="false" valueType="boolean"/>
			<property name="calcFormula" valueType="table"/>
			<property name="displayFormat" value="" valueType="string"/>
			<property name="overrideLookupInformation" value="false" valueType="boolean"/>
			<property name="title" value="CVA Excluded Indicator" valueType="string"/>
			<property name="overrideNullable" value="DEFAULT" valueType="string"/>
		</object>
		<object type="Aggregation:calcField" version="7">
			<property name="name" value="ntnl_amnt" valueType="string"/>
			<property name="description" value="" valueType="string"/>
			<property name="id" value="4f9027d6-aa9d-454f-ac0f-deacf78a1a46" valueType="string"/>
			<property name="aggrMethod" value="SUM" valueType="string"/>
			<property name="calcTotal" value="true" valueType="boolean"/>
			<property name="calcFormula" valueType="table"/>
			<property name="displayFormat" value="" valueType="string"/>
			<property name="overrideLookupInformation" value="false" valueType="boolean"/>
			<property name="title" value="Notional Amount" valueType="string"/>
			<property name="overrideNullable" value="DEFAULT" valueType="string"/>
		</object>
		<object type="Aggregation:calcField" version="7">
			<property name="name" value="eu_cva_hdg_cstm_1" valueType="string"/>
			<property name="description" value="" valueType="string"/>
			<property name="id" value="310bbbac-d409-4737-9792-43577ae01a0e" valueType="string"/>
			<property name="aggrMethod" value="MAX" valueType="string"/>
			<property name="calcTotal" value="false" valueType="boolean"/>
			<property name="calcFormula" valueType="table"/>
			<property name="displayFormat" value="" valueType="string"/>
			<property name="overrideLookupInformation" value="false" valueType="boolean"/>
			<property name="title" value="EU CVA Hedge Custom 1" valueType="string"/>
			<property name="overrideNullable" value="DEFAULT" valueType="string"/>
		</object>
		<object type="Aggregation:calcField" version="7">
			<property name="name" value="eu_cva_hdg_cstm_2" valueType="string"/>
			<property name="description" value="" valueType="string"/>
			<property name="id" value="16b984e2-4bb9-40d4-90cd-b59bb978864b" valueType="string"/>
			<property name="aggrMethod" value="MAX" valueType="string"/>
			<property name="calcTotal" value="false" valueType="boolean"/>
			<property name="calcFormula" valueType="table"/>
			<property name="displayFormat" value="" valueType="string"/>
			<property name="overrideLookupInformation" value="false" valueType="boolean"/>
			<property name="title" value="EU CVA Hedge Custom 2" valueType="string"/>
			<property name="overrideNullable" value="DEFAULT" valueType="string"/>
		</object>
		<object type="Aggregation:calcField" version="7">
			<property name="name" value="eu_cva_hdg_cstm_3" valueType="string"/>
			<property name="description" value="" valueType="string"/>
			<property name="id" value="9d4de829-cea7-4c6c-b204-6a3b7b1a075d" valueType="string"/>
			<property name="aggrMethod" value="MAX" valueType="string"/>
			<property name="calcTotal" value="false" valueType="boolean"/>
			<property name="calcFormula" valueType="table"/>
			<property name="displayFormat" value="" valueType="string"/>
			<property name="overrideLookupInformation" value="false" valueType="boolean"/>
			<property name="title" value="EU CVA Hedge Custom 3" valueType="string"/>
			<property name="overrideNullable" value="DEFAULT" valueType="string"/>
		</object>
		<object type="Aggregation:calcField" version="7">
			<property name="name" value="eu_cva_hdg_cstm_4" valueType="string"/>
			<property name="description" value="" valueType="string"/>
			<property name="id" value="87e0bf13-f3ac-4afb-bc29-00fde1d9658f" valueType="string"/>
			<property name="aggrMethod" value="MAX" valueType="string"/>
			<property name="calcTotal" value="false" valueType="boolean"/>
			<property name="calcFormula" valueType="table"/>
			<property name="displayFormat" value="" valueType="string"/>
			<property name="overrideLookupInformation" value="false" valueType="boolean"/>
			<property name="title" value="EU CVA Hedge Custom 4" valueType="string"/>
			<property name="overrideNullable" value="DEFAULT" valueType="string"/>
		</object>
		<object type="Aggregation:calcField" version="7">
			<property name="name" value="eu_cva_hdg_cstm_5" valueType="string"/>
			<property name="description" value="" valueType="string"/>
			<property name="id" value="b11a871f-1cb8-4a5c-a8d3-11b060ef2a18" valueType="string"/>
			<property name="aggrMethod" value="MAX" valueType="string"/>
			<property name="calcTotal" value="false" valueType="boolean"/>
			<property name="calcFormula" valueType="table"/>
			<property name="displayFormat" value="" valueType="string"/>
			<property name="overrideLookupInformation" value="false" valueType="boolean"/>
			<property name="title" value="EU CVA Hedge Custom 5" valueType="string"/>
			<property name="overrideNullable" value="DEFAULT" valueType="string"/>
		</object>
	</property>
	<property name="auxFields" valueType="table"/>
	<property name="syntheticFields" valueType="table"/>
	<property name="additionalIndices" valueType="table"/>
	<property name="mappings" valueType="table">
		<object type="Aggregation:mapping" version="7">
			<property name="field" valueType="object">
				<object type="Aggregation:localDetailReference" version="7">
					<property name="value" valueType="url">Aggregation[this].details["entity"{5a25a5d9-c786-461c-be1f-8675d4fd04b1}]</property>
				</object>
			</property>
			<property name="fieldMapping" valueType="table">
				<object type="Aggregation:fieldMapping" version="7">
					<property name="model" valueType="object">
						<object type="DataModel:reference" version="3">
							<property name="value" valueType="url">DataModel["cva:Aggregation[BA_CVA_Hedge_Output_Cube]"{73d958bc-01f2-45c2-b70e-72542d5eaf28:Aggregation[c9f0041c-93f9-4d43-aa3e-b87eece93516]}]</property>
						</object>
					</property>
					<property name="expression" valueType="table">
						<object type="DataModel:fieldReference" version="3">
							<property name="value" valueType="url">DataModel["cva:Aggregation[BA_CVA_Hedge_Output_Cube]"{73d958bc-01f2-45c2-b70e-72542d5eaf28:Aggregation[c9f0041c-93f9-4d43-aa3e-b87eece93516]}].hierarchy["Aggregation"{c9f0041c-93f9-4d43-aa3e-b87eece93516}].dataSource.layout["entity"{6eece6d0-20ed-4554-a099-d7586f7aeafd}]</property>
						</object>
					</property>
				</object>
			</property>
		</object>
		<object type="Aggregation:mapping" version="7">
			<property name="field" valueType="object">
				<object type="Aggregation:localDetailReference" version="7">
					<property name="value" valueType="url">Aggregation[this].details["id_unique"{1b136d23-2cf9-4080-8b33-d01b5f746d48}]</property>
				</object>
			</property>
			<property name="fieldMapping" valueType="table">
				<object type="Aggregation:fieldMapping" version="7">
					<property name="model" valueType="object">
						<object type="DataModel:reference" version="3">
							<property name="value" valueType="url">DataModel["cva:Aggregation[BA_CVA_Hedge_Output_Cube]"{73d958bc-01f2-45c2-b70e-72542d5eaf28:Aggregation[c9f0041c-93f9-4d43-aa3e-b87eece93516]}]</property>
						</object>
					</property>
					<property name="expression" valueType="table">
						<object type="SQLExpressionPart" version="2">
							<property name="value" value="CASE WHEN " valueType="string"/>
						</object>
						<object type="DataModel:fieldReference" version="3">
							<property name="value" valueType="url">DataModel["cva:Aggregation[BA_CVA_Hedge_Output_Cube]"{73d958bc-01f2-45c2-b70e-72542d5eaf28:Aggregation[c9f0041c-93f9-4d43-aa3e-b87eece93516]}].hierarchy["Aggregation"{c9f0041c-93f9-4d43-aa3e-b87eece93516}].dataSource.layout["enm_hdg_prdct_typ"{910481a1-2043-4d16-b97c-56de3ba174f6}]</property>
						</object>
						<object type="SQLExpressionPart" version="2">
							<property name="value" value=" = 'CDX' THEN " valueType="string"/>
						</object>
						<object type="DataModel:fieldReference" version="3">
							<property name="value" valueType="url">DataModel["cva:Aggregation[BA_CVA_Hedge_Output_Cube]"{73d958bc-01f2-45c2-b70e-72542d5eaf28:Aggregation[c9f0041c-93f9-4d43-aa3e-b87eece93516]}].hierarchy["Aggregation"{c9f0041c-93f9-4d43-aa3e-b87eece93516}].dataSource.layout["id_cdx_indx"{09380fc9-822d-48ce-ba0e-b5c0aaaa3b74}]</property>
						</object>
						<object type="SQLExpressionPart" version="2">
							<property name="value" value=" ELSE " valueType="string"/>
						</object>
						<object type="DataModel:fieldReference" version="3">
							<property name="value" valueType="url">DataModel["cva:Aggregation[BA_CVA_Hedge_Output_Cube]"{73d958bc-01f2-45c2-b70e-72542d5eaf28:Aggregation[c9f0041c-93f9-4d43-aa3e-b87eece93516]}].hierarchy["Aggregation"{c9f0041c-93f9-4d43-aa3e-b87eece93516}].dataSource.layout["id_unique"{aa843d93-8400-4ae5-b175-1da26be1ca2a}]</property>
						</object>
						<object type="SQLExpressionPart" version="2">
							<property name="value" value=" END" valueType="string"/>
						</object>
					</property>
					<property name="valueSize" value="200" valueType="integer"/>
					<property name="valueNullable" value="false" valueType="boolean"/>
					<property name="valueType" value="VARCHAR" valueType="string"/>
				</object>
			</property>
		</object>
		<object type="Aggregation:mapping" version="7">
			<property name="field" valueType="object">
				<object type="Aggregation:localCalcFieldReference" version="7">
					<property name="value" valueType="url">Aggregation[this].calcFields["enm_cva_apprch"{2ae211e6-d9f2-419c-ad4b-3acbb15f025e}]</property>
				</object>
			</property>
			<property name="fieldMapping" valueType="table">
				<object type="Aggregation:fieldMapping" version="7">
					<property name="model" valueType="object">
						<object type="DataModel:reference" version="3">
							<property name="value" valueType="url">DataModel["cva:Aggregation[BA_CVA_Hedge_Output_Cube]"{73d958bc-01f2-45c2-b70e-72542d5eaf28:Aggregation[c9f0041c-93f9-4d43-aa3e-b87eece93516]}]</property>
						</object>
					</property>
					<property name="expression" valueType="table">
						<object type="DataModel:fieldReference" version="3">
							<property name="value" valueType="url">DataModel["cva:Aggregation[BA_CVA_Hedge_Output_Cube]"{73d958bc-01f2-45c2-b70e-72542d5eaf28:Aggregation[c9f0041c-93f9-4d43-aa3e-b87eece93516]}].hierarchy["Aggregation"{c9f0041c-93f9-4d43-aa3e-b87eece93516}].dataSource.layout["enm_cva_mthd"{6ec7b169-6fab-4c17-a041-ac6b550b5a6d}]</property>
						</object>
					</property>
				</object>
			</property>
		</object>
		<object type="Aggregation:mapping" version="7">
			<property name="field" valueType="object">
				<object type="Aggregation:localCalcFieldReference" version="7">
					<property name="value" valueType="url">Aggregation[this].calcFields["enm_hdg_typ"{ad9d408d-34d2-4ab0-8ff4-c47e8585db37}]</property>
				</object>
			</property>
			<property name="fieldMapping" valueType="table">
				<object type="Aggregation:fieldMapping" version="7">
					<property name="model" valueType="object">
						<object type="DataModel:reference" version="3">
							<property name="value" valueType="url">DataModel["cva:Aggregation[BA_CVA_Hedge_Output_Cube]"{73d958bc-01f2-45c2-b70e-72542d5eaf28:Aggregation[c9f0041c-93f9-4d43-aa3e-b87eece93516]}]</property>
						</object>
					</property>
					<property name="expression" valueType="table">
						<object type="DataModel:fieldReference" version="3">
							<property name="value" valueType="url">DataModel["cva:Aggregation[BA_CVA_Hedge_Output_Cube]"{73d958bc-01f2-45c2-b70e-72542d5eaf28:Aggregation[c9f0041c-93f9-4d43-aa3e-b87eece93516]}].hierarchy["Aggregation"{c9f0041c-93f9-4d43-aa3e-b87eece93516}].dataSource.layout["enm_hdg_prdct_typ"{910481a1-2043-4d16-b97c-56de3ba174f6}]</property>
						</object>
					</property>
				</object>
			</property>
		</object>
		<object type="Aggregation:mapping" version="7">
			<property name="field" valueType="object">
				<object type="Aggregation:localCalcFieldReference" version="7">
					<property name="value" valueType="url">Aggregation[this].calcFields["cva_excldd_ind"{ac9b55dd-9d4d-4b23-b8cf-12e28e4300af}]</property>
				</object>
			</property>
			<property name="fieldMapping" valueType="table">
				<object type="Aggregation:fieldMapping" version="7">
					<property name="model" valueType="object">
						<object type="DataModel:reference" version="3">
							<property name="value" valueType="url">DataModel["cva:Aggregation[BA_CVA_Hedge_Output_Cube]"{73d958bc-01f2-45c2-b70e-72542d5eaf28:Aggregation[c9f0041c-93f9-4d43-aa3e-b87eece93516]}]</property>
						</object>
					</property>
					<property name="expression" valueType="table">
						<object type="DataModel:fieldReference" version="3">
							<property name="value" valueType="url">DataModel["cva:Aggregation[BA_CVA_Hedge_Output_Cube]"{73d958bc-01f2-45c2-b70e-72542d5eaf28:Aggregation[c9f0041c-93f9-4d43-aa3e-b87eece93516]}].hierarchy["Aggregation"{c9f0041c-93f9-4d43-aa3e-b87eece93516}].dataSource.layout["cva_excldd_ind"{33f4887a-1a79-40f4-abb1-5ec14c79b1bf}]</property>
						</object>
					</property>
				</object>
			</property>
		</object>
		<object type="Aggregation:mapping" version="7">
			<property name="field" valueType="object">
				<object type="Aggregation:localCalcFieldReference" version="7">
					<property name="value" valueType="url">Aggregation[this].calcFields["ntnl_amnt"{4f9027d6-aa9d-454f-ac0f-deacf78a1a46}]</property>
				</object>
			</property>
			<property name="fieldMapping" valueType="table">
				<object type="Aggregation:fieldMapping" version="7">
					<property name="model" valueType="object">
						<object type="DataModel:reference" version="3">
							<property name="value" valueType="url">DataModel["cva:Aggregation[BA_CVA_Hedge_Output_Cube]"{73d958bc-01f2-45c2-b70e-72542d5eaf28:Aggregation[c9f0041c-93f9-4d43-aa3e-b87eece93516]}]</property>
						</object>
					</property>
					<property name="expression" valueType="table">
						<object type="DataModel:fieldReference" version="3">
							<property name="value" valueType="url">DataModel["cva:Aggregation[BA_CVA_Hedge_Output_Cube]"{73d958bc-01f2-45c2-b70e-72542d5eaf28:Aggregation[c9f0041c-93f9-4d43-aa3e-b87eece93516]}].hierarchy["Aggregation"{c9f0041c-93f9-4d43-aa3e-b87eece93516}].dataSource.layout["ntnl_amnt"{e9de78d0-bea3-4302-85f2-5aa72ed99b6f}]</property>
						</object>
					</property>
				</object>
			</property>
		</object>
		<object type="Aggregation:mapping" version="7">
			<property name="field" valueType="object">
				<object type="Aggregation:localCalcFieldReference" version="7">
					<property name="value" valueType="url">Aggregation[this].calcFields["eu_cva_hdg_cstm_1"{310bbbac-d409-4737-9792-43577ae01a0e}]</property>
				</object>
			</property>
			<property name="fieldMapping" valueType="table">
				<object type="Aggregation:fieldMapping" version="7">
					<property name="model" valueType="object">
						<object type="DataModel:reference" version="3">
							<property name="value" valueType="url">DataModel["cva:Aggregation[BA_CVA_Hedge_Output_Cube]"{73d958bc-01f2-45c2-b70e-72542d5eaf28:Aggregation[c9f0041c-93f9-4d43-aa3e-b87eece93516]}]</property>
						</object>
					</property>
					<property name="expression" valueType="table">
						<object type="DataModel:fieldReference" version="3">
							<property name="value" valueType="url">DataModel["cva:Aggregation[BA_CVA_Hedge_Output_Cube]"{73d958bc-01f2-45c2-b70e-72542d5eaf28:Aggregation[c9f0041c-93f9-4d43-aa3e-b87eece93516]}].hierarchy["Aggregation"{c9f0041c-93f9-4d43-aa3e-b87eece93516}].dataSource.layout["cva_hdg_cstm_1"{555b74fc-8909-47f1-b575-2e97e2a058b1}]</property>
						</object>
					</property>
				</object>
			</property>
		</object>
		<object type="Aggregation:mapping" version="7">
			<property name="field" valueType="object">
				<object type="Aggregation:localCalcFieldReference" version="7">
					<property name="value" valueType="url">Aggregation[this].calcFields["eu_cva_hdg_cstm_2"{16b984e2-4bb9-40d4-90cd-b59bb978864b}]</property>
				</object>
			</property>
			<property name="fieldMapping" valueType="table">
				<object type="Aggregation:fieldMapping" version="7">
					<property name="model" valueType="object">
						<object type="DataModel:reference" version="3">
							<property name="value" valueType="url">DataModel["cva:Aggregation[BA_CVA_Hedge_Output_Cube]"{73d958bc-01f2-45c2-b70e-72542d5eaf28:Aggregation[c9f0041c-93f9-4d43-aa3e-b87eece93516]}]</property>
						</object>
					</property>
					<property name="expression" valueType="table">
						<object type="DataModel:fieldReference" version="3">
							<property name="value" valueType="url">DataModel["cva:Aggregation[BA_CVA_Hedge_Output_Cube]"{73d958bc-01f2-45c2-b70e-72542d5eaf28:Aggregation[c9f0041c-93f9-4d43-aa3e-b87eece93516]}].hierarchy["Aggregation"{c9f0041c-93f9-4d43-aa3e-b87eece93516}].dataSource.layout["cva_hdg_cstm_2"{4790afb4-ea68-432b-bda8-a899997d9e9d}]</property>
						</object>
					</property>
				</object>
			</property>
		</object>
		<object type="Aggregation:mapping" version="7">
			<property name="field" valueType="object">
				<object type="Aggregation:localCalcFieldReference" version="7">
					<property name="value" valueType="url">Aggregation[this].calcFields["eu_cva_hdg_cstm_3"{9d4de829-cea7-4c6c-b204-6a3b7b1a075d}]</property>
				</object>
			</property>
			<property name="fieldMapping" valueType="table">
				<object type="Aggregation:fieldMapping" version="7">
					<property name="model" valueType="object">
						<object type="DataModel:reference" version="3">
							<property name="value" valueType="url">DataModel["cva:Aggregation[BA_CVA_Hedge_Output_Cube]"{73d958bc-01f2-45c2-b70e-72542d5eaf28:Aggregation[c9f0041c-93f9-4d43-aa3e-b87eece93516]}]</property>
						</object>
					</property>
					<property name="expression" valueType="table">
						<object type="DataModel:fieldReference" version="3">
							<property name="value" valueType="url">DataModel["cva:Aggregation[BA_CVA_Hedge_Output_Cube]"{73d958bc-01f2-45c2-b70e-72542d5eaf28:Aggregation[c9f0041c-93f9-4d43-aa3e-b87eece93516]}].hierarchy["Aggregation"{c9f0041c-93f9-4d43-aa3e-b87eece93516}].dataSource.layout["cva_hdg_cstm_3"{c7e56bad-4715-4c4e-8ffe-076a9b3334ed}]</property>
						</object>
					</property>
				</object>
			</property>
		</object>
		<object type="Aggregation:mapping" version="7">
			<property name="field" valueType="object">
				<object type="Aggregation:localCalcFieldReference" version="7">
					<property name="value" valueType="url">Aggregation[this].calcFields["eu_cva_hdg_cstm_4"{87e0bf13-f3ac-4afb-bc29-00fde1d9658f}]</property>
				</object>
			</property>
			<property name="fieldMapping" valueType="table">
				<object type="Aggregation:fieldMapping" version="7">
					<property name="model" valueType="object">
						<object type="DataModel:reference" version="3">
							<property name="value" valueType="url">DataModel["cva:Aggregation[BA_CVA_Hedge_Output_Cube]"{73d958bc-01f2-45c2-b70e-72542d5eaf28:Aggregation[c9f0041c-93f9-4d43-aa3e-b87eece93516]}]</property>
						</object>
					</property>
					<property name="expression" valueType="table">
						<object type="DataModel:fieldReference" version="3">
							<property name="value" valueType="url">DataModel["cva:Aggregation[BA_CVA_Hedge_Output_Cube]"{73d958bc-01f2-45c2-b70e-72542d5eaf28:Aggregation[c9f0041c-93f9-4d43-aa3e-b87eece93516]}].hierarchy["Aggregation"{c9f0041c-93f9-4d43-aa3e-b87eece93516}].dataSource.layout["cva_hdg_cstm_4"{b98a3bfd-63f5-4afa-8af8-6620a34bfc41}]</property>
						</object>
					</property>
				</object>
			</property>
		</object>
		<object type="Aggregation:mapping" version="7">
			<property name="field" valueType="object">
				<object type="Aggregation:localCalcFieldReference" version="7">
					<property name="value" valueType="url">Aggregation[this].calcFields["eu_cva_hdg_cstm_5"{b11a871f-1cb8-4a5c-a8d3-11b060ef2a18}]</property>
				</object>
			</property>
			<property name="fieldMapping" valueType="table">
				<object type="Aggregation:fieldMapping" version="7">
					<property name="model" valueType="object">
						<object type="DataModel:reference" version="3">
							<property name="value" valueType="url">DataModel["cva:Aggregation[BA_CVA_Hedge_Output_Cube]"{73d958bc-01f2-45c2-b70e-72542d5eaf28:Aggregation[c9f0041c-93f9-4d43-aa3e-b87eece93516]}]</property>
						</object>
					</property>
					<property name="expression" valueType="table">
						<object type="DataModel:fieldReference" version="3">
							<property name="value" valueType="url">DataModel["cva:Aggregation[BA_CVA_Hedge_Output_Cube]"{73d958bc-01f2-45c2-b70e-72542d5eaf28:Aggregation[c9f0041c-93f9-4d43-aa3e-b87eece93516]}].hierarchy["Aggregation"{c9f0041c-93f9-4d43-aa3e-b87eece93516}].dataSource.layout["cva_hdg_cstm_5"{c1447cff-b563-4ed1-861f-058c34922f69}]</property>
						</object>
					</property>
				</object>
			</property>
		</object>
	</property>
	<property name="storageType" value="CONTINUOUS_PARTITION" valueType="string"/>
	<property name="postTableCreationStatements" valueType="table"/>
	<property name="postAdjustmentTableCreationStatements" valueType="table"/>
	<property name="detailsAsKeys" value="true" valueType="boolean"/>
	<property name="dbSourceForResults" valueType="url">DBSource["POSTGRES"{7141b02a-a2bf-46bb-9ad0-fa1087f431e1}]</property>
	<property name="archivalProperties" valueType="object">
		<object type="ArchivalProperties" version="2">
			<property name="daily" value="false" valueType="boolean"/>
			<property name="weekly" value="false" valueType="boolean"/>
			<property name="monthly" value="false" valueType="boolean"/>
			<property name="quarterly" value="false" valueType="boolean"/>
			<property name="semiAnnually" value="false" valueType="boolean"/>
			<property name="annually" value="false" valueType="boolean"/>
			<property name="intraDay" value="false" valueType="boolean"/>
			<property name="userDefined" value="false" valueType="boolean"/>
		</object>
	</property>
	<property name="condition" valueType="tree">
		<objectNode type="Condition" version="3">
			<property name="isNegated" value="false" valueType="boolean"/>
			<property name="groupingOperator" value="AND" valueType="string"/>
			<children>
				<objectNode type="Condition:singularConcrete" version="3">
					<property name="field" valueType="object">
						<object type="DataModel:fieldMap" version="3">
							<property name="map" valueType="table">
								<object type="DataModel:fieldReference" version="3">
									<property name="value" valueType="url">DataModel["cva:Aggregation[BA_CVA_Hedge_Output_Cube]"{73d958bc-01f2-45c2-b70e-72542d5eaf28:Aggregation[c9f0041c-93f9-4d43-aa3e-b87eece93516]}].hierarchy["Aggregation"{c9f0041c-93f9-4d43-aa3e-b87eece93516}].dataSource.layout["run_type"{8d9a55e5-ce5d-489d-b348-15f732011f78}]</property>
								</object>
							</property>
						</object>
					</property>
					<property name="operation" value="=" valueType="string"/>
					<property name="value" value="NORMAL" valueType="string"/>
				</objectNode>
			</children>
		</objectNode>
	</property>
	<property name="doNotAggregate" value="false" valueType="boolean"/>
	<property name="fourEyesCheck" value="false" valueType="boolean"/>
	<property name="trackDrilldownInformation" value="true" valueType="boolean"/>
	<property name="trackAllInstancesMode" value="NONE" valueType="string"/>
	<property name="computeStatistics" value="FOR_ALL_COLUMNS" valueType="string"/>
	<property name="instanceRebuildRestriction" value="AlterFullRebuild" valueType="string"/>
	<property name="allowExternalDataPermissions" value="true" valueType="boolean"/>
</object>