<object stamp="4f69700c-d11c-4d39-a2ff-7a3cf20e04eb_1723047016352" type="WorkFlow" version="45">
	<property name="name" value="Pledge_Networks_Creation" valueType="string"/>
	<property name="description" value="" valueType="string"/>
	<property name="objectId" value="9c946616-9334-459a-93c7-b2c5331130d2" valueType="string"/>
	<property name="branchId" value="44f98cc4-3c7c-41c3-8daa-5b9828f45d7a" valueType="string"/>
	<property name="modules" valueType="table">
		<object type="WorkFlow:taskModule" version="29">
			<property name="name" value="839105f5-8984-45cf-91f3-9281c0313a74" valueType="string"/>
			<property name="description" value="Pledge_Rel_Input" valueType="string"/>
			<property name="id" value="839105f5-8984-45cf-91f3-9281c0313a74" valueType="string"/>
			<property name="taskType" value="ModifyModel" valueType="string"/>
			<property name="underlyingObject" valueType="url">ModifyModel["Pledge_Rel_Input"{84e97ec7-2194-4e7c-adec-51e348c635f5}]</property>
			<property name="asOfDateFormula" value="TIME_TAG" valueType="string"/>
			<property name="instanceKeyValues" valueType="table">
				<object type="InstanceObject:instanceKeyValue" version="2">
					<property name="name" value="v" valueType="string"/>
					<property name="keyValueType" value="VARCHAR" valueType="string"/>
					<property name="keyValue" value="$v" valueType="freehand"/>
				</object>
				<object type="InstanceObject:instanceKeyValue" version="2">
					<property name="name" value="run_id" valueType="string"/>
					<property name="keyValueType" value="VARCHAR" valueType="string"/>
					<property name="keyValue" value="$run_id" valueType="freehand"/>
				</object>
				<object type="InstanceObject:instanceKeyValue" version="2">
					<property name="name" value="run_type" valueType="string"/>
					<property name="keyValueType" value="VARCHAR" valueType="string"/>
					<property name="keyValue" value="$run_type" valueType="freehand"/>
				</object>
			</property>
			<property name="keyParameters" valueType="object">
				<object type="Task:keyParameters_ModifyModel" version="2"/>
			</property>
			<property name="nonKeyParameters" valueType="object">
				<object type="Task:nonKeyParameters_ModifyModel" version="2">
					<property name="cloneOriginalModelInstance" value="true" valueType="boolean"/>
				</object>
			</property>
			<property name="parentModules" valueType="table"/>
			<property name="locationX" value="356.0" valueType="double"/>
			<property name="locationY" value="159.0" valueType="double"/>
		</object>
		<object type="WorkFlow:taskModule" version="29">
			<property name="name" value="daa25e1a-4027-43cc-b2a0-7007e13c1d48" valueType="string"/>
			<property name="description" value="CRM_Pledge_Calc_Inputs" valueType="string"/>
			<property name="id" value="daa25e1a-4027-43cc-b2a0-7007e13c1d48" valueType="string"/>
			<property name="taskType" value="Aggregation" valueType="string"/>
			<property name="underlyingObject" valueType="url">Aggregation["CRM_Pledge_Calc_Inputs"{631cf59e-6add-4844-9a30-7cb79ae107e5}]</property>
			<property name="asOfDateFormula" value="TIME_TAG" valueType="string"/>
			<property name="instanceKeyValues" valueType="table">
				<object type="InstanceObject:instanceKeyValue" version="2">
					<property name="name" value="v" valueType="string"/>
					<property name="keyValueType" value="VARCHAR" valueType="string"/>
					<property name="keyValue" value="$v" valueType="freehand"/>
				</object>
				<object type="InstanceObject:instanceKeyValue" version="2">
					<property name="name" value="run_id" valueType="string"/>
					<property name="keyValueType" value="VARCHAR" valueType="string"/>
					<property name="keyValue" value="$run_id" valueType="freehand"/>
				</object>
				<object type="InstanceObject:instanceKeyValue" version="2">
					<property name="name" value="run_type" valueType="string"/>
					<property name="keyValueType" value="VARCHAR" valueType="string"/>
					<property name="keyValue" value="$run_type" valueType="freehand"/>
				</object>
			</property>
			<property name="keyParameters" valueType="object">
				<object type="Task:keyParameters_Aggregation" version="2">
					<property name="models" valueType="table">
						<object type="Task:modelNameRef" version="2">
							<property name="model" value="ModifyModel[Pledge_Rel_Input].shared_calcs:cm_cr_calc_inputs:Aggregation[Pledge_Calc_Inputs]" valueType="string"/>
						</object>
					</property>
					<property name="streams" valueType="table">
						<object type="Task:streamKeyValues" version="2">
							<property name="streamKeyName" value="entity" valueType="string"/>
							<property name="values" value="$entity" valueType="freehand"/>
						</object>
					</property>
				</object>
			</property>
			<property name="nonKeyParameters" valueType="object">
				<object type="Task:nonKeyParameters_Aggregation" version="4">
					<property name="modelDates" valueType="table">
						<object type="Task:modelDateEntry" version="3">
							<property name="model" value="ModifyModel[Pledge_Rel_Input].shared_calcs:cm_cr_calc_inputs:Aggregation[Pledge_Calc_Inputs]" valueType="string"/>
							<property name="instanceDateAndKeysValues" value="TIME_TAG" valueType="freehand"/>
						</object>
					</property>
					<property name="archivalFrequency" value="ARCHIVAL_FREQUENCY" valueType="freehand"/>
				</object>
			</property>
			<property name="parentModules" valueType="table">
				<object type="WorkFlow:parentModule" version="2">
					<property name="id" value="839105f5-8984-45cf-91f3-9281c0313a74" valueType="string"/>
					<property name="lineConnectors" valueType="table"/>
				</object>
			</property>
			<property name="locationX" value="657.0" valueType="double"/>
			<property name="locationY" value="164.0" valueType="double"/>
		</object>
	</property>
	<property name="archivalProperties" valueType="object">
		<object type="ArchivalProperties" version="2">
			<property name="daily" value="false" valueType="boolean"/>
			<property name="weekly" value="false" valueType="boolean"/>
			<property name="monthly" value="false" valueType="boolean"/>
			<property name="quarterly" value="false" valueType="boolean"/>
			<property name="semiAnnually" value="false" valueType="boolean"/>
			<property name="annually" value="false" valueType="boolean"/>
			<property name="intraDay" value="false" valueType="boolean"/>
			<property name="userDefined" value="false" valueType="boolean"/>
		</object>
	</property>
	<property name="iterators" valueType="table"/>
	<property name="keyParameters" valueType="table"/>
	<property name="nonKeyParameters" valueType="table"/>
</object>