<object stamp="e155c4e2-53e9-4436-8401-d68be03c5535_1741885725430" type="DataModel" version="6">
	<property name="name" value="CR_S_TREA_Output_Cube_Normal" valueType="string"/>
	<property name="description" value="" valueType="string"/>
	<property name="objectId" value="75aa72d0-2b39-459a-a61b-3c4580e0e76e" valueType="string"/>
	<property name="branchId" value="6f7f5ace-f464-441c-9c4e-8a90be750e70" valueType="string"/>
	<property name="isPermanent" value="false" valueType="boolean"/>
	<property name="instanceKeys" valueType="table">
		<object type="InstanceKey" version="2">
			<property name="name" value="v" valueType="string"/>
			<property name="description" value="Version" valueType="string"/>
			<property name="type" value="VARCHAR" valueType="string"/>
			<property name="size" value="100" valueType="integer"/>
			<property name="defaultInstanceKeyValueFormula" value="" valueType="string"/>
		</object>
		<object type="InstanceKey" version="2">
			<property name="name" value="run_id" valueType="string"/>
			<property name="description" value="Run ID" valueType="string"/>
			<property name="type" value="VARCHAR" valueType="string"/>
			<property name="size" value="100" valueType="integer"/>
			<property name="defaultInstanceKeyValueFormula" value="" valueType="string"/>
		</object>
		<object type="InstanceKey" version="2">
			<property name="name" value="scenarioKey" valueType="string"/>
			<property name="description" value="Scenario Key" valueType="string"/>
			<property name="type" value="VARCHAR" valueType="string"/>
			<property name="size" value="100" valueType="integer"/>
			<property name="defaultInstanceKeyValueFormula" value="" valueType="string"/>
		</object>
	</property>
	<property name="hierarchy" valueType="tree">
		<objectNode type="DataModel:node" version="3">
			<property name="name" value="Aggregation" valueType="string"/>
			<property name="description" value="Resulting data source for aggregation CR_Output_Cube" valueType="string"/>
			<property name="id" value="45a9ecff-3b2f-4c6b-a58d-e76bba8c652e" valueType="string"/>
			<property name="dataSource" valueType="url">DataSource["credit_risk:Aggregation[CR_Output_Cube]"{eddf5f4e-94b8-4b1d-a277-89183e4d0b57:Aggregation[92eafb47-7711-4c07-94ca-8052de369cac]}]</property>
			<property name="relationshipToParent" value="ONE_TO_ONE" valueType="string"/>
			<property name="mandatoryInJoin" value="false" valueType="boolean"/>
			<property name="additionalConstraint" valueType="table">
				<object type="DataModel:localFieldReference" version="3">
					<property name="value" valueType="url">DataModel[this].hierarchy["Aggregation"{45a9ecff-3b2f-4c6b-a58d-e76bba8c652e}].dataSource.layout["run_type"{14fe5f10-fe8f-468f-ad9f-b99d498cee34}]</property>
				</object>
				<object type="SQLExpressionPart" version="2">
					<property name="value" value=" = 'NORMAL'" valueType="string"/>
				</object>
			</property>
			<property name="additionalJoinExpression" valueType="table"/>
			<property name="instanceSelectionRule" valueType="object">
				<object type="InstanceSelectionRule" version="3">
					<property name="instanceDateRule" valueType="object">
						<object type="InstanceSelectionRule:rule" version="3">
							<property name="type" value="EQUAL" valueType="string"/>
						</object>
					</property>
					<property name="instanceKeyRules" valueType="table">
						<object type="InstanceSelectionRule:instanceKeyRule" version="3">
							<property name="type" value="EQUAL" valueType="string"/>
							<property name="instanceKeyName" value="v" valueType="string"/>
						</object>
						<object type="InstanceSelectionRule:instanceKeyRule" version="3">
							<property name="type" value="EQUAL" valueType="string"/>
							<property name="instanceKeyName" value="run_id" valueType="string"/>
						</object>
						<object type="InstanceSelectionRule:instanceKeyRule" version="3">
							<property name="type" value="EQUAL" valueType="string"/>
							<property name="instanceKeyName" value="scenarioKey" valueType="string"/>
						</object>
					</property>
				</object>
			</property>
			<property name="join" valueType="table"/>
			<children>
				<objectNode type="DataModel:node" version="3">
					<property name="name" value="ccr_reporting" valueType="string"/>
					<property name="description" value="Resulting data source for aggregation CCR_Reporting" valueType="string"/>
					<property name="id" value="007e44f6-0c0d-4cce-9652-e82d2b494704" valueType="string"/>
					<property name="dataSource" valueType="url">DataSource["credit_risk:Aggregation[CCR_Reporting]"{eddf5f4e-94b8-4b1d-a277-89183e4d0b57:Aggregation[93e01f2f-4e07-4466-a06c-823a561b41d4]}]</property>
					<property name="relationshipToParent" value="ONE_OR_ZERO_TO_ONE" valueType="string"/>
					<property name="mandatoryInJoin" value="false" valueType="boolean"/>
					<property name="additionalConstraint" valueType="table"/>
					<property name="additionalJoinExpression" valueType="table"/>
					<property name="instanceSelectionRule" valueType="object">
						<object type="InstanceSelectionRule" version="3">
							<property name="instanceDateRule" valueType="object">
								<object type="InstanceSelectionRule:rule" version="3">
									<property name="type" value="EQUAL" valueType="string"/>
								</object>
							</property>
							<property name="instanceKeyRules" valueType="table">
								<object type="InstanceSelectionRule:instanceKeyRule" version="3">
									<property name="type" value="EQUAL" valueType="string"/>
									<property name="instanceKeyName" value="v" valueType="string"/>
								</object>
								<object type="InstanceSelectionRule:instanceKeyRule" version="3">
									<property name="type" value="EQUAL" valueType="string"/>
									<property name="instanceKeyName" value="run_id" valueType="string"/>
								</object>
								<object type="InstanceSelectionRule:instanceKeyRule" version="3">
									<property name="type" value="EQUAL" valueType="string"/>
									<property name="instanceKeyName" value="scenarioKey" valueType="string"/>
								</object>
							</property>
						</object>
					</property>
					<property name="join" valueType="table">
						<object type="DataModel:node:join" version="3">
							<property name="sourceField" valueType="url">DataSource["credit_risk:Aggregation[CCR_Reporting]"{eddf5f4e-94b8-4b1d-a277-89183e4d0b57:Aggregation[93e01f2f-4e07-4466-a06c-823a561b41d4]}].layout["entity"{cc58af65-abd9-4846-bad3-520014314e22}]</property>
							<property name="parentField" valueType="url">DataSource["credit_risk:Aggregation[CR_Output_Cube]"{eddf5f4e-94b8-4b1d-a277-89183e4d0b57:Aggregation[92eafb47-7711-4c07-94ca-8052de369cac]}].layout["entity"{32e2dcb0-8b60-4077-bb66-92e046e59b64}]</property>
						</object>
						<object type="DataModel:node:join" version="3">
							<property name="sourceField" valueType="url">DataSource["credit_risk:Aggregation[CCR_Reporting]"{eddf5f4e-94b8-4b1d-a277-89183e4d0b57:Aggregation[93e01f2f-4e07-4466-a06c-823a561b41d4]}].layout["id_unique"{3d00355e-b1ef-48aa-b6da-87f24962fe40}]</property>
							<property name="parentField" valueType="url">DataSource["credit_risk:Aggregation[CR_Output_Cube]"{eddf5f4e-94b8-4b1d-a277-89183e4d0b57:Aggregation[92eafb47-7711-4c07-94ca-8052de369cac]}].layout["id_expsr_unique"{316c8194-9e00-4c55-a624-3627a1ddb88f}]</property>
						</object>
					</property>
				</objectNode>
				<objectNode type="DataModel:node" version="3">
					<property name="name" value="ref_reporting_entity" valueType="string"/>
					<property name="description" value="Resulting data source for aggregation Ref_Reporting_Entity" valueType="string"/>
					<property name="id" value="6767dace-1a45-4828-aa67-6207af25f49e" valueType="string"/>
					<property name="dataSource" valueType="url">DataSource["credit_risk:shared_calcs:cm_ref_data_inputs:Aggregation[Ref_Reporting_Entity]"{eddf5f4e-94b8-4b1d-a277-89183e4d0b57:015fe472-ce70-41e1-9583-ebf524ac86a8:e9157cc6-c461-4637-ae9b-757cdb0c2552:Aggregation[e53a3c4d-aeba-4ffe-afa7-e94201847004]}]</property>
					<property name="relationshipToParent" value="ONE_OR_ZERO_TO_ONE" valueType="string"/>
					<property name="mandatoryInJoin" value="false" valueType="boolean"/>
					<property name="additionalConstraint" valueType="table"/>
					<property name="additionalJoinExpression" valueType="table"/>
					<property name="instanceSelectionRule" valueType="object">
						<object type="InstanceSelectionRule" version="3">
							<property name="instanceDateRule" valueType="object">
								<object type="InstanceSelectionRule:rule" version="3">
									<property name="type" value="EQUAL" valueType="string"/>
								</object>
							</property>
							<property name="instanceKeyRules" valueType="table">
								<object type="InstanceSelectionRule:instanceKeyRule" version="3">
									<property name="type" value="EQUAL" valueType="string"/>
									<property name="instanceKeyName" value="v" valueType="string"/>
								</object>
								<object type="InstanceSelectionRule:instanceKeyRule" version="3">
									<property name="type" value="EQUAL" valueType="string"/>
									<property name="instanceKeyName" value="run_id" valueType="string"/>
								</object>
								<object type="InstanceSelectionRule:instanceKeyRule" version="3">
									<property name="type" value="EQUAL" valueType="string"/>
									<property name="instanceKeyName" value="scenarioKey" valueType="string"/>
								</object>
							</property>
						</object>
					</property>
					<property name="join" valueType="table">
						<object type="DataModel:node:join" version="3">
							<property name="sourceField" valueType="url">DataSource["credit_risk:shared_calcs:cm_ref_data_inputs:Aggregation[Ref_Reporting_Entity]"{eddf5f4e-94b8-4b1d-a277-89183e4d0b57:015fe472-ce70-41e1-9583-ebf524ac86a8:e9157cc6-c461-4637-ae9b-757cdb0c2552:Aggregation[e53a3c4d-aeba-4ffe-afa7-e94201847004]}].layout["entity"{29c73107-303e-4f3c-96f4-20b016617f3c}]</property>
							<property name="parentField" valueType="url">DataSource["credit_risk:Aggregation[CR_Output_Cube]"{eddf5f4e-94b8-4b1d-a277-89183e4d0b57:Aggregation[92eafb47-7711-4c07-94ca-8052de369cac]}].layout["entity"{32e2dcb0-8b60-4077-bb66-92e046e59b64}]</property>
						</object>
					</property>
				</objectNode>
			</children>
		</objectNode>
	</property>
	<property name="streamKeys" valueType="table">
		<object type="DataModel:streamKey" version="5">
			<property name="streamKeyName" value="entity" valueType="string"/>
			<property name="streamKeyColumn" valueType="object">
				<object type="DataModel:localFieldReference" version="3">
					<property name="value" valueType="url">DataModel[this].hierarchy["Aggregation"{45a9ecff-3b2f-4c6b-a58d-e76bba8c652e}].dataSource.layout["entity"{32e2dcb0-8b60-4077-bb66-92e046e59b64}]</property>
				</object>
			</property>
			<property name="additionalStreamColumns" valueType="table">
				<object type="DataModel:localFieldReference" version="3">
					<property name="value" valueType="url">DataModel[this].hierarchy["ccr_reporting"{007e44f6-0c0d-4cce-9652-e82d2b494704}].dataSource.layout["entity"{cc58af65-abd9-4846-bad3-520014314e22}]</property>
				</object>
			</property>
		</object>
	</property>
	<property name="freezeLevel" value="1" valueType="integer"/>
	<property name="performJoinOnAllStreamColumns" value="false" valueType="boolean"/>
	<property name="mustInheritSourceIKs" value="false" valueType="boolean"/>
</object>