<object stamp="c5006d31-7d02-4aad-87f2-c87eeafae83a_1730200406720" type="DataModel" version="6">
	<property name="name" value="LE_Party_Output_Cube_Normal" valueType="string"/>
	<property name="description" value="LE_Output_Cube_Normal" valueType="string"/>
	<property name="objectId" value="69727e24-9c60-4211-836b-3e7a37decc46" valueType="string"/>
	<property name="branchId" value="2d880ea3-e370-4c0a-b28c-032d0b3a287e" valueType="string"/>
	<property name="isPermanent" value="false" valueType="boolean"/>
	<property name="instanceKeys" valueType="table">
		<object type="InstanceKey" version="2">
			<property name="name" value="v" valueType="string"/>
			<property name="description" value="Version" valueType="string"/>
			<property name="type" value="VARCHAR" valueType="string"/>
			<property name="size" value="100" valueType="integer"/>
			<property name="defaultInstanceKeyValueFormula" value="" valueType="string"/>
		</object>
		<object type="InstanceKey" version="2">
			<property name="name" value="run_id" valueType="string"/>
			<property name="description" value="Run ID" valueType="string"/>
			<property name="type" value="VARCHAR" valueType="string"/>
			<property name="size" value="100" valueType="integer"/>
			<property name="defaultInstanceKeyValueFormula" value="" valueType="string"/>
		</object>
		<object type="InstanceKey" version="2">
			<property name="name" value="scenarioKey" valueType="string"/>
			<property name="description" value="Scenario Key" valueType="string"/>
			<property name="type" value="VARCHAR" valueType="string"/>
			<property name="size" value="100" valueType="integer"/>
			<property name="defaultInstanceKeyValueFormula" value="" valueType="string"/>
		</object>
	</property>
	<property name="hierarchy" valueType="tree">
		<objectNode type="DataModel:node" version="3">
			<property name="name" value="Aggregation" valueType="string"/>
			<property name="description" value="Resulting data source for aggregation Consolidated_Inputs" valueType="string"/>
			<property name="id" value="3349d39e-0687-4c81-affd-e97a61abe242" valueType="string"/>
			<property name="dataSource" valueType="url">DataSource["Aggregation[Consolidated_Inputs]"{Aggregation[56038b26-5dc2-40d4-bff2-f1753e928c3e]}]</property>
			<property name="relationshipToParent" value="ONE_TO_ONE" valueType="string"/>
			<property name="mandatoryInJoin" value="false" valueType="boolean"/>
			<property name="additionalConstraint" valueType="table"/>
			<property name="additionalJoinExpression" valueType="table"/>
			<property name="instanceSelectionRule" valueType="object">
				<object type="InstanceSelectionRule" version="3">
					<property name="instanceDateRule" valueType="object">
						<object type="InstanceSelectionRule:rule" version="3">
							<property name="type" value="EQUAL" valueType="string"/>
						</object>
					</property>
					<property name="instanceKeyRules" valueType="table">
						<object type="InstanceSelectionRule:instanceKeyRule" version="3">
							<property name="type" value="EQUAL" valueType="string"/>
							<property name="instanceKeyName" value="v" valueType="string"/>
						</object>
						<object type="InstanceSelectionRule:instanceKeyRule" version="3">
							<property name="type" value="EQUAL" valueType="string"/>
							<property name="instanceKeyName" value="run_id" valueType="string"/>
						</object>
						<object type="InstanceSelectionRule:instanceKeyRule" version="3">
							<property name="type" value="EQUAL" valueType="string"/>
							<property name="instanceKeyName" value="scenarioKey" valueType="string"/>
						</object>
					</property>
				</object>
			</property>
			<property name="join" valueType="table"/>
			<children>
				<objectNode type="DataModel:node" version="3">
					<property name="name" value="LE" valueType="string"/>
					<property name="description" value="" valueType="string"/>
					<property name="id" value="52561eae-23b9-48a2-a3da-e70c22f7a70e" valueType="string"/>
					<property name="dataSource" valueType="url">DataSource["Portfolio-result[Large_Exposures].ModifyModel[Large_Exposures].Aggregation[Exposures_to_GCC_or_Exposures_to_Individual]"{Portfolio-result[e2da0e63-56f8-49bf-ad44-6fdca60f514e].ModifyModel[521ddfc2-15b6-48d3-88c7-922632b7cd4c].Aggregation[8efd56f9-ac32-429b-8df9-f8eaf8cbc0b1]}]</property>
					<property name="relationshipToParent" value="ONE_OR_ZERO_TO_ONE" valueType="string"/>
					<property name="mandatoryInJoin" value="false" valueType="boolean"/>
					<property name="additionalConstraint" valueType="table"/>
					<property name="additionalJoinExpression" valueType="table"/>
					<property name="instanceSelectionRule" valueType="object">
						<object type="InstanceSelectionRule" version="3">
							<property name="instanceDateRule" valueType="object">
								<object type="InstanceSelectionRule:rule" version="3">
									<property name="type" value="EQUAL" valueType="string"/>
								</object>
							</property>
							<property name="instanceKeyRules" valueType="table">
								<object type="InstanceSelectionRule:instanceKeyRule" version="3">
									<property name="type" value="EQUAL" valueType="string"/>
									<property name="instanceKeyName" value="v" valueType="string"/>
								</object>
								<object type="InstanceSelectionRule:instanceKeyRule" version="3">
									<property name="type" value="EQUAL" valueType="string"/>
									<property name="instanceKeyName" value="run_id" valueType="string"/>
								</object>
								<object type="InstanceSelectionRule:instanceKeyRule" version="3">
									<property name="type" value="EQUAL" valueType="string"/>
									<property name="instanceKeyName" value="scenarioKey" valueType="string"/>
								</object>
							</property>
						</object>
					</property>
					<property name="join" valueType="table">
						<object type="DataModel:node:join" version="3">
							<property name="sourceField" valueType="url">DataSource["Portfolio-result[Large_Exposures].ModifyModel[Large_Exposures].Aggregation[Exposures_to_GCC_or_Exposures_to_Individual]"{Portfolio-result[e2da0e63-56f8-49bf-ad44-6fdca60f514e].ModifyModel[521ddfc2-15b6-48d3-88c7-922632b7cd4c].Aggregation[8efd56f9-ac32-429b-8df9-f8eaf8cbc0b1]}].layout["entity"{cffe14f6-04cd-4384-9e1d-774b6dab8409}]</property>
							<property name="parentField" valueType="url">DataSource["Aggregation[Consolidated_Inputs]"{Aggregation[56038b26-5dc2-40d4-bff2-f1753e928c3e]}].layout["entity"{f0fdac4d-6434-4da1-9254-a5f74008058d}]</property>
						</object>
						<object type="DataModel:node:join" version="3">
							<property name="sourceField" valueType="url">DataSource["Portfolio-result[Large_Exposures].ModifyModel[Large_Exposures].Aggregation[Exposures_to_GCC_or_Exposures_to_Individual]"{Portfolio-result[e2da0e63-56f8-49bf-ad44-6fdca60f514e].ModifyModel[521ddfc2-15b6-48d3-88c7-922632b7cd4c].Aggregation[8efd56f9-ac32-429b-8df9-f8eaf8cbc0b1]}].layout["id_grp_cnnctd_clnts_or_indvdl"{754901c2-333c-4309-bf3b-66eedcf7b056}]</property>
							<property name="parentField" valueType="url">DataSource["Aggregation[Consolidated_Inputs]"{Aggregation[56038b26-5dc2-40d4-bff2-f1753e928c3e]}].layout["id_grp_cnnctd_clnts_or_indvdl"{d2ae2be9-7491-41ef-b47b-7c47f872bdb6}]</property>
						</object>
					</property>
				</objectNode>
				<objectNode type="DataModel:node" version="3">
					<property name="name" value="LE_Sorted" valueType="string"/>
					<property name="description" value="Resulting data source for aggregation Sorted_Largest_Exposures" valueType="string"/>
					<property name="id" value="c595321c-231a-46f4-bfbb-7d16b0078948" valueType="string"/>
					<property name="dataSource" valueType="url">DataSource["Aggregation[Sorted_Largest_Exposures]"{Aggregation[f0313541-14d2-420b-850f-7f8ff6a1ea70]}]</property>
					<property name="relationshipToParent" value="ONE_OR_ZERO_TO_ONE" valueType="string"/>
					<property name="mandatoryInJoin" value="false" valueType="boolean"/>
					<property name="additionalConstraint" valueType="table"/>
					<property name="additionalJoinExpression" valueType="table"/>
					<property name="instanceSelectionRule" valueType="object">
						<object type="InstanceSelectionRule" version="3">
							<property name="instanceDateRule" valueType="object">
								<object type="InstanceSelectionRule:rule" version="3">
									<property name="type" value="EQUAL" valueType="string"/>
								</object>
							</property>
							<property name="instanceKeyRules" valueType="table">
								<object type="InstanceSelectionRule:instanceKeyRule" version="3">
									<property name="type" value="EQUAL" valueType="string"/>
									<property name="instanceKeyName" value="v" valueType="string"/>
								</object>
								<object type="InstanceSelectionRule:instanceKeyRule" version="3">
									<property name="type" value="EQUAL" valueType="string"/>
									<property name="instanceKeyName" value="run_id" valueType="string"/>
								</object>
								<object type="InstanceSelectionRule:instanceKeyRule" version="3">
									<property name="type" value="EQUAL" valueType="string"/>
									<property name="instanceKeyName" value="scenarioKey" valueType="string"/>
								</object>
							</property>
						</object>
					</property>
					<property name="join" valueType="table">
						<object type="DataModel:node:join" version="3">
							<property name="sourceField" valueType="url">DataSource["Aggregation[Sorted_Largest_Exposures]"{Aggregation[f0313541-14d2-420b-850f-7f8ff6a1ea70]}].layout["entity"{0e67a903-751e-4f10-a417-5a36473dc10e}]</property>
							<property name="parentField" valueType="url">DataSource["Aggregation[Consolidated_Inputs]"{Aggregation[56038b26-5dc2-40d4-bff2-f1753e928c3e]}].layout["entity"{f0fdac4d-6434-4da1-9254-a5f74008058d}]</property>
						</object>
						<object type="DataModel:node:join" version="3">
							<property name="sourceField" valueType="url">DataSource["Aggregation[Sorted_Largest_Exposures]"{Aggregation[f0313541-14d2-420b-850f-7f8ff6a1ea70]}].layout["id_grp_cnnctd_clnts_or_indvdl"{ddab6916-43a4-4ed1-ab45-030b8be98a24}]</property>
							<property name="parentField" valueType="url">DataSource["Aggregation[Consolidated_Inputs]"{Aggregation[56038b26-5dc2-40d4-bff2-f1753e928c3e]}].layout["id_grp_cnnctd_clnts_or_indvdl"{d2ae2be9-7491-41ef-b47b-7c47f872bdb6}]</property>
						</object>
						<object type="DataModel:node:join" version="3">
							<property name="sourceField" valueType="url">DataSource["Aggregation[Sorted_Largest_Exposures]"{Aggregation[f0313541-14d2-420b-850f-7f8ff6a1ea70]}].layout["id_mmbr_of_grp_cnnctd_clnts"{26b0d764-1ce5-4fcd-bb90-d7b01824efc0}]</property>
							<property name="parentField" valueType="url">DataSource["Aggregation[Consolidated_Inputs]"{Aggregation[56038b26-5dc2-40d4-bff2-f1753e928c3e]}].layout["id_prty"{2022678b-9262-4b2a-ac6d-e6d1d13135ce}]</property>
						</object>
					</property>
				</objectNode>
				<objectNode type="DataModel:node" version="3">
					<property name="name" value="LE_Sorted_Group" valueType="string"/>
					<property name="description" value="Resulting data source for aggregation Sorted_Largest_Exposures" valueType="string"/>
					<property name="id" value="8df1d445-d0e2-426c-a026-3651e82cac90" valueType="string"/>
					<property name="dataSource" valueType="url">DataSource["Aggregation[Sorted_Largest_Exposures]"{Aggregation[f0313541-14d2-420b-850f-7f8ff6a1ea70]}]</property>
					<property name="relationshipToParent" value="ONE_OR_ZERO_TO_ONE" valueType="string"/>
					<property name="mandatoryInJoin" value="false" valueType="boolean"/>
					<property name="additionalConstraint" valueType="table"/>
					<property name="additionalJoinExpression" valueType="table"/>
					<property name="instanceSelectionRule" valueType="object">
						<object type="InstanceSelectionRule" version="3">
							<property name="instanceDateRule" valueType="object">
								<object type="InstanceSelectionRule:rule" version="3">
									<property name="type" value="EQUAL" valueType="string"/>
								</object>
							</property>
							<property name="instanceKeyRules" valueType="table">
								<object type="InstanceSelectionRule:instanceKeyRule" version="3">
									<property name="type" value="EQUAL" valueType="string"/>
									<property name="instanceKeyName" value="v" valueType="string"/>
								</object>
								<object type="InstanceSelectionRule:instanceKeyRule" version="3">
									<property name="type" value="EQUAL" valueType="string"/>
									<property name="instanceKeyName" value="run_id" valueType="string"/>
								</object>
								<object type="InstanceSelectionRule:instanceKeyRule" version="3">
									<property name="type" value="EQUAL" valueType="string"/>
									<property name="instanceKeyName" value="scenarioKey" valueType="string"/>
								</object>
							</property>
						</object>
					</property>
					<property name="join" valueType="table">
						<object type="DataModel:node:join" version="3">
							<property name="sourceField" valueType="url">DataSource["Aggregation[Sorted_Largest_Exposures]"{Aggregation[f0313541-14d2-420b-850f-7f8ff6a1ea70]}].layout["entity"{0e67a903-751e-4f10-a417-5a36473dc10e}]</property>
							<property name="parentField" valueType="url">DataSource["Aggregation[Consolidated_Inputs]"{Aggregation[56038b26-5dc2-40d4-bff2-f1753e928c3e]}].layout["entity"{f0fdac4d-6434-4da1-9254-a5f74008058d}]</property>
						</object>
						<object type="DataModel:node:join" version="3">
							<property name="sourceField" valueType="url">DataSource["Aggregation[Sorted_Largest_Exposures]"{Aggregation[f0313541-14d2-420b-850f-7f8ff6a1ea70]}].layout["id_grp_cnnctd_clnts_or_indvdl"{ddab6916-43a4-4ed1-ab45-030b8be98a24}]</property>
							<property name="parentField" valueType="url">DataSource["Aggregation[Consolidated_Inputs]"{Aggregation[56038b26-5dc2-40d4-bff2-f1753e928c3e]}].layout["id_grp_cnnctd_clnts_or_indvdl"{d2ae2be9-7491-41ef-b47b-7c47f872bdb6}]</property>
						</object>
						<object type="DataModel:node:join" version="3">
							<property name="sourceField" valueType="url">DataSource["Aggregation[Sorted_Largest_Exposures]"{Aggregation[f0313541-14d2-420b-850f-7f8ff6a1ea70]}].layout["id_mmbr_of_grp_cnnctd_clnts"{26b0d764-1ce5-4fcd-bb90-d7b01824efc0}]</property>
							<property name="parentField" valueType="url">DataSource["Aggregation[Consolidated_Inputs]"{Aggregation[56038b26-5dc2-40d4-bff2-f1753e928c3e]}].layout["id_grp_cnnctd_clnts_or_indvdl"{d2ae2be9-7491-41ef-b47b-7c47f872bdb6}]</property>
						</object>
					</property>
				</objectNode>
				<objectNode type="DataModel:node" version="3">
					<property name="name" value="LE_GCC" valueType="string"/>
					<property name="description" value="Resulting data source for aggregation LE_GCCs" valueType="string"/>
					<property name="id" value="6006de85-a737-487e-b55e-aea30b9cadbd" valueType="string"/>
					<property name="dataSource" valueType="url">DataSource["shared_calcs:Aggregation[LE_GCCs]"{f002e467-3b83-4fc0-bf1b-12f7986e9981:Aggregation[7392fb5d-de2e-4064-8552-c1530d611c52]}]</property>
					<property name="relationshipToParent" value="ONE_OR_ZERO_TO_ONE" valueType="string"/>
					<property name="mandatoryInJoin" value="true" valueType="boolean"/>
					<property name="additionalConstraint" valueType="table"/>
					<property name="additionalJoinExpression" valueType="table"/>
					<property name="instanceSelectionRule" valueType="object">
						<object type="InstanceSelectionRule" version="3">
							<property name="instanceDateRule" valueType="object">
								<object type="InstanceSelectionRule:rule" version="3">
									<property name="type" value="EQUAL" valueType="string"/>
								</object>
							</property>
							<property name="instanceKeyRules" valueType="table">
								<object type="InstanceSelectionRule:instanceKeyRule" version="3">
									<property name="type" value="EQUAL" valueType="string"/>
									<property name="instanceKeyName" value="v" valueType="string"/>
								</object>
								<object type="InstanceSelectionRule:instanceKeyRule" version="3">
									<property name="type" value="EQUAL" valueType="string"/>
									<property name="instanceKeyName" value="run_id" valueType="string"/>
								</object>
								<object type="InstanceSelectionRule:instanceKeyRule" version="3">
									<property name="type" value="EQUAL" valueType="string"/>
									<property name="instanceKeyName" value="scenarioKey" valueType="string"/>
								</object>
							</property>
						</object>
					</property>
					<property name="join" valueType="table">
						<object type="DataModel:node:join" version="3">
							<property name="sourceField" valueType="url">DataSource["shared_calcs:Aggregation[LE_GCCs]"{f002e467-3b83-4fc0-bf1b-12f7986e9981:Aggregation[7392fb5d-de2e-4064-8552-c1530d611c52]}].layout["id_prty"{2134ad54-acd3-4299-ae25-51b821e14bd8}]</property>
							<property name="parentField" valueType="url">DataSource["Aggregation[Consolidated_Inputs]"{Aggregation[56038b26-5dc2-40d4-bff2-f1753e928c3e]}].layout["id_prty"{2022678b-9262-4b2a-ac6d-e6d1d13135ce}]</property>
						</object>
						<object type="DataModel:node:join" version="3">
							<property name="sourceField" valueType="url">DataSource["shared_calcs:Aggregation[LE_GCCs]"{f002e467-3b83-4fc0-bf1b-12f7986e9981:Aggregation[7392fb5d-de2e-4064-8552-c1530d611c52]}].layout["id_ultmt_prnt"{0d1eef62-aa67-4c8f-9f5b-a6631422177c}]</property>
							<property name="parentField" valueType="url">DataSource["Aggregation[Consolidated_Inputs]"{Aggregation[56038b26-5dc2-40d4-bff2-f1753e928c3e]}].layout["id_grp_cnnctd_clnts_or_indvdl"{d2ae2be9-7491-41ef-b47b-7c47f872bdb6}]</property>
						</object>
					</property>
				</objectNode>
			</children>
		</objectNode>
	</property>
	<property name="streamKeys" valueType="table">
		<object type="DataModel:streamKey" version="5">
			<property name="streamKeyName" value="entity" valueType="string"/>
			<property name="streamKeyColumn" valueType="object">
				<object type="DataModel:localFieldReference" version="3">
					<property name="value" valueType="url">DataModel[this].hierarchy["Aggregation"{3349d39e-0687-4c81-affd-e97a61abe242}].dataSource.layout["entity"{f0fdac4d-6434-4da1-9254-a5f74008058d}]</property>
				</object>
			</property>
			<property name="additionalStreamColumns" valueType="table"/>
		</object>
	</property>
	<property name="freezeLevel" value="1" valueType="integer"/>
	<property name="performJoinOnAllStreamColumns" value="false" valueType="boolean"/>
	<property name="mustInheritSourceIKs" value="false" valueType="boolean"/>
</object>