<object stamp="ad6ab39b-0e34-4d31-b559-0f7c25619a94_1719504633284" type="DataModel" version="6">
	<property name="name" value="IR_Netting_Results" valueType="string"/>
	<property name="description" value="IR_Netting_Results" valueType="string"/>
	<property name="objectId" value="d06d0a9c-9168-43b8-86f4-d41e831bb9e9" valueType="string"/>
	<property name="branchId" value="f373907f-fa0a-40d6-b143-ab4efdb3216b" valueType="string"/>
	<property name="comment" value="Technical object" valueType="string"/>
	<property name="isPermanent" value="false" valueType="boolean"/>
	<property name="instanceKeys" valueType="table">
		<object type="InstanceKey" version="2">
			<property name="name" value="v" valueType="string"/>
			<property name="description" value="" valueType="string"/>
			<property name="type" value="VARCHAR" valueType="string"/>
			<property name="size" value="100" valueType="integer"/>
			<property name="defaultInstanceKeyValueFormula" value="" valueType="string"/>
		</object>
		<object type="InstanceKey" version="2">
			<property name="name" value="run_id" valueType="string"/>
			<property name="description" value="" valueType="string"/>
			<property name="type" value="VARCHAR" valueType="string"/>
			<property name="size" value="100" valueType="integer"/>
			<property name="defaultInstanceKeyValueFormula" value="" valueType="string"/>
		</object>
		<object type="InstanceKey" version="2">
			<property name="name" value="scenarioKey" valueType="string"/>
			<property name="description" value="Scenario Key" valueType="string"/>
			<property name="type" value="VARCHAR" valueType="string"/>
			<property name="size" value="100" valueType="integer"/>
			<property name="defaultInstanceKeyValueFormula" value="" valueType="string"/>
		</object>
		<object type="InstanceKey" version="2">
			<property name="name" value="run_type" valueType="string"/>
			<property name="description" value="Run Type" valueType="string"/>
			<property name="type" value="VARCHAR" valueType="string"/>
			<property name="size" value="100" valueType="integer"/>
			<property name="defaultInstanceKeyValueFormula" value="" valueType="string"/>
		</object>
	</property>
	<property name="hierarchy" valueType="tree">
		<objectNode type="DataModel:node" version="3">
			<property name="name" value="Netting" valueType="string"/>
			<property name="description" value="" valueType="string"/>
			<property name="id" value="d10eb726-447a-42e9-a1c8-5492a5695214" valueType="string"/>
			<property name="dataSource" valueType="url">DataSource["Netting-result[IR_ZSR_PreNet_Positions].Aggregation[IR_ZSR_Positions]"{Netting-result[155b8d14-28e1-479c-8149-55e0a8775678].Aggregation[4edf7be4-10cf-4b3d-9e73-090cffac2ef3]}]</property>
			<property name="relationshipToParent" value="ONE_TO_ONE" valueType="string"/>
			<property name="mandatoryInJoin" value="false" valueType="boolean"/>
			<property name="additionalConstraint" valueType="table"/>
			<property name="additionalJoinExpression" valueType="table"/>
			<property name="instanceSelectionRule" valueType="object">
				<object type="InstanceSelectionRule" version="3">
					<property name="instanceDateRule" valueType="object">
						<object type="InstanceSelectionRule:rule" version="3">
							<property name="type" value="EQUAL" valueType="string"/>
						</object>
					</property>
					<property name="instanceKeyRules" valueType="table">
						<object type="InstanceSelectionRule:instanceKeyRule" version="3">
							<property name="type" value="EQUAL" valueType="string"/>
							<property name="instanceKeyName" value="v" valueType="string"/>
						</object>
						<object type="InstanceSelectionRule:instanceKeyRule" version="3">
							<property name="type" value="EQUAL" valueType="string"/>
							<property name="instanceKeyName" value="run_id" valueType="string"/>
						</object>
						<object type="InstanceSelectionRule:instanceKeyRule" version="3">
							<property name="type" value="EQUAL" valueType="string"/>
							<property name="instanceKeyName" value="scenarioKey" valueType="string"/>
						</object>
						<object type="InstanceSelectionRule:instanceKeyRule" version="3">
							<property name="type" value="EQUAL" valueType="string"/>
							<property name="instanceKeyName" value="run_type" valueType="string"/>
						</object>
					</property>
				</object>
			</property>
			<property name="join" valueType="table"/>
			<children>
				<objectNode type="DataModel:node" version="3">
					<property name="name" value="Aggregation" valueType="string"/>
					<property name="description" value="Resulting data source for aggregation IR_ZSR_Positions" valueType="string"/>
					<property name="id" value="1be1fa9a-e65b-48e2-aaa1-d3d97ea7926b" valueType="string"/>
					<property name="dataSource" valueType="url">DataSource["Aggregation[IR_ZSR_Positions]"{Aggregation[4edf7be4-10cf-4b3d-9e73-090cffac2ef3]}]</property>
					<property name="relationshipToParent" value="ONE_OR_ZERO_TO_ONE" valueType="string"/>
					<property name="mandatoryInJoin" value="false" valueType="boolean"/>
					<property name="additionalConstraint" valueType="table"/>
					<property name="additionalJoinExpression" valueType="table"/>
					<property name="instanceSelectionRule" valueType="object">
						<object type="InstanceSelectionRule" version="3">
							<property name="instanceDateRule" valueType="object">
								<object type="InstanceSelectionRule:rule" version="3">
									<property name="type" value="EQUAL" valueType="string"/>
								</object>
							</property>
							<property name="instanceKeyRules" valueType="table">
								<object type="InstanceSelectionRule:instanceKeyRule" version="3">
									<property name="type" value="EQUAL" valueType="string"/>
									<property name="instanceKeyName" value="v" valueType="string"/>
								</object>
								<object type="InstanceSelectionRule:instanceKeyRule" version="3">
									<property name="type" value="EQUAL" valueType="string"/>
									<property name="instanceKeyName" value="run_id" valueType="string"/>
								</object>
								<object type="InstanceSelectionRule:instanceKeyRule" version="3">
									<property name="type" value="EQUAL" valueType="string"/>
									<property name="instanceKeyName" value="scenarioKey" valueType="string"/>
								</object>
								<object type="InstanceSelectionRule:instanceKeyRule" version="3">
									<property name="type" value="EQUAL" valueType="string"/>
									<property name="instanceKeyName" value="run_type" valueType="string"/>
								</object>
							</property>
						</object>
					</property>
					<property name="join" valueType="table">
						<object type="DataModel:node:join" version="3">
							<property name="sourceField" valueType="url">DataSource["Aggregation[IR_ZSR_Positions]"{Aggregation[4edf7be4-10cf-4b3d-9e73-090cffac2ef3]}].layout["id_unique"{22c86210-ae0a-49bc-a3a0-af03bd4447d9}]</property>
							<property name="parentField" valueType="url">DataSource["Netting-result[IR_ZSR_PreNet_Positions].Aggregation[IR_ZSR_Positions]"{Netting-result[155b8d14-28e1-479c-8149-55e0a8775678].Aggregation[4edf7be4-10cf-4b3d-9e73-090cffac2ef3]}].layout["id_unique"{22c86210-ae0a-49bc-a3a0-af03bd4447d9}]</property>
						</object>
						<object type="DataModel:node:join" version="3">
							<property name="sourceField" valueType="url">DataSource["Aggregation[IR_ZSR_Positions]"{Aggregation[4edf7be4-10cf-4b3d-9e73-090cffac2ef3]}].layout["entity"{e0399ae9-cb19-481b-b440-f97f4840a885}]</property>
							<property name="parentField" valueType="url">DataSource["Netting-result[IR_ZSR_PreNet_Positions].Aggregation[IR_ZSR_Positions]"{Netting-result[155b8d14-28e1-479c-8149-55e0a8775678].Aggregation[4edf7be4-10cf-4b3d-9e73-090cffac2ef3]}].layout["entity"{e0399ae9-cb19-481b-b440-f97f4840a885}]</property>
						</object>
						<object type="DataModel:node:join" version="3">
							<property name="sourceField" valueType="url">DataSource["Aggregation[IR_ZSR_Positions]"{Aggregation[4edf7be4-10cf-4b3d-9e73-090cffac2ef3]}].layout["legal_entity"{17b164e1-ae2b-4d4b-a080-23de903102a4}]</property>
							<property name="parentField" valueType="url">DataSource["Netting-result[IR_ZSR_PreNet_Positions].Aggregation[IR_ZSR_Positions]"{Netting-result[155b8d14-28e1-479c-8149-55e0a8775678].Aggregation[4edf7be4-10cf-4b3d-9e73-090cffac2ef3]}].layout["legal_entity"{17b164e1-ae2b-4d4b-a080-23de903102a4}]</property>
						</object>
					</property>
				</objectNode>
			</children>
		</objectNode>
	</property>
	<property name="streamKeys" valueType="table">
		<object type="DataModel:streamKey" version="5">
			<property name="streamKeyName" value="entity" valueType="string"/>
			<property name="streamKeyColumn" valueType="object">
				<object type="DataModel:localFieldReference" version="3">
					<property name="value" valueType="url">DataModel[this].hierarchy["Netting"{d10eb726-447a-42e9-a1c8-5492a5695214}].dataSource.layout["entity"{e0399ae9-cb19-481b-b440-f97f4840a885}]</property>
				</object>
			</property>
			<property name="additionalStreamColumns" valueType="table"/>
		</object>
	</property>
	<property name="freezeLevel" value="1" valueType="integer"/>
	<property name="performJoinOnAllStreamColumns" value="false" valueType="boolean"/>
	<property name="mustInheritSourceIKs" value="true" valueType="boolean"/>
</object>