<object stamp="9589395f-ee2f-4c5f-978c-073b1225ccd6_1725635517212" type="DataModel" version="6">
	<property name="name" value="OUTPUT_IR_Modified_Duration_PRR" valueType="string"/>
	<property name="description" value="" valueType="string"/>
	<property name="objectId" value="a24d1ec7-be54-4e6c-809a-91165dc773fd" valueType="string"/>
	<property name="branchId" value="f373907f-fa0a-40d6-b143-ab4efdb3216b" valueType="string"/>
	<property name="isPermanent" value="false" valueType="boolean"/>
	<property name="instanceKeys" valueType="table">
		<object type="InstanceKey" version="2">
			<property name="name" value="v" valueType="string"/>
			<property name="description" value="Version" valueType="string"/>
			<property name="type" value="VARCHAR" valueType="string"/>
			<property name="size" value="100" valueType="integer"/>
			<property name="defaultInstanceKeyValueFormula" value="" valueType="string"/>
		</object>
		<object type="InstanceKey" version="2">
			<property name="name" value="run_id" valueType="string"/>
			<property name="description" value="Run ID" valueType="string"/>
			<property name="type" value="VARCHAR" valueType="string"/>
			<property name="size" value="100" valueType="integer"/>
			<property name="defaultInstanceKeyValueFormula" value="" valueType="string"/>
		</object>
		<object type="InstanceKey" version="2">
			<property name="name" value="scenarioKey" valueType="string"/>
			<property name="description" value="Scenario Key" valueType="string"/>
			<property name="type" value="VARCHAR" valueType="string"/>
			<property name="size" value="100" valueType="integer"/>
			<property name="defaultInstanceKeyValueFormula" value="" valueType="string"/>
		</object>
	</property>
	<property name="hierarchy" valueType="tree">
		<objectNode type="DataModel:node" version="3">
			<property name="name" value="Aggregation" valueType="string"/>
			<property name="description" value="Resulting data source for aggregation IR_Modified_Duration_PRR" valueType="string"/>
			<property name="id" value="d3207279-87a5-4cf7-8006-81d9089d5a3b" valueType="string"/>
			<property name="dataSource" valueType="url">DataSource["Aggregation[IR_Modified_Duration_PRR]"{Aggregation[8bf2ae44-20e9-480a-b447-bc78122531ee]}]</property>
			<property name="relationshipToParent" value="ONE_TO_ONE" valueType="string"/>
			<property name="mandatoryInJoin" value="false" valueType="boolean"/>
			<property name="additionalConstraint" valueType="table"/>
			<property name="additionalJoinExpression" valueType="table"/>
			<property name="instanceSelectionRule" valueType="object">
				<object type="InstanceSelectionRule" version="3">
					<property name="instanceDateRule" valueType="object">
						<object type="InstanceSelectionRule:rule" version="3">
							<property name="type" value="EQUAL" valueType="string"/>
						</object>
					</property>
					<property name="instanceKeyRules" valueType="table">
						<object type="InstanceSelectionRule:instanceKeyRule" version="3">
							<property name="type" value="EQUAL" valueType="string"/>
							<property name="instanceKeyName" value="v" valueType="string"/>
						</object>
						<object type="InstanceSelectionRule:instanceKeyRule" version="3">
							<property name="type" value="EQUAL" valueType="string"/>
							<property name="instanceKeyName" value="run_id" valueType="string"/>
						</object>
						<object type="InstanceSelectionRule:instanceKeyRule" version="3">
							<property name="type" value="EQUAL" valueType="string"/>
							<property name="instanceKeyName" value="scenarioKey" valueType="string"/>
						</object>
					</property>
				</object>
			</property>
			<property name="join" valueType="table"/>
			<children>
				<objectNode type="DataModel:node" version="3">
					<property name="name" value="entity" valueType="string"/>
					<property name="description" value="Resulting data source for aggregation Ref_Reporting_Entity" valueType="string"/>
					<property name="id" value="944586af-b926-4c98-a90f-bee548dcf44d" valueType="string"/>
					<property name="dataSource" valueType="url">DataSource["shared_calcs:cm_ref_data_inputs:Aggregation[Ref_Reporting_Entity]"{d75383f6-fa01-4e67-a680-006fa58909dc:e9157cc6-c461-4637-ae9b-757cdb0c2552:Aggregation[e53a3c4d-aeba-4ffe-afa7-e94201847004]}]</property>
					<property name="relationshipToParent" value="ONE_TO_ONE" valueType="string"/>
					<property name="mandatoryInJoin" value="true" valueType="boolean"/>
					<property name="additionalConstraint" valueType="table"/>
					<property name="additionalJoinExpression" valueType="table"/>
					<property name="instanceSelectionRule" valueType="object">
						<object type="InstanceSelectionRule" version="3">
							<property name="instanceDateRule" valueType="object">
								<object type="InstanceSelectionRule:rule" version="3">
									<property name="type" value="EQUAL" valueType="string"/>
								</object>
							</property>
							<property name="instanceKeyRules" valueType="table">
								<object type="InstanceSelectionRule:instanceKeyRule" version="3">
									<property name="type" value="EQUAL" valueType="string"/>
									<property name="instanceKeyName" value="v" valueType="string"/>
								</object>
								<object type="InstanceSelectionRule:instanceKeyRule" version="3">
									<property name="type" value="EQUAL" valueType="string"/>
									<property name="instanceKeyName" value="run_id" valueType="string"/>
								</object>
								<object type="InstanceSelectionRule:instanceKeyRule" version="3">
									<property name="type" value="EQUAL" valueType="string"/>
									<property name="instanceKeyName" value="scenarioKey" valueType="string"/>
								</object>
							</property>
						</object>
					</property>
					<property name="join" valueType="table">
						<object type="DataModel:node:join" version="3">
							<property name="sourceField" valueType="url">DataSource["shared_calcs:cm_ref_data_inputs:Aggregation[Ref_Reporting_Entity]"{d75383f6-fa01-4e67-a680-006fa58909dc:e9157cc6-c461-4637-ae9b-757cdb0c2552:Aggregation[e53a3c4d-aeba-4ffe-afa7-e94201847004]}].layout["entity"{29c73107-303e-4f3c-96f4-20b016617f3c}]</property>
							<property name="parentField" valueType="url">DataSource["Aggregation[IR_Modified_Duration_PRR]"{Aggregation[8bf2ae44-20e9-480a-b447-bc78122531ee]}].layout["entity"{31a04a67-9993-410f-a7c4-2420dd4ad0ea}]</property>
						</object>
					</property>
				</objectNode>
			</children>
		</objectNode>
	</property>
	<property name="streamKeys" valueType="table">
		<object type="DataModel:streamKey" version="5">
			<property name="streamKeyName" value="entity" valueType="string"/>
			<property name="streamKeyColumn" valueType="object">
				<object type="DataModel:localFieldReference" version="3">
					<property name="value" valueType="url">DataModel[this].hierarchy["Aggregation"{d3207279-87a5-4cf7-8006-81d9089d5a3b}].dataSource.layout["entity"{31a04a67-9993-410f-a7c4-2420dd4ad0ea}]</property>
				</object>
			</property>
			<property name="additionalStreamColumns" valueType="table"/>
		</object>
	</property>
	<property name="freezeLevel" value="1" valueType="integer"/>
	<property name="performJoinOnAllStreamColumns" value="false" valueType="boolean"/>
	<property name="mustInheritSourceIKs" value="false" valueType="boolean"/>
</object>