<object stamp="e1d645ae-54c8-411b-b70e-a9d79cc27bc1_1741251578430" type="WorkFlow" version="45">
	<property name="name" value="_Shared_Calcs_Consolidated" valueType="string"/>
	<property name="description" value="" valueType="string"/>
	<property name="objectId" value="af58c509-b295-4e25-93b5-529de26bf4c8" valueType="string"/>
	<property name="branchId" value="abd5d443-df6a-4329-a4bc-71fc002f8fcf" valueType="string"/>
	<property name="modules" valueType="table">
		<object type="WorkFlow:taskModule" version="29">
			<property name="name" value="34b848ff-6722-45b9-a119-c3f42c250b3b" valueType="string"/>
			<property name="description" value="Simplified_Market_Risk_Pre_Calc" valueType="string"/>
			<property name="id" value="34b848ff-6722-45b9-a119-c3f42c250b3b" valueType="string"/>
			<property name="taskType" value="WorkFlow" valueType="string"/>
			<property name="underlyingObject" valueType="url">WorkFlow["Simplified_Market_Risk_Pre_Calc"{50035787-1093-4eb7-a9e4-4a3096711b3e}]</property>
			<property name="asOfDateFormula" value="TIME_TAG" valueType="string"/>
			<property name="instanceKeyValues" valueType="table">
				<object type="InstanceObject:instanceKeyValue" version="2">
					<property name="name" value="v" valueType="string"/>
					<property name="keyValueType" value="VARCHAR" valueType="string"/>
					<property name="keyValue" value="$v" valueType="freehand"/>
				</object>
				<object type="InstanceObject:instanceKeyValue" version="2">
					<property name="name" value="run_id" valueType="string"/>
					<property name="keyValueType" value="VARCHAR" valueType="string"/>
					<property name="keyValue" value="$run_id" valueType="freehand"/>
				</object>
				<object type="InstanceObject:instanceKeyValue" version="2">
					<property name="name" value="run_type" valueType="string"/>
					<property name="keyValueType" value="VARCHAR" valueType="string"/>
					<property name="keyValue" value="$run_type" valueType="freehand"/>
				</object>
				<object type="InstanceObject:instanceKeyValue" version="2">
					<property name="name" value="scenarioKey" valueType="string"/>
					<property name="keyValueType" value="VARCHAR" valueType="string"/>
					<property name="keyValue" value="$scenarioKey" valueType="freehand"/>
				</object>
			</property>
			<property name="keyParameters" valueType="object">
				<object type="Task:keyParameters_WorkFlow" version="5">
					<property name="streams" valueType="table">
						<object type="Task:streamKeyValues" version="2">
							<property name="streamKeyName" value="entity" valueType="string"/>
							<property name="values" value="$entity" valueType="freehand"/>
						</object>
					</property>
					<property name="additionalParameters" valueType="table"/>
					<property name="etlExecution" value="false" valueType="boolean"/>
				</object>
			</property>
			<property name="nonKeyParameters" valueType="object">
				<object type="Task:nonKeyParameters_WorkFlow" version="8">
					<property name="restartAllModules" value="RESTART_ALL_MODULES" valueType="freehand"/>
					<property name="archivalFrequency" value="ARCHIVAL_FREQUENCY" valueType="freehand"/>
					<property name="additionalParameters" valueType="table"/>
				</object>
			</property>
			<property name="parentModules" valueType="table">
				<object type="WorkFlow:parentModule" version="2">
					<property name="id" value="f0581f78-4bda-4802-ad78-0190b77a32d2" valueType="string"/>
					<property name="output" value="TRUE" valueType="string"/>
					<property name="lineConnectors" valueType="table"/>
				</object>
			</property>
			<property name="locationX" value="1945.0" valueType="double"/>
			<property name="locationY" value="109.0" valueType="double"/>
		</object>
		<object type="WorkFlow:controlModule" version="9">
			<property name="name" value="f0581f78-4bda-4802-ad78-0190b77a32d2" valueType="string"/>
			<property name="description" value="Market Risk Input Exists" valueType="string"/>
			<property name="id" value="f0581f78-4bda-4802-ad78-0190b77a32d2" valueType="string"/>
			<property name="moduleType" value="If" valueType="string"/>
			<property name="parameters" valueType="object">
				<object type="WorkFlow:parameters_If" version="5">
					<property name="expression" value="modelInstanceExists(TIME_TAG,'cm_mr_calc_inputs:Aggregation[MR_Calc_Inputs_EQ_IR_CIU]')&#xa;" valueType="freehand"/>
					<property name="xmlSyntax" value="false" valueType="boolean"/>
				</object>
			</property>
			<property name="parentModules" valueType="table">
				<object type="WorkFlow:parentModule" version="2">
					<property name="id" value="f86790b6-0477-4eb7-aa18-bbd072af6e26" valueType="string"/>
					<property name="lineConnectors" valueType="table"/>
				</object>
			</property>
			<property name="locationX" value="1685.0" valueType="double"/>
			<property name="locationY" value="227.0" valueType="double"/>
		</object>
		<object type="WorkFlow:taskModule" version="29">
			<property name="name" value="b7b4893e-4660-464b-a5a0-ba6287714b1a" valueType="string"/>
			<property name="description" value="Business_Calendar" valueType="string"/>
			<property name="id" value="b7b4893e-4660-464b-a5a0-ba6287714b1a" valueType="string"/>
			<property name="taskType" value="WorkFlow" valueType="string"/>
			<property name="underlyingObject" valueType="url">WorkFlow["Business_Calendar"{49b0738c-8006-4fea-8fc1-7e0430a37bb6}]</property>
			<property name="asOfDateFormula" value="TIME_TAG" valueType="string"/>
			<property name="instanceKeyValues" valueType="table">
				<object type="InstanceObject:instanceKeyValue" version="2">
					<property name="name" value="v" valueType="string"/>
					<property name="keyValueType" value="VARCHAR" valueType="string"/>
					<property name="keyValue" value="$v" valueType="freehand"/>
				</object>
				<object type="InstanceObject:instanceKeyValue" version="2">
					<property name="name" value="run_id" valueType="string"/>
					<property name="keyValueType" value="VARCHAR" valueType="string"/>
					<property name="keyValue" value="$run_id" valueType="freehand"/>
				</object>
			</property>
			<property name="keyParameters" valueType="object">
				<object type="Task:keyParameters_WorkFlow" version="5">
					<property name="streams" valueType="table"/>
					<property name="additionalParameters" valueType="table"/>
					<property name="etlExecution" value="false" valueType="boolean"/>
				</object>
			</property>
			<property name="nonKeyParameters" valueType="object">
				<object type="Task:nonKeyParameters_WorkFlow" version="8">
					<property name="restartAllModules" value="RESTART_ALL_MODULES" valueType="freehand"/>
					<property name="archivalFrequency" value="ARCHIVAL_FREQUENCY" valueType="freehand"/>
					<property name="additionalParameters" valueType="table"/>
				</object>
			</property>
			<property name="parentModules" valueType="table"/>
			<property name="locationX" value="33.0" valueType="double"/>
			<property name="locationY" value="237.0" valueType="double"/>
		</object>
		<object type="WorkFlow:taskModule" version="29">
			<property name="name" value="00472146-e293-4de6-bd74-79fcffc56902" valueType="string"/>
			<property name="description" value="Ref_CCP_Multiple_Default_Funds" valueType="string"/>
			<property name="id" value="00472146-e293-4de6-bd74-79fcffc56902" valueType="string"/>
			<property name="taskType" value="WorkFlow" valueType="string"/>
			<property name="underlyingObject" valueType="url">WorkFlow["Ref_CCP_Multiple_Default_Funds"{bf89bc2b-f207-4958-8a21-7d01bdba0fe7}]</property>
			<property name="asOfDateFormula" value="TIME_TAG" valueType="string"/>
			<property name="instanceKeyValues" valueType="table">
				<object type="InstanceObject:instanceKeyValue" version="2">
					<property name="name" value="v" valueType="string"/>
					<property name="keyValueType" value="VARCHAR" valueType="string"/>
					<property name="keyValue" value="$v" valueType="freehand"/>
				</object>
			</property>
			<property name="keyParameters" valueType="object">
				<object type="Task:keyParameters_WorkFlow" version="5">
					<property name="streams" valueType="table"/>
					<property name="additionalParameters" valueType="table"/>
					<property name="etlExecution" value="false" valueType="boolean"/>
				</object>
			</property>
			<property name="nonKeyParameters" valueType="object">
				<object type="Task:nonKeyParameters_WorkFlow" version="8">
					<property name="restartAllModules" value="RESTART_ALL_MODULES" valueType="freehand"/>
					<property name="archivalFrequency" value="ARCHIVAL_FREQUENCY" valueType="freehand"/>
					<property name="additionalParameters" valueType="table"/>
				</object>
			</property>
			<property name="parentModules" valueType="table">
				<object type="WorkFlow:parentModule" version="2">
					<property name="id" value="b7b4893e-4660-464b-a5a0-ba6287714b1a" valueType="string"/>
					<property name="lineConnectors" valueType="table"/>
				</object>
			</property>
			<property name="locationX" value="245.0" valueType="double"/>
			<property name="locationY" value="238.0" valueType="double"/>
		</object>
		<object type="WorkFlow:taskModule" version="29">
			<property name="name" value="b1f52d63-c002-4539-ad10-1fd3760730fc" valueType="string"/>
			<property name="description" value="Counterparty_Level" valueType="string"/>
			<property name="id" value="b1f52d63-c002-4539-ad10-1fd3760730fc" valueType="string"/>
			<property name="taskType" value="WorkFlow" valueType="string"/>
			<property name="underlyingObject" valueType="url">WorkFlow["Counterparty_Level"{02ee5f2b-1046-4b61-946b-85841d20f174}]</property>
			<property name="asOfDateFormula" value="TIME_TAG" valueType="string"/>
			<property name="instanceKeyValues" valueType="table">
				<object type="InstanceObject:instanceKeyValue" version="2">
					<property name="name" value="v" valueType="string"/>
					<property name="keyValueType" value="VARCHAR" valueType="string"/>
					<property name="keyValue" value="$v" valueType="freehand"/>
				</object>
				<object type="InstanceObject:instanceKeyValue" version="2">
					<property name="name" value="run_id" valueType="string"/>
					<property name="keyValueType" value="VARCHAR" valueType="string"/>
					<property name="keyValue" value="$run_id" valueType="freehand"/>
				</object>
			</property>
			<property name="keyParameters" valueType="object">
				<object type="Task:keyParameters_WorkFlow" version="5">
					<property name="streams" valueType="table"/>
					<property name="additionalParameters" valueType="table"/>
					<property name="etlExecution" value="false" valueType="boolean"/>
				</object>
			</property>
			<property name="nonKeyParameters" valueType="object">
				<object type="Task:nonKeyParameters_WorkFlow" version="8">
					<property name="restartAllModules" value="RESTART_ALL_MODULES" valueType="freehand"/>
					<property name="archivalFrequency" value="ARCHIVAL_FREQUENCY" valueType="freehand"/>
					<property name="additionalParameters" valueType="table"/>
				</object>
			</property>
			<property name="parentModules" valueType="table">
				<object type="WorkFlow:parentModule" version="2">
					<property name="id" value="a49a2f2b-b1a3-481d-9d62-2f69b63b03ee" valueType="string"/>
					<property name="lineConnectors" valueType="table"/>
				</object>
			</property>
			<property name="locationX" value="744.0" valueType="double"/>
			<property name="locationY" value="238.0" valueType="double"/>
		</object>
		<object type="WorkFlow:taskModule" version="29">
			<property name="name" value="9a167b75-8f46-4cdb-93b9-f67665afce53" valueType="string"/>
			<property name="description" value="Other_Calc_Inputs" valueType="string"/>
			<property name="id" value="9a167b75-8f46-4cdb-93b9-f67665afce53" valueType="string"/>
			<property name="taskType" value="WorkFlow" valueType="string"/>
			<property name="underlyingObject" valueType="url">WorkFlow["Other_Calc_Inputs"{ed15bd88-a967-4859-a6d1-3b32cfd44dae}]</property>
			<property name="asOfDateFormula" value="TIME_TAG" valueType="string"/>
			<property name="instanceKeyValues" valueType="table">
				<object type="InstanceObject:instanceKeyValue" version="2">
					<property name="name" value="v" valueType="string"/>
					<property name="keyValueType" value="VARCHAR" valueType="string"/>
					<property name="keyValue" value="$v" valueType="freehand"/>
				</object>
				<object type="InstanceObject:instanceKeyValue" version="2">
					<property name="name" value="run_id" valueType="string"/>
					<property name="keyValueType" value="VARCHAR" valueType="string"/>
					<property name="keyValue" value="$run_id" valueType="freehand"/>
				</object>
			</property>
			<property name="keyParameters" valueType="object">
				<object type="Task:keyParameters_WorkFlow" version="5">
					<property name="streams" valueType="table">
						<object type="Task:streamKeyValues" version="2">
							<property name="streamKeyName" value="entity" valueType="string"/>
							<property name="values" value="$entity" valueType="freehand"/>
						</object>
					</property>
					<property name="additionalParameters" valueType="table"/>
					<property name="etlExecution" value="false" valueType="boolean"/>
				</object>
			</property>
			<property name="nonKeyParameters" valueType="object">
				<object type="Task:nonKeyParameters_WorkFlow" version="8">
					<property name="restartAllModules" value="RESTART_ALL_MODULES" valueType="freehand"/>
					<property name="archivalFrequency" value="ARCHIVAL_FREQUENCY" valueType="freehand"/>
					<property name="additionalParameters" valueType="table"/>
				</object>
			</property>
			<property name="parentModules" valueType="table">
				<object type="WorkFlow:parentModule" version="2">
					<property name="id" value="b1f52d63-c002-4539-ad10-1fd3760730fc" valueType="string"/>
					<property name="lineConnectors" valueType="table"/>
				</object>
			</property>
			<property name="locationX" value="970.0" valueType="double"/>
			<property name="locationY" value="238.0" valueType="double"/>
		</object>
		<object type="WorkFlow:taskModule" version="29">
			<property name="name" value="a49a2f2b-b1a3-481d-9d62-2f69b63b03ee" valueType="string"/>
			<property name="description" value="Org_Unit" valueType="string"/>
			<property name="id" value="a49a2f2b-b1a3-481d-9d62-2f69b63b03ee" valueType="string"/>
			<property name="taskType" value="WorkFlow" valueType="string"/>
			<property name="underlyingObject" valueType="url">WorkFlow["Org_Unit"{ce74784d-883a-432f-9f38-15424ca1059e}]</property>
			<property name="asOfDateFormula" value="TIME_TAG" valueType="string"/>
			<property name="instanceKeyValues" valueType="table">
				<object type="InstanceObject:instanceKeyValue" version="2">
					<property name="name" value="v" valueType="string"/>
					<property name="keyValueType" value="VARCHAR" valueType="string"/>
					<property name="keyValue" value="$v" valueType="freehand"/>
				</object>
			</property>
			<property name="keyParameters" valueType="object">
				<object type="Task:keyParameters_WorkFlow" version="5">
					<property name="streams" valueType="table"/>
					<property name="additionalParameters" valueType="table"/>
					<property name="etlExecution" value="false" valueType="boolean"/>
				</object>
			</property>
			<property name="nonKeyParameters" valueType="object">
				<object type="Task:nonKeyParameters_WorkFlow" version="8">
					<property name="restartAllModules" value="RESTART_ALL_MODULES" valueType="freehand"/>
					<property name="archivalFrequency" value="ARCHIVAL_FREQUENCY" valueType="freehand"/>
					<property name="additionalParameters" valueType="table"/>
				</object>
			</property>
			<property name="parentModules" valueType="table">
				<object type="WorkFlow:parentModule" version="2">
					<property name="id" value="00472146-e293-4de6-bd74-79fcffc56902" valueType="string"/>
					<property name="lineConnectors" valueType="table"/>
				</object>
			</property>
			<property name="locationX" value="588.0" valueType="double"/>
			<property name="locationY" value="239.0" valueType="double"/>
		</object>
		<object type="WorkFlow:taskModule" version="29">
			<property name="name" value="ccd45ac1-c465-408e-82b0-dc536dd2402f" valueType="string"/>
			<property name="description" value="Risk_Weights" valueType="string"/>
			<property name="id" value="ccd45ac1-c465-408e-82b0-dc536dd2402f" valueType="string"/>
			<property name="taskType" value="WorkFlow" valueType="string"/>
			<property name="underlyingObject" valueType="url">WorkFlow["Risk_Weights"{98d4287e-39a5-4148-a8cf-afd053519631}]</property>
			<property name="asOfDateFormula" value="TIME_TAG" valueType="string"/>
			<property name="instanceKeyValues" valueType="table">
				<object type="InstanceObject:instanceKeyValue" version="2">
					<property name="name" value="v" valueType="string"/>
					<property name="keyValueType" value="VARCHAR" valueType="string"/>
					<property name="keyValue" value="$v" valueType="freehand"/>
				</object>
				<object type="InstanceObject:instanceKeyValue" version="2">
					<property name="name" value="run_id" valueType="string"/>
					<property name="keyValueType" value="VARCHAR" valueType="string"/>
					<property name="keyValue" value="$run_id" valueType="freehand"/>
				</object>
				<object type="InstanceObject:instanceKeyValue" version="2">
					<property name="name" value="run_type" valueType="string"/>
					<property name="keyValueType" value="VARCHAR" valueType="string"/>
					<property name="keyValue" value="$run_type" valueType="freehand"/>
				</object>
				<object type="InstanceObject:instanceKeyValue" version="2">
					<property name="name" value="scenarioKey" valueType="string"/>
					<property name="keyValueType" value="VARCHAR" valueType="string"/>
					<property name="keyValue" value="$scenarioKey" valueType="freehand"/>
				</object>
			</property>
			<property name="keyParameters" valueType="object">
				<object type="Task:keyParameters_WorkFlow" version="5">
					<property name="streams" valueType="table">
						<object type="Task:streamKeyValues" version="2">
							<property name="streamKeyName" value="entity" valueType="string"/>
							<property name="values" value="$entity" valueType="freehand"/>
						</object>
					</property>
					<property name="additionalParameters" valueType="table"/>
					<property name="etlExecution" value="false" valueType="boolean"/>
				</object>
			</property>
			<property name="nonKeyParameters" valueType="object">
				<object type="Task:nonKeyParameters_WorkFlow" version="8">
					<property name="restartAllModules" value="RESTART_ALL_MODULES" valueType="freehand"/>
					<property name="archivalFrequency" value="ARCHIVAL_FREQUENCY" valueType="freehand"/>
					<property name="additionalParameters" valueType="table"/>
				</object>
			</property>
			<property name="parentModules" valueType="table">
				<object type="WorkFlow:parentModule" version="2">
					<property name="id" value="9a167b75-8f46-4cdb-93b9-f67665afce53" valueType="string"/>
					<property name="lineConnectors" valueType="table"/>
				</object>
				<object type="WorkFlow:parentModule" version="2">
					<property name="id" value="b446c5c2-c0b8-4632-9d6d-089d8f229f7c" valueType="string"/>
					<property name="lineConnectors" valueType="table"/>
				</object>
			</property>
			<property name="locationX" value="1196.0" valueType="double"/>
			<property name="locationY" value="239.0" valueType="double"/>
		</object>
		<object type="WorkFlow:taskModule" version="29">
			<property name="name" value="f86790b6-0477-4eb7-aa18-bbd072af6e26" valueType="string"/>
			<property name="description" value="SACCR_Multi_Asset_Class" valueType="string"/>
			<property name="id" value="f86790b6-0477-4eb7-aa18-bbd072af6e26" valueType="string"/>
			<property name="taskType" value="WorkFlow" valueType="string"/>
			<property name="underlyingObject" valueType="url">WorkFlow["SACCR_Multi_Asset_Class"{718d908b-4272-4a86-9e74-04dcf76a2227}]</property>
			<property name="asOfDateFormula" value="TIME_TAG" valueType="string"/>
			<property name="instanceKeyValues" valueType="table">
				<object type="InstanceObject:instanceKeyValue" version="2">
					<property name="name" value="v" valueType="string"/>
					<property name="keyValueType" value="VARCHAR" valueType="string"/>
					<property name="keyValue" value="$v" valueType="freehand"/>
				</object>
				<object type="InstanceObject:instanceKeyValue" version="2">
					<property name="name" value="run_id" valueType="string"/>
					<property name="keyValueType" value="VARCHAR" valueType="string"/>
					<property name="keyValue" value="$run_id" valueType="freehand"/>
				</object>
				<object type="InstanceObject:instanceKeyValue" version="2">
					<property name="name" value="run_type" valueType="string"/>
					<property name="keyValueType" value="VARCHAR" valueType="string"/>
					<property name="keyValue" value="$run_type" valueType="freehand"/>
				</object>
			</property>
			<property name="keyParameters" valueType="object">
				<object type="Task:keyParameters_WorkFlow" version="5">
					<property name="streams" valueType="table">
						<object type="Task:streamKeyValues" version="2">
							<property name="streamKeyName" value="entity" valueType="string"/>
							<property name="values" value="$entity" valueType="freehand"/>
						</object>
					</property>
					<property name="additionalParameters" valueType="table"/>
					<property name="etlExecution" value="false" valueType="boolean"/>
				</object>
			</property>
			<property name="nonKeyParameters" valueType="object">
				<object type="Task:nonKeyParameters_WorkFlow" version="8">
					<property name="restartAllModules" value="RESTART_ALL_MODULES" valueType="freehand"/>
					<property name="archivalFrequency" value="ARCHIVAL_FREQUENCY" valueType="freehand"/>
					<property name="additionalParameters" valueType="table"/>
				</object>
			</property>
			<property name="parentModules" valueType="table">
				<object type="WorkFlow:parentModule" version="2">
					<property name="id" value="ccd45ac1-c465-408e-82b0-dc536dd2402f" valueType="string"/>
					<property name="lineConnectors" valueType="table"/>
				</object>
			</property>
			<property name="locationX" value="1395.0" valueType="double"/>
			<property name="locationY" value="239.0" valueType="double"/>
		</object>
		<object type="WorkFlow:taskModule" version="29">
			<property name="name" value="1128a1a8-dfbb-49e7-8d87-b83c953c78c4" valueType="string"/>
			<property name="description" value="QHNF_IFI" valueType="string"/>
			<property name="id" value="1128a1a8-dfbb-49e7-8d87-b83c953c78c4" valueType="string"/>
			<property name="taskType" value="WorkFlow" valueType="string"/>
			<property name="underlyingObject" valueType="url">WorkFlow["QHNF_IFI"{d6210120-023f-4d42-9163-bf0e50d446ba}]</property>
			<property name="asOfDateFormula" value="TIME_TAG" valueType="string"/>
			<property name="instanceKeyValues" valueType="table">
				<object type="InstanceObject:instanceKeyValue" version="2">
					<property name="name" value="v" valueType="string"/>
					<property name="keyValueType" value="VARCHAR" valueType="string"/>
					<property name="keyValue" value="$v" valueType="freehand"/>
				</object>
				<object type="InstanceObject:instanceKeyValue" version="2">
					<property name="name" value="run_id" valueType="string"/>
					<property name="keyValueType" value="VARCHAR" valueType="string"/>
					<property name="keyValue" value="$run_id" valueType="freehand"/>
				</object>
				<object type="InstanceObject:instanceKeyValue" version="2">
					<property name="name" value="run_type" valueType="string"/>
					<property name="keyValueType" value="VARCHAR" valueType="string"/>
					<property name="keyValue" value="$run_type" valueType="freehand"/>
				</object>
				<object type="InstanceObject:instanceKeyValue" version="2">
					<property name="name" value="scenarioKey" valueType="string"/>
					<property name="keyValueType" value="VARCHAR" valueType="string"/>
					<property name="keyValue" value="$scenarioKey" valueType="freehand"/>
				</object>
			</property>
			<property name="keyParameters" valueType="object">
				<object type="Task:keyParameters_WorkFlow" version="5">
					<property name="streams" valueType="table">
						<object type="Task:streamKeyValues" version="2">
							<property name="streamKeyName" value="entity" valueType="string"/>
							<property name="values" value="$entity" valueType="freehand"/>
						</object>
					</property>
					<property name="additionalParameters" valueType="table"/>
					<property name="etlExecution" value="false" valueType="boolean"/>
				</object>
			</property>
			<property name="nonKeyParameters" valueType="object">
				<object type="Task:nonKeyParameters_WorkFlow" version="8">
					<property name="restartAllModules" value="RESTART_ALL_MODULES" valueType="freehand"/>
					<property name="archivalFrequency" value="ARCHIVAL_FREQUENCY" valueType="freehand"/>
					<property name="additionalParameters" valueType="table"/>
				</object>
			</property>
			<property name="parentModules" valueType="table">
				<object type="WorkFlow:parentModule" version="2">
					<property name="id" value="34b848ff-6722-45b9-a119-c3f42c250b3b" valueType="string"/>
					<property name="lineConnectors" valueType="table"/>
				</object>
				<object type="WorkFlow:parentModule" version="2">
					<property name="id" value="f0581f78-4bda-4802-ad78-0190b77a32d2" valueType="string"/>
					<property name="output" value="FALSE" valueType="string"/>
					<property name="lineConnectors" valueType="table"/>
				</object>
			</property>
			<property name="locationX" value="2274.0" valueType="double"/>
			<property name="locationY" value="257.0" valueType="double"/>
		</object>
		<object type="WorkFlow:taskModule" version="29">
			<property name="name" value="b446c5c2-c0b8-4632-9d6d-089d8f229f7c" valueType="string"/>
			<property name="description" value="Funds_HC_RWA" valueType="string"/>
			<property name="id" value="b446c5c2-c0b8-4632-9d6d-089d8f229f7c" valueType="string"/>
			<property name="taskType" value="WorkFlow" valueType="string"/>
			<property name="underlyingObject" valueType="url">WorkFlow["Funds_HC_RWA"{63788961-7e15-42ec-ab58-3482d7ad2f5e}]</property>
			<property name="asOfDateFormula" value="TIME_TAG" valueType="string"/>
			<property name="instanceKeyValues" valueType="table">
				<object type="InstanceObject:instanceKeyValue" version="2">
					<property name="name" value="v" valueType="string"/>
					<property name="keyValueType" value="VARCHAR" valueType="string"/>
					<property name="keyValue" value="$v" valueType="freehand"/>
				</object>
			</property>
			<property name="keyParameters" valueType="object">
				<object type="Task:keyParameters_WorkFlow" version="5">
					<property name="streams" valueType="table"/>
					<property name="additionalParameters" valueType="table"/>
					<property name="etlExecution" value="false" valueType="boolean"/>
				</object>
			</property>
			<property name="nonKeyParameters" valueType="object">
				<object type="Task:nonKeyParameters_WorkFlow" version="8">
					<property name="restartAllModules" value="RESTART_ALL_MODULES" valueType="freehand"/>
					<property name="archivalFrequency" value="ARCHIVAL_FREQUENCY" valueType="freehand"/>
					<property name="additionalParameters" valueType="table"/>
				</object>
			</property>
			<property name="parentModules" valueType="table"/>
			<property name="locationX" value="1008.0" valueType="double"/>
			<property name="locationY" value="353.0" valueType="double"/>
		</object>
	</property>
	<property name="archivalProperties" valueType="object">
		<object type="ArchivalProperties" version="2">
			<property name="daily" value="false" valueType="boolean"/>
			<property name="weekly" value="false" valueType="boolean"/>
			<property name="monthly" value="false" valueType="boolean"/>
			<property name="quarterly" value="false" valueType="boolean"/>
			<property name="semiAnnually" value="false" valueType="boolean"/>
			<property name="annually" value="false" valueType="boolean"/>
			<property name="intraDay" value="false" valueType="boolean"/>
			<property name="userDefined" value="false" valueType="boolean"/>
		</object>
	</property>
	<property name="iterators" valueType="table"/>
	<property name="keyParameters" valueType="table"/>
	<property name="nonKeyParameters" valueType="table"/>
</object>