<object stamp="04c438ab-6544-4124-a05f-f0bac2b2a77b_1741249171649" type="WorkFlow" version="45">
	<property name="name" value="Risk_Weights_Credit_Risk" valueType="string"/>
	<property name="description" value="Risk_Weights" valueType="string"/>
	<property name="objectId" value="eee8a5f7-90ee-443c-8752-7b4dc6c0f4ef" valueType="string"/>
	<property name="branchId" value="abd5d443-df6a-4329-a4bc-71fc002f8fcf" valueType="string"/>
	<property name="modules" valueType="table">
		<object type="WorkFlow:taskModule" version="29">
			<property name="name" value="11717b55-80aa-4e5c-acd5-b64ca83ce27c" valueType="string"/>
			<property name="description" value="IMM_Split_Netting_Sets_RW_Input" valueType="string"/>
			<property name="id" value="11717b55-80aa-4e5c-acd5-b64ca83ce27c" valueType="string"/>
			<property name="taskType" value="Aggregation" valueType="string"/>
			<property name="underlyingObject" valueType="url">Aggregation["IMM_Split_Netting_Sets_RW_Input"{cb5f8b9d-ffdb-47ae-9a9c-a66238255f08}]</property>
			<property name="asOfDateFormula" value="TIME_TAG" valueType="string"/>
			<property name="instanceKeyValues" valueType="table">
				<object type="InstanceObject:instanceKeyValue" version="2">
					<property name="name" value="v" valueType="string"/>
					<property name="keyValueType" value="VARCHAR" valueType="string"/>
					<property name="keyValue" value="$v" valueType="freehand"/>
				</object>
				<object type="InstanceObject:instanceKeyValue" version="2">
					<property name="name" value="run_id" valueType="string"/>
					<property name="keyValueType" value="VARCHAR" valueType="string"/>
					<property name="keyValue" value="$run_id" valueType="freehand"/>
				</object>
				<object type="InstanceObject:instanceKeyValue" version="2">
					<property name="name" value="scenarioKey" valueType="string"/>
					<property name="keyValueType" value="VARCHAR" valueType="string"/>
					<property name="keyValue" value="$scenarioKey" valueType="freehand"/>
				</object>
				<object type="InstanceObject:instanceKeyValue" version="2">
					<property name="name" value="run_type" valueType="string"/>
					<property name="keyValueType" value="VARCHAR" valueType="string"/>
					<property name="keyValue" value="$run_type" valueType="freehand"/>
				</object>
			</property>
			<property name="keyParameters" valueType="object">
				<object type="Task:keyParameters_Aggregation" version="2">
					<property name="models" valueType="table">
						<object type="Task:modelNameRef" version="2">
							<property name="model" value="ModifyModel[IMM_Split_Netting_Sets].Aggregation[Consolidated_CR_Exposure_Inputs]" valueType="string"/>
						</object>
					</property>
					<property name="streams" valueType="table">
						<object type="Task:streamKeyValues" version="2">
							<property name="streamKeyName" value="entity" valueType="string"/>
							<property name="values" value="$entity" valueType="freehand"/>
						</object>
					</property>
				</object>
			</property>
			<property name="nonKeyParameters" valueType="object">
				<object type="Task:nonKeyParameters_Aggregation" version="4">
					<property name="modelDates" valueType="table">
						<object type="Task:modelDateEntry" version="3">
							<property name="model" value="ModifyModel[IMM_Split_Netting_Sets].Aggregation[Consolidated_CR_Exposure_Inputs]" valueType="string"/>
							<property name="instanceDateAndKeysValues" value="TIME_TAG" valueType="freehand"/>
						</object>
					</property>
					<property name="archivalFrequency" value="ARCHIVAL_FREQUENCY" valueType="freehand"/>
				</object>
			</property>
			<property name="parentModules" valueType="table">
				<object type="WorkFlow:parentModule" version="2">
					<property name="id" value="1d6fbcfb-7201-4e28-bd50-3915909f89d2" valueType="string"/>
					<property name="lineConnectors" valueType="table"/>
				</object>
			</property>
			<property name="locationX" value="1509.0" valueType="double"/>
			<property name="locationY" value="1.0" valueType="double"/>
		</object>
		<object type="WorkFlow:taskModule" version="29">
			<property name="name" value="b9463384-cab6-4c11-9974-292bd45ce5c7" valueType="string"/>
			<property name="description" value="CR_IMM_Split_Inputs_with_3rd_Country" valueType="string"/>
			<property name="id" value="b9463384-cab6-4c11-9974-292bd45ce5c7" valueType="string"/>
			<property name="taskType" value="ModifyModel" valueType="string"/>
			<property name="underlyingObject" valueType="url">ModifyModel["CR_IMM_Split_Inputs_with_3rd_Country"{3b128800-64ff-4a04-a91d-683aa8678d59}]</property>
			<property name="asOfDateFormula" value="TIME_TAG" valueType="string"/>
			<property name="instanceKeyValues" valueType="table">
				<object type="InstanceObject:instanceKeyValue" version="2">
					<property name="name" value="v" valueType="string"/>
					<property name="keyValueType" value="VARCHAR" valueType="string"/>
					<property name="keyValue" value="$v" valueType="freehand"/>
				</object>
				<object type="InstanceObject:instanceKeyValue" version="2">
					<property name="name" value="run_id" valueType="string"/>
					<property name="keyValueType" value="VARCHAR" valueType="string"/>
					<property name="keyValue" value="$run_id" valueType="freehand"/>
				</object>
				<object type="InstanceObject:instanceKeyValue" version="2">
					<property name="name" value="scenarioKey" valueType="string"/>
					<property name="keyValueType" value="VARCHAR" valueType="string"/>
					<property name="keyValue" value="$scenarioKey" valueType="freehand"/>
				</object>
				<object type="InstanceObject:instanceKeyValue" version="2">
					<property name="name" value="run_type" valueType="string"/>
					<property name="keyValueType" value="VARCHAR" valueType="string"/>
					<property name="keyValue" value="$run_type" valueType="freehand"/>
				</object>
			</property>
			<property name="keyParameters" valueType="object">
				<object type="Task:keyParameters_ModifyModel" version="2"/>
			</property>
			<property name="nonKeyParameters" valueType="object">
				<object type="Task:nonKeyParameters_ModifyModel" version="2">
					<property name="cloneOriginalModelInstance" value="true" valueType="boolean"/>
				</object>
			</property>
			<property name="parentModules" valueType="table">
				<object type="WorkFlow:parentModule" version="2">
					<property name="id" value="11717b55-80aa-4e5c-acd5-b64ca83ce27c" valueType="string"/>
					<property name="lineConnectors" valueType="table"/>
				</object>
			</property>
			<property name="locationX" value="1863.0" valueType="double"/>
			<property name="locationY" value="1.0" valueType="double"/>
		</object>
		<object type="WorkFlow:taskModule" version="29">
			<property name="name" value="1d6fbcfb-7201-4e28-bd50-3915909f89d2" valueType="string"/>
			<property name="description" value="IMM_Split_Netting_Sets" valueType="string"/>
			<property name="id" value="1d6fbcfb-7201-4e28-bd50-3915909f89d2" valueType="string"/>
			<property name="taskType" value="ModifyModel" valueType="string"/>
			<property name="underlyingObject" valueType="url">ModifyModel["IMM_Split_Netting_Sets"{92a12031-0e75-4148-b01e-9eee3da0f896}]</property>
			<property name="asOfDateFormula" value="TIME_TAG" valueType="string"/>
			<property name="instanceKeyValues" valueType="table">
				<object type="InstanceObject:instanceKeyValue" version="2">
					<property name="name" value="v" valueType="string"/>
					<property name="keyValueType" value="VARCHAR" valueType="string"/>
					<property name="keyValue" value="$v" valueType="freehand"/>
				</object>
				<object type="InstanceObject:instanceKeyValue" version="2">
					<property name="name" value="run_id" valueType="string"/>
					<property name="keyValueType" value="VARCHAR" valueType="string"/>
					<property name="keyValue" value="$run_id" valueType="freehand"/>
				</object>
				<object type="InstanceObject:instanceKeyValue" version="2">
					<property name="name" value="scenarioKey" valueType="string"/>
					<property name="keyValueType" value="VARCHAR" valueType="string"/>
					<property name="keyValue" value="$scenarioKey" valueType="freehand"/>
				</object>
				<object type="InstanceObject:instanceKeyValue" version="2">
					<property name="name" value="run_type" valueType="string"/>
					<property name="keyValueType" value="VARCHAR" valueType="string"/>
					<property name="keyValue" value="$run_type" valueType="freehand"/>
				</object>
			</property>
			<property name="keyParameters" valueType="object">
				<object type="Task:keyParameters_ModifyModel" version="2"/>
			</property>
			<property name="nonKeyParameters" valueType="object">
				<object type="Task:nonKeyParameters_ModifyModel" version="2">
					<property name="cloneOriginalModelInstance" value="true" valueType="boolean"/>
				</object>
			</property>
			<property name="parentModules" valueType="table">
				<object type="WorkFlow:parentModule" version="2">
					<property name="id" value="6d40ca0c-683b-46c6-a1bf-82b5c1bd51f2" valueType="string"/>
					<property name="lineConnectors" valueType="table"/>
				</object>
			</property>
			<property name="locationX" value="1254.0" valueType="double"/>
			<property name="locationY" value="2.0" valueType="double"/>
		</object>
		<object type="WorkFlow:taskModule" version="29">
			<property name="name" value="050269df-9da4-4223-ba3c-cc8e31e45917" valueType="string"/>
			<property name="description" value="CR_Exposure_CQS" valueType="string"/>
			<property name="id" value="050269df-9da4-4223-ba3c-cc8e31e45917" valueType="string"/>
			<property name="taskType" value="ModifyModel" valueType="string"/>
			<property name="underlyingObject" valueType="url">ModifyModel["CR_Exposure_CQS"{999735c5-c0c8-4b36-8fd4-d278f881d084}]</property>
			<property name="asOfDateFormula" value="TIME_TAG" valueType="string"/>
			<property name="instanceKeyValues" valueType="table">
				<object type="InstanceObject:instanceKeyValue" version="2">
					<property name="name" value="v" valueType="string"/>
					<property name="keyValueType" value="VARCHAR" valueType="string"/>
					<property name="keyValue" value="$v" valueType="freehand"/>
				</object>
				<object type="InstanceObject:instanceKeyValue" version="2">
					<property name="name" value="run_id" valueType="string"/>
					<property name="keyValueType" value="VARCHAR" valueType="string"/>
					<property name="keyValue" value="$run_id" valueType="freehand"/>
				</object>
				<object type="InstanceObject:instanceKeyValue" version="2">
					<property name="name" value="scenarioKey" valueType="string"/>
					<property name="keyValueType" value="VARCHAR" valueType="string"/>
					<property name="keyValue" value="$scenarioKey" valueType="freehand"/>
				</object>
				<object type="InstanceObject:instanceKeyValue" version="2">
					<property name="name" value="run_type" valueType="string"/>
					<property name="keyValueType" value="VARCHAR" valueType="string"/>
					<property name="keyValue" value="$run_type" valueType="freehand"/>
				</object>
			</property>
			<property name="keyParameters" valueType="object">
				<object type="Task:keyParameters_ModifyModel" version="2">
					<property name="sourceDates" valueType="table">
						<object type="Task:sourceDateEntry" version="1">
							<property name="alias" value="Aggregation" valueType="string"/>
							<property name="instanceDateAndKeysValues" value="TIME_TAG" valueType="freehand"/>
						</object>
					</property>
				</object>
			</property>
			<property name="nonKeyParameters" valueType="object">
				<object type="Task:nonKeyParameters_ModifyModel" version="2">
					<property name="cloneOriginalModelInstance" value="true" valueType="boolean"/>
				</object>
			</property>
			<property name="parentModules" valueType="table">
				<object type="WorkFlow:parentModule" version="2">
					<property name="id" value="6b5d73b1-ec85-4775-993e-58f6944c872a" valueType="string"/>
					<property name="lineConnectors" valueType="table"/>
				</object>
			</property>
			<property name="locationX" value="237.0" valueType="double"/>
			<property name="locationY" value="106.0" valueType="double"/>
		</object>
		<object type="WorkFlow:taskModule" version="29">
			<property name="name" value="2513f449-5892-48a8-a277-c1f2f07aebb3" valueType="string"/>
			<property name="description" value="Consolidated_CR_CQS" valueType="string"/>
			<property name="id" value="2513f449-5892-48a8-a277-c1f2f07aebb3" valueType="string"/>
			<property name="taskType" value="Aggregation" valueType="string"/>
			<property name="underlyingObject" valueType="url">Aggregation["Consolidated_CR_CQS"{daa5ff54-5ac6-409a-9890-1dd45b723b0a}]</property>
			<property name="asOfDateFormula" value="TIME_TAG" valueType="string"/>
			<property name="instanceKeyValues" valueType="table">
				<object type="InstanceObject:instanceKeyValue" version="2">
					<property name="name" value="v" valueType="string"/>
					<property name="keyValueType" value="VARCHAR" valueType="string"/>
					<property name="keyValue" value="$v" valueType="freehand"/>
				</object>
				<object type="InstanceObject:instanceKeyValue" version="2">
					<property name="name" value="run_id" valueType="string"/>
					<property name="keyValueType" value="VARCHAR" valueType="string"/>
					<property name="keyValue" value="$run_id" valueType="freehand"/>
				</object>
				<object type="InstanceObject:instanceKeyValue" version="2">
					<property name="name" value="scenarioKey" valueType="string"/>
					<property name="keyValueType" value="VARCHAR" valueType="string"/>
					<property name="keyValue" value="$scenarioKey" valueType="freehand"/>
				</object>
				<object type="InstanceObject:instanceKeyValue" version="2">
					<property name="name" value="run_type" valueType="string"/>
					<property name="keyValueType" value="VARCHAR" valueType="string"/>
					<property name="keyValue" value="$run_type" valueType="freehand"/>
				</object>
			</property>
			<property name="keyParameters" valueType="object">
				<object type="Task:keyParameters_Aggregation" version="2">
					<property name="models" valueType="table">
						<object type="Task:modelNameRef" version="2">
							<property name="model" value="ModifyModel[CR_Exposure_CQS].Aggregation[CR_Inputs_Selection]" valueType="string"/>
						</object>
					</property>
					<property name="streams" valueType="table">
						<object type="Task:streamKeyValues" version="2">
							<property name="streamKeyName" value="entity" valueType="string"/>
							<property name="values" value="$entity" valueType="freehand"/>
						</object>
					</property>
				</object>
			</property>
			<property name="nonKeyParameters" valueType="object">
				<object type="Task:nonKeyParameters_Aggregation" version="4">
					<property name="modelDates" valueType="table">
						<object type="Task:modelDateEntry" version="3">
							<property name="model" value="ModifyModel[CR_Exposure_CQS].Aggregation[CR_Inputs_Selection]" valueType="string"/>
							<property name="instanceDateAndKeysValues" value="TIME_TAG" valueType="freehand"/>
						</object>
					</property>
					<property name="archivalFrequency" value="ARCHIVAL_FREQUENCY" valueType="freehand"/>
				</object>
			</property>
			<property name="parentModules" valueType="table">
				<object type="WorkFlow:parentModule" version="2">
					<property name="id" value="050269df-9da4-4223-ba3c-cc8e31e45917" valueType="string"/>
					<property name="lineConnectors" valueType="table"/>
				</object>
			</property>
			<property name="locationX" value="501.0" valueType="double"/>
			<property name="locationY" value="107.0" valueType="double"/>
		</object>
		<object type="WorkFlow:taskModule" version="29">
			<property name="name" value="03b4d5c9-6c1a-4c09-aaa1-c98bb5c1ae30" valueType="string"/>
			<property name="description" value="IRB_Risk_Weight" valueType="string"/>
			<property name="id" value="03b4d5c9-6c1a-4c09-aaa1-c98bb5c1ae30" valueType="string"/>
			<property name="taskType" value="WorkFlow" valueType="string"/>
			<property name="underlyingObject" valueType="url">WorkFlow["IRB_Risk_Weight"{7b187acd-947b-41e2-bf11-c2c113463aea}]</property>
			<property name="asOfDateFormula" value="TIME_TAG" valueType="string"/>
			<property name="instanceKeyValues" valueType="table">
				<object type="InstanceObject:instanceKeyValue" version="2">
					<property name="name" value="v" valueType="string"/>
					<property name="keyValueType" value="VARCHAR" valueType="string"/>
					<property name="keyValue" value="$v" valueType="freehand"/>
				</object>
				<object type="InstanceObject:instanceKeyValue" version="2">
					<property name="name" value="run_id" valueType="string"/>
					<property name="keyValueType" value="VARCHAR" valueType="string"/>
					<property name="keyValue" value="$run_id" valueType="freehand"/>
				</object>
				<object type="InstanceObject:instanceKeyValue" version="2">
					<property name="name" value="scenarioKey" valueType="string"/>
					<property name="keyValueType" value="VARCHAR" valueType="string"/>
					<property name="keyValue" value="$scenarioKey" valueType="freehand"/>
				</object>
				<object type="InstanceObject:instanceKeyValue" version="2">
					<property name="name" value="run_type" valueType="string"/>
					<property name="keyValueType" value="VARCHAR" valueType="string"/>
					<property name="keyValue" value="$run_type" valueType="freehand"/>
				</object>
			</property>
			<property name="keyParameters" valueType="object">
				<object type="Task:keyParameters_WorkFlow" version="5">
					<property name="streams" valueType="table">
						<object type="Task:streamKeyValues" version="2">
							<property name="streamKeyName" value="entity" valueType="string"/>
							<property name="values" value="$entity" valueType="freehand"/>
						</object>
					</property>
					<property name="additionalParameters" valueType="table"/>
					<property name="etlExecution" value="false" valueType="boolean"/>
				</object>
			</property>
			<property name="nonKeyParameters" valueType="object">
				<object type="Task:nonKeyParameters_WorkFlow" version="8">
					<property name="restartAllModules" value="RESTART_ALL_MODULES" valueType="freehand"/>
					<property name="archivalFrequency" value="ARCHIVAL_FREQUENCY" valueType="freehand"/>
					<property name="additionalParameters" valueType="table"/>
				</object>
			</property>
			<property name="parentModules" valueType="table">
				<object type="WorkFlow:parentModule" version="2">
					<property name="id" value="6d40ca0c-683b-46c6-a1bf-82b5c1bd51f2" valueType="string"/>
					<property name="lineConnectors" valueType="table"/>
				</object>
			</property>
			<property name="locationX" value="1255.0" valueType="double"/>
			<property name="locationY" value="110.0" valueType="double"/>
		</object>
		<object type="WorkFlow:taskModule" version="29">
			<property name="name" value="afaf0b0e-37dc-4a9f-bc1b-52fbf59b9951" valueType="string"/>
			<property name="description" value="Overdue_Business_Days_Bucket" valueType="string"/>
			<property name="id" value="afaf0b0e-37dc-4a9f-bc1b-52fbf59b9951" valueType="string"/>
			<property name="taskType" value="Aggregation" valueType="string"/>
			<property name="underlyingObject" valueType="url">Aggregation["Overdue_Business_Days_Bucket"{a63fec69-4914-49d0-b60d-1feefb8a851f}]</property>
			<property name="asOfDateFormula" value="TIME_TAG" valueType="string"/>
			<property name="instanceKeyValues" valueType="table">
				<object type="InstanceObject:instanceKeyValue" version="2">
					<property name="name" value="v" valueType="string"/>
					<property name="keyValueType" value="VARCHAR" valueType="string"/>
					<property name="keyValue" value="$v" valueType="freehand"/>
				</object>
				<object type="InstanceObject:instanceKeyValue" version="2">
					<property name="name" value="run_id" valueType="string"/>
					<property name="keyValueType" value="VARCHAR" valueType="string"/>
					<property name="keyValue" value="$run_id" valueType="freehand"/>
				</object>
				<object type="InstanceObject:instanceKeyValue" version="2">
					<property name="name" value="scenarioKey" valueType="string"/>
					<property name="keyValueType" value="VARCHAR" valueType="string"/>
					<property name="keyValue" value="$scenarioKey" valueType="freehand"/>
				</object>
				<object type="InstanceObject:instanceKeyValue" version="2">
					<property name="name" value="run_type" valueType="string"/>
					<property name="keyValueType" value="VARCHAR" valueType="string"/>
					<property name="keyValue" value="$run_type" valueType="freehand"/>
				</object>
			</property>
			<property name="keyParameters" valueType="object">
				<object type="Task:keyParameters_Aggregation" version="2">
					<property name="models" valueType="table">
						<object type="Task:modelNameRef" version="2">
							<property name="model" value="ModifyModel[Overdue_Business_Days_Bucket].Aggregation[Consolidated_CR_Exposure_Inputs]" valueType="string"/>
						</object>
					</property>
					<property name="streams" valueType="table">
						<object type="Task:streamKeyValues" version="2">
							<property name="streamKeyName" value="entity" valueType="string"/>
							<property name="values" value="$entity" valueType="freehand"/>
						</object>
					</property>
				</object>
			</property>
			<property name="nonKeyParameters" valueType="object">
				<object type="Task:nonKeyParameters_Aggregation" version="4">
					<property name="modelDates" valueType="table">
						<object type="Task:modelDateEntry" version="3">
							<property name="model" value="ModifyModel[Overdue_Business_Days_Bucket].Aggregation[Consolidated_CR_Exposure_Inputs]" valueType="string"/>
							<property name="instanceDateAndKeysValues" value="TIME_TAG" valueType="freehand"/>
						</object>
					</property>
					<property name="archivalFrequency" value="ARCHIVAL_FREQUENCY" valueType="freehand"/>
				</object>
			</property>
			<property name="parentModules" valueType="table">
				<object type="WorkFlow:parentModule" version="2">
					<property name="id" value="fe8b6713-69e0-46bb-b512-cbb415d1c5d6" valueType="string"/>
					<property name="lineConnectors" valueType="table"/>
				</object>
			</property>
			<property name="locationX" value="1592.0" valueType="double"/>
			<property name="locationY" value="211.0" valueType="double"/>
		</object>
		<object type="WorkFlow:taskModule" version="29">
			<property name="name" value="fe8b6713-69e0-46bb-b512-cbb415d1c5d6" valueType="string"/>
			<property name="description" value="Overdue_Business_Days_Bucket" valueType="string"/>
			<property name="id" value="fe8b6713-69e0-46bb-b512-cbb415d1c5d6" valueType="string"/>
			<property name="taskType" value="ModifyModel" valueType="string"/>
			<property name="underlyingObject" valueType="url">ModifyModel["Overdue_Business_Days_Bucket"{0183904e-7c75-41c2-8ade-dd7305858ed8}]</property>
			<property name="asOfDateFormula" value="TIME_TAG" valueType="string"/>
			<property name="instanceKeyValues" valueType="table">
				<object type="InstanceObject:instanceKeyValue" version="2">
					<property name="name" value="v" valueType="string"/>
					<property name="keyValueType" value="VARCHAR" valueType="string"/>
					<property name="keyValue" value="$v" valueType="freehand"/>
				</object>
				<object type="InstanceObject:instanceKeyValue" version="2">
					<property name="name" value="run_id" valueType="string"/>
					<property name="keyValueType" value="VARCHAR" valueType="string"/>
					<property name="keyValue" value="$run_id" valueType="freehand"/>
				</object>
				<object type="InstanceObject:instanceKeyValue" version="2">
					<property name="name" value="scenarioKey" valueType="string"/>
					<property name="keyValueType" value="VARCHAR" valueType="string"/>
					<property name="keyValue" value="$scenarioKey" valueType="freehand"/>
				</object>
				<object type="InstanceObject:instanceKeyValue" version="2">
					<property name="name" value="run_type" valueType="string"/>
					<property name="keyValueType" value="VARCHAR" valueType="string"/>
					<property name="keyValue" value="$run_type" valueType="freehand"/>
				</object>
			</property>
			<property name="keyParameters" valueType="object">
				<object type="Task:keyParameters_ModifyModel" version="2"/>
			</property>
			<property name="nonKeyParameters" valueType="object">
				<object type="Task:nonKeyParameters_ModifyModel" version="2">
					<property name="cloneOriginalModelInstance" value="true" valueType="boolean"/>
				</object>
			</property>
			<property name="parentModules" valueType="table">
				<object type="WorkFlow:parentModule" version="2">
					<property name="id" value="6d40ca0c-683b-46c6-a1bf-82b5c1bd51f2" valueType="string"/>
					<property name="lineConnectors" valueType="table"/>
				</object>
			</property>
			<property name="locationX" value="1253.0" valueType="double"/>
			<property name="locationY" value="213.0" valueType="double"/>
		</object>
		<object type="WorkFlow:taskModule" version="29">
			<property name="name" value="6b5d73b1-ec85-4775-993e-58f6944c872a" valueType="string"/>
			<property name="description" value="Counterparty_Level" valueType="string"/>
			<property name="id" value="6b5d73b1-ec85-4775-993e-58f6944c872a" valueType="string"/>
			<property name="taskType" value="WorkFlow" valueType="string"/>
			<property name="underlyingObject" valueType="url">WorkFlow["Counterparty_Level"{02ee5f2b-1046-4b61-946b-85841d20f174}]</property>
			<property name="asOfDateFormula" value="TIME_TAG" valueType="string"/>
			<property name="instanceKeyValues" valueType="table">
				<object type="InstanceObject:instanceKeyValue" version="2">
					<property name="name" value="v" valueType="string"/>
					<property name="keyValueType" value="VARCHAR" valueType="string"/>
					<property name="keyValue" value="$v" valueType="freehand"/>
				</object>
				<object type="InstanceObject:instanceKeyValue" version="2">
					<property name="name" value="run_id" valueType="string"/>
					<property name="keyValueType" value="VARCHAR" valueType="string"/>
					<property name="keyValue" value="$run_id" valueType="freehand"/>
				</object>
			</property>
			<property name="keyParameters" valueType="object">
				<object type="Task:keyParameters_WorkFlow" version="5">
					<property name="streams" valueType="table"/>
					<property name="additionalParameters" valueType="table"/>
					<property name="etlExecution" value="false" valueType="boolean"/>
				</object>
			</property>
			<property name="nonKeyParameters" valueType="object">
				<object type="Task:nonKeyParameters_WorkFlow" version="8">
					<property name="restartAllModules" value="RESTART_ALL_MODULES" valueType="freehand"/>
					<property name="archivalFrequency" value="ARCHIVAL_FREQUENCY" valueType="freehand"/>
					<property name="additionalParameters" valueType="table"/>
				</object>
			</property>
			<property name="parentModules" valueType="table"/>
			<property name="locationX" value="26.0" valueType="double"/>
			<property name="locationY" value="254.0" valueType="double"/>
		</object>
		<object type="WorkFlow:taskModule" version="29">
			<property name="name" value="44efe30d-00ba-49d3-8dc0-6727884f770f" valueType="string"/>
			<property name="description" value="Split_Netting_Sets" valueType="string"/>
			<property name="id" value="44efe30d-00ba-49d3-8dc0-6727884f770f" valueType="string"/>
			<property name="taskType" value="WorkFlow" valueType="string"/>
			<property name="underlyingObject" valueType="url">WorkFlow["Split_Netting_Sets"{7c635b53-2ebd-4f51-b14e-6bc4269338c0}]</property>
			<property name="asOfDateFormula" value="TIME_TAG" valueType="string"/>
			<property name="instanceKeyValues" valueType="table">
				<object type="InstanceObject:instanceKeyValue" version="2">
					<property name="name" value="v" valueType="string"/>
					<property name="keyValueType" value="VARCHAR" valueType="string"/>
					<property name="keyValue" value="$v" valueType="freehand"/>
				</object>
				<object type="InstanceObject:instanceKeyValue" version="2">
					<property name="name" value="run_id" valueType="string"/>
					<property name="keyValueType" value="VARCHAR" valueType="string"/>
					<property name="keyValue" value="$run_id" valueType="freehand"/>
				</object>
				<object type="InstanceObject:instanceKeyValue" version="2">
					<property name="name" value="scenarioKey" valueType="string"/>
					<property name="keyValueType" value="VARCHAR" valueType="string"/>
					<property name="keyValue" value="$scenarioKey" valueType="freehand"/>
				</object>
				<object type="InstanceObject:instanceKeyValue" version="2">
					<property name="name" value="run_type" valueType="string"/>
					<property name="keyValueType" value="VARCHAR" valueType="string"/>
					<property name="keyValue" value="$run_type" valueType="freehand"/>
				</object>
			</property>
			<property name="keyParameters" valueType="object">
				<object type="Task:keyParameters_WorkFlow" version="5">
					<property name="streams" valueType="table">
						<object type="Task:streamKeyValues" version="2">
							<property name="streamKeyName" value="entity" valueType="string"/>
							<property name="values" value="$entity" valueType="freehand"/>
						</object>
					</property>
					<property name="additionalParameters" valueType="table"/>
					<property name="etlExecution" value="false" valueType="boolean"/>
				</object>
			</property>
			<property name="nonKeyParameters" valueType="object">
				<object type="Task:nonKeyParameters_WorkFlow" version="8">
					<property name="restartAllModules" value="RESTART_ALL_MODULES" valueType="freehand"/>
					<property name="archivalFrequency" value="ARCHIVAL_FREQUENCY" valueType="freehand"/>
					<property name="additionalParameters" valueType="table"/>
				</object>
			</property>
			<property name="parentModules" valueType="table">
				<object type="WorkFlow:parentModule" version="2">
					<property name="id" value="6b5d73b1-ec85-4775-993e-58f6944c872a" valueType="string"/>
					<property name="lineConnectors" valueType="table"/>
				</object>
			</property>
			<property name="locationX" value="419.0" valueType="double"/>
			<property name="locationY" value="255.0" valueType="double"/>
		</object>
		<object type="WorkFlow:taskModule" version="29">
			<property name="name" value="97c9351e-b129-4578-994e-62f375b3d753" valueType="string"/>
			<property name="description" value="CR_Exposure_Inputs" valueType="string"/>
			<property name="id" value="97c9351e-b129-4578-994e-62f375b3d753" valueType="string"/>
			<property name="taskType" value="ModifyModel" valueType="string"/>
			<property name="underlyingObject" valueType="url">ModifyModel["CR_Exposure_Inputs"{f0619765-a020-40f1-b1ef-263600817b48}]</property>
			<property name="asOfDateFormula" value="TIME_TAG" valueType="string"/>
			<property name="instanceKeyValues" valueType="table">
				<object type="InstanceObject:instanceKeyValue" version="2">
					<property name="name" value="v" valueType="string"/>
					<property name="keyValueType" value="VARCHAR" valueType="string"/>
					<property name="keyValue" value="$v" valueType="freehand"/>
				</object>
				<object type="InstanceObject:instanceKeyValue" version="2">
					<property name="name" value="run_id" valueType="string"/>
					<property name="keyValueType" value="VARCHAR" valueType="string"/>
					<property name="keyValue" value="$run_id" valueType="freehand"/>
				</object>
				<object type="InstanceObject:instanceKeyValue" version="2">
					<property name="name" value="scenarioKey" valueType="string"/>
					<property name="keyValueType" value="VARCHAR" valueType="string"/>
					<property name="keyValue" value="$scenarioKey" valueType="freehand"/>
				</object>
				<object type="InstanceObject:instanceKeyValue" version="2">
					<property name="name" value="run_type" valueType="string"/>
					<property name="keyValueType" value="VARCHAR" valueType="string"/>
					<property name="keyValue" value="$run_type" valueType="freehand"/>
				</object>
			</property>
			<property name="keyParameters" valueType="object">
				<object type="Task:keyParameters_ModifyModel" version="2">
					<property name="sourceDates" valueType="table">
						<object type="Task:sourceDateEntry" version="1">
							<property name="alias" value="Aggregation" valueType="string"/>
							<property name="instanceDateAndKeysValues" value="TIME_TAG" valueType="freehand"/>
						</object>
					</property>
				</object>
			</property>
			<property name="nonKeyParameters" valueType="object">
				<object type="Task:nonKeyParameters_ModifyModel" version="2">
					<property name="cloneOriginalModelInstance" value="true" valueType="boolean"/>
				</object>
			</property>
			<property name="parentModules" valueType="table">
				<object type="WorkFlow:parentModule" version="2">
					<property name="id" value="2513f449-5892-48a8-a277-c1f2f07aebb3" valueType="string"/>
					<property name="lineConnectors" valueType="table">
						<object type="WorkFlow:lineConnector" version="2">
							<property name="locationX" value="680.0" valueType="double"/>
							<property name="locationY" value="148.0" valueType="double"/>
						</object>
					</property>
				</object>
				<object type="WorkFlow:parentModule" version="2">
					<property name="id" value="44efe30d-00ba-49d3-8dc0-6727884f770f" valueType="string"/>
					<property name="lineConnectors" valueType="table"/>
				</object>
			</property>
			<property name="locationX" value="707.0" valueType="double"/>
			<property name="locationY" value="257.0" valueType="double"/>
		</object>
		<object type="WorkFlow:taskModule" version="29">
			<property name="name" value="e2e63bda-19de-443c-bc67-e249d7eee89e" valueType="string"/>
			<property name="description" value="CR_Exposure_Inputs_with_3rd_Country_Unrated" valueType="string"/>
			<property name="id" value="e2e63bda-19de-443c-bc67-e249d7eee89e" valueType="string"/>
			<property name="taskType" value="ModifyModel" valueType="string"/>
			<property name="underlyingObject" valueType="url">ModifyModel["CR_Exposure_Inputs_with_3rd_Country_Unrated"{99c23fc8-1f78-411a-be4c-6ac988a813aa}]</property>
			<property name="asOfDateFormula" value="TIME_TAG" valueType="string"/>
			<property name="instanceKeyValues" valueType="table">
				<object type="InstanceObject:instanceKeyValue" version="2">
					<property name="name" value="v" valueType="string"/>
					<property name="keyValueType" value="VARCHAR" valueType="string"/>
					<property name="keyValue" value="$v" valueType="freehand"/>
				</object>
				<object type="InstanceObject:instanceKeyValue" version="2">
					<property name="name" value="run_id" valueType="string"/>
					<property name="keyValueType" value="VARCHAR" valueType="string"/>
					<property name="keyValue" value="$run_id" valueType="freehand"/>
				</object>
				<object type="InstanceObject:instanceKeyValue" version="2">
					<property name="name" value="scenarioKey" valueType="string"/>
					<property name="keyValueType" value="VARCHAR" valueType="string"/>
					<property name="keyValue" value="$scenarioKey" valueType="freehand"/>
				</object>
				<object type="InstanceObject:instanceKeyValue" version="2">
					<property name="name" value="run_type" valueType="string"/>
					<property name="keyValueType" value="VARCHAR" valueType="string"/>
					<property name="keyValue" value="$run_type" valueType="freehand"/>
				</object>
			</property>
			<property name="keyParameters" valueType="object">
				<object type="Task:keyParameters_ModifyModel" version="2"/>
			</property>
			<property name="nonKeyParameters" valueType="object">
				<object type="Task:nonKeyParameters_ModifyModel" version="2">
					<property name="cloneOriginalModelInstance" value="true" valueType="boolean"/>
				</object>
			</property>
			<property name="parentModules" valueType="table">
				<object type="WorkFlow:parentModule" version="2">
					<property name="id" value="c9870ff2-dc29-4e2c-baad-8f024595befd" valueType="string"/>
					<property name="lineConnectors" valueType="table"/>
				</object>
			</property>
			<property name="locationX" value="1699.0" valueType="double"/>
			<property name="locationY" value="310.0" valueType="double"/>
		</object>
		<object type="WorkFlow:taskModule" version="29">
			<property name="name" value="6d40ca0c-683b-46c6-a1bf-82b5c1bd51f2" valueType="string"/>
			<property name="description" value="Consolidated_CR_Exposure_Inputs" valueType="string"/>
			<property name="id" value="6d40ca0c-683b-46c6-a1bf-82b5c1bd51f2" valueType="string"/>
			<property name="taskType" value="Aggregation" valueType="string"/>
			<property name="underlyingObject" valueType="url">Aggregation["Consolidated_CR_Exposure_Inputs"{e656b996-3c81-4229-a299-6d0d56226654}]</property>
			<property name="asOfDateFormula" value="TIME_TAG" valueType="string"/>
			<property name="instanceKeyValues" valueType="table">
				<object type="InstanceObject:instanceKeyValue" version="2">
					<property name="name" value="v" valueType="string"/>
					<property name="keyValueType" value="VARCHAR" valueType="string"/>
					<property name="keyValue" value="$v" valueType="freehand"/>
				</object>
				<object type="InstanceObject:instanceKeyValue" version="2">
					<property name="name" value="run_id" valueType="string"/>
					<property name="keyValueType" value="VARCHAR" valueType="string"/>
					<property name="keyValue" value="$run_id" valueType="freehand"/>
				</object>
				<object type="InstanceObject:instanceKeyValue" version="2">
					<property name="name" value="scenarioKey" valueType="string"/>
					<property name="keyValueType" value="VARCHAR" valueType="string"/>
					<property name="keyValue" value="$scenarioKey" valueType="freehand"/>
				</object>
				<object type="InstanceObject:instanceKeyValue" version="2">
					<property name="name" value="run_type" valueType="string"/>
					<property name="keyValueType" value="VARCHAR" valueType="string"/>
					<property name="keyValue" value="$run_type" valueType="freehand"/>
				</object>
			</property>
			<property name="keyParameters" valueType="object">
				<object type="Task:keyParameters_Aggregation" version="2">
					<property name="models" valueType="table">
						<object type="Task:modelNameRef" version="2">
							<property name="model" value="ModifyModel[CR_Exposure_Inputs].Aggregation[CR_Inputs_Selection]" valueType="string"/>
						</object>
						<object type="Task:modelNameRef" version="2">
							<property name="model" value="ModifyModel[CR_Exposure_Inputs_IMM].Aggregation[CR_Inputs_Selection]" valueType="string"/>
						</object>
					</property>
					<property name="streams" valueType="table">
						<object type="Task:streamKeyValues" version="2">
							<property name="streamKeyName" value="entity" valueType="string"/>
							<property name="values" value="$entity" valueType="freehand"/>
						</object>
					</property>
				</object>
			</property>
			<property name="nonKeyParameters" valueType="object">
				<object type="Task:nonKeyParameters_Aggregation" version="4">
					<property name="modelDates" valueType="table">
						<object type="Task:modelDateEntry" version="3">
							<property name="model" value="ModifyModel[CR_Exposure_Inputs].Aggregation[CR_Inputs_Selection]" valueType="string"/>
							<property name="instanceDateAndKeysValues" value="TIME_TAG" valueType="freehand"/>
						</object>
						<object type="Task:modelDateEntry" version="3">
							<property name="model" value="ModifyModel[CR_Exposure_Inputs_IMM].Aggregation[CR_Inputs_Selection]" valueType="string"/>
							<property name="instanceDateAndKeysValues" value="TIME_TAG" valueType="freehand"/>
						</object>
					</property>
					<property name="archivalFrequency" value="ARCHIVAL_FREQUENCY" valueType="freehand"/>
				</object>
			</property>
			<property name="parentModules" valueType="table">
				<object type="WorkFlow:parentModule" version="2">
					<property name="id" value="dcc2d5c6-612b-4bb2-97e8-69b47b21924c" valueType="string"/>
					<property name="lineConnectors" valueType="table"/>
				</object>
				<object type="WorkFlow:parentModule" version="2">
					<property name="id" value="97c9351e-b129-4578-994e-62f375b3d753" valueType="string"/>
					<property name="lineConnectors" valueType="table"/>
				</object>
			</property>
			<property name="locationX" value="927.0" valueType="double"/>
			<property name="locationY" value="315.0" valueType="double"/>
		</object>
		<object type="WorkFlow:taskModule" version="29">
			<property name="name" value="c9870ff2-dc29-4e2c-baad-8f024595befd" valueType="string"/>
			<property name="description" value="Consolidated_CR_Exposure_Inputs_Unrated" valueType="string"/>
			<property name="id" value="c9870ff2-dc29-4e2c-baad-8f024595befd" valueType="string"/>
			<property name="taskType" value="Aggregation" valueType="string"/>
			<property name="underlyingObject" valueType="url">Aggregation["Consolidated_CR_Exposure_Inputs_Unrated"{9eb88128-4a7d-4c36-947f-5be234269b24}]</property>
			<property name="asOfDateFormula" value="TIME_TAG" valueType="string"/>
			<property name="instanceKeyValues" valueType="table">
				<object type="InstanceObject:instanceKeyValue" version="2">
					<property name="name" value="v" valueType="string"/>
					<property name="keyValueType" value="VARCHAR" valueType="string"/>
					<property name="keyValue" value="$v" valueType="freehand"/>
				</object>
				<object type="InstanceObject:instanceKeyValue" version="2">
					<property name="name" value="run_id" valueType="string"/>
					<property name="keyValueType" value="VARCHAR" valueType="string"/>
					<property name="keyValue" value="$run_id" valueType="freehand"/>
				</object>
				<object type="InstanceObject:instanceKeyValue" version="2">
					<property name="name" value="scenarioKey" valueType="string"/>
					<property name="keyValueType" value="VARCHAR" valueType="string"/>
					<property name="keyValue" value="$scenarioKey" valueType="freehand"/>
				</object>
				<object type="InstanceObject:instanceKeyValue" version="2">
					<property name="name" value="run_type" valueType="string"/>
					<property name="keyValueType" value="VARCHAR" valueType="string"/>
					<property name="keyValue" value="$run_type" valueType="freehand"/>
				</object>
			</property>
			<property name="keyParameters" valueType="object">
				<object type="Task:keyParameters_Aggregation" version="2">
					<property name="models" valueType="table">
						<object type="Task:modelNameRef" version="2">
							<property name="model" value="Aggregation[Consolidated_CR_Exposure_Inputs]" valueType="string"/>
						</object>
					</property>
					<property name="streams" valueType="table">
						<object type="Task:streamKeyValues" version="2">
							<property name="streamKeyName" value="entity" valueType="string"/>
							<property name="values" value="$entity" valueType="freehand"/>
						</object>
					</property>
				</object>
			</property>
			<property name="nonKeyParameters" valueType="object">
				<object type="Task:nonKeyParameters_Aggregation" version="4">
					<property name="modelDates" valueType="table">
						<object type="Task:modelDateEntry" version="3">
							<property name="model" value="Aggregation[Consolidated_CR_Exposure_Inputs]" valueType="string"/>
							<property name="instanceDateAndKeysValues" value="TIME_TAG" valueType="freehand"/>
						</object>
					</property>
					<property name="archivalFrequency" value="ARCHIVAL_FREQUENCY" valueType="freehand"/>
				</object>
			</property>
			<property name="parentModules" valueType="table">
				<object type="WorkFlow:parentModule" version="2">
					<property name="id" value="6d40ca0c-683b-46c6-a1bf-82b5c1bd51f2" valueType="string"/>
					<property name="lineConnectors" valueType="table"/>
				</object>
			</property>
			<property name="locationX" value="1253.0" valueType="double"/>
			<property name="locationY" value="315.0" valueType="double"/>
		</object>
		<object type="WorkFlow:taskModule" version="29">
			<property name="name" value="dcc2d5c6-612b-4bb2-97e8-69b47b21924c" valueType="string"/>
			<property name="description" value="CR_Exposure_Inputs_IMM" valueType="string"/>
			<property name="id" value="dcc2d5c6-612b-4bb2-97e8-69b47b21924c" valueType="string"/>
			<property name="taskType" value="ModifyModel" valueType="string"/>
			<property name="underlyingObject" valueType="url">ModifyModel["CR_Exposure_Inputs_IMM"{1b1e00d1-493f-4be2-9c63-38ca5cd199ad}]</property>
			<property name="asOfDateFormula" value="TIME_TAG" valueType="string"/>
			<property name="instanceKeyValues" valueType="table">
				<object type="InstanceObject:instanceKeyValue" version="2">
					<property name="name" value="v" valueType="string"/>
					<property name="keyValueType" value="VARCHAR" valueType="string"/>
					<property name="keyValue" value="$v" valueType="freehand"/>
				</object>
				<object type="InstanceObject:instanceKeyValue" version="2">
					<property name="name" value="run_id" valueType="string"/>
					<property name="keyValueType" value="VARCHAR" valueType="string"/>
					<property name="keyValue" value="$run_id" valueType="freehand"/>
				</object>
				<object type="InstanceObject:instanceKeyValue" version="2">
					<property name="name" value="scenarioKey" valueType="string"/>
					<property name="keyValueType" value="VARCHAR" valueType="string"/>
					<property name="keyValue" value="$scenarioKey" valueType="freehand"/>
				</object>
				<object type="InstanceObject:instanceKeyValue" version="2">
					<property name="name" value="run_type" valueType="string"/>
					<property name="keyValueType" value="VARCHAR" valueType="string"/>
					<property name="keyValue" value="$run_type" valueType="freehand"/>
				</object>
			</property>
			<property name="keyParameters" valueType="object">
				<object type="Task:keyParameters_ModifyModel" version="2">
					<property name="sourceDates" valueType="table">
						<object type="Task:sourceDateEntry" version="1">
							<property name="alias" value="Aggregation" valueType="string"/>
							<property name="instanceDateAndKeysValues" value="TIME_TAG" valueType="freehand"/>
						</object>
					</property>
				</object>
			</property>
			<property name="nonKeyParameters" valueType="object">
				<object type="Task:nonKeyParameters_ModifyModel" version="2">
					<property name="cloneOriginalModelInstance" value="true" valueType="boolean"/>
				</object>
			</property>
			<property name="parentModules" valueType="table">
				<object type="WorkFlow:parentModule" version="2">
					<property name="id" value="6b5d73b1-ec85-4775-993e-58f6944c872a" valueType="string"/>
					<property name="lineConnectors" valueType="table">
						<object type="WorkFlow:lineConnector" version="2">
							<property name="locationX" value="212.0" valueType="double"/>
							<property name="locationY" value="434.0" valueType="double"/>
						</object>
					</property>
				</object>
				<object type="WorkFlow:parentModule" version="2">
					<property name="id" value="2513f449-5892-48a8-a277-c1f2f07aebb3" valueType="string"/>
					<property name="lineConnectors" valueType="table"/>
				</object>
			</property>
			<property name="locationX" value="664.0" valueType="double"/>
			<property name="locationY" value="394.0" valueType="double"/>
		</object>
		<object type="WorkFlow:taskModule" version="29">
			<property name="name" value="954c891c-b111-45b7-8878-949d9e91d5aa" valueType="string"/>
			<property name="description" value="Consolidated_CR_Exposure_Collateral_Issuer" valueType="string"/>
			<property name="id" value="954c891c-b111-45b7-8878-949d9e91d5aa" valueType="string"/>
			<property name="taskType" value="Aggregation" valueType="string"/>
			<property name="underlyingObject" valueType="url">Aggregation["Consolidated_CR_Exposure_Collateral_Issuer"{00e06ffd-0a0e-4533-b82b-58783a4cfec8}]</property>
			<property name="asOfDateFormula" value="TIME_TAG" valueType="string"/>
			<property name="instanceKeyValues" valueType="table">
				<object type="InstanceObject:instanceKeyValue" version="2">
					<property name="name" value="v" valueType="string"/>
					<property name="keyValueType" value="VARCHAR" valueType="string"/>
					<property name="keyValue" value="$v" valueType="freehand"/>
				</object>
				<object type="InstanceObject:instanceKeyValue" version="2">
					<property name="name" value="run_id" valueType="string"/>
					<property name="keyValueType" value="VARCHAR" valueType="string"/>
					<property name="keyValue" value="$run_id" valueType="freehand"/>
				</object>
				<object type="InstanceObject:instanceKeyValue" version="2">
					<property name="name" value="scenarioKey" valueType="string"/>
					<property name="keyValueType" value="VARCHAR" valueType="string"/>
					<property name="keyValue" value="$scenarioKey" valueType="freehand"/>
				</object>
				<object type="InstanceObject:instanceKeyValue" version="2">
					<property name="name" value="run_type" valueType="string"/>
					<property name="keyValueType" value="VARCHAR" valueType="string"/>
					<property name="keyValue" value="$run_type" valueType="freehand"/>
				</object>
			</property>
			<property name="keyParameters" valueType="object">
				<object type="Task:keyParameters_Aggregation" version="2">
					<property name="models" valueType="table">
						<object type="Task:modelNameRef" version="2">
							<property name="model" value="Aggregation[Consolidated_CR_Exposure_Inputs]" valueType="string"/>
						</object>
					</property>
					<property name="streams" valueType="table">
						<object type="Task:streamKeyValues" version="2">
							<property name="streamKeyName" value="entity" valueType="string"/>
							<property name="values" value="$entity" valueType="freehand"/>
						</object>
					</property>
				</object>
			</property>
			<property name="nonKeyParameters" valueType="object">
				<object type="Task:nonKeyParameters_Aggregation" version="4">
					<property name="modelDates" valueType="table">
						<object type="Task:modelDateEntry" version="3">
							<property name="model" value="Aggregation[Consolidated_CR_Exposure_Inputs]" valueType="string"/>
							<property name="instanceDateAndKeysValues" value="TIME_TAG" valueType="freehand"/>
						</object>
					</property>
					<property name="archivalFrequency" value="ARCHIVAL_FREQUENCY" valueType="freehand"/>
				</object>
			</property>
			<property name="parentModules" valueType="table">
				<object type="WorkFlow:parentModule" version="2">
					<property name="id" value="6d40ca0c-683b-46c6-a1bf-82b5c1bd51f2" valueType="string"/>
					<property name="lineConnectors" valueType="table"/>
				</object>
			</property>
			<property name="locationX" value="1250.0" valueType="double"/>
			<property name="locationY" value="420.0" valueType="double"/>
		</object>
		<object type="WorkFlow:taskModule" version="29">
			<property name="name" value="5b84bf78-1ae8-42fb-9964-5f0c3ae30813" valueType="string"/>
			<property name="description" value="CR_Collateral_Issuer_with_3rd_Country" valueType="string"/>
			<property name="id" value="5b84bf78-1ae8-42fb-9964-5f0c3ae30813" valueType="string"/>
			<property name="taskType" value="ModifyModel" valueType="string"/>
			<property name="underlyingObject" valueType="url">ModifyModel["CR_Collateral_Issuer_with_3rd_Country"{ceab663f-bbe9-48cb-b423-101035b2a28e}]</property>
			<property name="asOfDateFormula" value="TIME_TAG" valueType="string"/>
			<property name="instanceKeyValues" valueType="table">
				<object type="InstanceObject:instanceKeyValue" version="2">
					<property name="name" value="v" valueType="string"/>
					<property name="keyValueType" value="VARCHAR" valueType="string"/>
					<property name="keyValue" value="$v" valueType="freehand"/>
				</object>
				<object type="InstanceObject:instanceKeyValue" version="2">
					<property name="name" value="run_id" valueType="string"/>
					<property name="keyValueType" value="VARCHAR" valueType="string"/>
					<property name="keyValue" value="$run_id" valueType="freehand"/>
				</object>
				<object type="InstanceObject:instanceKeyValue" version="2">
					<property name="name" value="scenarioKey" valueType="string"/>
					<property name="keyValueType" value="VARCHAR" valueType="string"/>
					<property name="keyValue" value="$scenarioKey" valueType="freehand"/>
				</object>
				<object type="InstanceObject:instanceKeyValue" version="2">
					<property name="name" value="run_type" valueType="string"/>
					<property name="keyValueType" value="VARCHAR" valueType="string"/>
					<property name="keyValue" value="$run_type" valueType="freehand"/>
				</object>
			</property>
			<property name="keyParameters" valueType="object">
				<object type="Task:keyParameters_ModifyModel" version="2"/>
			</property>
			<property name="nonKeyParameters" valueType="object">
				<object type="Task:nonKeyParameters_ModifyModel" version="2">
					<property name="cloneOriginalModelInstance" value="true" valueType="boolean"/>
				</object>
			</property>
			<property name="parentModules" valueType="table">
				<object type="WorkFlow:parentModule" version="2">
					<property name="id" value="954c891c-b111-45b7-8878-949d9e91d5aa" valueType="string"/>
					<property name="lineConnectors" valueType="table"/>
				</object>
				<object type="WorkFlow:parentModule" version="2">
					<property name="id" value="2c0fccdb-3f55-4870-b1e3-2c47c423554f" valueType="string"/>
					<property name="lineConnectors" valueType="table"/>
				</object>
			</property>
			<property name="locationX" value="1709.0" valueType="double"/>
			<property name="locationY" value="421.0" valueType="double"/>
		</object>
		<object type="WorkFlow:taskModule" version="29">
			<property name="name" value="addc45a1-ebfa-43be-b8ca-1af8b57573f0" valueType="string"/>
			<property name="description" value="Risk_Weight_Codes" valueType="string"/>
			<property name="id" value="addc45a1-ebfa-43be-b8ca-1af8b57573f0" valueType="string"/>
			<property name="taskType" value="Portfolio" valueType="string"/>
			<property name="underlyingObject" valueType="url">Portfolio["Risk_Weight_Codes"{6045e4b3-4082-492d-8996-78fbe53d8b2a}]</property>
			<property name="asOfDateFormula" value="TIME_TAG" valueType="string"/>
			<property name="instanceKeyValues" valueType="table">
				<object type="InstanceObject:instanceKeyValue" version="2">
					<property name="name" value="v" valueType="string"/>
					<property name="keyValueType" value="VARCHAR" valueType="string"/>
					<property name="keyValue" value="$v" valueType="freehand"/>
				</object>
				<object type="InstanceObject:instanceKeyValue" version="2">
					<property name="name" value="run_id" valueType="string"/>
					<property name="keyValueType" value="VARCHAR" valueType="string"/>
					<property name="keyValue" value="$run_id" valueType="freehand"/>
				</object>
				<object type="InstanceObject:instanceKeyValue" version="2">
					<property name="name" value="scenarioKey" valueType="string"/>
					<property name="keyValueType" value="VARCHAR" valueType="string"/>
					<property name="keyValue" value="$scenarioKey" valueType="freehand"/>
				</object>
				<object type="InstanceObject:instanceKeyValue" version="2">
					<property name="name" value="run_type" valueType="string"/>
					<property name="keyValueType" value="VARCHAR" valueType="string"/>
					<property name="keyValue" value="$run_type" valueType="freehand"/>
				</object>
			</property>
			<property name="keyParameters" valueType="object">
				<object type="Task:keyParameters_Portfolio" version="2">
					<property name="models" valueType="table">
						<object type="Task:modelNameRef" version="2">
							<property name="model" value="ModifyModel[CR_Exposure_Inputs_with_3rd_Country].Aggregation[Consolidated_CR_Exposure_Inputs]" valueType="string"/>
						</object>
						<object type="Task:modelNameRef" version="2">
							<property name="model" value="ModifyModel[CR_Exposure_Inputs_with_3rd_Country_Unrated].Aggregation[Consolidated_CR_Exposure_Inputs_Unrated]" valueType="string"/>
						</object>
						<object type="Task:modelNameRef" version="2">
							<property name="model" value="ModifyModel[CR_Collateral_Issuer_with_3rd_Country].Aggregation[Consolidated_CR_Exposure_Collateral_Issuer]" valueType="string"/>
						</object>
						<object type="Task:modelNameRef" version="2">
							<property name="model" value="ModifyModel[CR_Exposure_Inputs_Synthetic_Sec].Aggregation[Consolidated_CR_Exposure_Inputs]" valueType="string"/>
						</object>
						<object type="Task:modelNameRef" version="2">
							<property name="model" value="ModifyModel[CR_IMM_Split_Inputs_with_3rd_Country].Aggregation[IMM_Split_Netting_Sets_RW_Input]" valueType="string"/>
						</object>
					</property>
					<property name="streams" valueType="table">
						<object type="Task:streamKeyValues" version="2">
							<property name="streamKeyName" value="entity" valueType="string"/>
							<property name="values" value="$entity" valueType="freehand"/>
						</object>
					</property>
				</object>
			</property>
			<property name="nonKeyParameters" valueType="object">
				<object type="Task:nonKeyParameters_Portfolio" version="4">
					<property name="modelDates" valueType="table">
						<object type="Task:modelDateEntry" version="3">
							<property name="model" value="ModifyModel[CR_Exposure_Inputs_with_3rd_Country].Aggregation[Consolidated_CR_Exposure_Inputs]" valueType="string"/>
							<property name="instanceDateAndKeysValues" value="TIME_TAG" valueType="freehand"/>
						</object>
						<object type="Task:modelDateEntry" version="3">
							<property name="model" value="ModifyModel[CR_Exposure_Inputs_with_3rd_Country_Unrated].Aggregation[Consolidated_CR_Exposure_Inputs_Unrated]" valueType="string"/>
							<property name="instanceDateAndKeysValues" value="TIME_TAG" valueType="freehand"/>
						</object>
						<object type="Task:modelDateEntry" version="3">
							<property name="model" value="ModifyModel[CR_Collateral_Issuer_with_3rd_Country].Aggregation[Consolidated_CR_Exposure_Collateral_Issuer]" valueType="string"/>
							<property name="instanceDateAndKeysValues" value="TIME_TAG" valueType="freehand"/>
						</object>
						<object type="Task:modelDateEntry" version="3">
							<property name="model" value="ModifyModel[CR_Exposure_Inputs_Synthetic_Sec].Aggregation[Consolidated_CR_Exposure_Inputs]" valueType="string"/>
							<property name="instanceDateAndKeysValues" value="TIME_TAG" valueType="freehand"/>
						</object>
						<object type="Task:modelDateEntry" version="3">
							<property name="model" value="ModifyModel[CR_IMM_Split_Inputs_with_3rd_Country].Aggregation[IMM_Split_Netting_Sets_RW_Input]" valueType="string"/>
							<property name="instanceDateAndKeysValues" value="TIME_TAG" valueType="freehand"/>
						</object>
					</property>
					<property name="archivalFrequency" value="ARCHIVAL_FREQUENCY" valueType="freehand"/>
				</object>
			</property>
			<property name="parentModules" valueType="table">
				<object type="WorkFlow:parentModule" version="2">
					<property name="id" value="a5bf8292-29f0-4545-80f2-eeaf5992cfab" valueType="string"/>
					<property name="lineConnectors" valueType="table">
						<object type="WorkFlow:lineConnector" version="2">
							<property name="locationX" value="1688.0" valueType="double"/>
							<property name="locationY" value="641.0" valueType="double"/>
						</object>
						<object type="WorkFlow:lineConnector" version="2">
							<property name="locationX" value="2214.0" valueType="double"/>
							<property name="locationY" value="637.0" valueType="double"/>
						</object>
					</property>
				</object>
				<object type="WorkFlow:parentModule" version="2">
					<property name="id" value="e2e63bda-19de-443c-bc67-e249d7eee89e" valueType="string"/>
					<property name="lineConnectors" valueType="table">
						<object type="WorkFlow:lineConnector" version="2">
							<property name="locationX" value="2217.0" valueType="double"/>
							<property name="locationY" value="348.0" valueType="double"/>
						</object>
					</property>
				</object>
				<object type="WorkFlow:parentModule" version="2">
					<property name="id" value="5b84bf78-1ae8-42fb-9964-5f0c3ae30813" valueType="string"/>
					<property name="lineConnectors" valueType="table"/>
				</object>
				<object type="WorkFlow:parentModule" version="2">
					<property name="id" value="fc31b1c4-e6ad-41cb-9d05-f7ed66019891" valueType="string"/>
					<property name="lineConnectors" valueType="table">
						<object type="WorkFlow:lineConnector" version="2">
							<property name="locationX" value="2215.0" valueType="double"/>
							<property name="locationY" value="574.0" valueType="double"/>
						</object>
					</property>
				</object>
				<object type="WorkFlow:parentModule" version="2">
					<property name="id" value="b9463384-cab6-4c11-9974-292bd45ce5c7" valueType="string"/>
					<property name="lineConnectors" valueType="table"/>
				</object>
			</property>
			<property name="locationX" value="2243.0" valueType="double"/>
			<property name="locationY" value="423.0" valueType="double"/>
		</object>
		<object type="WorkFlow:taskModule" version="29">
			<property name="name" value="72c641f7-d1ad-490a-b591-b4ef7a6870a2" valueType="string"/>
			<property name="description" value="SEC_RW_CR_Calc" valueType="string"/>
			<property name="id" value="72c641f7-d1ad-490a-b591-b4ef7a6870a2" valueType="string"/>
			<property name="taskType" value="Portfolio" valueType="string"/>
			<property name="underlyingObject" valueType="url">Portfolio["SEC_RW_CR_Calc"{276f7685-3760-4857-a49c-9e49c614a047}]</property>
			<property name="asOfDateFormula" value="TIME_TAG" valueType="string"/>
			<property name="instanceKeyValues" valueType="table">
				<object type="InstanceObject:instanceKeyValue" version="2">
					<property name="name" value="v" valueType="string"/>
					<property name="keyValueType" value="VARCHAR" valueType="string"/>
					<property name="keyValue" value="$v" valueType="freehand"/>
				</object>
				<object type="InstanceObject:instanceKeyValue" version="2">
					<property name="name" value="run_id" valueType="string"/>
					<property name="keyValueType" value="VARCHAR" valueType="string"/>
					<property name="keyValue" value="$run_id" valueType="freehand"/>
				</object>
				<object type="InstanceObject:instanceKeyValue" version="2">
					<property name="name" value="scenarioKey" valueType="string"/>
					<property name="keyValueType" value="VARCHAR" valueType="string"/>
					<property name="keyValue" value="$scenarioKey" valueType="freehand"/>
				</object>
				<object type="InstanceObject:instanceKeyValue" version="2">
					<property name="name" value="run_type" valueType="string"/>
					<property name="keyValueType" value="VARCHAR" valueType="string"/>
					<property name="keyValue" value="$run_type" valueType="freehand"/>
				</object>
			</property>
			<property name="keyParameters" valueType="object">
				<object type="Task:keyParameters_Portfolio" version="2">
					<property name="models" valueType="table">
						<object type="Task:modelNameRef" version="2">
							<property name="model" value="Aggregation[Consolidated_CR_Exposure_Inputs]" valueType="string"/>
						</object>
					</property>
					<property name="streams" valueType="table">
						<object type="Task:streamKeyValues" version="2">
							<property name="streamKeyName" value="entity" valueType="string"/>
							<property name="values" value="$entity" valueType="freehand"/>
						</object>
					</property>
				</object>
			</property>
			<property name="nonKeyParameters" valueType="object">
				<object type="Task:nonKeyParameters_Portfolio" version="4">
					<property name="modelDates" valueType="table">
						<object type="Task:modelDateEntry" version="3">
							<property name="model" value="Aggregation[Consolidated_CR_Exposure_Inputs]" valueType="string"/>
							<property name="instanceDateAndKeysValues" value="TIME_TAG" valueType="freehand"/>
						</object>
					</property>
					<property name="archivalFrequency" value="ARCHIVAL_FREQUENCY" valueType="freehand"/>
				</object>
			</property>
			<property name="parentModules" valueType="table">
				<object type="WorkFlow:parentModule" version="2">
					<property name="id" value="6d40ca0c-683b-46c6-a1bf-82b5c1bd51f2" valueType="string"/>
					<property name="lineConnectors" valueType="table"/>
				</object>
			</property>
			<property name="locationX" value="1251.0" valueType="double"/>
			<property name="locationY" value="528.0" valueType="double"/>
		</object>
		<object type="WorkFlow:taskModule" version="29">
			<property name="name" value="2c0fccdb-3f55-4870-b1e3-2c47c423554f" valueType="string"/>
			<property name="description" value="SEC_SA_CR_Calcs" valueType="string"/>
			<property name="id" value="2c0fccdb-3f55-4870-b1e3-2c47c423554f" valueType="string"/>
			<property name="taskType" value="Aggregation" valueType="string"/>
			<property name="underlyingObject" valueType="url">Aggregation["SEC_SA_CR_Calcs"{314c6643-ed3e-4fc1-8cce-6d45e11d1679}]</property>
			<property name="asOfDateFormula" value="TIME_TAG" valueType="string"/>
			<property name="instanceKeyValues" valueType="table">
				<object type="InstanceObject:instanceKeyValue" version="2">
					<property name="name" value="v" valueType="string"/>
					<property name="keyValueType" value="VARCHAR" valueType="string"/>
					<property name="keyValue" value="$v" valueType="freehand"/>
				</object>
				<object type="InstanceObject:instanceKeyValue" version="2">
					<property name="name" value="run_id" valueType="string"/>
					<property name="keyValueType" value="VARCHAR" valueType="string"/>
					<property name="keyValue" value="$run_id" valueType="freehand"/>
				</object>
				<object type="InstanceObject:instanceKeyValue" version="2">
					<property name="name" value="scenarioKey" valueType="string"/>
					<property name="keyValueType" value="VARCHAR" valueType="string"/>
					<property name="keyValue" value="$scenarioKey" valueType="freehand"/>
				</object>
				<object type="InstanceObject:instanceKeyValue" version="2">
					<property name="name" value="run_type" valueType="string"/>
					<property name="keyValueType" value="VARCHAR" valueType="string"/>
					<property name="keyValue" value="$run_type" valueType="freehand"/>
				</object>
			</property>
			<property name="keyParameters" valueType="object">
				<object type="Task:keyParameters_Aggregation" version="2">
					<property name="models" valueType="table">
						<object type="Task:modelNameRef" version="2">
							<property name="model" value="Aggregation[Consolidated_CR_Exposure_Inputs]" valueType="string"/>
						</object>
					</property>
					<property name="streams" valueType="table">
						<object type="Task:streamKeyValues" version="2">
							<property name="streamKeyName" value="entity" valueType="string"/>
							<property name="values" value="$entity" valueType="freehand"/>
						</object>
					</property>
				</object>
			</property>
			<property name="nonKeyParameters" valueType="object">
				<object type="Task:nonKeyParameters_Aggregation" version="4">
					<property name="modelDates" valueType="table">
						<object type="Task:modelDateEntry" version="3">
							<property name="model" value="Aggregation[Consolidated_CR_Exposure_Inputs]" valueType="string"/>
							<property name="instanceDateAndKeysValues" value="TIME_TAG" valueType="freehand"/>
						</object>
					</property>
					<property name="archivalFrequency" value="ARCHIVAL_FREQUENCY" valueType="freehand"/>
				</object>
			</property>
			<property name="parentModules" valueType="table">
				<object type="WorkFlow:parentModule" version="2">
					<property name="id" value="72c641f7-d1ad-490a-b591-b4ef7a6870a2" valueType="string"/>
					<property name="lineConnectors" valueType="table"/>
				</object>
			</property>
			<property name="locationX" value="1471.0" valueType="double"/>
			<property name="locationY" value="531.0" valueType="double"/>
		</object>
		<object type="WorkFlow:taskModule" version="29">
			<property name="name" value="fc31b1c4-e6ad-41cb-9d05-f7ed66019891" valueType="string"/>
			<property name="description" value="CR_Exposure_Inputs_with_3rd_Country" valueType="string"/>
			<property name="id" value="fc31b1c4-e6ad-41cb-9d05-f7ed66019891" valueType="string"/>
			<property name="taskType" value="ModifyModel" valueType="string"/>
			<property name="underlyingObject" valueType="url">ModifyModel["CR_Exposure_Inputs_with_3rd_Country"{072e5548-2627-441e-9fc1-ca76af5ec2fb}]</property>
			<property name="asOfDateFormula" value="TIME_TAG" valueType="string"/>
			<property name="instanceKeyValues" valueType="table">
				<object type="InstanceObject:instanceKeyValue" version="2">
					<property name="name" value="v" valueType="string"/>
					<property name="keyValueType" value="VARCHAR" valueType="string"/>
					<property name="keyValue" value="$v" valueType="freehand"/>
				</object>
				<object type="InstanceObject:instanceKeyValue" version="2">
					<property name="name" value="run_id" valueType="string"/>
					<property name="keyValueType" value="VARCHAR" valueType="string"/>
					<property name="keyValue" value="$run_id" valueType="freehand"/>
				</object>
				<object type="InstanceObject:instanceKeyValue" version="2">
					<property name="name" value="scenarioKey" valueType="string"/>
					<property name="keyValueType" value="VARCHAR" valueType="string"/>
					<property name="keyValue" value="$scenarioKey" valueType="freehand"/>
				</object>
				<object type="InstanceObject:instanceKeyValue" version="2">
					<property name="name" value="run_type" valueType="string"/>
					<property name="keyValueType" value="VARCHAR" valueType="string"/>
					<property name="keyValue" value="$run_type" valueType="freehand"/>
				</object>
			</property>
			<property name="keyParameters" valueType="object">
				<object type="Task:keyParameters_ModifyModel" version="2"/>
			</property>
			<property name="nonKeyParameters" valueType="object">
				<object type="Task:nonKeyParameters_ModifyModel" version="2">
					<property name="cloneOriginalModelInstance" value="true" valueType="boolean"/>
				</object>
			</property>
			<property name="parentModules" valueType="table">
				<object type="WorkFlow:parentModule" version="2">
					<property name="id" value="2c0fccdb-3f55-4870-b1e3-2c47c423554f" valueType="string"/>
					<property name="lineConnectors" valueType="table"/>
				</object>
			</property>
			<property name="locationX" value="1736.0" valueType="double"/>
			<property name="locationY" value="533.0" valueType="double"/>
		</object>
		<object type="WorkFlow:taskModule" version="29">
			<property name="name" value="ba10be6d-967d-4b33-a62a-dc6607b9a4d3" valueType="string"/>
			<property name="description" value="Risk_Weights_Pre" valueType="string"/>
			<property name="id" value="ba10be6d-967d-4b33-a62a-dc6607b9a4d3" valueType="string"/>
			<property name="taskType" value="Portfolio" valueType="string"/>
			<property name="underlyingObject" valueType="url">Portfolio["Risk_Weights_Pre"{5fa86337-82d9-4301-a0cf-956f52c232e0}]</property>
			<property name="asOfDateFormula" value="TIME_TAG" valueType="string"/>
			<property name="instanceKeyValues" valueType="table">
				<object type="InstanceObject:instanceKeyValue" version="2">
					<property name="name" value="v" valueType="string"/>
					<property name="keyValueType" value="VARCHAR" valueType="string"/>
					<property name="keyValue" value="$v" valueType="freehand"/>
				</object>
				<object type="InstanceObject:instanceKeyValue" version="2">
					<property name="name" value="run_id" valueType="string"/>
					<property name="keyValueType" value="VARCHAR" valueType="string"/>
					<property name="keyValue" value="$run_id" valueType="freehand"/>
				</object>
				<object type="InstanceObject:instanceKeyValue" version="2">
					<property name="name" value="scenarioKey" valueType="string"/>
					<property name="keyValueType" value="VARCHAR" valueType="string"/>
					<property name="keyValue" value="$scenarioKey" valueType="freehand"/>
				</object>
				<object type="InstanceObject:instanceKeyValue" version="2">
					<property name="name" value="run_type" valueType="string"/>
					<property name="keyValueType" value="VARCHAR" valueType="string"/>
					<property name="keyValue" value="$run_type" valueType="freehand"/>
				</object>
			</property>
			<property name="keyParameters" valueType="object">
				<object type="Task:keyParameters_Portfolio" version="2">
					<property name="models" valueType="table">
						<object type="Task:modelNameRef" version="2">
							<property name="model" value="Portfolio[Risk_Weight_Codes].ModifyModel[CR_Exposure_Inputs_with_3rd_Country].Aggregation[Consolidated_CR_Exposure_Inputs]" valueType="string"/>
						</object>
						<object type="Task:modelNameRef" version="2">
							<property name="model" value="Portfolio[Risk_Weight_Codes].ModifyModel[CR_Exposure_Inputs_with_3rd_Country_Unrated].Aggregation[Consolidated_CR_Exposure_Inputs_Unrated]" valueType="string"/>
						</object>
						<object type="Task:modelNameRef" version="2">
							<property name="model" value="Portfolio[Risk_Weight_Codes].ModifyModel[CR_Collateral_Issuer_with_3rd_Country].Aggregation[Consolidated_CR_Exposure_Collateral_Issuer]" valueType="string"/>
						</object>
						<object type="Task:modelNameRef" version="2">
							<property name="model" value="Portfolio[Risk_Weight_Codes].ModifyModel[CR_Exposure_Inputs_Synthetic_Sec].Aggregation[Consolidated_CR_Exposure_Inputs]" valueType="string"/>
						</object>
						<object type="Task:modelNameRef" version="2">
							<property name="model" value="Portfolio[Risk_Weight_Codes].ModifyModel[CR_IMM_Split_Inputs_with_3rd_Country].Aggregation[IMM_Split_Netting_Sets_RW_Input]" valueType="string"/>
						</object>
					</property>
					<property name="streams" valueType="table">
						<object type="Task:streamKeyValues" version="2">
							<property name="streamKeyName" value="entity" valueType="string"/>
							<property name="values" value="$entity" valueType="freehand"/>
						</object>
					</property>
				</object>
			</property>
			<property name="nonKeyParameters" valueType="object">
				<object type="Task:nonKeyParameters_Portfolio" version="4">
					<property name="modelDates" valueType="table">
						<object type="Task:modelDateEntry" version="3">
							<property name="model" value="Portfolio[Risk_Weight_Codes].ModifyModel[CR_Exposure_Inputs_with_3rd_Country].Aggregation[Consolidated_CR_Exposure_Inputs]" valueType="string"/>
							<property name="instanceDateAndKeysValues" value="TIME_TAG" valueType="freehand"/>
						</object>
						<object type="Task:modelDateEntry" version="3">
							<property name="model" value="Portfolio[Risk_Weight_Codes].ModifyModel[CR_Exposure_Inputs_with_3rd_Country_Unrated].Aggregation[Consolidated_CR_Exposure_Inputs_Unrated]" valueType="string"/>
							<property name="instanceDateAndKeysValues" value="TIME_TAG" valueType="freehand"/>
						</object>
						<object type="Task:modelDateEntry" version="3">
							<property name="model" value="Portfolio[Risk_Weight_Codes].ModifyModel[CR_Collateral_Issuer_with_3rd_Country].Aggregation[Consolidated_CR_Exposure_Collateral_Issuer]" valueType="string"/>
							<property name="instanceDateAndKeysValues" value="TIME_TAG" valueType="freehand"/>
						</object>
						<object type="Task:modelDateEntry" version="3">
							<property name="model" value="Portfolio[Risk_Weight_Codes].ModifyModel[CR_Exposure_Inputs_Synthetic_Sec].Aggregation[Consolidated_CR_Exposure_Inputs]" valueType="string"/>
							<property name="instanceDateAndKeysValues" value="TIME_TAG" valueType="freehand"/>
						</object>
						<object type="Task:modelDateEntry" version="3">
							<property name="model" value="Portfolio[Risk_Weight_Codes].ModifyModel[CR_IMM_Split_Inputs_with_3rd_Country].Aggregation[IMM_Split_Netting_Sets_RW_Input]" valueType="string"/>
							<property name="instanceDateAndKeysValues" value="TIME_TAG" valueType="freehand"/>
						</object>
					</property>
					<property name="archivalFrequency" value="ARCHIVAL_FREQUENCY" valueType="freehand"/>
				</object>
			</property>
			<property name="parentModules" valueType="table">
				<object type="WorkFlow:parentModule" version="2">
					<property name="id" value="addc45a1-ebfa-43be-b8ca-1af8b57573f0" valueType="string"/>
					<property name="lineConnectors" valueType="table">
						<object type="WorkFlow:lineConnector" version="2">
							<property name="locationX" value="2608.0" valueType="double"/>
							<property name="locationY" value="523.0" valueType="double"/>
						</object>
						<object type="WorkFlow:lineConnector" version="2">
							<property name="locationX" value="2232.0" valueType="double"/>
							<property name="locationY" value="524.0" valueType="double"/>
						</object>
					</property>
				</object>
			</property>
			<property name="locationX" value="2257.0" valueType="double"/>
			<property name="locationY" value="539.0" valueType="double"/>
		</object>
		<object type="WorkFlow:taskModule" version="29">
			<property name="name" value="a5bf8292-29f0-4545-80f2-eeaf5992cfab" valueType="string"/>
			<property name="description" value="CR_Exposure_Inputs_Synthetic_Sec" valueType="string"/>
			<property name="id" value="a5bf8292-29f0-4545-80f2-eeaf5992cfab" valueType="string"/>
			<property name="taskType" value="ModifyModel" valueType="string"/>
			<property name="underlyingObject" valueType="url">ModifyModel["CR_Exposure_Inputs_Synthetic_Sec"{afaa3608-95c4-4ff2-8a61-e7570096de43}]</property>
			<property name="asOfDateFormula" value="TIME_TAG" valueType="string"/>
			<property name="instanceKeyValues" valueType="table">
				<object type="InstanceObject:instanceKeyValue" version="2">
					<property name="name" value="v" valueType="string"/>
					<property name="keyValueType" value="VARCHAR" valueType="string"/>
					<property name="keyValue" value="$v" valueType="freehand"/>
				</object>
				<object type="InstanceObject:instanceKeyValue" version="2">
					<property name="name" value="run_id" valueType="string"/>
					<property name="keyValueType" value="VARCHAR" valueType="string"/>
					<property name="keyValue" value="$run_id" valueType="freehand"/>
				</object>
				<object type="InstanceObject:instanceKeyValue" version="2">
					<property name="name" value="scenarioKey" valueType="string"/>
					<property name="keyValueType" value="VARCHAR" valueType="string"/>
					<property name="keyValue" value="$scenarioKey" valueType="freehand"/>
				</object>
				<object type="InstanceObject:instanceKeyValue" version="2">
					<property name="name" value="run_type" valueType="string"/>
					<property name="keyValueType" value="VARCHAR" valueType="string"/>
					<property name="keyValue" value="$run_type" valueType="freehand"/>
				</object>
			</property>
			<property name="keyParameters" valueType="object">
				<object type="Task:keyParameters_ModifyModel" version="2"/>
			</property>
			<property name="nonKeyParameters" valueType="object">
				<object type="Task:nonKeyParameters_ModifyModel" version="2">
					<property name="cloneOriginalModelInstance" value="true" valueType="boolean"/>
				</object>
			</property>
			<property name="parentModules" valueType="table">
				<object type="WorkFlow:parentModule" version="2">
					<property name="id" value="2c0fccdb-3f55-4870-b1e3-2c47c423554f" valueType="string"/>
					<property name="lineConnectors" valueType="table">
						<object type="WorkFlow:lineConnector" version="2">
							<property name="locationX" value="1650.0" valueType="double"/>
							<property name="locationY" value="634.0" valueType="double"/>
						</object>
						<object type="WorkFlow:lineConnector" version="2">
							<property name="locationX" value="1357.0" valueType="double"/>
							<property name="locationY" value="635.0" valueType="double"/>
						</object>
					</property>
				</object>
			</property>
			<property name="locationX" value="1383.0" valueType="double"/>
			<property name="locationY" value="654.0" valueType="double"/>
		</object>
		<object type="WorkFlow:taskModule" version="29">
			<property name="name" value="65c9cab0-a650-4524-acc4-c15968b3a635" valueType="string"/>
			<property name="description" value="Risk_Weights_Securitisation" valueType="string"/>
			<property name="id" value="65c9cab0-a650-4524-acc4-c15968b3a635" valueType="string"/>
			<property name="taskType" value="Portfolio" valueType="string"/>
			<property name="underlyingObject" valueType="url">Portfolio["Risk_Weights_Securitisation"{dec20b4c-1fd6-49e6-8a2c-3b8a42583643}]</property>
			<property name="asOfDateFormula" value="TIME_TAG" valueType="string"/>
			<property name="instanceKeyValues" valueType="table">
				<object type="InstanceObject:instanceKeyValue" version="2">
					<property name="name" value="v" valueType="string"/>
					<property name="keyValueType" value="VARCHAR" valueType="string"/>
					<property name="keyValue" value="$v" valueType="freehand"/>
				</object>
				<object type="InstanceObject:instanceKeyValue" version="2">
					<property name="name" value="run_id" valueType="string"/>
					<property name="keyValueType" value="VARCHAR" valueType="string"/>
					<property name="keyValue" value="$run_id" valueType="freehand"/>
				</object>
				<object type="InstanceObject:instanceKeyValue" version="2">
					<property name="name" value="scenarioKey" valueType="string"/>
					<property name="keyValueType" value="VARCHAR" valueType="string"/>
					<property name="keyValue" value="$scenarioKey" valueType="freehand"/>
				</object>
				<object type="InstanceObject:instanceKeyValue" version="2">
					<property name="name" value="run_type" valueType="string"/>
					<property name="keyValueType" value="VARCHAR" valueType="string"/>
					<property name="keyValue" value="$run_type" valueType="freehand"/>
				</object>
			</property>
			<property name="keyParameters" valueType="object">
				<object type="Task:keyParameters_Portfolio" version="2">
					<property name="models" valueType="table">
						<object type="Task:modelNameRef" version="2">
							<property name="model" value="Portfolio[Risk_Weights_Pre].Portfolio[Risk_Weight_Codes].ModifyModel[CR_Exposure_Inputs_with_3rd_Country].Aggregation[Consolidated_CR_Exposure_Inputs]" valueType="string"/>
						</object>
						<object type="Task:modelNameRef" version="2">
							<property name="model" value="Portfolio[Risk_Weights_Pre].Portfolio[Risk_Weight_Codes].ModifyModel[CR_Collateral_Issuer_with_3rd_Country].Aggregation[Consolidated_CR_Exposure_Collateral_Issuer]" valueType="string"/>
						</object>
					</property>
					<property name="streams" valueType="table">
						<object type="Task:streamKeyValues" version="2">
							<property name="streamKeyName" value="entity" valueType="string"/>
							<property name="values" value="$entity" valueType="freehand"/>
						</object>
					</property>
				</object>
			</property>
			<property name="nonKeyParameters" valueType="object">
				<object type="Task:nonKeyParameters_Portfolio" version="4">
					<property name="modelDates" valueType="table">
						<object type="Task:modelDateEntry" version="3">
							<property name="model" value="Portfolio[Risk_Weights_Pre].Portfolio[Risk_Weight_Codes].ModifyModel[CR_Exposure_Inputs_with_3rd_Country].Aggregation[Consolidated_CR_Exposure_Inputs]" valueType="string"/>
							<property name="instanceDateAndKeysValues" value="TIME_TAG" valueType="freehand"/>
						</object>
						<object type="Task:modelDateEntry" version="3">
							<property name="model" value="Portfolio[Risk_Weights_Pre].Portfolio[Risk_Weight_Codes].ModifyModel[CR_Collateral_Issuer_with_3rd_Country].Aggregation[Consolidated_CR_Exposure_Collateral_Issuer]" valueType="string"/>
							<property name="instanceDateAndKeysValues" value="TIME_TAG" valueType="freehand"/>
						</object>
					</property>
					<property name="archivalFrequency" value="ARCHIVAL_FREQUENCY" valueType="freehand"/>
				</object>
			</property>
			<property name="parentModules" valueType="table">
				<object type="WorkFlow:parentModule" version="2">
					<property name="id" value="ba10be6d-967d-4b33-a62a-dc6607b9a4d3" valueType="string"/>
					<property name="lineConnectors" valueType="table">
						<object type="WorkFlow:lineConnector" version="2">
							<property name="locationX" value="2614.0" valueType="double"/>
							<property name="locationY" value="671.0" valueType="double"/>
						</object>
						<object type="WorkFlow:lineConnector" version="2">
							<property name="locationX" value="1742.0" valueType="double"/>
							<property name="locationY" value="673.0" valueType="double"/>
						</object>
					</property>
				</object>
			</property>
			<property name="locationX" value="1765.0" valueType="double"/>
			<property name="locationY" value="686.0" valueType="double"/>
		</object>
		<object type="WorkFlow:taskModule" version="29">
			<property name="name" value="759bfc3d-aa98-4b26-992e-6cb39c49fbea" valueType="string"/>
			<property name="description" value="RW_CR" valueType="string"/>
			<property name="id" value="759bfc3d-aa98-4b26-992e-6cb39c49fbea" valueType="string"/>
			<property name="taskType" value="ModifyModel" valueType="string"/>
			<property name="underlyingObject" valueType="url">ModifyModel["RW_CR"{8bd57195-e425-4be6-8ed2-908d0f85d29d}]</property>
			<property name="asOfDateFormula" value="TIME_TAG" valueType="string"/>
			<property name="instanceKeyValues" valueType="table">
				<object type="InstanceObject:instanceKeyValue" version="2">
					<property name="name" value="v" valueType="string"/>
					<property name="keyValueType" value="VARCHAR" valueType="string"/>
					<property name="keyValue" value="$v" valueType="freehand"/>
				</object>
				<object type="InstanceObject:instanceKeyValue" version="2">
					<property name="name" value="run_id" valueType="string"/>
					<property name="keyValueType" value="VARCHAR" valueType="string"/>
					<property name="keyValue" value="$run_id" valueType="freehand"/>
				</object>
				<object type="InstanceObject:instanceKeyValue" version="2">
					<property name="name" value="scenarioKey" valueType="string"/>
					<property name="keyValueType" value="VARCHAR" valueType="string"/>
					<property name="keyValue" value="$scenarioKey" valueType="freehand"/>
				</object>
				<object type="InstanceObject:instanceKeyValue" version="2">
					<property name="name" value="run_type" valueType="string"/>
					<property name="keyValueType" value="VARCHAR" valueType="string"/>
					<property name="keyValue" value="$run_type" valueType="freehand"/>
				</object>
			</property>
			<property name="keyParameters" valueType="object">
				<object type="Task:keyParameters_ModifyModel" version="2"/>
			</property>
			<property name="nonKeyParameters" valueType="object">
				<object type="Task:nonKeyParameters_ModifyModel" version="2">
					<property name="cloneOriginalModelInstance" value="true" valueType="boolean"/>
				</object>
			</property>
			<property name="parentModules" valueType="table">
				<object type="WorkFlow:parentModule" version="2">
					<property name="id" value="65c9cab0-a650-4524-acc4-c15968b3a635" valueType="string"/>
					<property name="lineConnectors" valueType="table"/>
				</object>
			</property>
			<property name="locationX" value="2199.0" valueType="double"/>
			<property name="locationY" value="688.0" valueType="double"/>
		</object>
		<object type="WorkFlow:taskModule" version="29">
			<property name="name" value="7965498d-7438-49b7-9bc6-ee1d674f68cc" valueType="string"/>
			<property name="description" value="Risk_Weights" valueType="string"/>
			<property name="id" value="7965498d-7438-49b7-9bc6-ee1d674f68cc" valueType="string"/>
			<property name="taskType" value="Portfolio" valueType="string"/>
			<property name="underlyingObject" valueType="url">Portfolio["Risk_Weights"{68688b0d-6e37-451d-b6b1-b4c0765fd476}]</property>
			<property name="asOfDateFormula" value="TIME_TAG" valueType="string"/>
			<property name="instanceKeyValues" valueType="table">
				<object type="InstanceObject:instanceKeyValue" version="2">
					<property name="name" value="v" valueType="string"/>
					<property name="keyValueType" value="VARCHAR" valueType="string"/>
					<property name="keyValue" value="$v" valueType="freehand"/>
				</object>
				<object type="InstanceObject:instanceKeyValue" version="2">
					<property name="name" value="run_id" valueType="string"/>
					<property name="keyValueType" value="VARCHAR" valueType="string"/>
					<property name="keyValue" value="$run_id" valueType="freehand"/>
				</object>
				<object type="InstanceObject:instanceKeyValue" version="2">
					<property name="name" value="scenarioKey" valueType="string"/>
					<property name="keyValueType" value="VARCHAR" valueType="string"/>
					<property name="keyValue" value="$scenarioKey" valueType="freehand"/>
				</object>
				<object type="InstanceObject:instanceKeyValue" version="2">
					<property name="name" value="run_type" valueType="string"/>
					<property name="keyValueType" value="VARCHAR" valueType="string"/>
					<property name="keyValue" value="$run_type" valueType="freehand"/>
				</object>
			</property>
			<property name="keyParameters" valueType="object">
				<object type="Task:keyParameters_Portfolio" version="2">
					<property name="models" valueType="table">
						<object type="Task:modelNameRef" version="2">
							<property name="model" value="ModifyModel[RW_CR].Portfolio[Risk_Weights_Pre].Portfolio[Risk_Weight_Codes].ModifyModel[CR_Exposure_Inputs_with_3rd_Country].Aggregation[Consolidated_CR_Exposure_Inputs]" valueType="string"/>
						</object>
						<object type="Task:modelNameRef" version="2">
							<property name="model" value="ModifyModel[RW_CR_Collateral_Issuer].Portfolio[Risk_Weights_Pre].Portfolio[Risk_Weight_Codes].ModifyModel[CR_Collateral_Issuer_with_3rd_Country].Aggregation[Consolidated_CR_Exposure_Collateral_Issuer]" valueType="string"/>
						</object>
						<object type="Task:modelNameRef" version="2">
							<property name="model" value="Portfolio[Risk_Weights_Pre].Portfolio[Risk_Weight_Codes].ModifyModel[CR_IMM_Split_Inputs_with_3rd_Country].Aggregation[IMM_Split_Netting_Sets_RW_Input]" valueType="string"/>
						</object>
					</property>
					<property name="streams" valueType="table">
						<object type="Task:streamKeyValues" version="2">
							<property name="streamKeyName" value="entity" valueType="string"/>
							<property name="values" value="$entity" valueType="freehand"/>
						</object>
					</property>
				</object>
			</property>
			<property name="nonKeyParameters" valueType="object">
				<object type="Task:nonKeyParameters_Portfolio" version="4">
					<property name="modelDates" valueType="table">
						<object type="Task:modelDateEntry" version="3">
							<property name="model" value="ModifyModel[RW_CR].Portfolio[Risk_Weights_Pre].Portfolio[Risk_Weight_Codes].ModifyModel[CR_Exposure_Inputs_with_3rd_Country].Aggregation[Consolidated_CR_Exposure_Inputs]" valueType="string"/>
							<property name="instanceDateAndKeysValues" value="TIME_TAG" valueType="freehand"/>
						</object>
						<object type="Task:modelDateEntry" version="3">
							<property name="model" value="ModifyModel[RW_CR_Collateral_Issuer].Portfolio[Risk_Weights_Pre].Portfolio[Risk_Weight_Codes].ModifyModel[CR_Collateral_Issuer_with_3rd_Country].Aggregation[Consolidated_CR_Exposure_Collateral_Issuer]" valueType="string"/>
							<property name="instanceDateAndKeysValues" value="TIME_TAG" valueType="freehand"/>
						</object>
						<object type="Task:modelDateEntry" version="3">
							<property name="model" value="Portfolio[Risk_Weights_Pre].Portfolio[Risk_Weight_Codes].ModifyModel[CR_IMM_Split_Inputs_with_3rd_Country].Aggregation[IMM_Split_Netting_Sets_RW_Input]" valueType="string"/>
							<property name="instanceDateAndKeysValues" value="TIME_TAG" valueType="freehand"/>
						</object>
					</property>
					<property name="archivalFrequency" value="ARCHIVAL_FREQUENCY" valueType="freehand"/>
				</object>
			</property>
			<property name="parentModules" valueType="table">
				<object type="WorkFlow:parentModule" version="2">
					<property name="id" value="759bfc3d-aa98-4b26-992e-6cb39c49fbea" valueType="string"/>
					<property name="lineConnectors" valueType="table"/>
				</object>
				<object type="WorkFlow:parentModule" version="2">
					<property name="id" value="e2dfee24-0a3d-4291-913a-22872dbdfdc4" valueType="string"/>
					<property name="lineConnectors" valueType="table"/>
				</object>
			</property>
			<property name="locationX" value="2419.0" valueType="double"/>
			<property name="locationY" value="689.0" valueType="double"/>
		</object>
		<object type="WorkFlow:taskModule" version="29">
			<property name="name" value="e2dfee24-0a3d-4291-913a-22872dbdfdc4" valueType="string"/>
			<property name="description" value="RW_CR_Collateral_Issuer" valueType="string"/>
			<property name="id" value="e2dfee24-0a3d-4291-913a-22872dbdfdc4" valueType="string"/>
			<property name="taskType" value="ModifyModel" valueType="string"/>
			<property name="underlyingObject" valueType="url">ModifyModel["RW_CR_Collateral_Issuer"{ec475e74-896d-447d-9ba8-dabd5c5e98e2}]</property>
			<property name="asOfDateFormula" value="TIME_TAG" valueType="string"/>
			<property name="instanceKeyValues" valueType="table">
				<object type="InstanceObject:instanceKeyValue" version="2">
					<property name="name" value="v" valueType="string"/>
					<property name="keyValueType" value="VARCHAR" valueType="string"/>
					<property name="keyValue" value="$v" valueType="freehand"/>
				</object>
				<object type="InstanceObject:instanceKeyValue" version="2">
					<property name="name" value="run_id" valueType="string"/>
					<property name="keyValueType" value="VARCHAR" valueType="string"/>
					<property name="keyValue" value="$run_id" valueType="freehand"/>
				</object>
				<object type="InstanceObject:instanceKeyValue" version="2">
					<property name="name" value="scenarioKey" valueType="string"/>
					<property name="keyValueType" value="VARCHAR" valueType="string"/>
					<property name="keyValue" value="$scenarioKey" valueType="freehand"/>
				</object>
				<object type="InstanceObject:instanceKeyValue" version="2">
					<property name="name" value="run_type" valueType="string"/>
					<property name="keyValueType" value="VARCHAR" valueType="string"/>
					<property name="keyValue" value="$run_type" valueType="freehand"/>
				</object>
			</property>
			<property name="keyParameters" valueType="object">
				<object type="Task:keyParameters_ModifyModel" version="2"/>
			</property>
			<property name="nonKeyParameters" valueType="object">
				<object type="Task:nonKeyParameters_ModifyModel" version="2">
					<property name="cloneOriginalModelInstance" value="true" valueType="boolean"/>
				</object>
			</property>
			<property name="parentModules" valueType="table">
				<object type="WorkFlow:parentModule" version="2">
					<property name="id" value="65c9cab0-a650-4524-acc4-c15968b3a635" valueType="string"/>
					<property name="lineConnectors" valueType="table"/>
				</object>
			</property>
			<property name="locationX" value="2159.0" valueType="double"/>
			<property name="locationY" value="802.0" valueType="double"/>
		</object>
	</property>
	<property name="archivalProperties" valueType="object">
		<object type="ArchivalProperties" version="2">
			<property name="daily" value="false" valueType="boolean"/>
			<property name="weekly" value="false" valueType="boolean"/>
			<property name="monthly" value="false" valueType="boolean"/>
			<property name="quarterly" value="false" valueType="boolean"/>
			<property name="semiAnnually" value="false" valueType="boolean"/>
			<property name="annually" value="false" valueType="boolean"/>
			<property name="intraDay" value="false" valueType="boolean"/>
			<property name="userDefined" value="false" valueType="boolean"/>
		</object>
	</property>
	<property name="iterators" valueType="table"/>
	<property name="keyParameters" valueType="table"/>
	<property name="nonKeyParameters" valueType="table"/>
</object>