<object stamp="3a9ad74d-fad8-44b8-813f-53a6929a7590_1731090491356" type="DataModel" version="6">
	<property name="name" value="BA_CVA_WTH_EXMPT_NON_FNNCL_THRD_CNTRY" valueType="string"/>
	<property name="description" value="BA_CVA_WTH_EXMPT_NON_FNNCL_THRD_CNTRY" valueType="string"/>
	<property name="objectId" value="4defbb2a-47de-4d16-a951-4001eb744280" valueType="string"/>
	<property name="branchId" value="fb18ae3e-901e-4791-a902-9192a922978e" valueType="string"/>
	<property name="isPermanent" value="false" valueType="boolean"/>
	<property name="instanceKeys" valueType="table">
		<object type="InstanceKey" version="2">
			<property name="name" value="v" valueType="string"/>
			<property name="description" value="Version" valueType="string"/>
			<property name="type" value="VARCHAR" valueType="string"/>
			<property name="size" value="100" valueType="integer"/>
			<property name="defaultInstanceKeyValueFormula" value="" valueType="string"/>
		</object>
		<object type="InstanceKey" version="2">
			<property name="name" value="run_id" valueType="string"/>
			<property name="description" value="Run ID" valueType="string"/>
			<property name="type" value="VARCHAR" valueType="string"/>
			<property name="size" value="100" valueType="integer"/>
			<property name="defaultInstanceKeyValueFormula" value="" valueType="string"/>
		</object>
		<object type="InstanceKey" version="2">
			<property name="name" value="scenarioKey" valueType="string"/>
			<property name="description" value="Scenario Key" valueType="string"/>
			<property name="type" value="VARCHAR" valueType="string"/>
			<property name="size" value="100" valueType="integer"/>
			<property name="defaultInstanceKeyValueFormula" value="" valueType="string"/>
		</object>
	</property>
	<property name="hierarchy" valueType="tree">
		<objectNode type="DataModel:node" version="3">
			<property name="name" value="Aggregation" valueType="string"/>
			<property name="description" value="Resulting data source for aggregation BA_CVA_Charges_Entity_Level" valueType="string"/>
			<property name="id" value="7129dc91-dd26-416b-85f2-a63b7b768b22" valueType="string"/>
			<property name="dataSource" valueType="url">DataSource["Aggregation[BA_CVA_Charges_Entity_Level]"{Aggregation[7129dc91-dd26-416b-85f2-a63b7b768b22]}]</property>
			<property name="relationshipToParent" value="ONE_TO_ONE" valueType="string"/>
			<property name="mandatoryInJoin" value="false" valueType="boolean"/>
			<property name="additionalConstraint" valueType="table"/>
			<property name="additionalJoinExpression" valueType="table"/>
			<property name="instanceSelectionRule" valueType="object">
				<object type="InstanceSelectionRule" version="3">
					<property name="instanceDateRule" valueType="object">
						<object type="InstanceSelectionRule:rule" version="3">
							<property name="type" value="EQUAL" valueType="string"/>
						</object>
					</property>
					<property name="instanceKeyRules" valueType="table">
						<object type="InstanceSelectionRule:instanceKeyRule" version="3">
							<property name="type" value="EQUAL" valueType="string"/>
							<property name="instanceKeyName" value="v" valueType="string"/>
						</object>
						<object type="InstanceSelectionRule:instanceKeyRule" version="3">
							<property name="type" value="EQUAL" valueType="string"/>
							<property name="instanceKeyName" value="run_id" valueType="string"/>
						</object>
						<object type="InstanceSelectionRule:instanceKeyRule" version="3">
							<property name="type" value="EQUAL" valueType="string"/>
							<property name="instanceKeyName" value="scenarioKey" valueType="string"/>
						</object>
					</property>
				</object>
			</property>
			<property name="join" valueType="table"/>
		</objectNode>
	</property>
	<property name="streamKeys" valueType="table">
		<object type="DataModel:streamKey" version="5">
			<property name="streamKeyName" value="entity" valueType="string"/>
			<property name="streamKeyColumn" valueType="object">
				<object type="DataModel:localFieldReference" version="3">
					<property name="value" valueType="url">DataModel[this].hierarchy["Aggregation"{7129dc91-dd26-416b-85f2-a63b7b768b22}].dataSource.layout["entity"{580ab755-e69c-492b-8aa9-b2535429e724}]</property>
				</object>
			</property>
			<property name="additionalStreamColumns" valueType="table"/>
		</object>
	</property>
	<property name="freezeLevel" value="1" valueType="integer"/>
	<property name="performJoinOnAllStreamColumns" value="false" valueType="boolean"/>
	<property name="mustInheritSourceIKs" value="false" valueType="boolean"/>
</object>