<object stamp="0d6adb8a-6b79-407b-a41c-dd7fbb3b295a_1722556146766" type="ModifyModel" version="32">
	<property name="name" value="Consolidated_CRM_Output" valueType="string"/>
	<property name="description" value="All Exposures mapped from the initial input" valueType="string"/>
	<property name="objectId" value="b1eb890a-499a-48ed-bcd8-68bb9822e9e8" valueType="string"/>
	<property name="branchId" value="44f98cc4-3c7c-41c3-8daa-5b9828f45d7a" valueType="string"/>
	<property name="comment" value="This object consolidates all the CRM and MNA calculations" valueType="string"/>
	<property name="model" valueType="url">DataModel["ModifyModel[Exposure_With_Risk_Weight].shared_calcs:Aggregation[Consolidated_CR_Exposure_Inputs]"{ModifyModel[b154acb6-0a48-4f1c-9e4b-3403ededee6b].015fe472-ce70-41e1-9583-ebf524ac86a8:Aggregation[e656b996-3c81-4229-a299-6d0d56226654]}]</property>
	<property name="modifications" valueType="tree">
		<objectNode type="ModifyModel:root" version="8">
			<property name="name" value="modificationsRoot" valueType="string"/>
			<property name="description" value="" valueType="string"/>
			<property name="id" value="modificationsRoot" valueType="string"/>
			<children>
				<objectNode type="ModifyModel:modification" version="20">
					<property name="name" value="Aggregation" valueType="string"/>
					<property name="description" value="" valueType="string"/>
					<property name="id" value="e656b996-3c81-4229-a299-6d0d56226654" valueType="string"/>
					<property name="existingNode" valueType="url">DataModel["ModifyModel[Exposure_With_Risk_Weight].shared_calcs:Aggregation[Consolidated_CR_Exposure_Inputs]"{ModifyModel[b154acb6-0a48-4f1c-9e4b-3403ededee6b].015fe472-ce70-41e1-9583-ebf524ac86a8:Aggregation[e656b996-3c81-4229-a299-6d0d56226654]}].hierarchy["Aggregation"{e656b996-3c81-4229-a299-6d0d56226654}]</property>
					<property name="mandatoryInJoin" value="false" valueType="boolean"/>
					<property name="additionalConstraint" valueType="table">
						<object type="DataModel:fieldReference" version="3">
							<property name="value" valueType="url">DataModel["ModifyModel[Exposure_With_Risk_Weight].shared_calcs:Aggregation[Consolidated_CR_Exposure_Inputs]"{ModifyModel[b154acb6-0a48-4f1c-9e4b-3403ededee6b].015fe472-ce70-41e1-9583-ebf524ac86a8:Aggregation[e656b996-3c81-4229-a299-6d0d56226654]}].hierarchy["Aggregation"{e656b996-3c81-4229-a299-6d0d56226654}].dataSource.layout["saccr_excld_ind"{347df565-a9aa-4ff8-91e6-678ff8a2ae64}]</property>
						</object>
						<object type="SQLExpressionPart" version="2">
							<property name="value" value="='N'" valueType="string"/>
						</object>
					</property>
					<property name="additionalJoinExpression" valueType="table"/>
					<children>
						<objectNode type="ModifyModel:node" version="9">
							<property name="name" value="FCCM_final_exposure" valueType="string"/>
							<property name="description" value="Resulting data source for aggregation FCCM_Final_Exposures" valueType="string"/>
							<property name="id" value="959c3f3f-2079-447a-b1e7-9d7a08fda076" valueType="string"/>
							<property name="dataSource" valueType="url">DataSource["Aggregation[FCCM_Final_Exposures]"{Aggregation[b974efb2-b572-4b21-bd41-7067fdf9d273]}]</property>
							<property name="relationshipToParent" value="ONE_OR_ZERO_TO_ONE" valueType="string"/>
							<property name="mandatoryInJoin" value="false" valueType="boolean"/>
							<property name="additionalConstraint" valueType="table"/>
							<property name="additionalJoinExpression" valueType="table"/>
							<property name="instanceSelectionRule" valueType="object">
								<object type="InstanceSelectionRule" version="3">
									<property name="instanceDateRule" valueType="object">
										<object type="InstanceSelectionRule:rule" version="3">
											<property name="type" value="EQUAL" valueType="string"/>
										</object>
									</property>
									<property name="instanceKeyRules" valueType="table">
										<object type="InstanceSelectionRule:instanceKeyRule" version="3">
											<property name="type" value="EQUAL" valueType="string"/>
											<property name="instanceKeyName" value="v" valueType="string"/>
										</object>
										<object type="InstanceSelectionRule:instanceKeyRule" version="3">
											<property name="type" value="EQUAL" valueType="string"/>
											<property name="instanceKeyName" value="run_id" valueType="string"/>
										</object>
										<object type="InstanceSelectionRule:instanceKeyRule" version="3">
											<property name="type" value="EQUAL" valueType="string"/>
											<property name="instanceKeyName" value="scenarioKey" valueType="string"/>
										</object>
										<object type="InstanceSelectionRule:instanceKeyRule" version="3">
											<property name="type" value="EQUAL" valueType="string"/>
											<property name="instanceKeyName" value="run_type" valueType="string"/>
										</object>
									</property>
								</object>
							</property>
							<property name="join" valueType="table">
								<object type="DataModel:node:join" version="3">
									<property name="sourceField" valueType="url">DataSource["Aggregation[FCCM_Final_Exposures]"{Aggregation[b974efb2-b572-4b21-bd41-7067fdf9d273]}].layout["id_orgnl_expsr_unique"{8481910b-ae8f-4e21-95c8-84557dfad8a5}]</property>
									<property name="parentField" valueType="url">DataSource["shared_calcs:Aggregation[Consolidated_CR_Exposure_Inputs]"{015fe472-ce70-41e1-9583-ebf524ac86a8:Aggregation[e656b996-3c81-4229-a299-6d0d56226654]}].layout["id_unique"{2e54731c-1a48-4165-9b7d-092b712bd570}]</property>
								</object>
								<object type="DataModel:node:join" version="3">
									<property name="sourceField" valueType="url">DataSource["Aggregation[FCCM_Final_Exposures]"{Aggregation[b974efb2-b572-4b21-bd41-7067fdf9d273]}].layout["entity"{25d8c26d-3c6d-456a-8e64-70e76724a87d}]</property>
									<property name="parentField" valueType="url">DataSource["shared_calcs:Aggregation[Consolidated_CR_Exposure_Inputs]"{015fe472-ce70-41e1-9583-ebf524ac86a8:Aggregation[e656b996-3c81-4229-a299-6d0d56226654]}].layout["entity"{6774a62e-c315-4490-bae4-2cbfb9891b45}]</property>
								</object>
							</property>
							<children>
								<objectNode type="ModifyModel:node" version="9">
									<property name="name" value="obs_risk_category" valueType="string"/>
									<property name="description" value="Classification_of_off_balance_sheet_items" valueType="string"/>
									<property name="id" value="f61e5856-4acf-4abb-898e-5c2cd6bc908f" valueType="string"/>
									<property name="dataSource" valueType="url">DataSource["shared_calcs:Classification_Of_Off_Balance_Sheet_Items"{015fe472-ce70-41e1-9583-ebf524ac86a8:152caf28-baf8-4d1f-b741-6ce55c2f8faa}]</property>
									<property name="relationshipToParent" value="ONE_OR_ZERO_TO_ONE" valueType="string"/>
									<property name="mandatoryInJoin" value="false" valueType="boolean"/>
									<property name="additionalConstraint" valueType="table"/>
									<property name="additionalJoinExpression" valueType="table"/>
									<property name="instanceSelectionRule" valueType="object">
										<object type="InstanceSelectionRule" version="3">
											<property name="instanceDateRule" valueType="object">
												<object type="InstanceSelectionRule:rule" version="3">
													<property name="type" value="EQUAL" valueType="string"/>
												</object>
											</property>
											<property name="instanceKeyRules" valueType="table">
												<object type="InstanceSelectionRule:instanceKeyRule" version="3">
													<property name="type" value="EQUAL" valueType="string"/>
													<property name="instanceKeyName" value="v" valueType="string"/>
												</object>
												<object type="InstanceSelectionRule:instanceKeyRule" version="3">
													<property name="type" value="EQUAL" valueType="string"/>
													<property name="instanceKeyName" value="run_id" valueType="string"/>
												</object>
												<object type="InstanceSelectionRule:instanceKeyRule" version="3">
													<property name="type" value="EQUAL" valueType="string"/>
													<property name="instanceKeyName" value="scenarioKey" valueType="string"/>
												</object>
												<object type="InstanceSelectionRule:instanceKeyRule" version="3">
													<property name="type" value="EQUAL" valueType="string"/>
													<property name="instanceKeyName" value="run_type" valueType="string"/>
												</object>
											</property>
										</object>
									</property>
									<property name="join" valueType="table">
										<object type="DataModel:node:join" version="3">
											<property name="sourceField" valueType="url">DataSource["shared_calcs:Classification_Of_Off_Balance_Sheet_Items"{015fe472-ce70-41e1-9583-ebf524ac86a8:152caf28-baf8-4d1f-b741-6ce55c2f8faa}].layout["enm_off_bs_rsk_ctgry"{9a4fe34d-0840-4276-80b5-a51765c9701e}]</property>
											<property name="parentField" valueType="url">DataSource["Aggregation[FCCM_Final_Exposures]"{Aggregation[b974efb2-b572-4b21-bd41-7067fdf9d273]}].layout["enm_off_bs_rsk_ctgry"{0e4fa45c-cf1b-4c11-9813-e94f31b716b6}]</property>
										</object>
									</property>
								</objectNode>
								<objectNode type="ModifyModel:node" version="9">
									<property name="name" value="irb_rw" valueType="string"/>
									<property name="description" value="" valueType="string"/>
									<property name="id" value="44b972da-971d-4070-887e-c03017dc522a" valueType="string"/>
									<property name="dataSource" valueType="url">DataSource["Portfolio-result[IRB_RW_After_CRM].Portfolio[IRB_Coefficient_of_Correlation_After_CRM].ModifyModel[IRB_Coefficient_of_Correlation_After_CRM].Aggregation[FCCM_Final_Exposures]"{Portfolio-result[72b2e26c-2616-4c11-9374-f661f09de30a].Portfolio[bde2ac43-cfd5-43a8-a781-fca1f149b43b].ModifyModel[e3da16f6-6ba9-408e-aee9-e8fa0bc10fce].Aggregation[b974efb2-b572-4b21-bd41-7067fdf9d273]}]</property>
									<property name="relationshipToParent" value="ONE_OR_ZERO_TO_ONE" valueType="string"/>
									<property name="mandatoryInJoin" value="false" valueType="boolean"/>
									<property name="additionalConstraint" valueType="table"/>
									<property name="additionalJoinExpression" valueType="table"/>
									<property name="instanceSelectionRule" valueType="object">
										<object type="InstanceSelectionRule" version="3">
											<property name="instanceDateRule" valueType="object">
												<object type="InstanceSelectionRule:rule" version="3">
													<property name="type" value="EQUAL" valueType="string"/>
												</object>
											</property>
											<property name="instanceKeyRules" valueType="table">
												<object type="InstanceSelectionRule:instanceKeyRule" version="3">
													<property name="type" value="EQUAL" valueType="string"/>
													<property name="instanceKeyName" value="v" valueType="string"/>
												</object>
												<object type="InstanceSelectionRule:instanceKeyRule" version="3">
													<property name="type" value="EQUAL" valueType="string"/>
													<property name="instanceKeyName" value="run_id" valueType="string"/>
												</object>
												<object type="InstanceSelectionRule:instanceKeyRule" version="3">
													<property name="type" value="EQUAL" valueType="string"/>
													<property name="instanceKeyName" value="scenarioKey" valueType="string"/>
												</object>
												<object type="InstanceSelectionRule:instanceKeyRule" version="3">
													<property name="type" value="EQUAL" valueType="string"/>
													<property name="instanceKeyName" value="run_type" valueType="string"/>
												</object>
											</property>
										</object>
									</property>
									<property name="join" valueType="table">
										<object type="DataModel:node:join" version="3">
											<property name="sourceField" valueType="url">DataSource["Portfolio-result[IRB_RW_After_CRM].Portfolio[IRB_Coefficient_of_Correlation_After_CRM].ModifyModel[IRB_Coefficient_of_Correlation_After_CRM].Aggregation[FCCM_Final_Exposures]"{Portfolio-result[72b2e26c-2616-4c11-9374-f661f09de30a].Portfolio[bde2ac43-cfd5-43a8-a781-fca1f149b43b].ModifyModel[e3da16f6-6ba9-408e-aee9-e8fa0bc10fce].Aggregation[b974efb2-b572-4b21-bd41-7067fdf9d273]}].layout["entity"{25d8c26d-3c6d-456a-8e64-70e76724a87d}]</property>
											<property name="parentField" valueType="url">DataSource["Aggregation[FCCM_Final_Exposures]"{Aggregation[b974efb2-b572-4b21-bd41-7067fdf9d273]}].layout["entity"{25d8c26d-3c6d-456a-8e64-70e76724a87d}]</property>
										</object>
										<object type="DataModel:node:join" version="3">
											<property name="sourceField" valueType="url">DataSource["Portfolio-result[IRB_RW_After_CRM].Portfolio[IRB_Coefficient_of_Correlation_After_CRM].ModifyModel[IRB_Coefficient_of_Correlation_After_CRM].Aggregation[FCCM_Final_Exposures]"{Portfolio-result[72b2e26c-2616-4c11-9374-f661f09de30a].Portfolio[bde2ac43-cfd5-43a8-a781-fca1f149b43b].ModifyModel[e3da16f6-6ba9-408e-aee9-e8fa0bc10fce].Aggregation[b974efb2-b572-4b21-bd41-7067fdf9d273]}].layout["id_expsr_unique"{3368f4e9-3f1b-4c0a-9707-65345bc49c15}]</property>
											<property name="parentField" valueType="url">DataSource["Aggregation[FCCM_Final_Exposures]"{Aggregation[b974efb2-b572-4b21-bd41-7067fdf9d273]}].layout["id_expsr_unique"{3368f4e9-3f1b-4c0a-9707-65345bc49c15}]</property>
										</object>
									</property>
									<children>
										<objectNode type="ModifyModel:node" version="9">
											<property name="name" value="irb_rw_pnorm" valueType="string"/>
											<property name="description" value="" valueType="string"/>
											<property name="id" value="ab4c0ebf-2fff-4b33-9de9-197650fe942c" valueType="string"/>
											<property name="dataSource" valueType="url">DataSource["Computation[IRB_RW_After_CRM].irb_rw_output"{Computation[439f6635-3c6d-4a65-b3e3-0bdd23ca3324].d93184fb-5914-4507-ba37-4cef03d4e92f}]</property>
											<property name="relationshipToParent" value="ONE_OR_ZERO_TO_ONE" valueType="string"/>
											<property name="mandatoryInJoin" value="false" valueType="boolean"/>
											<property name="additionalConstraint" valueType="table"/>
											<property name="additionalJoinExpression" valueType="table"/>
											<property name="instanceSelectionRule" valueType="object">
												<object type="InstanceSelectionRule" version="3">
													<property name="instanceDateRule" valueType="object">
														<object type="InstanceSelectionRule:rule" version="3">
															<property name="type" value="EQUAL" valueType="string"/>
														</object>
													</property>
													<property name="instanceKeyRules" valueType="table">
														<object type="InstanceSelectionRule:instanceKeyRule" version="3">
															<property name="type" value="EQUAL" valueType="string"/>
															<property name="instanceKeyName" value="v" valueType="string"/>
														</object>
														<object type="InstanceSelectionRule:instanceKeyRule" version="3">
															<property name="type" value="EQUAL" valueType="string"/>
															<property name="instanceKeyName" value="run_id" valueType="string"/>
														</object>
														<object type="InstanceSelectionRule:instanceKeyRule" version="3">
															<property name="type" value="EQUAL" valueType="string"/>
															<property name="instanceKeyName" value="scenarioKey" valueType="string"/>
														</object>
														<object type="InstanceSelectionRule:instanceKeyRule" version="3">
															<property name="type" value="EQUAL" valueType="string"/>
															<property name="instanceKeyName" value="run_type" valueType="string"/>
														</object>
													</property>
												</object>
											</property>
											<property name="join" valueType="table">
												<object type="DataModel:node:join" version="3">
													<property name="sourceField" valueType="url">DataSource["Computation[IRB_RW_After_CRM].irb_rw_output"{Computation[439f6635-3c6d-4a65-b3e3-0bdd23ca3324].d93184fb-5914-4507-ba37-4cef03d4e92f}].layout["entity"{entity}]</property>
													<property name="parentField" valueType="url">DataSource["Portfolio-result[IRB_RW_After_CRM].Portfolio[IRB_Coefficient_of_Correlation_After_CRM].ModifyModel[IRB_Coefficient_of_Correlation_After_CRM].Aggregation[FCCM_Final_Exposures]"{Portfolio-result[72b2e26c-2616-4c11-9374-f661f09de30a].Portfolio[bde2ac43-cfd5-43a8-a781-fca1f149b43b].ModifyModel[e3da16f6-6ba9-408e-aee9-e8fa0bc10fce].Aggregation[b974efb2-b572-4b21-bd41-7067fdf9d273]}].layout["entity"{25d8c26d-3c6d-456a-8e64-70e76724a87d}]</property>
												</object>
												<object type="DataModel:node:join" version="3">
													<property name="sourceField" valueType="url">DataSource["Computation[IRB_RW_After_CRM].irb_rw_output"{Computation[439f6635-3c6d-4a65-b3e3-0bdd23ca3324].d93184fb-5914-4507-ba37-4cef03d4e92f}].layout["id_unique"{id_unique}]</property>
													<property name="parentField" valueType="url">DataSource["Portfolio-result[IRB_RW_After_CRM].Portfolio[IRB_Coefficient_of_Correlation_After_CRM].ModifyModel[IRB_Coefficient_of_Correlation_After_CRM].Aggregation[FCCM_Final_Exposures]"{Portfolio-result[72b2e26c-2616-4c11-9374-f661f09de30a].Portfolio[bde2ac43-cfd5-43a8-a781-fca1f149b43b].ModifyModel[e3da16f6-6ba9-408e-aee9-e8fa0bc10fce].Aggregation[b974efb2-b572-4b21-bd41-7067fdf9d273]}].layout["id_expsr_unique"{3368f4e9-3f1b-4c0a-9707-65345bc49c15}]</property>
												</object>
											</property>
										</objectNode>
									</children>
								</objectNode>
								<objectNode type="ModifyModel:node" version="9">
									<property name="name" value="sme_sf_conditions" valueType="string"/>
									<property name="description" value="Resulting data source for aggregation SME_Scalar_Factor_Eligibility" valueType="string"/>
									<property name="id" value="62e722fc-a4c5-4c1e-a2dc-e270b7512f9e" valueType="string"/>
									<property name="dataSource" valueType="url">DataSource["Aggregation[SME_Scalar_Factor_Eligibility]"{Aggregation[2f01537b-c0f0-472d-9186-21417cd6ef84]}]</property>
									<property name="relationshipToParent" value="ONE_OR_ZERO_TO_ONE" valueType="string"/>
									<property name="mandatoryInJoin" value="false" valueType="boolean"/>
									<property name="additionalConstraint" valueType="table"/>
									<property name="additionalJoinExpression" valueType="table"/>
									<property name="instanceSelectionRule" valueType="object">
										<object type="InstanceSelectionRule" version="3">
											<property name="instanceDateRule" valueType="object">
												<object type="InstanceSelectionRule:rule" version="3">
													<property name="type" value="EQUAL" valueType="string"/>
												</object>
											</property>
											<property name="instanceKeyRules" valueType="table">
												<object type="InstanceSelectionRule:instanceKeyRule" version="3">
													<property name="type" value="EQUAL" valueType="string"/>
													<property name="instanceKeyName" value="v" valueType="string"/>
												</object>
												<object type="InstanceSelectionRule:instanceKeyRule" version="3">
													<property name="type" value="EQUAL" valueType="string"/>
													<property name="instanceKeyName" value="run_id" valueType="string"/>
												</object>
												<object type="InstanceSelectionRule:instanceKeyRule" version="3">
													<property name="type" value="EQUAL" valueType="string"/>
													<property name="instanceKeyName" value="scenarioKey" valueType="string"/>
												</object>
												<object type="InstanceSelectionRule:instanceKeyRule" version="3">
													<property name="type" value="EQUAL" valueType="string"/>
													<property name="instanceKeyName" value="run_type" valueType="string"/>
												</object>
											</property>
										</object>
									</property>
									<property name="join" valueType="table">
										<object type="DataModel:node:join" version="3">
											<property name="sourceField" valueType="url">DataSource["Aggregation[SME_Scalar_Factor_Eligibility]"{Aggregation[2f01537b-c0f0-472d-9186-21417cd6ef84]}].layout["entity"{8f79928f-c30d-4eb2-ad18-bd7c9a8126de}]</property>
											<property name="parentField" valueType="url">DataSource["Aggregation[FCCM_Final_Exposures]"{Aggregation[b974efb2-b572-4b21-bd41-7067fdf9d273]}].layout["entity"{25d8c26d-3c6d-456a-8e64-70e76724a87d}]</property>
										</object>
										<object type="DataModel:node:join" version="3">
											<property name="sourceField" valueType="url">DataSource["Aggregation[SME_Scalar_Factor_Eligibility]"{Aggregation[2f01537b-c0f0-472d-9186-21417cd6ef84]}].layout["id_expsr_unique"{04680971-ac1f-4175-8f62-ecef6086422f}]</property>
											<property name="parentField" valueType="url">DataSource["Aggregation[FCCM_Final_Exposures]"{Aggregation[b974efb2-b572-4b21-bd41-7067fdf9d273]}].layout["id_expsr_unique"{3368f4e9-3f1b-4c0a-9707-65345bc49c15}]</property>
										</object>
									</property>
								</objectNode>
								<objectNode type="ModifyModel:node" version="9">
									<property name="name" value="due_diligence" valueType="string"/>
									<property name="description" value="" valueType="string"/>
									<property name="id" value="ee4b8b9d-5aa5-433a-81b0-ed6fc3507be5" valueType="string"/>
									<property name="dataSource" valueType="url">DataSource["Portfolio-result[Due_Diligence_Impact].Aggregation[FCCM_Final_Exposures]"{Portfolio-result[afa83a50-6d46-4b84-aa6d-1a8b51778aa7].Aggregation[b974efb2-b572-4b21-bd41-7067fdf9d273]}]</property>
									<property name="relationshipToParent" value="ONE_OR_ZERO_TO_ONE" valueType="string"/>
									<property name="mandatoryInJoin" value="false" valueType="boolean"/>
									<property name="additionalConstraint" valueType="table"/>
									<property name="additionalJoinExpression" valueType="table"/>
									<property name="instanceSelectionRule" valueType="object">
										<object type="InstanceSelectionRule" version="3">
											<property name="instanceDateRule" valueType="object">
												<object type="InstanceSelectionRule:rule" version="3">
													<property name="type" value="EQUAL" valueType="string"/>
												</object>
											</property>
											<property name="instanceKeyRules" valueType="table">
												<object type="InstanceSelectionRule:instanceKeyRule" version="3">
													<property name="type" value="EQUAL" valueType="string"/>
													<property name="instanceKeyName" value="v" valueType="string"/>
												</object>
												<object type="InstanceSelectionRule:instanceKeyRule" version="3">
													<property name="type" value="EQUAL" valueType="string"/>
													<property name="instanceKeyName" value="run_id" valueType="string"/>
												</object>
												<object type="InstanceSelectionRule:instanceKeyRule" version="3">
													<property name="type" value="EQUAL" valueType="string"/>
													<property name="instanceKeyName" value="scenarioKey" valueType="string"/>
												</object>
												<object type="InstanceSelectionRule:instanceKeyRule" version="3">
													<property name="type" value="EQUAL" valueType="string"/>
													<property name="instanceKeyName" value="run_type" valueType="string"/>
												</object>
											</property>
										</object>
									</property>
									<property name="join" valueType="table">
										<object type="DataModel:node:join" version="3">
											<property name="sourceField" valueType="url">DataSource["Portfolio-result[Due_Diligence_Impact].Aggregation[FCCM_Final_Exposures]"{Portfolio-result[afa83a50-6d46-4b84-aa6d-1a8b51778aa7].Aggregation[b974efb2-b572-4b21-bd41-7067fdf9d273]}].layout["entity"{25d8c26d-3c6d-456a-8e64-70e76724a87d}]</property>
											<property name="parentField" valueType="url">DataSource["Aggregation[FCCM_Final_Exposures]"{Aggregation[b974efb2-b572-4b21-bd41-7067fdf9d273]}].layout["entity"{25d8c26d-3c6d-456a-8e64-70e76724a87d}]</property>
										</object>
										<object type="DataModel:node:join" version="3">
											<property name="sourceField" valueType="url">DataSource["Portfolio-result[Due_Diligence_Impact].Aggregation[FCCM_Final_Exposures]"{Portfolio-result[afa83a50-6d46-4b84-aa6d-1a8b51778aa7].Aggregation[b974efb2-b572-4b21-bd41-7067fdf9d273]}].layout["id_expsr_unique"{3368f4e9-3f1b-4c0a-9707-65345bc49c15}]</property>
											<property name="parentField" valueType="url">DataSource["Aggregation[FCCM_Final_Exposures]"{Aggregation[b974efb2-b572-4b21-bd41-7067fdf9d273]}].layout["id_expsr_unique"{3368f4e9-3f1b-4c0a-9707-65345bc49c15}]</property>
										</object>
									</property>
								</objectNode>
							</children>
						</objectNode>
						<objectNode type="ModifyModel:node" version="9">
							<property name="name" value="FCCM_final_collateral" valueType="string"/>
							<property name="description" value="Resulting data source for aggregation Collated_Credit_Risk_Mitigations" valueType="string"/>
							<property name="id" value="cd23b73e-bdfe-48af-8388-4552a661661d" valueType="string"/>
							<property name="dataSource" valueType="url">DataSource["Aggregation[Collated_Credit_Risk_Mitigations]"{Aggregation[8aa8ab36-d8fd-4925-a401-5706da489f90]}]</property>
							<property name="relationshipToParent" value="ONE_OR_ZERO_TO_ONE" valueType="string"/>
							<property name="mandatoryInJoin" value="false" valueType="boolean"/>
							<property name="additionalConstraint" valueType="table"/>
							<property name="additionalJoinExpression" valueType="table"/>
							<property name="instanceSelectionRule" valueType="object">
								<object type="InstanceSelectionRule" version="3">
									<property name="instanceDateRule" valueType="object">
										<object type="InstanceSelectionRule:rule" version="3">
											<property name="type" value="EQUAL" valueType="string"/>
										</object>
									</property>
									<property name="instanceKeyRules" valueType="table">
										<object type="InstanceSelectionRule:instanceKeyRule" version="3">
											<property name="type" value="EQUAL" valueType="string"/>
											<property name="instanceKeyName" value="v" valueType="string"/>
										</object>
										<object type="InstanceSelectionRule:instanceKeyRule" version="3">
											<property name="type" value="EQUAL" valueType="string"/>
											<property name="instanceKeyName" value="run_id" valueType="string"/>
										</object>
										<object type="InstanceSelectionRule:instanceKeyRule" version="3">
											<property name="type" value="EQUAL" valueType="string"/>
											<property name="instanceKeyName" value="scenarioKey" valueType="string"/>
										</object>
										<object type="InstanceSelectionRule:instanceKeyRule" version="3">
											<property name="type" value="EQUAL" valueType="string"/>
											<property name="instanceKeyName" value="run_type" valueType="string"/>
										</object>
									</property>
								</object>
							</property>
							<property name="join" valueType="table">
								<object type="DataModel:node:join" version="3">
									<property name="sourceField" valueType="url">DataSource["Aggregation[Collated_Credit_Risk_Mitigations]"{Aggregation[8aa8ab36-d8fd-4925-a401-5706da489f90]}].layout["id_unique"{9ef859a9-2612-423d-9552-bfd1953b6e64}]</property>
									<property name="parentField" valueType="url">DataSource["shared_calcs:Aggregation[Consolidated_CR_Exposure_Inputs]"{015fe472-ce70-41e1-9583-ebf524ac86a8:Aggregation[e656b996-3c81-4229-a299-6d0d56226654]}].layout["id_unique"{2e54731c-1a48-4165-9b7d-092b712bd570}]</property>
								</object>
								<object type="DataModel:node:join" version="3">
									<property name="sourceField" valueType="url">DataSource["Aggregation[Collated_Credit_Risk_Mitigations]"{Aggregation[8aa8ab36-d8fd-4925-a401-5706da489f90]}].layout["entity"{1d1e2b89-0610-4cfc-a1f3-d514b37a5cc5}]</property>
									<property name="parentField" valueType="url">DataSource["shared_calcs:Aggregation[Consolidated_CR_Exposure_Inputs]"{015fe472-ce70-41e1-9583-ebf524ac86a8:Aggregation[e656b996-3c81-4229-a299-6d0d56226654]}].layout["entity"{6774a62e-c315-4490-bae4-2cbfb9891b45}]</property>
								</object>
							</property>
						</objectNode>
						<objectNode type="ModifyModel:node" version="9">
							<property name="name" value="Master_Agreement_Input" valueType="string"/>
							<property name="description" value="Resulting data source for aggregation Master_Netting_Agreement" valueType="string"/>
							<property name="id" value="cfad346c-e334-4392-b2f0-e5437245025d" valueType="string"/>
							<property name="dataSource" valueType="url">DataSource["Aggregation[Master_Netting_Agreement]"{Aggregation[a259b008-05aa-49b0-af59-961ce383b1f6]}]</property>
							<property name="relationshipToParent" value="ONE_OR_ZERO_TO_ONE" valueType="string"/>
							<property name="mandatoryInJoin" value="false" valueType="boolean"/>
							<property name="additionalConstraint" valueType="table"/>
							<property name="additionalJoinExpression" valueType="table"/>
							<property name="instanceSelectionRule" valueType="object">
								<object type="InstanceSelectionRule" version="3">
									<property name="instanceDateRule" valueType="object">
										<object type="InstanceSelectionRule:rule" version="3">
											<property name="type" value="EQUAL" valueType="string"/>
										</object>
									</property>
									<property name="instanceKeyRules" valueType="table">
										<object type="InstanceSelectionRule:instanceKeyRule" version="3">
											<property name="type" value="EQUAL" valueType="string"/>
											<property name="instanceKeyName" value="v" valueType="string"/>
										</object>
										<object type="InstanceSelectionRule:instanceKeyRule" version="3">
											<property name="type" value="EQUAL" valueType="string"/>
											<property name="instanceKeyName" value="run_id" valueType="string"/>
										</object>
										<object type="InstanceSelectionRule:instanceKeyRule" version="3">
											<property name="type" value="EQUAL" valueType="string"/>
											<property name="instanceKeyName" value="scenarioKey" valueType="string"/>
										</object>
										<object type="InstanceSelectionRule:instanceKeyRule" version="3">
											<property name="type" value="EQUAL" valueType="string"/>
											<property name="instanceKeyName" value="run_type" valueType="string"/>
										</object>
									</property>
								</object>
							</property>
							<property name="join" valueType="table">
								<object type="DataModel:node:join" version="3">
									<property name="sourceField" valueType="url">DataSource["Aggregation[Master_Netting_Agreement]"{Aggregation[a259b008-05aa-49b0-af59-961ce383b1f6]}].layout["id_unique"{038457f6-800e-4773-948a-8b3dd14afe2e}]</property>
									<property name="parentField" valueType="url">DataSource["shared_calcs:Aggregation[Consolidated_CR_Exposure_Inputs]"{015fe472-ce70-41e1-9583-ebf524ac86a8:Aggregation[e656b996-3c81-4229-a299-6d0d56226654]}].layout["id_unique"{2e54731c-1a48-4165-9b7d-092b712bd570}]</property>
								</object>
								<object type="DataModel:node:join" version="3">
									<property name="sourceField" valueType="url">DataSource["Aggregation[Master_Netting_Agreement]"{Aggregation[a259b008-05aa-49b0-af59-961ce383b1f6]}].layout["entity"{7e73af52-8d4d-4e8b-a91d-40888d910681}]</property>
									<property name="parentField" valueType="url">DataSource["shared_calcs:Aggregation[Consolidated_CR_Exposure_Inputs]"{015fe472-ce70-41e1-9583-ebf524ac86a8:Aggregation[e656b996-3c81-4229-a299-6d0d56226654]}].layout["entity"{6774a62e-c315-4490-bae4-2cbfb9891b45}]</property>
								</object>
							</property>
							<children>
								<objectNode type="ModifyModel:node" version="9">
									<property name="name" value="MNA_Exposure" valueType="string"/>
									<property name="description" value="Resulting data source for aggregation Master_Netting_Agreement_Exposures" valueType="string"/>
									<property name="id" value="f359e79d-9c77-4bd4-b8de-07f36879abd3" valueType="string"/>
									<property name="dataSource" valueType="url">DataSource["Aggregation[Master_Netting_Agreement_Exposures]"{Aggregation[b1ceba5e-6298-4f66-b525-c02b2fbb45a8]}]</property>
									<property name="relationshipToParent" value="ONE_OR_ZERO_TO_ONE" valueType="string"/>
									<property name="mandatoryInJoin" value="false" valueType="boolean"/>
									<property name="additionalConstraint" valueType="table"/>
									<property name="additionalJoinExpression" valueType="table"/>
									<property name="instanceSelectionRule" valueType="object">
										<object type="InstanceSelectionRule" version="3">
											<property name="instanceDateRule" valueType="object">
												<object type="InstanceSelectionRule:rule" version="3">
													<property name="type" value="EQUAL" valueType="string"/>
												</object>
											</property>
											<property name="instanceKeyRules" valueType="table">
												<object type="InstanceSelectionRule:instanceKeyRule" version="3">
													<property name="type" value="EQUAL" valueType="string"/>
													<property name="instanceKeyName" value="v" valueType="string"/>
												</object>
												<object type="InstanceSelectionRule:instanceKeyRule" version="3">
													<property name="type" value="EQUAL" valueType="string"/>
													<property name="instanceKeyName" value="run_id" valueType="string"/>
												</object>
												<object type="InstanceSelectionRule:instanceKeyRule" version="3">
													<property name="type" value="EQUAL" valueType="string"/>
													<property name="instanceKeyName" value="scenarioKey" valueType="string"/>
												</object>
												<object type="InstanceSelectionRule:instanceKeyRule" version="3">
													<property name="type" value="EQUAL" valueType="string"/>
													<property name="instanceKeyName" value="run_type" valueType="string"/>
												</object>
											</property>
										</object>
									</property>
									<property name="join" valueType="table">
										<object type="DataModel:node:join" version="3">
											<property name="sourceField" valueType="url">DataSource["Aggregation[Master_Netting_Agreement_Exposures]"{Aggregation[b1ceba5e-6298-4f66-b525-c02b2fbb45a8]}].layout["entity"{1aba8222-e4cc-4113-a94a-eccd8926ea7d}]</property>
											<property name="parentField" valueType="url">DataSource["Aggregation[Master_Netting_Agreement]"{Aggregation[a259b008-05aa-49b0-af59-961ce383b1f6]}].layout["entity"{7e73af52-8d4d-4e8b-a91d-40888d910681}]</property>
										</object>
										<object type="DataModel:node:join" version="3">
											<property name="sourceField" valueType="url">DataSource["Aggregation[Master_Netting_Agreement_Exposures]"{Aggregation[b1ceba5e-6298-4f66-b525-c02b2fbb45a8]}].layout["id_unique"{fe93703c-42d1-439d-abce-edc5a43a696b}]</property>
											<property name="parentField" valueType="url">DataSource["Aggregation[Master_Netting_Agreement]"{Aggregation[a259b008-05aa-49b0-af59-961ce383b1f6]}].layout["id_unique"{038457f6-800e-4773-948a-8b3dd14afe2e}]</property>
										</object>
									</property>
									<children>
										<objectNode type="ModifyModel:node" version="9">
											<property name="name" value="Exposure_Optimized" valueType="string"/>
											<property name="description" value="Resulting data source for aggregation MNA_Total_Apportionment_Final" valueType="string"/>
											<property name="id" value="f1233613-15a3-4118-a1fe-be507158a163" valueType="string"/>
											<property name="dataSource" valueType="url">DataSource["Aggregation[MNA_Total_Apportionment_Final]"{Aggregation[e5dfceaf-1af0-4e60-928f-c790e9394a33]}]</property>
											<property name="relationshipToParent" value="ONE_OR_ZERO_TO_ONE" valueType="string"/>
											<property name="mandatoryInJoin" value="false" valueType="boolean"/>
											<property name="additionalConstraint" valueType="table"/>
											<property name="additionalJoinExpression" valueType="table"/>
											<property name="instanceSelectionRule" valueType="object">
												<object type="InstanceSelectionRule" version="3">
													<property name="instanceDateRule" valueType="object">
														<object type="InstanceSelectionRule:rule" version="3">
															<property name="type" value="EQUAL" valueType="string"/>
														</object>
													</property>
													<property name="instanceKeyRules" valueType="table">
														<object type="InstanceSelectionRule:instanceKeyRule" version="3">
															<property name="type" value="EQUAL" valueType="string"/>
															<property name="instanceKeyName" value="v" valueType="string"/>
														</object>
														<object type="InstanceSelectionRule:instanceKeyRule" version="3">
															<property name="type" value="EQUAL" valueType="string"/>
															<property name="instanceKeyName" value="run_id" valueType="string"/>
														</object>
														<object type="InstanceSelectionRule:instanceKeyRule" version="3">
															<property name="type" value="EQUAL" valueType="string"/>
															<property name="instanceKeyName" value="scenarioKey" valueType="string"/>
														</object>
														<object type="InstanceSelectionRule:instanceKeyRule" version="3">
															<property name="type" value="EQUAL" valueType="string"/>
															<property name="instanceKeyName" value="run_type" valueType="string"/>
														</object>
													</property>
												</object>
											</property>
											<property name="join" valueType="table">
												<object type="DataModel:node:join" version="3">
													<property name="sourceField" valueType="url">DataSource["Aggregation[MNA_Total_Apportionment_Final]"{Aggregation[e5dfceaf-1af0-4e60-928f-c790e9394a33]}].layout["id_nttng_agrmnt"{76caf7d0-5af6-4b9b-af92-f1983b3b5065}]</property>
													<property name="parentField" valueType="url">DataSource["Aggregation[Master_Netting_Agreement_Exposures]"{Aggregation[b1ceba5e-6298-4f66-b525-c02b2fbb45a8]}].layout["id_nttng_agrmnt"{0cd1a37e-6fd8-4869-b504-8429808cfb89}]</property>
												</object>
												<object type="DataModel:node:join" version="3">
													<property name="sourceField" valueType="url">DataSource["Aggregation[MNA_Total_Apportionment_Final]"{Aggregation[e5dfceaf-1af0-4e60-928f-c790e9394a33]}].layout["entity"{bd785509-c6b0-41cb-8fd4-7654005482ac}]</property>
													<property name="parentField" valueType="url">DataSource["Aggregation[Master_Netting_Agreement_Exposures]"{Aggregation[b1ceba5e-6298-4f66-b525-c02b2fbb45a8]}].layout["entity"{1aba8222-e4cc-4113-a94a-eccd8926ea7d}]</property>
												</object>
												<object type="DataModel:node:join" version="3">
													<property name="sourceField" valueType="url">DataSource["Aggregation[MNA_Total_Apportionment_Final]"{Aggregation[e5dfceaf-1af0-4e60-928f-c790e9394a33]}].layout["id_unique"{14293242-25a4-44b2-88cf-e703669750ea}]</property>
													<property name="parentField" valueType="url">DataSource["Aggregation[Master_Netting_Agreement_Exposures]"{Aggregation[b1ceba5e-6298-4f66-b525-c02b2fbb45a8]}].layout["id_unique"{fe93703c-42d1-439d-abce-edc5a43a696b}]</property>
												</object>
											</property>
										</objectNode>
									</children>
								</objectNode>
								<objectNode type="ModifyModel:node" version="9">
									<property name="name" value="Mitigation_Check" valueType="string"/>
									<property name="description" value="Resulting data source for aggregation Credit_Risk_Mitigation_Check" valueType="string"/>
									<property name="id" value="9189d01a-f0c8-4031-8d81-f1804cc3810d" valueType="string"/>
									<property name="dataSource" valueType="url">DataSource["Aggregation[Credit_Risk_Mitigation_Check]"{Aggregation[f88f86ff-1ee9-48ff-96b3-991f05b8bb90]}]</property>
									<property name="relationshipToParent" value="ONE_OR_ZERO_TO_ONE" valueType="string"/>
									<property name="mandatoryInJoin" value="false" valueType="boolean"/>
									<property name="additionalConstraint" valueType="table"/>
									<property name="additionalJoinExpression" valueType="table"/>
									<property name="instanceSelectionRule" valueType="object">
										<object type="InstanceSelectionRule" version="3">
											<property name="instanceDateRule" valueType="object">
												<object type="InstanceSelectionRule:rule" version="3">
													<property name="type" value="EQUAL" valueType="string"/>
												</object>
											</property>
											<property name="instanceKeyRules" valueType="table">
												<object type="InstanceSelectionRule:instanceKeyRule" version="3">
													<property name="type" value="EQUAL" valueType="string"/>
													<property name="instanceKeyName" value="v" valueType="string"/>
												</object>
												<object type="InstanceSelectionRule:instanceKeyRule" version="3">
													<property name="type" value="EQUAL" valueType="string"/>
													<property name="instanceKeyName" value="run_id" valueType="string"/>
												</object>
												<object type="InstanceSelectionRule:instanceKeyRule" version="3">
													<property name="type" value="EQUAL" valueType="string"/>
													<property name="instanceKeyName" value="scenarioKey" valueType="string"/>
												</object>
												<object type="InstanceSelectionRule:instanceKeyRule" version="3">
													<property name="type" value="EQUAL" valueType="string"/>
													<property name="instanceKeyName" value="run_type" valueType="string"/>
												</object>
											</property>
										</object>
									</property>
									<property name="join" valueType="table">
										<object type="DataModel:node:join" version="3">
											<property name="sourceField" valueType="url">DataSource["Aggregation[Credit_Risk_Mitigation_Check]"{Aggregation[f88f86ff-1ee9-48ff-96b3-991f05b8bb90]}].layout["entity"{0340b01c-a591-438b-bb56-3e120a84d2d2}]</property>
											<property name="parentField" valueType="url">DataSource["Aggregation[Master_Netting_Agreement]"{Aggregation[a259b008-05aa-49b0-af59-961ce383b1f6]}].layout["entity"{7e73af52-8d4d-4e8b-a91d-40888d910681}]</property>
										</object>
										<object type="DataModel:node:join" version="3">
											<property name="sourceField" valueType="url">DataSource["Aggregation[Credit_Risk_Mitigation_Check]"{Aggregation[f88f86ff-1ee9-48ff-96b3-991f05b8bb90]}].layout["id_nttng_agrmnt"{c926e6c2-7554-4cd1-8d20-6ed9497dccb5}]</property>
											<property name="parentField" valueType="url">DataSource["Aggregation[Master_Netting_Agreement]"{Aggregation[a259b008-05aa-49b0-af59-961ce383b1f6]}].layout["id_nttng_agrmnt"{ec563f1b-1ad6-4c53-9591-6b275461f75d}]</property>
										</object>
										<object type="DataModel:node:join" version="3">
											<property name="sourceField" valueType="url">DataSource["Aggregation[Credit_Risk_Mitigation_Check]"{Aggregation[f88f86ff-1ee9-48ff-96b3-991f05b8bb90]}].layout["enm_clltrl_allctn_mthd"{6c005a39-e571-485d-80b1-4f544bafc219}]</property>
											<property name="parentField" valueType="url">DataSource["Aggregation[Master_Netting_Agreement]"{Aggregation[a259b008-05aa-49b0-af59-961ce383b1f6]}].layout["enm_clltrl_allctn_mthd"{4c0b0eb2-87f6-4aea-a891-7c0cc963a5c0}]</property>
										</object>
									</property>
								</objectNode>
								<objectNode type="ModifyModel:node" version="9">
									<property name="name" value="MNA_Adjusted_Exposures" valueType="string"/>
									<property name="description" value="" valueType="string"/>
									<property name="id" value="781ef857-6142-4cb6-b09b-89468ddc9798" valueType="string"/>
									<property name="dataSource" valueType="url">DataSource["Portfolio-result[Fully_Adjusted_Exposures].ModifyModel[Volatility_Adjustments].Aggregation[Master_Netting_Agreement]"{Portfolio-result[b78811e9-7895-4f61-b5de-be881570f3f6].ModifyModel[e3758909-1474-4d2f-823d-b04133f2cf48].Aggregation[a259b008-05aa-49b0-af59-961ce383b1f6]}]</property>
									<property name="relationshipToParent" value="ONE_OR_ZERO_TO_ONE" valueType="string"/>
									<property name="mandatoryInJoin" value="false" valueType="boolean"/>
									<property name="additionalConstraint" valueType="table"/>
									<property name="additionalJoinExpression" valueType="table"/>
									<property name="instanceSelectionRule" valueType="object">
										<object type="InstanceSelectionRule" version="3">
											<property name="instanceDateRule" valueType="object">
												<object type="InstanceSelectionRule:rule" version="3">
													<property name="type" value="EQUAL" valueType="string"/>
												</object>
											</property>
											<property name="instanceKeyRules" valueType="table">
												<object type="InstanceSelectionRule:instanceKeyRule" version="3">
													<property name="type" value="EQUAL" valueType="string"/>
													<property name="instanceKeyName" value="v" valueType="string"/>
												</object>
												<object type="InstanceSelectionRule:instanceKeyRule" version="3">
													<property name="type" value="EQUAL" valueType="string"/>
													<property name="instanceKeyName" value="run_id" valueType="string"/>
												</object>
												<object type="InstanceSelectionRule:instanceKeyRule" version="3">
													<property name="type" value="EQUAL" valueType="string"/>
													<property name="instanceKeyName" value="scenarioKey" valueType="string"/>
												</object>
												<object type="InstanceSelectionRule:instanceKeyRule" version="3">
													<property name="type" value="EQUAL" valueType="string"/>
													<property name="instanceKeyName" value="run_type" valueType="string"/>
												</object>
											</property>
										</object>
									</property>
									<property name="join" valueType="table">
										<object type="DataModel:node:join" version="3">
											<property name="sourceField" valueType="url">DataSource["Portfolio-result[Fully_Adjusted_Exposures].ModifyModel[Volatility_Adjustments].Aggregation[Master_Netting_Agreement]"{Portfolio-result[b78811e9-7895-4f61-b5de-be881570f3f6].ModifyModel[e3758909-1474-4d2f-823d-b04133f2cf48].Aggregation[a259b008-05aa-49b0-af59-961ce383b1f6]}].layout["id_unique"{038457f6-800e-4773-948a-8b3dd14afe2e}]</property>
											<property name="parentField" valueType="url">DataSource["Aggregation[Master_Netting_Agreement]"{Aggregation[a259b008-05aa-49b0-af59-961ce383b1f6]}].layout["id_unique"{038457f6-800e-4773-948a-8b3dd14afe2e}]</property>
										</object>
										<object type="DataModel:node:join" version="3">
											<property name="sourceField" valueType="url">DataSource["Portfolio-result[Fully_Adjusted_Exposures].ModifyModel[Volatility_Adjustments].Aggregation[Master_Netting_Agreement]"{Portfolio-result[b78811e9-7895-4f61-b5de-be881570f3f6].ModifyModel[e3758909-1474-4d2f-823d-b04133f2cf48].Aggregation[a259b008-05aa-49b0-af59-961ce383b1f6]}].layout["entity"{7e73af52-8d4d-4e8b-a91d-40888d910681}]</property>
											<property name="parentField" valueType="url">DataSource["Aggregation[Master_Netting_Agreement]"{Aggregation[a259b008-05aa-49b0-af59-961ce383b1f6]}].layout["entity"{7e73af52-8d4d-4e8b-a91d-40888d910681}]</property>
										</object>
									</property>
								</objectNode>
							</children>
						</objectNode>
						<objectNode type="ModifyModel:node" version="9">
							<property name="name" value="IMM_OF" valueType="string"/>
							<property name="description" value="Resulting data source for aggregation IMM_Own_Funds_Final" valueType="string"/>
							<property name="id" value="285f5e94-bc98-49a7-b0a2-13c46c9197f5" valueType="string"/>
							<property name="dataSource" valueType="url">DataSource["Aggregation[IMM_Own_Funds_Final]"{Aggregation[0bd30ad8-1582-4356-9663-35c8969dc499]}]</property>
							<property name="relationshipToParent" value="ONE_OR_ZERO_TO_ONE" valueType="string"/>
							<property name="mandatoryInJoin" value="false" valueType="boolean"/>
							<property name="additionalConstraint" valueType="table"/>
							<property name="additionalJoinExpression" valueType="table"/>
							<property name="instanceSelectionRule" valueType="object">
								<object type="InstanceSelectionRule" version="3">
									<property name="instanceDateRule" valueType="object">
										<object type="InstanceSelectionRule:rule" version="3">
											<property name="type" value="EQUAL" valueType="string"/>
										</object>
									</property>
									<property name="instanceKeyRules" valueType="table">
										<object type="InstanceSelectionRule:instanceKeyRule" version="3">
											<property name="type" value="EQUAL" valueType="string"/>
											<property name="instanceKeyName" value="v" valueType="string"/>
										</object>
										<object type="InstanceSelectionRule:instanceKeyRule" version="3">
											<property name="type" value="EQUAL" valueType="string"/>
											<property name="instanceKeyName" value="run_id" valueType="string"/>
										</object>
										<object type="InstanceSelectionRule:instanceKeyRule" version="3">
											<property name="type" value="EQUAL" valueType="string"/>
											<property name="instanceKeyName" value="scenarioKey" valueType="string"/>
										</object>
										<object type="InstanceSelectionRule:instanceKeyRule" version="3">
											<property name="type" value="EQUAL" valueType="string"/>
											<property name="instanceKeyName" value="run_type" valueType="string"/>
										</object>
									</property>
								</object>
							</property>
							<property name="join" valueType="table">
								<object type="DataModel:node:join" version="3">
									<property name="sourceField" valueType="url">DataSource["Aggregation[IMM_Own_Funds_Final]"{Aggregation[0bd30ad8-1582-4356-9663-35c8969dc499]}].layout["imm_hghts_own_fnds"{4df295c1-d599-4120-9799-f887ee3d2aa8}]</property>
									<property name="parentField" valueType="url">DataSource["shared_calcs:Aggregation[Consolidated_CR_Exposure_Inputs]"{015fe472-ce70-41e1-9583-ebf524ac86a8:Aggregation[e656b996-3c81-4229-a299-6d0d56226654]}].layout["enm_imm_expsr_clcltn"{e266ea39-8ecd-42f5-93f7-f4566ec3d7c1}]</property>
								</object>
								<object type="DataModel:node:join" version="3">
									<property name="sourceField" valueType="url">DataSource["Aggregation[IMM_Own_Funds_Final]"{Aggregation[0bd30ad8-1582-4356-9663-35c8969dc499]}].layout["entity"{52317dfd-0757-46ba-b050-807ab2a8b693}]</property>
									<property name="parentField" valueType="url">DataSource["shared_calcs:Aggregation[Consolidated_CR_Exposure_Inputs]"{015fe472-ce70-41e1-9583-ebf524ac86a8:Aggregation[e656b996-3c81-4229-a299-6d0d56226654]}].layout["entity"{6774a62e-c315-4490-bae4-2cbfb9891b45}]</property>
								</object>
							</property>
						</objectNode>
					</children>
				</objectNode>
			</children>
		</objectNode>
	</property>
	<property name="instanceKeys" valueType="table"/>
	<property name="streamKeys" valueType="table"/>
</object>