<object stamp="a0cdbd6b-4b3b-4726-a4e8-1b37408802cd_1723621437371" type="ModifyModel" version="32">
	<property name="name" value="Direct_Trade_Exposures_Inputs" valueType="string"/>
	<property name="description" value="Direct Trade Exposures with a CCP" valueType="string"/>
	<property name="objectId" value="16eb7427-3ae0-460b-bbd4-8d0730e89991" valueType="string"/>
	<property name="branchId" value="44f98cc4-3c7c-41c3-8daa-5b9828f45d7a" valueType="string"/>
	<property name="model" valueType="url">DataModel["Portfolio[CRR_Charges].ModifyModel[All_Final_Exposures].Aggregation[All_Exposures]"{Portfolio[cf3c3115-8dec-4249-b26b-a832c0281bb1].ModifyModel[7fa66d3c-b55d-43a3-baea-83aebc8f9c8d].Aggregation[a9df4494-ad69-48db-b105-ae290599cd0c]}]</property>
	<property name="modifications" valueType="tree">
		<objectNode type="ModifyModel:root" version="8">
			<property name="name" value="modificationsRoot" valueType="string"/>
			<property name="description" value="" valueType="string"/>
			<property name="id" value="modificationsRoot" valueType="string"/>
			<children>
				<objectNode type="ModifyModel:modification" version="20">
					<property name="name" value="inputs" valueType="string"/>
					<property name="description" value="" valueType="string"/>
					<property name="id" value="42334bdc-9f18-417e-8fe9-c6e5d3a8f32e" valueType="string"/>
					<property name="existingNode" valueType="url">DataModel["Portfolio[CRR_Charges].ModifyModel[All_Final_Exposures].Aggregation[All_Exposures]"{Portfolio[cf3c3115-8dec-4249-b26b-a832c0281bb1].ModifyModel[7fa66d3c-b55d-43a3-baea-83aebc8f9c8d].Aggregation[a9df4494-ad69-48db-b105-ae290599cd0c]}].hierarchy["inputs"{42334bdc-9f18-417e-8fe9-c6e5d3a8f32e}]</property>
					<property name="mandatoryInJoin" value="false" valueType="boolean"/>
					<property name="additionalConstraint" valueType="table"/>
					<property name="additionalJoinExpression" valueType="table"/>
					<children>
						<objectNode type="ModifyModel:node" version="9">
							<property name="name" value="ref_ccp" valueType="string"/>
							<property name="description" value="Resulting data source for aggregation Ref_CCP_Multiple_Default_Funds" valueType="string"/>
							<property name="id" value="f1fda3ce-eea4-4cc4-8113-7e5796524598" valueType="string"/>
							<property name="dataSource" valueType="url">DataSource["shared_calcs:Aggregation[Ref_CCP_Multiple_Default_Funds]"{015fe472-ce70-41e1-9583-ebf524ac86a8:Aggregation[53df640c-1c41-4e2b-91a9-9950fd549877]}]</property>
							<property name="relationshipToParent" value="ONE_TO_ONE" valueType="string"/>
							<property name="mandatoryInJoin" value="false" valueType="boolean"/>
							<property name="additionalConstraint" valueType="table"/>
							<property name="additionalJoinExpression" valueType="table">
								<object type="ModifyModel:localFieldReference" version="3">
									<property name="value" valueType="url">ModifyModel[this].modifications["ref_ccp"{f1fda3ce-eea4-4cc4-8113-7e5796524598}].dataSource.layout["id_cntrprty"{27748229-7013-4285-92af-ed05c5e2971c}]</property>
								</object>
								<object type="SQLExpressionPart" version="2">
									<property name="value" value=" = " valueType="string"/>
								</object>
								<object type="DataModel:fieldReference" version="3">
									<property name="value" valueType="url">DataModel["Portfolio[CRR_Charges].ModifyModel[All_Final_Exposures].Aggregation[All_Exposures]"{Portfolio[cf3c3115-8dec-4249-b26b-a832c0281bb1].ModifyModel[7fa66d3c-b55d-43a3-baea-83aebc8f9c8d].Aggregation[a9df4494-ad69-48db-b105-ae290599cd0c]}].hierarchy["inputs"{42334bdc-9f18-417e-8fe9-c6e5d3a8f32e}].dataSource.layout["id_cntrprty"{14c6aaeb-7c53-458f-89c6-0a2d063fa06d}]</property>
								</object>
								<object type="SQLExpressionPart" version="2">
									<property name="value" value=" AND " valueType="string"/>
								</object>
								<object type="DataModel:fieldReference" version="3">
									<property name="value" valueType="url">DataModel["Portfolio[CRR_Charges].ModifyModel[All_Final_Exposures].Aggregation[All_Exposures]"{Portfolio[cf3c3115-8dec-4249-b26b-a832c0281bb1].ModifyModel[7fa66d3c-b55d-43a3-baea-83aebc8f9c8d].Aggregation[a9df4494-ad69-48db-b105-ae290599cd0c]}].hierarchy["inputs"{42334bdc-9f18-417e-8fe9-c6e5d3a8f32e}].dataSource.layout["enm_ccp_trd_typ"{abf76558-0035-4d34-83f0-dd8c30982447}]</property>
								</object>
								<object type="SQLExpressionPart" version="2">
									<property name="value" value=" = 'CCP_TRADE_EXPOSURE' AND " valueType="string"/>
								</object>
								<object type="DataModel:fieldReference" version="3">
									<property name="value" valueType="url">DataModel["Portfolio[CRR_Charges].ModifyModel[All_Final_Exposures].Aggregation[All_Exposures]"{Portfolio[cf3c3115-8dec-4249-b26b-a832c0281bb1].ModifyModel[7fa66d3c-b55d-43a3-baea-83aebc8f9c8d].Aggregation[a9df4494-ad69-48db-b105-ae290599cd0c]}].hierarchy["inputs"{42334bdc-9f18-417e-8fe9-c6e5d3a8f32e}].dataSource.layout["enm_ccp_role_typ"{ee77e2ab-e3aa-43db-b25a-49afdaf36f34}]</property>
								</object>
								<object type="SQLExpressionPart" version="2">
									<property name="value" value=" IN ('DIRECT_CCP_OWN_ACCT', 'DIRECT_CCP_CLIENT_ACCT') AND " valueType="string"/>
								</object>
								<object type="ModifyModel:localFieldReference" version="3">
									<property name="value" valueType="url">ModifyModel[this].modifications["ref_ccp"{f1fda3ce-eea4-4cc4-8113-7e5796524598}].dataSource.layout["ccp_qlfyng_ind"{f45a054b-b6c3-48b3-aa57-b4882e488c36}]</property>
								</object>
								<object type="SQLExpressionPart" version="2">
									<property name="value" value=" = 'Y'" valueType="string"/>
								</object>
							</property>
							<property name="instanceSelectionRule" valueType="object">
								<object type="InstanceSelectionRule" version="3">
									<property name="instanceDateRule" valueType="object">
										<object type="InstanceSelectionRule:rule" version="3">
											<property name="type" value="EQUAL" valueType="string"/>
										</object>
									</property>
									<property name="instanceKeyRules" valueType="table">
										<object type="InstanceSelectionRule:instanceKeyRule" version="3">
											<property name="type" value="EQUAL" valueType="string"/>
											<property name="instanceKeyName" value="v" valueType="string"/>
										</object>
										<object type="InstanceSelectionRule:instanceKeyRule" version="3">
											<property name="type" value="EQUAL" valueType="string"/>
											<property name="instanceKeyName" value="run_id" valueType="string"/>
										</object>
									</property>
								</object>
							</property>
							<property name="join" valueType="table"/>
						</objectNode>
					</children>
				</objectNode>
			</children>
		</objectNode>
	</property>
	<property name="instanceKeys" valueType="table"/>
	<property name="streamKeys" valueType="table"/>
</object>