<object stamp="353a6f85-fe8e-473d-947d-9a1ea71105eb_1710917022417" type="ModifyModel" version="32">
	<property name="name" value="EU_Consolidated_SACCR_Positions_MRD" valueType="string"/>
	<property name="description" value="" valueType="string"/>
	<property name="objectId" value="77485fdf-d60b-4928-b073-06605a95a40d" valueType="string"/>
	<property name="branchId" value="44f98cc4-3c7c-41c3-8daa-5b9828f45d7a" valueType="string"/>
	<property name="model" valueType="url">DataModel["Aggregation[EU_SACCR_Consolidated_MRD_Inputs]"{Aggregation[9cddecd8-ba28-4175-9cc5-6fcdd30dbc72]}]</property>
	<property name="modifications" valueType="tree">
		<objectNode type="ModifyModel:root" version="8">
			<property name="name" value="modificationsRoot" valueType="string"/>
			<property name="description" value="" valueType="string"/>
			<property name="id" value="modificationsRoot" valueType="string"/>
			<children>
				<objectNode type="ModifyModel:modification" version="20">
					<property name="name" value="Aggregation" valueType="string"/>
					<property name="description" value="" valueType="string"/>
					<property name="id" value="9cddecd8-ba28-4175-9cc5-6fcdd30dbc72" valueType="string"/>
					<property name="existingNode" valueType="url">DataModel["Aggregation[EU_SACCR_Consolidated_MRD_Inputs]"{Aggregation[9cddecd8-ba28-4175-9cc5-6fcdd30dbc72]}].hierarchy["Aggregation"{9cddecd8-ba28-4175-9cc5-6fcdd30dbc72}]</property>
					<property name="mandatoryInJoin" value="false" valueType="boolean"/>
					<property name="additionalConstraint" valueType="table">
						<object type="DataModel:fieldReference" version="3">
							<property name="value" valueType="url">DataModel["Aggregation[EU_SACCR_Consolidated_MRD_Inputs]"{Aggregation[9cddecd8-ba28-4175-9cc5-6fcdd30dbc72]}].hierarchy["Aggregation"{9cddecd8-ba28-4175-9cc5-6fcdd30dbc72}].dataSource.layout["mtrl_rsk_drvr_ind"{481c496d-078c-4b63-a650-80fd1fe464b9}]</property>
						</object>
						<object type="SQLExpressionPart" version="2">
							<property name="value" value=" = 'Y'" valueType="string"/>
						</object>
					</property>
					<property name="additionalJoinExpression" valueType="table"/>
					<children>
						<objectNode type="ModifyModel:node" version="9">
							<property name="name" value="saccr_consol" valueType="string"/>
							<property name="description" value="Resulting data source for aggregation EU_Consolidated_SACCR_Positions" valueType="string"/>
							<property name="id" value="5342e096-f95e-4e02-8a28-82f3eb7252ff" valueType="string"/>
							<property name="dataSource" valueType="url">DataSource["Aggregation[EU_Consolidated_SACCR_Positions]"{Aggregation[1fdff296-3bfe-4ce5-b045-abcf5678ea1a]}]</property>
							<property name="relationshipToParent" value="ONE_TO_ONE" valueType="string"/>
							<property name="mandatoryInJoin" value="false" valueType="boolean"/>
							<property name="additionalConstraint" valueType="table">
								<object type="ModifyModel:localFieldReference" version="3">
									<property name="value" valueType="url">ModifyModel[this].modifications["saccr_consol"{5342e096-f95e-4e02-8a28-82f3eb7252ff}].dataSource.layout["enm_swwr_expsr_mthd"{2dbd7eb8-bf0b-4df1-9d6e-884276541af0}]</property>
								</object>
								<object type="SQLExpressionPart" version="2">
									<property name="value" value=" = ''" valueType="string"/>
								</object>
							</property>
							<property name="additionalJoinExpression" valueType="table"/>
							<property name="instanceSelectionRule" valueType="object">
								<object type="InstanceSelectionRule" version="3">
									<property name="instanceDateRule" valueType="object">
										<object type="InstanceSelectionRule:rule" version="3">
											<property name="type" value="EQUAL" valueType="string"/>
										</object>
									</property>
									<property name="instanceKeyRules" valueType="table">
										<object type="InstanceSelectionRule:instanceKeyRule" version="3">
											<property name="type" value="EQUAL" valueType="string"/>
											<property name="instanceKeyName" value="v" valueType="string"/>
										</object>
										<object type="InstanceSelectionRule:instanceKeyRule" version="3">
											<property name="type" value="EQUAL" valueType="string"/>
											<property name="instanceKeyName" value="run_id" valueType="string"/>
										</object>
										<object type="InstanceSelectionRule:instanceKeyRule" version="3">
											<property name="type" value="EQUAL" valueType="string"/>
											<property name="instanceKeyName" value="scenarioKey" valueType="string"/>
										</object>
										<object type="InstanceSelectionRule:instanceKeyRule" version="3">
											<property name="type" value="EQUAL" valueType="string"/>
											<property name="instanceKeyName" value="run_type" valueType="string"/>
										</object>
									</property>
								</object>
							</property>
							<property name="join" valueType="table">
								<object type="DataModel:node:join" version="3">
									<property name="sourceField" valueType="url">DataSource["Aggregation[EU_Consolidated_SACCR_Positions]"{Aggregation[1fdff296-3bfe-4ce5-b045-abcf5678ea1a]}].layout["entity"{2b51c5db-a176-4e3d-9d52-f7b66587ed6d}]</property>
									<property name="parentField" valueType="url">DataSource["Aggregation[EU_SACCR_Consolidated_MRD_Inputs]"{Aggregation[9cddecd8-ba28-4175-9cc5-6fcdd30dbc72]}].layout["entity"{0a36a161-b01a-4231-8e95-7487e1c7835e}]</property>
								</object>
								<object type="DataModel:node:join" version="3">
									<property name="sourceField" valueType="url">DataSource["Aggregation[EU_Consolidated_SACCR_Positions]"{Aggregation[1fdff296-3bfe-4ce5-b045-abcf5678ea1a]}].layout["id_trd"{c168fd70-2e7b-4fef-981e-6558680aea68}]</property>
									<property name="parentField" valueType="url">DataSource["Aggregation[EU_SACCR_Consolidated_MRD_Inputs]"{Aggregation[9cddecd8-ba28-4175-9cc5-6fcdd30dbc72]}].layout["id_trd"{7703e3c2-3359-440a-9b2b-17390bab1553}]</property>
								</object>
							</property>
						</objectNode>
						<objectNode type="ModifyModel:node" version="9">
							<property name="name" value="supervisory_par" valueType="string"/>
							<property name="description" value="SACCR_Supervisory_Parameters" valueType="string"/>
							<property name="id" value="4d7afeb6-f602-4e78-9b0d-1cc0c980ad78" valueType="string"/>
							<property name="dataSource" valueType="url">DataSource["SACCR_Supervisory_Parameters"{4c60b385-313d-4a3e-954d-f88e430e8c70}]</property>
							<property name="relationshipToParent" value="ONE_OR_ZERO_TO_ONE" valueType="string"/>
							<property name="mandatoryInJoin" value="false" valueType="boolean"/>
							<property name="additionalConstraint" valueType="table"/>
							<property name="additionalJoinExpression" valueType="table"/>
							<property name="instanceSelectionRule" valueType="object">
								<object type="InstanceSelectionRule" version="3">
									<property name="instanceDateRule" valueType="object">
										<object type="InstanceSelectionRule:rule" version="3">
											<property name="type" value="LATEST" valueType="string"/>
										</object>
									</property>
									<property name="instanceKeyRules" valueType="table">
										<object type="InstanceSelectionRule:instanceKeyRule" version="3">
											<property name="type" value="EQUAL" valueType="string"/>
											<property name="instanceKeyName" value="v" valueType="string"/>
										</object>
										<object type="InstanceSelectionRule:instanceKeyRule" version="3">
											<property name="type" value="EQUAL" valueType="string"/>
											<property name="instanceKeyName" value="run_id" valueType="string"/>
										</object>
										<object type="InstanceSelectionRule:instanceKeyRule" version="3">
											<property name="type" value="EQUAL" valueType="string"/>
											<property name="instanceKeyName" value="scenarioKey" valueType="string"/>
										</object>
										<object type="InstanceSelectionRule:instanceKeyRule" version="3">
											<property name="type" value="EQUAL" valueType="string"/>
											<property name="instanceKeyName" value="run_type" valueType="string"/>
										</object>
									</property>
								</object>
							</property>
							<property name="join" valueType="table">
								<object type="DataModel:node:join" version="3">
									<property name="sourceField" valueType="url">DataSource["SACCR_Supervisory_Parameters"{4c60b385-313d-4a3e-954d-f88e430e8c70}].layout["enm_saccr_asst_clss"{cedcefdd-34b5-41cf-b7bb-e717b436091b}]</property>
									<property name="parentField" valueType="url">DataSource["Aggregation[EU_SACCR_Consolidated_MRD_Inputs]"{Aggregation[9cddecd8-ba28-4175-9cc5-6fcdd30dbc72]}].layout["enm_saccr_asst_clss"{c6882350-4576-49ae-b300-c4e45ca66df5}]</property>
								</object>
								<object type="DataModel:node:join" version="3">
									<property name="sourceField" valueType="url">DataSource["SACCR_Supervisory_Parameters"{4c60b385-313d-4a3e-954d-f88e430e8c70}].layout["enm_saccr_sbclss"{494a904a-15c3-4215-848e-1c734139df2a}]</property>
									<property name="parentField" valueType="url">DataSource["Aggregation[EU_SACCR_Consolidated_MRD_Inputs]"{Aggregation[9cddecd8-ba28-4175-9cc5-6fcdd30dbc72]}].layout["enm_saccr_sbclss"{e3aaf876-2902-4429-ac6f-0cd2eb88a9f8}]</property>
								</object>
							</property>
						</objectNode>
					</children>
				</objectNode>
			</children>
		</objectNode>
	</property>
	<property name="instanceKeys" valueType="table"/>
	<property name="streamKeys" valueType="table"/>
</object>