<object stamp="1a043c0a-3413-47af-aa6b-972d15380de5_1710917680459" type="ModifyModel" version="32">
	<property name="name" value="EU_SACCR_PFE_EAD_Apportionment_MRD" valueType="string"/>
	<property name="description" value="" valueType="string"/>
	<property name="objectId" value="77e5377a-833f-4eab-be4d-2295ebee1e8a" valueType="string"/>
	<property name="branchId" value="44f98cc4-3c7c-41c3-8daa-5b9828f45d7a" valueType="string"/>
	<property name="model" valueType="url">DataModel["Aggregation[EU_SACCR_EAD]"{Aggregation[d1dbe428-b14e-43ee-95c7-3f8c34b83cf9]}]</property>
	<property name="modifications" valueType="tree">
		<objectNode type="ModifyModel:root" version="8">
			<property name="name" value="modificationsRoot" valueType="string"/>
			<property name="description" value="" valueType="string"/>
			<property name="id" value="modificationsRoot" valueType="string"/>
			<children>
				<objectNode type="ModifyModel:modification" version="20">
					<property name="name" value="Aggregation" valueType="string"/>
					<property name="description" value="" valueType="string"/>
					<property name="id" value="d1dbe428-b14e-43ee-95c7-3f8c34b83cf9" valueType="string"/>
					<property name="existingNode" valueType="url">DataModel["Aggregation[EU_SACCR_EAD]"{Aggregation[d1dbe428-b14e-43ee-95c7-3f8c34b83cf9]}].hierarchy["Aggregation"{d1dbe428-b14e-43ee-95c7-3f8c34b83cf9}]</property>
					<property name="mandatoryInJoin" value="false" valueType="boolean"/>
					<property name="additionalConstraint" valueType="table">
						<object type="DataModel:fieldReference" version="3">
							<property name="value" valueType="url">DataModel["Aggregation[EU_SACCR_EAD]"{Aggregation[d1dbe428-b14e-43ee-95c7-3f8c34b83cf9]}].hierarchy["Aggregation"{d1dbe428-b14e-43ee-95c7-3f8c34b83cf9}].dataSource.layout["id_unique"{310f8266-95e6-469b-81c2-0afe858b22f8}]</property>
						</object>
						<object type="SQLExpressionPart" version="2">
							<property name="value" value=" = ''" valueType="string"/>
						</object>
					</property>
					<property name="additionalJoinExpression" valueType="table"/>
					<children>
						<objectNode type="ModifyModel:node" version="9">
							<property name="name" value="saccr_inputs" valueType="string"/>
							<property name="description" value="Resulting data source for aggregation EU_Consolidated_SACCR_Positions" valueType="string"/>
							<property name="id" value="9ef20ade-5611-48ce-8264-ba48a300ed24" valueType="string"/>
							<property name="dataSource" valueType="url">DataSource["Aggregation[EU_Consolidated_SACCR_Positions]"{Aggregation[1fdff296-3bfe-4ce5-b045-abcf5678ea1a]}]</property>
							<property name="relationshipToParent" value="ONE_TO_ONE" valueType="string"/>
							<property name="mandatoryInJoin" value="true" valueType="boolean"/>
							<property name="additionalConstraint" valueType="table"/>
							<property name="additionalJoinExpression" valueType="table">
								<object type="ModifyModel:localFieldReference" version="3">
									<property name="value" valueType="url">ModifyModel[this].modifications["saccr_inputs"{9ef20ade-5611-48ce-8264-ba48a300ed24}].dataSource.layout["synthtc_ind"{d5452f71-35f0-4128-a948-c5c89438b1ec}]</property>
								</object>
								<object type="SQLExpressionPart" version="2">
									<property name="value" value=" = 'N' AND " valueType="string"/>
								</object>
								<object type="ModifyModel:localFieldReference" version="3">
									<property name="value" valueType="url">ModifyModel[this].modifications["saccr_inputs"{9ef20ade-5611-48ce-8264-ba48a300ed24}].dataSource.layout["enm_saccr_multi_agrmnt"{467cd1cd-fe92-4dec-ad62-8ff5f64708b9}]</property>
								</object>
								<object type="SQLExpressionPart" version="2">
									<property name="value" value=" != 'MULTI_NETTING' AND " valueType="string"/>
								</object>
								<object type="ModifyModel:localFieldReference" version="3">
									<property name="value" valueType="url">ModifyModel[this].modifications["saccr_inputs"{9ef20ade-5611-48ce-8264-ba48a300ed24}].dataSource.layout["uk_multi_mrgnd_mthd_ind"{546df711-87f9-47c0-afb9-3b3707fa61b9}]</property>
								</object>
								<object type="SQLExpressionPart" version="2">
									<property name="value" value=" = 'N' and " valueType="string"/>
								</object>
								<object type="ModifyModel:localFieldReference" version="3">
									<property name="value" valueType="url">ModifyModel[this].modifications["saccr_inputs"{9ef20ade-5611-48ce-8264-ba48a300ed24}].dataSource.layout["enm_swwr_expsr_mthd"{2dbd7eb8-bf0b-4df1-9d6e-884276541af0}]</property>
								</object>
								<object type="SQLExpressionPart" version="2">
									<property name="value" value=" = ''" valueType="string"/>
								</object>
							</property>
							<property name="instanceSelectionRule" valueType="object">
								<object type="InstanceSelectionRule" version="3">
									<property name="instanceDateRule" valueType="object">
										<object type="InstanceSelectionRule:rule" version="3">
											<property name="type" value="EQUAL" valueType="string"/>
										</object>
									</property>
									<property name="instanceKeyRules" valueType="table">
										<object type="InstanceSelectionRule:instanceKeyRule" version="3">
											<property name="type" value="EQUAL" valueType="string"/>
											<property name="instanceKeyName" value="v" valueType="string"/>
										</object>
										<object type="InstanceSelectionRule:instanceKeyRule" version="3">
											<property name="type" value="EQUAL" valueType="string"/>
											<property name="instanceKeyName" value="run_id" valueType="string"/>
										</object>
										<object type="InstanceSelectionRule:instanceKeyRule" version="3">
											<property name="type" value="EQUAL" valueType="string"/>
											<property name="instanceKeyName" value="scenarioKey" valueType="string"/>
										</object>
										<object type="InstanceSelectionRule:instanceKeyRule" version="3">
											<property name="type" value="EQUAL" valueType="string"/>
											<property name="instanceKeyName" value="run_type" valueType="string"/>
										</object>
									</property>
								</object>
							</property>
							<property name="join" valueType="table">
								<object type="DataModel:node:join" version="3">
									<property name="sourceField" valueType="url">DataSource["Aggregation[EU_Consolidated_SACCR_Positions]"{Aggregation[1fdff296-3bfe-4ce5-b045-abcf5678ea1a]}].layout["entity"{2b51c5db-a176-4e3d-9d52-f7b66587ed6d}]</property>
									<property name="parentField" valueType="url">DataSource["Aggregation[EU_SACCR_EAD]"{Aggregation[d1dbe428-b14e-43ee-95c7-3f8c34b83cf9]}].layout["entity"{a57820c6-dfef-44f3-8dc0-64ee115041a2}]</property>
								</object>
								<object type="DataModel:node:join" version="3">
									<property name="sourceField" valueType="url">DataSource["Aggregation[EU_Consolidated_SACCR_Positions]"{Aggregation[1fdff296-3bfe-4ce5-b045-abcf5678ea1a]}].layout["id_mrgn_agrmnt"{80d26e7e-8248-4285-8bda-b9b42f26aaad}]</property>
									<property name="parentField" valueType="url">DataSource["Aggregation[EU_SACCR_EAD]"{Aggregation[d1dbe428-b14e-43ee-95c7-3f8c34b83cf9]}].layout["id_mrgn_agrmnt"{81f99498-cc70-41a1-a8ef-a7b5e3a8b54f}]</property>
								</object>
								<object type="DataModel:node:join" version="3">
									<property name="sourceField" valueType="url">DataSource["Aggregation[EU_Consolidated_SACCR_Positions]"{Aggregation[1fdff296-3bfe-4ce5-b045-abcf5678ea1a]}].layout["id_nttng_agrmnt"{45aed8d7-00f0-404d-9af1-5a2720a2f585}]</property>
									<property name="parentField" valueType="url">DataSource["Aggregation[EU_SACCR_EAD]"{Aggregation[d1dbe428-b14e-43ee-95c7-3f8c34b83cf9]}].layout["id_nttng_agrmnt"{9c20a4ea-181f-4bb7-8692-40af6e1b7d88}]</property>
								</object>
							</property>
							<children>
								<objectNode type="ModifyModel:node" version="9">
									<property name="name" value="mrd" valueType="string"/>
									<property name="description" value="Resulting data source for aggregation EU_SACCR_Consolidated_MRD_Inputs" valueType="string"/>
									<property name="id" value="a5e6b8e7-db2d-4395-a2e7-68c5c3e4c986" valueType="string"/>
									<property name="dataSource" valueType="url">DataSource["Aggregation[EU_SACCR_Consolidated_MRD_Inputs]"{Aggregation[9cddecd8-ba28-4175-9cc5-6fcdd30dbc72]}]</property>
									<property name="relationshipToParent" value="ONE_TO_ONE" valueType="string"/>
									<property name="mandatoryInJoin" value="false" valueType="boolean"/>
									<property name="additionalConstraint" valueType="table"/>
									<property name="additionalJoinExpression" valueType="table">
										<object type="ModifyModel:localFieldReference" version="3">
											<property name="value" valueType="url">ModifyModel[this].modifications["mrd"{a5e6b8e7-db2d-4395-a2e7-68c5c3e4c986}].dataSource.layout["mtrl_rsk_drvr_ind"{481c496d-078c-4b63-a650-80fd1fe464b9}]</property>
										</object>
										<object type="SQLExpressionPart" version="2">
											<property name="value" value=" = 'Y' " valueType="string"/>
										</object>
									</property>
									<property name="instanceSelectionRule" valueType="object">
										<object type="InstanceSelectionRule" version="3">
											<property name="instanceDateRule" valueType="object">
												<object type="InstanceSelectionRule:rule" version="3">
													<property name="type" value="EQUAL" valueType="string"/>
												</object>
											</property>
											<property name="instanceKeyRules" valueType="table">
												<object type="InstanceSelectionRule:instanceKeyRule" version="3">
													<property name="type" value="EQUAL" valueType="string"/>
													<property name="instanceKeyName" value="v" valueType="string"/>
												</object>
												<object type="InstanceSelectionRule:instanceKeyRule" version="3">
													<property name="type" value="EQUAL" valueType="string"/>
													<property name="instanceKeyName" value="run_id" valueType="string"/>
												</object>
												<object type="InstanceSelectionRule:instanceKeyRule" version="3">
													<property name="type" value="EQUAL" valueType="string"/>
													<property name="instanceKeyName" value="scenarioKey" valueType="string"/>
												</object>
												<object type="InstanceSelectionRule:instanceKeyRule" version="3">
													<property name="type" value="EQUAL" valueType="string"/>
													<property name="instanceKeyName" value="run_type" valueType="string"/>
												</object>
											</property>
										</object>
									</property>
									<property name="join" valueType="table">
										<object type="DataModel:node:join" version="3">
											<property name="sourceField" valueType="url">DataSource["Aggregation[EU_SACCR_Consolidated_MRD_Inputs]"{Aggregation[9cddecd8-ba28-4175-9cc5-6fcdd30dbc72]}].layout["entity"{0a36a161-b01a-4231-8e95-7487e1c7835e}]</property>
											<property name="parentField" valueType="url">DataSource["Aggregation[EU_Consolidated_SACCR_Positions]"{Aggregation[1fdff296-3bfe-4ce5-b045-abcf5678ea1a]}].layout["entity"{2b51c5db-a176-4e3d-9d52-f7b66587ed6d}]</property>
										</object>
										<object type="DataModel:node:join" version="3">
											<property name="sourceField" valueType="url">DataSource["Aggregation[EU_SACCR_Consolidated_MRD_Inputs]"{Aggregation[9cddecd8-ba28-4175-9cc5-6fcdd30dbc72]}].layout["id_trd"{7703e3c2-3359-440a-9b2b-17390bab1553}]</property>
											<property name="parentField" valueType="url">DataSource["Aggregation[EU_Consolidated_SACCR_Positions]"{Aggregation[1fdff296-3bfe-4ce5-b045-abcf5678ea1a]}].layout["id_trd"{c168fd70-2e7b-4fef-981e-6558680aea68}]</property>
										</object>
									</property>
									<children>
										<objectNode type="ModifyModel:node" version="9">
											<property name="name" value="trade_effective_not" valueType="string"/>
											<property name="description" value="Resulting data source for aggregation EU_SACCR_Effective_Notional_Trade" valueType="string"/>
											<property name="id" value="1ed179ac-df17-481b-a19b-688e3662e3ce" valueType="string"/>
											<property name="dataSource" valueType="url">DataSource["Aggregation[EU_SACCR_Effective_Notional_Trade]"{Aggregation[5bb59f35-295c-4006-8d1a-e5255b4ef69f]}]</property>
											<property name="relationshipToParent" value="ONE_TO_ONE" valueType="string"/>
											<property name="mandatoryInJoin" value="true" valueType="boolean"/>
											<property name="additionalConstraint" valueType="table"/>
											<property name="additionalJoinExpression" valueType="table"/>
											<property name="instanceSelectionRule" valueType="object">
												<object type="InstanceSelectionRule" version="3">
													<property name="instanceDateRule" valueType="object">
														<object type="InstanceSelectionRule:rule" version="3">
															<property name="type" value="EQUAL" valueType="string"/>
														</object>
													</property>
													<property name="instanceKeyRules" valueType="table">
														<object type="InstanceSelectionRule:instanceKeyRule" version="3">
															<property name="type" value="EQUAL" valueType="string"/>
															<property name="instanceKeyName" value="v" valueType="string"/>
														</object>
														<object type="InstanceSelectionRule:instanceKeyRule" version="3">
															<property name="type" value="EQUAL" valueType="string"/>
															<property name="instanceKeyName" value="run_id" valueType="string"/>
														</object>
														<object type="InstanceSelectionRule:instanceKeyRule" version="3">
															<property name="type" value="EQUAL" valueType="string"/>
															<property name="instanceKeyName" value="scenarioKey" valueType="string"/>
														</object>
														<object type="InstanceSelectionRule:instanceKeyRule" version="3">
															<property name="type" value="EQUAL" valueType="string"/>
															<property name="instanceKeyName" value="run_type" valueType="string"/>
														</object>
													</property>
												</object>
											</property>
											<property name="join" valueType="table">
												<object type="DataModel:node:join" version="3">
													<property name="sourceField" valueType="url">DataSource["Aggregation[EU_SACCR_Effective_Notional_Trade]"{Aggregation[5bb59f35-295c-4006-8d1a-e5255b4ef69f]}].layout["entity"{9a1dbcbf-58d5-4296-8074-b2471cc2155d}]</property>
													<property name="parentField" valueType="url">DataSource["Aggregation[EU_SACCR_Consolidated_MRD_Inputs]"{Aggregation[9cddecd8-ba28-4175-9cc5-6fcdd30dbc72]}].layout["entity"{0a36a161-b01a-4231-8e95-7487e1c7835e}]</property>
												</object>
												<object type="DataModel:node:join" version="3">
													<property name="sourceField" valueType="url">DataSource["Aggregation[EU_SACCR_Effective_Notional_Trade]"{Aggregation[5bb59f35-295c-4006-8d1a-e5255b4ef69f]}].layout["id_unique_saccr"{69251391-3bf1-4dfc-b076-7b9ed45835ab}]</property>
													<property name="parentField" valueType="url">DataSource["Aggregation[EU_SACCR_Consolidated_MRD_Inputs]"{Aggregation[9cddecd8-ba28-4175-9cc5-6fcdd30dbc72]}].layout["id_unique_saccr"{97d443eb-9871-453a-a7ba-b8b8f3493713}]</property>
												</object>
											</property>
										</objectNode>
										<objectNode type="ModifyModel:node" version="9">
											<property name="name" value="mrd_asset_class" valueType="string"/>
											<property name="description" value="Resulting data source for aggregation EU_SACCR_Addon_Asset_Class_MRD" valueType="string"/>
											<property name="id" value="d32d27c8-2731-486a-81ca-74aa439840ad" valueType="string"/>
											<property name="dataSource" valueType="url">DataSource["Aggregation[EU_SACCR_Addon_Asset_Class_MRD]"{Aggregation[5df5cfc3-c942-4113-87a4-9ed394408093]}]</property>
											<property name="relationshipToParent" value="ONE_TO_ONE" valueType="string"/>
											<property name="mandatoryInJoin" value="false" valueType="boolean"/>
											<property name="additionalConstraint" valueType="table"/>
											<property name="additionalJoinExpression" valueType="table"/>
											<property name="instanceSelectionRule" valueType="object">
												<object type="InstanceSelectionRule" version="3">
													<property name="instanceDateRule" valueType="object">
														<object type="InstanceSelectionRule:rule" version="3">
															<property name="type" value="EQUAL" valueType="string"/>
														</object>
													</property>
													<property name="instanceKeyRules" valueType="table">
														<object type="InstanceSelectionRule:instanceKeyRule" version="3">
															<property name="type" value="EQUAL" valueType="string"/>
															<property name="instanceKeyName" value="v" valueType="string"/>
														</object>
														<object type="InstanceSelectionRule:instanceKeyRule" version="3">
															<property name="type" value="EQUAL" valueType="string"/>
															<property name="instanceKeyName" value="run_id" valueType="string"/>
														</object>
														<object type="InstanceSelectionRule:instanceKeyRule" version="3">
															<property name="type" value="EQUAL" valueType="string"/>
															<property name="instanceKeyName" value="scenarioKey" valueType="string"/>
														</object>
														<object type="InstanceSelectionRule:instanceKeyRule" version="3">
															<property name="type" value="EQUAL" valueType="string"/>
															<property name="instanceKeyName" value="run_type" valueType="string"/>
														</object>
													</property>
												</object>
											</property>
											<property name="join" valueType="table">
												<object type="DataModel:node:join" version="3">
													<property name="sourceField" valueType="url">DataSource["Aggregation[EU_SACCR_Addon_Asset_Class_MRD]"{Aggregation[5df5cfc3-c942-4113-87a4-9ed394408093]}].layout["entity"{533ddbbc-a856-4392-bda4-4df79888723a}]</property>
													<property name="parentField" valueType="url">DataSource["Aggregation[EU_SACCR_Consolidated_MRD_Inputs]"{Aggregation[9cddecd8-ba28-4175-9cc5-6fcdd30dbc72]}].layout["entity"{0a36a161-b01a-4231-8e95-7487e1c7835e}]</property>
												</object>
												<object type="DataModel:node:join" version="3">
													<property name="sourceField" valueType="url">DataSource["Aggregation[EU_SACCR_Addon_Asset_Class_MRD]"{Aggregation[5df5cfc3-c942-4113-87a4-9ed394408093]}].layout["id_unique"{cdb33a19-1047-48df-aaef-ab498774d62c}]</property>
													<property name="parentField" valueType="url">DataSource["Aggregation[EU_SACCR_Consolidated_MRD_Inputs]"{Aggregation[9cddecd8-ba28-4175-9cc5-6fcdd30dbc72]}].layout["id_unique"{f6500045-4517-4e57-87eb-346a7f6f5969}]</property>
												</object>
											</property>
											<children>
												<objectNode type="ModifyModel:node" version="9">
													<property name="name" value="addon_asset_class" valueType="string"/>
													<property name="description" value="Resulting data source for aggregation EU_SACCR_Addon_Asset_Class" valueType="string"/>
													<property name="id" value="a50259bd-7efd-4de2-a9fb-1543cd10d117" valueType="string"/>
													<property name="dataSource" valueType="url">DataSource["Aggregation[EU_SACCR_Addon_Asset_Class]"{Aggregation[fa42aed0-f658-44d9-95ef-1615210c752e]}]</property>
													<property name="relationshipToParent" value="ONE_OR_ZERO_TO_ONE" valueType="string"/>
													<property name="mandatoryInJoin" value="true" valueType="boolean"/>
													<property name="additionalConstraint" valueType="table"/>
													<property name="additionalJoinExpression" valueType="table">
														<object type="ModifyModel:localFieldReference" version="3">
															<property name="value" valueType="url">ModifyModel[this].modifications["addon_asset_class"{a50259bd-7efd-4de2-a9fb-1543cd10d117}].dataSource.layout["infltn_rsk_ind"{40749282-adf8-475b-bf54-c6f5bffe899c}]</property>
														</object>
														<object type="SQLExpressionPart" version="2">
															<property name="value" value=" = " valueType="string"/>
														</object>
														<object type="ModifyModel:localFieldReference" version="3">
															<property name="value" valueType="url">ModifyModel[this].modifications["mrd"{a5e6b8e7-db2d-4395-a2e7-68c5c3e4c986}].dataSource.layout["infltn_rsk_ind"{3791e931-b741-4a6d-8153-8f1185ad1a75}]</property>
														</object>
														<object type="SQLExpressionPart" version="2">
															<property name="value" value=" AND " valueType="string"/>
														</object>
														<object type="ModifyModel:localFieldReference" version="3">
															<property name="value" valueType="url">ModifyModel[this].modifications["saccr_inputs"{9ef20ade-5611-48ce-8264-ba48a300ed24}].dataSource.layout["id_nttng_agrmnt"{45aed8d7-00f0-404d-9af1-5a2720a2f585}]</property>
														</object>
														<object type="SQLExpressionPart" version="2">
															<property name="value" value=" = " valueType="string"/>
														</object>
														<object type="ModifyModel:localFieldReference" version="3">
															<property name="value" valueType="url">ModifyModel[this].modifications["addon_asset_class"{a50259bd-7efd-4de2-a9fb-1543cd10d117}].dataSource.layout["id_nttng_agrmnt"{1fd8ee15-5f19-44a8-adc4-301cf11bc9ee}]</property>
														</object>
														<object type="SQLExpressionPart" version="2">
															<property name="value" value=" AND " valueType="string"/>
														</object>
														<object type="ModifyModel:localFieldReference" version="3">
															<property name="value" valueType="url">ModifyModel[this].modifications["saccr_inputs"{9ef20ade-5611-48ce-8264-ba48a300ed24}].dataSource.layout["id_mrgn_agrmnt"{80d26e7e-8248-4285-8bda-b9b42f26aaad}]</property>
														</object>
														<object type="SQLExpressionPart" version="2">
															<property name="value" value=" = " valueType="string"/>
														</object>
														<object type="ModifyModel:localFieldReference" version="3">
															<property name="value" valueType="url">ModifyModel[this].modifications["addon_asset_class"{a50259bd-7efd-4de2-a9fb-1543cd10d117}].dataSource.layout["id_mrgn_agrmnt"{d6b7d17b-5a26-4b01-af16-32a1e58ba351}]</property>
														</object>
														<object type="SQLExpressionPart" version="2">
															<property name="value" value=" AND " valueType="string"/>
														</object>
														<object type="ModifyModel:localFieldReference" version="3">
															<property name="value" valueType="url">ModifyModel[this].modifications["saccr_inputs"{9ef20ade-5611-48ce-8264-ba48a300ed24}].dataSource.layout["enm_saccr_typ"{8a20362b-fe10-4746-85f6-f44734159108}]</property>
														</object>
														<object type="SQLExpressionPart" version="2">
															<property name="value" value=" = " valueType="string"/>
														</object>
														<object type="ModifyModel:localFieldReference" version="3">
															<property name="value" valueType="url">ModifyModel[this].modifications["addon_asset_class"{a50259bd-7efd-4de2-a9fb-1543cd10d117}].dataSource.layout["enm_saccr_typ"{c9f3deba-b55f-4615-a162-172fe247b1d0}]</property>
														</object>
														<object type="SQLExpressionPart" version="2">
															<property name="value" value=" AND " valueType="string"/>
														</object>
														<object type="ModifyModel:localFieldReference" version="3">
															<property name="value" valueType="url">ModifyModel[this].modifications["mrd_asset_class"{d32d27c8-2731-486a-81ca-74aa439840ad}].dataSource.layout["mstr_asst_clss"{76c0c7ec-87d8-45b8-8423-9d3b6a46703b}]</property>
														</object>
														<object type="SQLExpressionPart" version="2">
															<property name="value" value=" = " valueType="string"/>
														</object>
														<object type="ModifyModel:localFieldReference" version="3">
															<property name="value" valueType="url">ModifyModel[this].modifications["addon_asset_class"{a50259bd-7efd-4de2-a9fb-1543cd10d117}].dataSource.layout["enm_asst_clss"{13244def-6ece-47c7-a345-b1b580aa72b0}]</property>
														</object>
														<object type="SQLExpressionPart" version="2">
															<property name="value" value=" " valueType="string"/>
														</object>
													</property>
													<property name="instanceSelectionRule" valueType="object">
														<object type="InstanceSelectionRule" version="3">
															<property name="instanceDateRule" valueType="object">
																<object type="InstanceSelectionRule:rule" version="3">
																	<property name="type" value="EQUAL" valueType="string"/>
																</object>
															</property>
															<property name="instanceKeyRules" valueType="table">
																<object type="InstanceSelectionRule:instanceKeyRule" version="3">
																	<property name="type" value="EQUAL" valueType="string"/>
																	<property name="instanceKeyName" value="v" valueType="string"/>
																</object>
																<object type="InstanceSelectionRule:instanceKeyRule" version="3">
																	<property name="type" value="EQUAL" valueType="string"/>
																	<property name="instanceKeyName" value="run_id" valueType="string"/>
																</object>
																<object type="InstanceSelectionRule:instanceKeyRule" version="3">
																	<property name="type" value="EQUAL" valueType="string"/>
																	<property name="instanceKeyName" value="scenarioKey" valueType="string"/>
																</object>
																<object type="InstanceSelectionRule:instanceKeyRule" version="3">
																	<property name="type" value="EQUAL" valueType="string"/>
																	<property name="instanceKeyName" value="run_type" valueType="string"/>
																</object>
															</property>
														</object>
													</property>
													<property name="join" valueType="table">
														<object type="DataModel:node:join" version="3">
															<property name="sourceField" valueType="url">DataSource["Aggregation[EU_SACCR_Addon_Asset_Class]"{Aggregation[fa42aed0-f658-44d9-95ef-1615210c752e]}].layout["entity"{f908e064-8e31-40f4-ab6f-43cc5bf216d6}]</property>
															<property name="parentField" valueType="url">DataSource["Aggregation[EU_SACCR_Addon_Asset_Class_MRD]"{Aggregation[5df5cfc3-c942-4113-87a4-9ed394408093]}].layout["entity"{533ddbbc-a856-4392-bda4-4df79888723a}]</property>
														</object>
														<object type="DataModel:node:join" version="3">
															<property name="sourceField" valueType="url">DataSource["Aggregation[EU_SACCR_Addon_Asset_Class]"{Aggregation[fa42aed0-f658-44d9-95ef-1615210c752e]}].layout["id_saccr_hdgng_set"{e50acf00-3cae-4039-b262-58e35369e669}]</property>
															<property name="parentField" valueType="url">DataSource["Aggregation[EU_SACCR_Addon_Asset_Class_MRD]"{Aggregation[5df5cfc3-c942-4113-87a4-9ed394408093]}].layout["id_saccr_hdgng_set"{5b6cac31-5d1c-4c97-8ffd-b79dd4bd9ee0}]</property>
														</object>
													</property>
												</objectNode>
											</children>
										</objectNode>
									</children>
								</objectNode>
							</children>
						</objectNode>
					</children>
				</objectNode>
			</children>
		</objectNode>
	</property>
	<property name="instanceKeys" valueType="table"/>
	<property name="streamKeys" valueType="table"/>
</object>