<object stamp="d636000a-66ac-4c9d-96d6-51a845003c6e_1712746403980" type="ModifyModel" version="32">
	<property name="name" value="EU_SACCR_Consolidated_MRD_Inputs" valueType="string"/>
	<property name="description" value="" valueType="string"/>
	<property name="objectId" value="517653fd-0daf-427d-85a5-2db8520a7c32" valueType="string"/>
	<property name="branchId" value="44f98cc4-3c7c-41c3-8daa-5b9828f45d7a" valueType="string"/>
	<property name="model" valueType="url">DataModel["shared_calcs:Aggregation[SACCR_Consolidated_Material_Risk_Drivers]"{015fe472-ce70-41e1-9583-ebf524ac86a8:Aggregation[9a899307-868e-4510-8fc7-af77c6101083]}]</property>
	<property name="modifications" valueType="tree">
		<objectNode type="ModifyModel:root" version="8">
			<property name="name" value="modificationsRoot" valueType="string"/>
			<property name="description" value="" valueType="string"/>
			<property name="id" value="modificationsRoot" valueType="string"/>
			<children>
				<objectNode type="ModifyModel:modification" version="20">
					<property name="name" value="Aggregation" valueType="string"/>
					<property name="description" value="" valueType="string"/>
					<property name="id" value="9a899307-868e-4510-8fc7-af77c6101083" valueType="string"/>
					<property name="existingNode" valueType="url">DataModel["shared_calcs:Aggregation[SACCR_Consolidated_Material_Risk_Drivers]"{015fe472-ce70-41e1-9583-ebf524ac86a8:Aggregation[9a899307-868e-4510-8fc7-af77c6101083]}].hierarchy["Aggregation"{9a899307-868e-4510-8fc7-af77c6101083}]</property>
					<property name="mandatoryInJoin" value="false" valueType="boolean"/>
					<property name="additionalConstraint" valueType="table">
						<object type="DataModel:fieldReference" version="3">
							<property name="value" valueType="url">DataModel["shared_calcs:Aggregation[SACCR_Consolidated_Material_Risk_Drivers]"{015fe472-ce70-41e1-9583-ebf524ac86a8:Aggregation[9a899307-868e-4510-8fc7-af77c6101083]}].hierarchy["Aggregation"{9a899307-868e-4510-8fc7-af77c6101083}].dataSource.layout["mtrl_rsk_drvr_ind"{e7858dbe-05c6-4248-89c6-3a49a98565fa}]</property>
						</object>
						<object type="SQLExpressionPart" version="2">
							<property name="value" value=" = 'Y'" valueType="string"/>
						</object>
					</property>
					<property name="additionalJoinExpression" valueType="table"/>
					<children>
						<objectNode type="ModifyModel:node" version="9">
							<property name="name" value="saccr_consol" valueType="string"/>
							<property name="description" value="Resulting data source for aggregation EU_Consolidated_SACCR_Positions" valueType="string"/>
							<property name="id" value="5342e096-f95e-4e02-8a28-82f3eb7252ff" valueType="string"/>
							<property name="dataSource" valueType="url">DataSource["Aggregation[EU_Consolidated_SACCR_Positions]"{Aggregation[1fdff296-3bfe-4ce5-b045-abcf5678ea1a]}]</property>
							<property name="relationshipToParent" value="ONE_TO_ONE" valueType="string"/>
							<property name="mandatoryInJoin" value="false" valueType="boolean"/>
							<property name="additionalConstraint" valueType="table">
								<object type="ModifyModel:localFieldReference" version="3">
									<property name="value" valueType="url">ModifyModel[this].modifications["saccr_consol"{5342e096-f95e-4e02-8a28-82f3eb7252ff}].dataSource.layout["enm_swwr_expsr_mthd"{2dbd7eb8-bf0b-4df1-9d6e-884276541af0}]</property>
								</object>
								<object type="SQLExpressionPart" version="2">
									<property name="value" value=" = ''" valueType="string"/>
								</object>
							</property>
							<property name="additionalJoinExpression" valueType="table"/>
							<property name="instanceSelectionRule" valueType="object">
								<object type="InstanceSelectionRule" version="3">
									<property name="instanceDateRule" valueType="object">
										<object type="InstanceSelectionRule:rule" version="3">
											<property name="type" value="EQUAL" valueType="string"/>
										</object>
									</property>
									<property name="instanceKeyRules" valueType="table">
										<object type="InstanceSelectionRule:instanceKeyRule" version="3">
											<property name="type" value="EQUAL" valueType="string"/>
											<property name="instanceKeyName" value="scenarioKey" valueType="string"/>
										</object>
										<object type="InstanceSelectionRule:instanceKeyRule" version="3">
											<property name="type" value="EQUAL" valueType="string"/>
											<property name="instanceKeyName" value="v" valueType="string"/>
										</object>
										<object type="InstanceSelectionRule:instanceKeyRule" version="3">
											<property name="type" value="EQUAL" valueType="string"/>
											<property name="instanceKeyName" value="run_id" valueType="string"/>
										</object>
										<object type="InstanceSelectionRule:instanceKeyRule" version="3">
											<property name="type" value="EQUAL" valueType="string"/>
											<property name="instanceKeyName" value="run_type" valueType="string"/>
										</object>
									</property>
								</object>
							</property>
							<property name="join" valueType="table">
								<object type="DataModel:node:join" version="3">
									<property name="sourceField" valueType="url">DataSource["Aggregation[EU_Consolidated_SACCR_Positions]"{Aggregation[1fdff296-3bfe-4ce5-b045-abcf5678ea1a]}].layout["entity"{2b51c5db-a176-4e3d-9d52-f7b66587ed6d}]</property>
									<property name="parentField" valueType="url">DataSource["shared_calcs:Aggregation[SACCR_Consolidated_Material_Risk_Drivers]"{015fe472-ce70-41e1-9583-ebf524ac86a8:Aggregation[9a899307-868e-4510-8fc7-af77c6101083]}].layout["entity"{06df8b1f-8f07-4924-9539-984a2542e426}]</property>
								</object>
								<object type="DataModel:node:join" version="3">
									<property name="sourceField" valueType="url">DataSource["Aggregation[EU_Consolidated_SACCR_Positions]"{Aggregation[1fdff296-3bfe-4ce5-b045-abcf5678ea1a]}].layout["orgnl_id_trd"{43938abe-119d-4c7d-8ea8-beed664b5a45}]</property>
									<property name="parentField" valueType="url">DataSource["shared_calcs:Aggregation[SACCR_Consolidated_Material_Risk_Drivers]"{015fe472-ce70-41e1-9583-ebf524ac86a8:Aggregation[9a899307-868e-4510-8fc7-af77c6101083]}].layout["id_trd"{b49cfff7-5c93-432e-87e2-fad49107058d}]</property>
								</object>
							</property>
						</objectNode>
						<objectNode type="ModifyModel:node" version="9">
							<property name="name" value="supervisory_par" valueType="string"/>
							<property name="description" value="SACCR_Supervisory_Parameters" valueType="string"/>
							<property name="id" value="4d7afeb6-f602-4e78-9b0d-1cc0c980ad78" valueType="string"/>
							<property name="dataSource" valueType="url">DataSource["SACCR_Supervisory_Parameters"{4c60b385-313d-4a3e-954d-f88e430e8c70}]</property>
							<property name="relationshipToParent" value="ONE_OR_ZERO_TO_ONE" valueType="string"/>
							<property name="mandatoryInJoin" value="false" valueType="boolean"/>
							<property name="additionalConstraint" valueType="table"/>
							<property name="additionalJoinExpression" valueType="table"/>
							<property name="instanceSelectionRule" valueType="object">
								<object type="InstanceSelectionRule" version="3">
									<property name="instanceDateRule" valueType="object">
										<object type="InstanceSelectionRule:rule" version="3">
											<property name="type" value="LATEST" valueType="string"/>
										</object>
									</property>
									<property name="instanceKeyRules" valueType="table">
										<object type="InstanceSelectionRule:instanceKeyRule" version="3">
											<property name="type" value="EQUAL" valueType="string"/>
											<property name="instanceKeyName" value="scenarioKey" valueType="string"/>
										</object>
										<object type="InstanceSelectionRule:instanceKeyRule" version="3">
											<property name="type" value="EQUAL" valueType="string"/>
											<property name="instanceKeyName" value="v" valueType="string"/>
										</object>
										<object type="InstanceSelectionRule:instanceKeyRule" version="3">
											<property name="type" value="EQUAL" valueType="string"/>
											<property name="instanceKeyName" value="run_id" valueType="string"/>
										</object>
										<object type="InstanceSelectionRule:instanceKeyRule" version="3">
											<property name="type" value="EQUAL" valueType="string"/>
											<property name="instanceKeyName" value="run_type" valueType="string"/>
										</object>
									</property>
								</object>
							</property>
							<property name="join" valueType="table">
								<object type="DataModel:node:join" version="3">
									<property name="sourceField" valueType="url">DataSource["SACCR_Supervisory_Parameters"{4c60b385-313d-4a3e-954d-f88e430e8c70}].layout["enm_saccr_asst_clss"{cedcefdd-34b5-41cf-b7bb-e717b436091b}]</property>
									<property name="parentField" valueType="url">DataSource["shared_calcs:Aggregation[SACCR_Consolidated_Material_Risk_Drivers]"{015fe472-ce70-41e1-9583-ebf524ac86a8:Aggregation[9a899307-868e-4510-8fc7-af77c6101083]}].layout["enm_saccr_asst_clss"{26a7d1c6-83e3-4b42-9671-e3cd9641cbc5}]</property>
								</object>
								<object type="DataModel:node:join" version="3">
									<property name="sourceField" valueType="url">DataSource["SACCR_Supervisory_Parameters"{4c60b385-313d-4a3e-954d-f88e430e8c70}].layout["enm_saccr_sbclss"{494a904a-15c3-4215-848e-1c734139df2a}]</property>
									<property name="parentField" valueType="url">DataSource["shared_calcs:Aggregation[SACCR_Consolidated_Material_Risk_Drivers]"{015fe472-ce70-41e1-9583-ebf524ac86a8:Aggregation[9a899307-868e-4510-8fc7-af77c6101083]}].layout["enm_saccr_sbclss"{fb138cce-7fdd-4ba3-8245-4be2c83472a7}]</property>
								</object>
							</property>
						</objectNode>
					</children>
				</objectNode>
			</children>
		</objectNode>
	</property>
	<property name="instanceKeys" valueType="table">
		<object type="InstanceKey" version="2">
			<property name="name" value="scenarioKey" valueType="string"/>
			<property name="description" value="Scenario Key" valueType="string"/>
			<property name="type" value="VARCHAR" valueType="string"/>
			<property name="size" value="100" valueType="integer"/>
			<property name="defaultInstanceKeyValueFormula" value="" valueType="string"/>
		</object>
	</property>
	<property name="streamKeys" valueType="table"/>
</object>