<object stamp="5c78947c-c04c-47e1-a886-cb8902a9b881_1710919355663" type="ModifyModel" version="32">
	<property name="name" value="Guarantee_Allocation" valueType="string"/>
	<property name="description" value="Guarantee Allocation LP Solve" valueType="string"/>
	<property name="objectId" value="270878e2-5812-40b6-91bb-98acb88714b5" valueType="string"/>
	<property name="branchId" value="44f98cc4-3c7c-41c3-8daa-5b9828f45d7a" valueType="string"/>
	<property name="comment" value="Technical object" valueType="string"/>
	<property name="model" valueType="url">DataModel["Aggregation[PreAllocation_Credit_Protection_Bought]"{Aggregation[7759102d-64cd-40e9-94a2-6ed5a76ac7f5]}]</property>
	<property name="modifications" valueType="tree">
		<objectNode type="ModifyModel:root" version="8">
			<property name="name" value="modificationsRoot" valueType="string"/>
			<property name="description" value="" valueType="string"/>
			<property name="id" value="modificationsRoot" valueType="string"/>
			<children>
				<objectNode type="ModifyModel:modification" version="20">
					<property name="name" value="Aggregation" valueType="string"/>
					<property name="description" value="" valueType="string"/>
					<property name="id" value="7759102d-64cd-40e9-94a2-6ed5a76ac7f5" valueType="string"/>
					<property name="existingNode" valueType="url">DataModel["Aggregation[PreAllocation_Credit_Protection_Bought]"{Aggregation[7759102d-64cd-40e9-94a2-6ed5a76ac7f5]}].hierarchy["Aggregation"{7759102d-64cd-40e9-94a2-6ed5a76ac7f5}]</property>
					<property name="mandatoryInJoin" value="false" valueType="boolean"/>
					<property name="additionalConstraint" valueType="table"/>
					<property name="additionalJoinExpression" valueType="table"/>
					<children>
						<objectNode type="ModifyModel:node" version="9">
							<property name="name" value="alloc" valueType="string"/>
							<property name="description" value="" valueType="string"/>
							<property name="id" value="5ce3b724-28ab-4caa-a1df-27864036c2f3" valueType="string"/>
							<property name="dataSource" valueType="url">DataSource["Computation[CRM_LP_Solver].alloc"{Computation[a68b3618-d39c-4f43-9b60-5bc48a4c449d].1619fde8-9d7f-4090-a2e6-635ab60347a3}]</property>
							<property name="relationshipToParent" value="ONE_OR_ZERO_TO_ONE" valueType="string"/>
							<property name="mandatoryInJoin" value="false" valueType="boolean"/>
							<property name="additionalConstraint" valueType="table"/>
							<property name="additionalJoinExpression" valueType="table">
								<object type="ModifyModel:localFieldReference" version="3">
									<property name="value" valueType="url">ModifyModel[this].modifications["alloc"{5ce3b724-28ab-4caa-a1df-27864036c2f3}].dataSource.layout["ca_step"{ca_step}]</property>
								</object>
								<object type="SQLExpressionPart" version="2">
									<property name="value" value=" = 'G'" valueType="string"/>
								</object>
							</property>
							<property name="instanceSelectionRule" valueType="object">
								<object type="InstanceSelectionRule" version="3">
									<property name="instanceDateRule" valueType="object">
										<object type="InstanceSelectionRule:rule" version="3">
											<property name="type" value="EQUAL" valueType="string"/>
										</object>
									</property>
									<property name="instanceKeyRules" valueType="table">
										<object type="InstanceSelectionRule:instanceKeyRule" version="3">
											<property name="type" value="EQUAL" valueType="string"/>
											<property name="instanceKeyName" value="v" valueType="string"/>
										</object>
										<object type="InstanceSelectionRule:instanceKeyRule" version="3">
											<property name="type" value="EQUAL" valueType="string"/>
											<property name="instanceKeyName" value="run_id" valueType="string"/>
										</object>
										<object type="InstanceSelectionRule:instanceKeyRule" version="3">
											<property name="type" value="EQUAL" valueType="string"/>
											<property name="instanceKeyName" value="scenarioKey" valueType="string"/>
										</object>
										<object type="InstanceSelectionRule:instanceKeyRule" version="3">
											<property name="type" value="EQUAL" valueType="string"/>
											<property name="instanceKeyName" value="run_type" valueType="string"/>
										</object>
									</property>
								</object>
							</property>
							<property name="join" valueType="table">
								<object type="DataModel:node:join" version="3">
									<property name="sourceField" valueType="url">DataSource["Computation[CRM_LP_Solver].alloc"{Computation[a68b3618-d39c-4f43-9b60-5bc48a4c449d].1619fde8-9d7f-4090-a2e6-635ab60347a3}].layout["entity"{entity}]</property>
									<property name="parentField" valueType="url">DataSource["Aggregation[PreAllocation_Credit_Protection_Bought]"{Aggregation[7759102d-64cd-40e9-94a2-6ed5a76ac7f5]}].layout["grnt_entity"{00e3087f-2f28-4860-af2e-d1664b16c5f8}]</property>
								</object>
								<object type="DataModel:node:join" version="3">
									<property name="sourceField" valueType="url">DataSource["Computation[CRM_LP_Solver].alloc"{Computation[a68b3618-d39c-4f43-9b60-5bc48a4c449d].1619fde8-9d7f-4090-a2e6-635ab60347a3}].layout["id_clltrl_unique"{id_clltrl_unique}]</property>
									<property name="parentField" valueType="url">DataSource["Aggregation[PreAllocation_Credit_Protection_Bought]"{Aggregation[7759102d-64cd-40e9-94a2-6ed5a76ac7f5]}].layout["id_grnt_unique"{a006cda4-7cb4-4e83-83d7-4dffb392c14f}]</property>
								</object>
							</property>
						</objectNode>
					</children>
				</objectNode>
			</children>
		</objectNode>
	</property>
	<property name="instanceKeys" valueType="table"/>
	<property name="streamKeys" valueType="table"/>
</object>