<object stamp="4d9165e8-8218-40d0-bbe3-1cbf23afb853_1710919569752" type="ModifyModel" version="32">
	<property name="name" value="IMM_Exposures" valueType="string"/>
	<property name="description" value="" valueType="string"/>
	<property name="objectId" value="c62e627e-61f0-44a4-a06e-7458c34eea21" valueType="string"/>
	<property name="branchId" value="44f98cc4-3c7c-41c3-8daa-5b9828f45d7a" valueType="string"/>
	<property name="comment" value="Technical object" valueType="string"/>
	<property name="model" valueType="url">DataModel["Aggregation[PreAllocation_Exposure]"{Aggregation[113850ba-0d81-4e85-b1c9-9ac3b8e35d80]}]</property>
	<property name="modifications" valueType="tree">
		<objectNode type="ModifyModel:root" version="8">
			<property name="name" value="modificationsRoot" valueType="string"/>
			<property name="description" value="" valueType="string"/>
			<property name="id" value="modificationsRoot" valueType="string"/>
			<children>
				<objectNode type="ModifyModel:modification" version="20">
					<property name="name" value="Aggregation" valueType="string"/>
					<property name="description" value="" valueType="string"/>
					<property name="id" value="113850ba-0d81-4e85-b1c9-9ac3b8e35d80" valueType="string"/>
					<property name="existingNode" valueType="url">DataModel["Aggregation[PreAllocation_Exposure]"{Aggregation[113850ba-0d81-4e85-b1c9-9ac3b8e35d80]}].hierarchy["Aggregation"{113850ba-0d81-4e85-b1c9-9ac3b8e35d80}]</property>
					<property name="mandatoryInJoin" value="false" valueType="boolean"/>
					<property name="additionalConstraint" valueType="table"/>
					<property name="additionalJoinExpression" valueType="table"/>
					<children>
						<objectNode type="ModifyModel:node" version="9">
							<property name="name" value="allocated" valueType="string"/>
							<property name="description" value="Resulting data source for aggregation IMM_CRM_Allocation_Per_Expo" valueType="string"/>
							<property name="id" value="4673a722-ea00-4ca0-ad56-6d311b5ffe51" valueType="string"/>
							<property name="dataSource" valueType="url">DataSource["Aggregation[IMM_CRM_Allocation_Per_Expo]"{Aggregation[97da54bf-a057-4a2b-91ce-9297d60d73de]}]</property>
							<property name="relationshipToParent" value="ONE_OR_ZERO_TO_ONE" valueType="string"/>
							<property name="mandatoryInJoin" value="false" valueType="boolean"/>
							<property name="additionalConstraint" valueType="table"/>
							<property name="additionalJoinExpression" valueType="table"/>
							<property name="instanceSelectionRule" valueType="object">
								<object type="InstanceSelectionRule" version="3">
									<property name="instanceDateRule" valueType="object">
										<object type="InstanceSelectionRule:rule" version="3">
											<property name="type" value="EQUAL" valueType="string"/>
										</object>
									</property>
									<property name="instanceKeyRules" valueType="table">
										<object type="InstanceSelectionRule:instanceKeyRule" version="3">
											<property name="type" value="EQUAL" valueType="string"/>
											<property name="instanceKeyName" value="v" valueType="string"/>
										</object>
										<object type="InstanceSelectionRule:instanceKeyRule" version="3">
											<property name="type" value="EQUAL" valueType="string"/>
											<property name="instanceKeyName" value="run_id" valueType="string"/>
										</object>
										<object type="InstanceSelectionRule:instanceKeyRule" version="3">
											<property name="type" value="EQUAL" valueType="string"/>
											<property name="instanceKeyName" value="scenarioKey" valueType="string"/>
										</object>
										<object type="InstanceSelectionRule:instanceKeyRule" version="3">
											<property name="type" value="EQUAL" valueType="string"/>
											<property name="instanceKeyName" value="run_type" valueType="string"/>
										</object>
									</property>
								</object>
							</property>
							<property name="join" valueType="table">
								<object type="DataModel:node:join" version="3">
									<property name="sourceField" valueType="url">DataSource["Aggregation[IMM_CRM_Allocation_Per_Expo]"{Aggregation[97da54bf-a057-4a2b-91ce-9297d60d73de]}].layout["entity"{52317dfd-0757-46ba-b050-807ab2a8b693}]</property>
									<property name="parentField" valueType="url">DataSource["Aggregation[PreAllocation_Exposure]"{Aggregation[113850ba-0d81-4e85-b1c9-9ac3b8e35d80]}].layout["expsr_entity"{875bf02c-4018-47f1-b643-5531f539e010}]</property>
								</object>
								<object type="DataModel:node:join" version="3">
									<property name="sourceField" valueType="url">DataSource["Aggregation[IMM_CRM_Allocation_Per_Expo]"{Aggregation[97da54bf-a057-4a2b-91ce-9297d60d73de]}].layout["id_expsr_unique"{517f20cb-353e-483b-a62c-88fb36097519}]</property>
									<property name="parentField" valueType="url">DataSource["Aggregation[PreAllocation_Exposure]"{Aggregation[113850ba-0d81-4e85-b1c9-9ac3b8e35d80]}].layout["id_expsr_unique"{a006cda4-7cb4-4e83-83d7-4dffb392c14f}]</property>
								</object>
							</property>
						</objectNode>
					</children>
				</objectNode>
			</children>
		</objectNode>
	</property>
	<property name="instanceKeys" valueType="table"/>
	<property name="streamKeys" valueType="table"/>
</object>