<object stamp="6d8476c9-975d-499e-b16d-23260c021f0e_1740736240031" type="ModifyModel" version="32">
	<property name="name" value="IRB_Dilution_CRM_Input" valueType="string"/>
	<property name="description" value="" valueType="string"/>
	<property name="objectId" value="1982b5c2-0290-4d2a-9597-c9acbcdc4c7e" valueType="string"/>
	<property name="branchId" value="44f98cc4-3c7c-41c3-8daa-5b9828f45d7a" valueType="string"/>
	<property name="model" valueType="url">DataModel["Aggregation[IRB_Dilution_Risk_RWA]"{Aggregation[2379dd2c-aaa4-4a83-b583-fdec59db8f21]}]</property>
	<property name="modifications" valueType="tree">
		<objectNode type="ModifyModel:root" version="8">
			<property name="name" value="modificationsRoot" valueType="string"/>
			<property name="description" value="" valueType="string"/>
			<property name="id" value="modificationsRoot" valueType="string"/>
			<children>
				<objectNode type="ModifyModel:modification" version="20">
					<property name="name" value="Aggregation" valueType="string"/>
					<property name="description" value="" valueType="string"/>
					<property name="id" value="2379dd2c-aaa4-4a83-b583-fdec59db8f21" valueType="string"/>
					<property name="existingNode" valueType="url">DataModel["Aggregation[IRB_Dilution_Risk_RWA]"{Aggregation[2379dd2c-aaa4-4a83-b583-fdec59db8f21]}].hierarchy["Aggregation"{2379dd2c-aaa4-4a83-b583-fdec59db8f21}]</property>
					<property name="mandatoryInJoin" value="false" valueType="boolean"/>
					<property name="additionalConstraint" valueType="table"/>
					<property name="additionalJoinExpression" valueType="table"/>
					<children>
						<objectNode type="ModifyModel:node" version="9">
							<property name="name" value="irb_exp_vl" valueType="string"/>
							<property name="description" value="" valueType="string"/>
							<property name="id" value="a086567c-bf49-40b4-a3fe-40387f80e998" valueType="string"/>
							<property name="dataSource" valueType="url">DataSource["Portfolio-result[IRB_Exposure_Value].ModifyModel[IRB_Exposure_Value].shared_calcs:Portfolio[IRB_Exposure_Class].Aggregation[Consolidated_CR_Exposure_Inputs]"{Portfolio-result[aeb58873-4235-4e93-9e1c-1d0bb39a7590].ModifyModel[c541866e-18f6-4bfc-972c-66c2c4e47a0e].015fe472-ce70-41e1-9583-ebf524ac86a8:Portfolio[3a89a408-5da3-4943-aebd-f72fe51dff3d].Aggregation[e656b996-3c81-4229-a299-6d0d56226654]}]</property>
							<property name="relationshipToParent" value="ONE_TO_ONE" valueType="string"/>
							<property name="mandatoryInJoin" value="false" valueType="boolean"/>
							<property name="additionalConstraint" valueType="table"/>
							<property name="additionalJoinExpression" valueType="table"/>
							<property name="instanceSelectionRule" valueType="object">
								<object type="InstanceSelectionRule" version="3">
									<property name="instanceDateRule" valueType="object">
										<object type="InstanceSelectionRule:rule" version="3">
											<property name="type" value="EQUAL" valueType="string"/>
										</object>
									</property>
									<property name="instanceKeyRules" valueType="table">
										<object type="InstanceSelectionRule:instanceKeyRule" version="3">
											<property name="type" value="EQUAL" valueType="string"/>
											<property name="instanceKeyName" value="v" valueType="string"/>
										</object>
										<object type="InstanceSelectionRule:instanceKeyRule" version="3">
											<property name="type" value="EQUAL" valueType="string"/>
											<property name="instanceKeyName" value="run_id" valueType="string"/>
										</object>
										<object type="InstanceSelectionRule:instanceKeyRule" version="3">
											<property name="type" value="EQUAL" valueType="string"/>
											<property name="instanceKeyName" value="scenarioKey" valueType="string"/>
										</object>
										<object type="InstanceSelectionRule:instanceKeyRule" version="3">
											<property name="type" value="EQUAL" valueType="string"/>
											<property name="instanceKeyName" value="run_type" valueType="string"/>
										</object>
									</property>
								</object>
							</property>
							<property name="join" valueType="table">
								<object type="DataModel:node:join" version="3">
									<property name="sourceField" valueType="url">DataSource["Portfolio-result[IRB_Exposure_Value].ModifyModel[IRB_Exposure_Value].shared_calcs:Portfolio[IRB_Exposure_Class].Aggregation[Consolidated_CR_Exposure_Inputs]"{Portfolio-result[aeb58873-4235-4e93-9e1c-1d0bb39a7590].ModifyModel[c541866e-18f6-4bfc-972c-66c2c4e47a0e].015fe472-ce70-41e1-9583-ebf524ac86a8:Portfolio[3a89a408-5da3-4943-aebd-f72fe51dff3d].Aggregation[e656b996-3c81-4229-a299-6d0d56226654]}].layout["id_unique"{2e54731c-1a48-4165-9b7d-092b712bd570}]</property>
									<property name="parentField" valueType="url">DataSource["Aggregation[IRB_Dilution_Risk_RWA]"{Aggregation[2379dd2c-aaa4-4a83-b583-fdec59db8f21]}].layout["id_unique"{e022d753-fb4f-4d4f-84e1-8e19cb2fe21e}]</property>
								</object>
								<object type="DataModel:node:join" version="3">
									<property name="sourceField" valueType="url">DataSource["Portfolio-result[IRB_Exposure_Value].ModifyModel[IRB_Exposure_Value].shared_calcs:Portfolio[IRB_Exposure_Class].Aggregation[Consolidated_CR_Exposure_Inputs]"{Portfolio-result[aeb58873-4235-4e93-9e1c-1d0bb39a7590].ModifyModel[c541866e-18f6-4bfc-972c-66c2c4e47a0e].015fe472-ce70-41e1-9583-ebf524ac86a8:Portfolio[3a89a408-5da3-4943-aebd-f72fe51dff3d].Aggregation[e656b996-3c81-4229-a299-6d0d56226654]}].layout["entity"{6774a62e-c315-4490-bae4-2cbfb9891b45}]</property>
									<property name="parentField" valueType="url">DataSource["Aggregation[IRB_Dilution_Risk_RWA]"{Aggregation[2379dd2c-aaa4-4a83-b583-fdec59db8f21]}].layout["entity"{8fe99a18-99cd-436f-8361-e7b71ad61299}]</property>
								</object>
							</property>
						</objectNode>
						<objectNode type="ModifyModel:node" version="9">
							<property name="name" value="risk_weight" valueType="string"/>
							<property name="description" value="" valueType="string"/>
							<property name="id" value="973ffb9f-1751-4244-a241-aaae3dd2e8f5" valueType="string"/>
							<property name="dataSource" valueType="url">DataSource["Portfolio-result[Risk_Weight_Final].ModifyModel[Net_Level_Risk_Weight].shared_calcs:Portfolio[Risk_Weights].ModifyModel[RW_CR].Portfolio[Risk_Weights_Pre].Portfolio[Risk_Weight_Codes].ModifyModel[CR_Exposure_Inputs_with_3rd_Country].Aggregation[Consolidated_CR_Exposure_Inputs]"{Portfolio-result[a8d49b27-1968-40f5-88a5-7309ece4069b].ModifyModel[4357e0b2-6fd2-4150-96f0-1ba1013f5558].015fe472-ce70-41e1-9583-ebf524ac86a8:Portfolio[68688b0d-6e37-451d-b6b1-b4c0765fd476].ModifyModel[8bd57195-e425-4be6-8ed2-908d0f85d29d].Portfolio[5fa86337-82d9-4301-a0cf-956f52c232e0].Portfolio[6045e4b3-4082-492d-8996-78fbe53d8b2a].ModifyModel[072e5548-2627-441e-9fc1-ca76af5ec2fb].Aggregation[e656b996-3c81-4229-a299-6d0d56226654]}]</property>
							<property name="relationshipToParent" value="ONE_TO_ONE" valueType="string"/>
							<property name="mandatoryInJoin" value="false" valueType="boolean"/>
							<property name="additionalConstraint" valueType="table"/>
							<property name="additionalJoinExpression" valueType="table"/>
							<property name="instanceSelectionRule" valueType="object">
								<object type="InstanceSelectionRule" version="3">
									<property name="instanceDateRule" valueType="object">
										<object type="InstanceSelectionRule:rule" version="3">
											<property name="type" value="EQUAL" valueType="string"/>
										</object>
									</property>
									<property name="instanceKeyRules" valueType="table">
										<object type="InstanceSelectionRule:instanceKeyRule" version="3">
											<property name="type" value="EQUAL" valueType="string"/>
											<property name="instanceKeyName" value="v" valueType="string"/>
										</object>
										<object type="InstanceSelectionRule:instanceKeyRule" version="3">
											<property name="type" value="EQUAL" valueType="string"/>
											<property name="instanceKeyName" value="run_id" valueType="string"/>
										</object>
										<object type="InstanceSelectionRule:instanceKeyRule" version="3">
											<property name="type" value="EQUAL" valueType="string"/>
											<property name="instanceKeyName" value="scenarioKey" valueType="string"/>
										</object>
										<object type="InstanceSelectionRule:instanceKeyRule" version="3">
											<property name="type" value="EQUAL" valueType="string"/>
											<property name="instanceKeyName" value="run_type" valueType="string"/>
										</object>
									</property>
								</object>
							</property>
							<property name="join" valueType="table">
								<object type="DataModel:node:join" version="3">
									<property name="sourceField" valueType="url">DataSource["Portfolio-result[Risk_Weight_Final].ModifyModel[Net_Level_Risk_Weight].shared_calcs:Portfolio[Risk_Weights].ModifyModel[RW_CR].Portfolio[Risk_Weights_Pre].Portfolio[Risk_Weight_Codes].ModifyModel[CR_Exposure_Inputs_with_3rd_Country].Aggregation[Consolidated_CR_Exposure_Inputs]"{Portfolio-result[a8d49b27-1968-40f5-88a5-7309ece4069b].ModifyModel[4357e0b2-6fd2-4150-96f0-1ba1013f5558].015fe472-ce70-41e1-9583-ebf524ac86a8:Portfolio[68688b0d-6e37-451d-b6b1-b4c0765fd476].ModifyModel[8bd57195-e425-4be6-8ed2-908d0f85d29d].Portfolio[5fa86337-82d9-4301-a0cf-956f52c232e0].Portfolio[6045e4b3-4082-492d-8996-78fbe53d8b2a].ModifyModel[072e5548-2627-441e-9fc1-ca76af5ec2fb].Aggregation[e656b996-3c81-4229-a299-6d0d56226654]}].layout["id_unique"{2e54731c-1a48-4165-9b7d-092b712bd570}]</property>
									<property name="parentField" valueType="url">DataSource["Aggregation[IRB_Dilution_Risk_RWA]"{Aggregation[2379dd2c-aaa4-4a83-b583-fdec59db8f21]}].layout["id_unique"{e022d753-fb4f-4d4f-84e1-8e19cb2fe21e}]</property>
								</object>
								<object type="DataModel:node:join" version="3">
									<property name="sourceField" valueType="url">DataSource["Portfolio-result[Risk_Weight_Final].ModifyModel[Net_Level_Risk_Weight].shared_calcs:Portfolio[Risk_Weights].ModifyModel[RW_CR].Portfolio[Risk_Weights_Pre].Portfolio[Risk_Weight_Codes].ModifyModel[CR_Exposure_Inputs_with_3rd_Country].Aggregation[Consolidated_CR_Exposure_Inputs]"{Portfolio-result[a8d49b27-1968-40f5-88a5-7309ece4069b].ModifyModel[4357e0b2-6fd2-4150-96f0-1ba1013f5558].015fe472-ce70-41e1-9583-ebf524ac86a8:Portfolio[68688b0d-6e37-451d-b6b1-b4c0765fd476].ModifyModel[8bd57195-e425-4be6-8ed2-908d0f85d29d].Portfolio[5fa86337-82d9-4301-a0cf-956f52c232e0].Portfolio[6045e4b3-4082-492d-8996-78fbe53d8b2a].ModifyModel[072e5548-2627-441e-9fc1-ca76af5ec2fb].Aggregation[e656b996-3c81-4229-a299-6d0d56226654]}].layout["entity"{6774a62e-c315-4490-bae4-2cbfb9891b45}]</property>
									<property name="parentField" valueType="url">DataSource["Aggregation[IRB_Dilution_Risk_RWA]"{Aggregation[2379dd2c-aaa4-4a83-b583-fdec59db8f21]}].layout["entity"{8fe99a18-99cd-436f-8361-e7b71ad61299}]</property>
								</object>
							</property>
						</objectNode>
						<objectNode type="ModifyModel:node" version="9">
							<property name="name" value="cr_consolidated_inputs" valueType="string"/>
							<property name="description" value="Resulting data source for aggregation Consolidated_CR_Exposure_Inputs" valueType="string"/>
							<property name="id" value="81f7da95-0b0b-45c8-913c-e9273657063a" valueType="string"/>
							<property name="dataSource" valueType="url">DataSource["shared_calcs:Aggregation[Consolidated_CR_Exposure_Inputs]"{015fe472-ce70-41e1-9583-ebf524ac86a8:Aggregation[e656b996-3c81-4229-a299-6d0d56226654]}]</property>
							<property name="relationshipToParent" value="ONE_TO_ONE" valueType="string"/>
							<property name="mandatoryInJoin" value="false" valueType="boolean"/>
							<property name="additionalConstraint" valueType="table"/>
							<property name="additionalJoinExpression" valueType="table"/>
							<property name="instanceSelectionRule" valueType="object">
								<object type="InstanceSelectionRule" version="3">
									<property name="instanceDateRule" valueType="object">
										<object type="InstanceSelectionRule:rule" version="3">
											<property name="type" value="EQUAL" valueType="string"/>
										</object>
									</property>
									<property name="instanceKeyRules" valueType="table">
										<object type="InstanceSelectionRule:instanceKeyRule" version="3">
											<property name="type" value="EQUAL" valueType="string"/>
											<property name="instanceKeyName" value="v" valueType="string"/>
										</object>
										<object type="InstanceSelectionRule:instanceKeyRule" version="3">
											<property name="type" value="EQUAL" valueType="string"/>
											<property name="instanceKeyName" value="run_id" valueType="string"/>
										</object>
										<object type="InstanceSelectionRule:instanceKeyRule" version="3">
											<property name="type" value="EQUAL" valueType="string"/>
											<property name="instanceKeyName" value="scenarioKey" valueType="string"/>
										</object>
										<object type="InstanceSelectionRule:instanceKeyRule" version="3">
											<property name="type" value="EQUAL" valueType="string"/>
											<property name="instanceKeyName" value="run_type" valueType="string"/>
										</object>
									</property>
								</object>
							</property>
							<property name="join" valueType="table">
								<object type="DataModel:node:join" version="3">
									<property name="sourceField" valueType="url">DataSource["shared_calcs:Aggregation[Consolidated_CR_Exposure_Inputs]"{015fe472-ce70-41e1-9583-ebf524ac86a8:Aggregation[e656b996-3c81-4229-a299-6d0d56226654]}].layout["id_unique"{2e54731c-1a48-4165-9b7d-092b712bd570}]</property>
									<property name="parentField" valueType="url">DataSource["Aggregation[IRB_Dilution_Risk_RWA]"{Aggregation[2379dd2c-aaa4-4a83-b583-fdec59db8f21]}].layout["id_unique"{e022d753-fb4f-4d4f-84e1-8e19cb2fe21e}]</property>
								</object>
								<object type="DataModel:node:join" version="3">
									<property name="sourceField" valueType="url">DataSource["shared_calcs:Aggregation[Consolidated_CR_Exposure_Inputs]"{015fe472-ce70-41e1-9583-ebf524ac86a8:Aggregation[e656b996-3c81-4229-a299-6d0d56226654]}].layout["entity"{6774a62e-c315-4490-bae4-2cbfb9891b45}]</property>
									<property name="parentField" valueType="url">DataSource["Aggregation[IRB_Dilution_Risk_RWA]"{Aggregation[2379dd2c-aaa4-4a83-b583-fdec59db8f21]}].layout["entity"{8fe99a18-99cd-436f-8361-e7b71ad61299}]</property>
								</object>
							</property>
							<children>
								<objectNode type="ModifyModel:node" version="9">
									<property name="name" value="irb_exp_class" valueType="string"/>
									<property name="description" value="" valueType="string"/>
									<property name="id" value="079428da-1ec2-49e6-9ef5-7ed0694cea46" valueType="string"/>
									<property name="dataSource" valueType="url">DataSource["shared_calcs:Portfolio-result[IRB_Exposure_Class].Aggregation[Consolidated_CR_Exposure_Inputs]"{015fe472-ce70-41e1-9583-ebf524ac86a8:Portfolio-result[3a89a408-5da3-4943-aebd-f72fe51dff3d].Aggregation[e656b996-3c81-4229-a299-6d0d56226654]}]</property>
									<property name="relationshipToParent" value="ONE_TO_ONE" valueType="string"/>
									<property name="mandatoryInJoin" value="false" valueType="boolean"/>
									<property name="additionalConstraint" valueType="table"/>
									<property name="additionalJoinExpression" valueType="table"/>
									<property name="instanceSelectionRule" valueType="object">
										<object type="InstanceSelectionRule" version="3">
											<property name="instanceDateRule" valueType="object">
												<object type="InstanceSelectionRule:rule" version="3">
													<property name="type" value="EQUAL" valueType="string"/>
												</object>
											</property>
											<property name="instanceKeyRules" valueType="table">
												<object type="InstanceSelectionRule:instanceKeyRule" version="3">
													<property name="type" value="EQUAL" valueType="string"/>
													<property name="instanceKeyName" value="v" valueType="string"/>
												</object>
												<object type="InstanceSelectionRule:instanceKeyRule" version="3">
													<property name="type" value="EQUAL" valueType="string"/>
													<property name="instanceKeyName" value="run_id" valueType="string"/>
												</object>
												<object type="InstanceSelectionRule:instanceKeyRule" version="3">
													<property name="type" value="EQUAL" valueType="string"/>
													<property name="instanceKeyName" value="scenarioKey" valueType="string"/>
												</object>
												<object type="InstanceSelectionRule:instanceKeyRule" version="3">
													<property name="type" value="EQUAL" valueType="string"/>
													<property name="instanceKeyName" value="run_type" valueType="string"/>
												</object>
											</property>
										</object>
									</property>
									<property name="join" valueType="table">
										<object type="DataModel:node:join" version="3">
											<property name="sourceField" valueType="url">DataSource["shared_calcs:Portfolio-result[IRB_Exposure_Class].Aggregation[Consolidated_CR_Exposure_Inputs]"{015fe472-ce70-41e1-9583-ebf524ac86a8:Portfolio-result[3a89a408-5da3-4943-aebd-f72fe51dff3d].Aggregation[e656b996-3c81-4229-a299-6d0d56226654]}].layout["id_unique"{2e54731c-1a48-4165-9b7d-092b712bd570}]</property>
											<property name="parentField" valueType="url">DataSource["shared_calcs:Aggregation[Consolidated_CR_Exposure_Inputs]"{015fe472-ce70-41e1-9583-ebf524ac86a8:Aggregation[e656b996-3c81-4229-a299-6d0d56226654]}].layout["id_unique"{2e54731c-1a48-4165-9b7d-092b712bd570}]</property>
										</object>
										<object type="DataModel:node:join" version="3">
											<property name="sourceField" valueType="url">DataSource["shared_calcs:Portfolio-result[IRB_Exposure_Class].Aggregation[Consolidated_CR_Exposure_Inputs]"{015fe472-ce70-41e1-9583-ebf524ac86a8:Portfolio-result[3a89a408-5da3-4943-aebd-f72fe51dff3d].Aggregation[e656b996-3c81-4229-a299-6d0d56226654]}].layout["entity"{6774a62e-c315-4490-bae4-2cbfb9891b45}]</property>
											<property name="parentField" valueType="url">DataSource["shared_calcs:Aggregation[Consolidated_CR_Exposure_Inputs]"{015fe472-ce70-41e1-9583-ebf524ac86a8:Aggregation[e656b996-3c81-4229-a299-6d0d56226654]}].layout["entity"{6774a62e-c315-4490-bae4-2cbfb9891b45}]</property>
										</object>
									</property>
								</objectNode>
								<objectNode type="ModifyModel:node" version="9">
									<property name="name" value="irb_pd" valueType="string"/>
									<property name="description" value="" valueType="string"/>
									<property name="id" value="f688e1e1-3cf4-4bcc-9c36-05a9d5f2dea0" valueType="string"/>
									<property name="dataSource" valueType="url">DataSource["shared_calcs:Portfolio-result[IRB_Probability_of_Default].Portfolio[IRB_Exposure_Class].Aggregation[Consolidated_CR_Exposure_Inputs]"{015fe472-ce70-41e1-9583-ebf524ac86a8:Portfolio-result[0a13ba1f-6f90-49e4-8655-4485181bc621].Portfolio[3a89a408-5da3-4943-aebd-f72fe51dff3d].Aggregation[e656b996-3c81-4229-a299-6d0d56226654]}]</property>
									<property name="relationshipToParent" value="ONE_OR_ZERO_TO_ONE" valueType="string"/>
									<property name="mandatoryInJoin" value="false" valueType="boolean"/>
									<property name="additionalConstraint" valueType="table"/>
									<property name="additionalJoinExpression" valueType="table"/>
									<property name="instanceSelectionRule" valueType="object">
										<object type="InstanceSelectionRule" version="3">
											<property name="instanceDateRule" valueType="object">
												<object type="InstanceSelectionRule:rule" version="3">
													<property name="type" value="EQUAL" valueType="string"/>
												</object>
											</property>
											<property name="instanceKeyRules" valueType="table">
												<object type="InstanceSelectionRule:instanceKeyRule" version="3">
													<property name="type" value="EQUAL" valueType="string"/>
													<property name="instanceKeyName" value="v" valueType="string"/>
												</object>
												<object type="InstanceSelectionRule:instanceKeyRule" version="3">
													<property name="type" value="EQUAL" valueType="string"/>
													<property name="instanceKeyName" value="run_id" valueType="string"/>
												</object>
												<object type="InstanceSelectionRule:instanceKeyRule" version="3">
													<property name="type" value="EQUAL" valueType="string"/>
													<property name="instanceKeyName" value="scenarioKey" valueType="string"/>
												</object>
												<object type="InstanceSelectionRule:instanceKeyRule" version="3">
													<property name="type" value="EQUAL" valueType="string"/>
													<property name="instanceKeyName" value="run_type" valueType="string"/>
												</object>
											</property>
										</object>
									</property>
									<property name="join" valueType="table">
										<object type="DataModel:node:join" version="3">
											<property name="sourceField" valueType="url">DataSource["shared_calcs:Portfolio-result[IRB_Probability_of_Default].Portfolio[IRB_Exposure_Class].Aggregation[Consolidated_CR_Exposure_Inputs]"{015fe472-ce70-41e1-9583-ebf524ac86a8:Portfolio-result[0a13ba1f-6f90-49e4-8655-4485181bc621].Portfolio[3a89a408-5da3-4943-aebd-f72fe51dff3d].Aggregation[e656b996-3c81-4229-a299-6d0d56226654]}].layout["id_unique"{2e54731c-1a48-4165-9b7d-092b712bd570}]</property>
											<property name="parentField" valueType="url">DataSource["shared_calcs:Aggregation[Consolidated_CR_Exposure_Inputs]"{015fe472-ce70-41e1-9583-ebf524ac86a8:Aggregation[e656b996-3c81-4229-a299-6d0d56226654]}].layout["id_unique"{2e54731c-1a48-4165-9b7d-092b712bd570}]</property>
										</object>
										<object type="DataModel:node:join" version="3">
											<property name="sourceField" valueType="url">DataSource["shared_calcs:Portfolio-result[IRB_Probability_of_Default].Portfolio[IRB_Exposure_Class].Aggregation[Consolidated_CR_Exposure_Inputs]"{015fe472-ce70-41e1-9583-ebf524ac86a8:Portfolio-result[0a13ba1f-6f90-49e4-8655-4485181bc621].Portfolio[3a89a408-5da3-4943-aebd-f72fe51dff3d].Aggregation[e656b996-3c81-4229-a299-6d0d56226654]}].layout["entity"{6774a62e-c315-4490-bae4-2cbfb9891b45}]</property>
											<property name="parentField" valueType="url">DataSource["shared_calcs:Aggregation[Consolidated_CR_Exposure_Inputs]"{015fe472-ce70-41e1-9583-ebf524ac86a8:Aggregation[e656b996-3c81-4229-a299-6d0d56226654]}].layout["entity"{6774a62e-c315-4490-bae4-2cbfb9891b45}]</property>
										</object>
									</property>
								</objectNode>
								<objectNode type="ModifyModel:node" version="9">
									<property name="name" value="irb_lgd" valueType="string"/>
									<property name="description" value="" valueType="string"/>
									<property name="id" value="524cd4db-edf4-4754-b327-520546d2a5bd" valueType="string"/>
									<property name="dataSource" valueType="url">DataSource["shared_calcs:Portfolio-result[IRB_Loss_Given_Default].Portfolio[IRB_Exposure_Class].Aggregation[Consolidated_CR_Exposure_Inputs]"{015fe472-ce70-41e1-9583-ebf524ac86a8:Portfolio-result[5cd49fd5-fe69-4b90-ab07-07333f969fa3].Portfolio[3a89a408-5da3-4943-aebd-f72fe51dff3d].Aggregation[e656b996-3c81-4229-a299-6d0d56226654]}]</property>
									<property name="relationshipToParent" value="ONE_OR_ZERO_TO_ONE" valueType="string"/>
									<property name="mandatoryInJoin" value="false" valueType="boolean"/>
									<property name="additionalConstraint" valueType="table"/>
									<property name="additionalJoinExpression" valueType="table"/>
									<property name="instanceSelectionRule" valueType="object">
										<object type="InstanceSelectionRule" version="3">
											<property name="instanceDateRule" valueType="object">
												<object type="InstanceSelectionRule:rule" version="3">
													<property name="type" value="EQUAL" valueType="string"/>
												</object>
											</property>
											<property name="instanceKeyRules" valueType="table">
												<object type="InstanceSelectionRule:instanceKeyRule" version="3">
													<property name="type" value="EQUAL" valueType="string"/>
													<property name="instanceKeyName" value="v" valueType="string"/>
												</object>
												<object type="InstanceSelectionRule:instanceKeyRule" version="3">
													<property name="type" value="EQUAL" valueType="string"/>
													<property name="instanceKeyName" value="run_id" valueType="string"/>
												</object>
												<object type="InstanceSelectionRule:instanceKeyRule" version="3">
													<property name="type" value="EQUAL" valueType="string"/>
													<property name="instanceKeyName" value="scenarioKey" valueType="string"/>
												</object>
												<object type="InstanceSelectionRule:instanceKeyRule" version="3">
													<property name="type" value="EQUAL" valueType="string"/>
													<property name="instanceKeyName" value="run_type" valueType="string"/>
												</object>
											</property>
										</object>
									</property>
									<property name="join" valueType="table">
										<object type="DataModel:node:join" version="3">
											<property name="sourceField" valueType="url">DataSource["shared_calcs:Portfolio-result[IRB_Loss_Given_Default].Portfolio[IRB_Exposure_Class].Aggregation[Consolidated_CR_Exposure_Inputs]"{015fe472-ce70-41e1-9583-ebf524ac86a8:Portfolio-result[5cd49fd5-fe69-4b90-ab07-07333f969fa3].Portfolio[3a89a408-5da3-4943-aebd-f72fe51dff3d].Aggregation[e656b996-3c81-4229-a299-6d0d56226654]}].layout["id_unique"{2e54731c-1a48-4165-9b7d-092b712bd570}]</property>
											<property name="parentField" valueType="url">DataSource["shared_calcs:Aggregation[Consolidated_CR_Exposure_Inputs]"{015fe472-ce70-41e1-9583-ebf524ac86a8:Aggregation[e656b996-3c81-4229-a299-6d0d56226654]}].layout["id_unique"{2e54731c-1a48-4165-9b7d-092b712bd570}]</property>
										</object>
										<object type="DataModel:node:join" version="3">
											<property name="sourceField" valueType="url">DataSource["shared_calcs:Portfolio-result[IRB_Loss_Given_Default].Portfolio[IRB_Exposure_Class].Aggregation[Consolidated_CR_Exposure_Inputs]"{015fe472-ce70-41e1-9583-ebf524ac86a8:Portfolio-result[5cd49fd5-fe69-4b90-ab07-07333f969fa3].Portfolio[3a89a408-5da3-4943-aebd-f72fe51dff3d].Aggregation[e656b996-3c81-4229-a299-6d0d56226654]}].layout["entity"{6774a62e-c315-4490-bae4-2cbfb9891b45}]</property>
											<property name="parentField" valueType="url">DataSource["shared_calcs:Aggregation[Consolidated_CR_Exposure_Inputs]"{015fe472-ce70-41e1-9583-ebf524ac86a8:Aggregation[e656b996-3c81-4229-a299-6d0d56226654]}].layout["entity"{6774a62e-c315-4490-bae4-2cbfb9891b45}]</property>
										</object>
									</property>
								</objectNode>
								<objectNode type="ModifyModel:node" version="9">
									<property name="name" value="irb_m" valueType="string"/>
									<property name="description" value="" valueType="string"/>
									<property name="id" value="c6e4f33a-ed35-4faf-9425-d4e2946b5493" valueType="string"/>
									<property name="dataSource" valueType="url">DataSource["shared_calcs:Portfolio-result[IRB_Residual_Maturity].Portfolio[IRB_Exposure_Class].Aggregation[Consolidated_CR_Exposure_Inputs]"{015fe472-ce70-41e1-9583-ebf524ac86a8:Portfolio-result[95694d0e-3874-4a9d-be80-33f7e30c8bce].Portfolio[3a89a408-5da3-4943-aebd-f72fe51dff3d].Aggregation[e656b996-3c81-4229-a299-6d0d56226654]}]</property>
									<property name="relationshipToParent" value="ONE_OR_ZERO_TO_ONE" valueType="string"/>
									<property name="mandatoryInJoin" value="false" valueType="boolean"/>
									<property name="additionalConstraint" valueType="table"/>
									<property name="additionalJoinExpression" valueType="table"/>
									<property name="instanceSelectionRule" valueType="object">
										<object type="InstanceSelectionRule" version="3">
											<property name="instanceDateRule" valueType="object">
												<object type="InstanceSelectionRule:rule" version="3">
													<property name="type" value="EQUAL" valueType="string"/>
												</object>
											</property>
											<property name="instanceKeyRules" valueType="table">
												<object type="InstanceSelectionRule:instanceKeyRule" version="3">
													<property name="type" value="EQUAL" valueType="string"/>
													<property name="instanceKeyName" value="v" valueType="string"/>
												</object>
												<object type="InstanceSelectionRule:instanceKeyRule" version="3">
													<property name="type" value="EQUAL" valueType="string"/>
													<property name="instanceKeyName" value="run_id" valueType="string"/>
												</object>
												<object type="InstanceSelectionRule:instanceKeyRule" version="3">
													<property name="type" value="EQUAL" valueType="string"/>
													<property name="instanceKeyName" value="scenarioKey" valueType="string"/>
												</object>
												<object type="InstanceSelectionRule:instanceKeyRule" version="3">
													<property name="type" value="EQUAL" valueType="string"/>
													<property name="instanceKeyName" value="run_type" valueType="string"/>
												</object>
											</property>
										</object>
									</property>
									<property name="join" valueType="table">
										<object type="DataModel:node:join" version="3">
											<property name="sourceField" valueType="url">DataSource["shared_calcs:Portfolio-result[IRB_Residual_Maturity].Portfolio[IRB_Exposure_Class].Aggregation[Consolidated_CR_Exposure_Inputs]"{015fe472-ce70-41e1-9583-ebf524ac86a8:Portfolio-result[95694d0e-3874-4a9d-be80-33f7e30c8bce].Portfolio[3a89a408-5da3-4943-aebd-f72fe51dff3d].Aggregation[e656b996-3c81-4229-a299-6d0d56226654]}].layout["id_unique"{2e54731c-1a48-4165-9b7d-092b712bd570}]</property>
											<property name="parentField" valueType="url">DataSource["shared_calcs:Aggregation[Consolidated_CR_Exposure_Inputs]"{015fe472-ce70-41e1-9583-ebf524ac86a8:Aggregation[e656b996-3c81-4229-a299-6d0d56226654]}].layout["id_unique"{2e54731c-1a48-4165-9b7d-092b712bd570}]</property>
										</object>
										<object type="DataModel:node:join" version="3">
											<property name="sourceField" valueType="url">DataSource["shared_calcs:Portfolio-result[IRB_Residual_Maturity].Portfolio[IRB_Exposure_Class].Aggregation[Consolidated_CR_Exposure_Inputs]"{015fe472-ce70-41e1-9583-ebf524ac86a8:Portfolio-result[95694d0e-3874-4a9d-be80-33f7e30c8bce].Portfolio[3a89a408-5da3-4943-aebd-f72fe51dff3d].Aggregation[e656b996-3c81-4229-a299-6d0d56226654]}].layout["entity"{6774a62e-c315-4490-bae4-2cbfb9891b45}]</property>
											<property name="parentField" valueType="url">DataSource["shared_calcs:Aggregation[Consolidated_CR_Exposure_Inputs]"{015fe472-ce70-41e1-9583-ebf524ac86a8:Aggregation[e656b996-3c81-4229-a299-6d0d56226654]}].layout["entity"{6774a62e-c315-4490-bae4-2cbfb9891b45}]</property>
										</object>
									</property>
									<children>
										<objectNode type="ModifyModel:node" version="9">
											<property name="name" value="irb_specialised_lending" valueType="string"/>
											<property name="description" value="" valueType="string"/>
											<property name="id" value="f25e8b43-b416-4eb7-9fb2-8d0626d56871" valueType="string"/>
											<property name="dataSource" valueType="url">DataSource["shared_calcs:IRB_Specialised_Lending_Exposures"{015fe472-ce70-41e1-9583-ebf524ac86a8:546b23e7-2ab3-4c64-8411-06f217d035c3}]</property>
											<property name="relationshipToParent" value="ONE_OR_ZERO_TO_ONE" valueType="string"/>
											<property name="mandatoryInJoin" value="false" valueType="boolean"/>
											<property name="additionalConstraint" valueType="table"/>
											<property name="additionalJoinExpression" valueType="table">
												<object type="ModifyModel:localFieldReference" version="3">
													<property name="value" valueType="url">ModifyModel[this].modifications["cr_consolidated_inputs"{81f7da95-0b0b-45c8-913c-e9273657063a}].dataSource.layout["enm_irb_spclsd_lndng_ctgry"{01551140-e89e-4865-938d-788f7028a96d}]</property>
												</object>
												<object type="SQLExpressionPart" version="2">
													<property name="value" value=" = " valueType="string"/>
												</object>
												<object type="ModifyModel:localFieldReference" version="3">
													<property name="value" valueType="url">ModifyModel[this].modifications["irb_specialised_lending"{f25e8b43-b416-4eb7-9fb2-8d0626d56871}].dataSource.layout["enm_irb_spclsd_lndng_ctgry"{5f1aa141-607f-46c8-a7d7-2ec7e59be9e5}]</property>
												</object>
												<object type="SQLExpressionPart" version="2">
													<property name="value" value=" AND " valueType="string"/>
												</object>
												<object type="ModifyModel:localFieldReference" version="3">
													<property name="value" valueType="url">ModifyModel[this].modifications["irb_specialised_lending"{f25e8b43-b416-4eb7-9fb2-8d0626d56871}].dataSource.layout["jrsdctn"{6070c2d6-6a2b-40af-9814-7fbffa9e0e17}]</property>
												</object>
												<object type="SQLExpressionPart" version="2">
													<property name="value" value=" = " valueType="string"/>
												</object>
												<object type="ModifyModel:localFieldReference" version="3">
													<property name="value" valueType="url">ModifyModel[this].modifications["cr_consolidated_inputs"{81f7da95-0b0b-45c8-913c-e9273657063a}].dataSource.layout["entity_cntry_gb_eu"{8c93eb16-9129-4038-8f96-eed760c1bfdf}]</property>
												</object>
												<object type="SQLExpressionPart" version="2">
													<property name="value" value=" AND " valueType="string"/>
												</object>
												<object type="ModifyModel:localFieldReference" version="3">
													<property name="value" valueType="url">ModifyModel[this].modifications["irb_specialised_lending"{f25e8b43-b416-4eb7-9fb2-8d0626d56871}].dataSource.layout["enm_irb_spclsd_lndng_sub_ctgry"{8c05a475-ecb9-40a1-af5b-3260c02c4ddb}]</property>
												</object>
												<object type="SQLExpressionPart" version="2">
													<property name="value" value=" = " valueType="string"/>
												</object>
												<object type="ModifyModel:localFieldReference" version="3">
													<property name="value" valueType="url">ModifyModel[this].modifications["cr_consolidated_inputs"{81f7da95-0b0b-45c8-913c-e9273657063a}].dataSource.layout["irb_spclsd_lndng_sub_ctgry"{a3b744a8-9f12-4c8f-b8fe-d881e06301fc}]</property>
												</object>
											</property>
											<property name="instanceSelectionRule" valueType="object">
												<object type="InstanceSelectionRule" version="3">
													<property name="instanceDateRule" valueType="object">
														<object type="InstanceSelectionRule:rule" version="3">
															<property name="type" value="EQUAL" valueType="string"/>
														</object>
													</property>
													<property name="instanceKeyRules" valueType="table">
														<object type="InstanceSelectionRule:instanceKeyRule" version="3">
															<property name="type" value="EQUAL" valueType="string"/>
															<property name="instanceKeyName" value="v" valueType="string"/>
														</object>
														<object type="InstanceSelectionRule:instanceKeyRule" version="3">
															<property name="type" value="EQUAL" valueType="string"/>
															<property name="instanceKeyName" value="run_id" valueType="string"/>
														</object>
														<object type="InstanceSelectionRule:instanceKeyRule" version="3">
															<property name="type" value="EQUAL" valueType="string"/>
															<property name="instanceKeyName" value="scenarioKey" valueType="string"/>
														</object>
														<object type="InstanceSelectionRule:instanceKeyRule" version="3">
															<property name="type" value="EQUAL" valueType="string"/>
															<property name="instanceKeyName" value="run_type" valueType="string"/>
														</object>
													</property>
												</object>
											</property>
											<property name="join" valueType="table">
												<object type="DataModel:node:join" version="3">
													<property name="sourceField" valueType="url">DataSource["shared_calcs:IRB_Specialised_Lending_Exposures"{015fe472-ce70-41e1-9583-ebf524ac86a8:546b23e7-2ab3-4c64-8411-06f217d035c3}].layout["spclsd_lndng_mtrty"{67e52cfb-4136-4224-8ba2-94178f8667bb}]</property>
													<property name="parentField" valueType="url">DataSource["shared_calcs:Portfolio-result[IRB_Residual_Maturity].Portfolio[IRB_Exposure_Class].Aggregation[Consolidated_CR_Exposure_Inputs]"{015fe472-ce70-41e1-9583-ebf524ac86a8:Portfolio-result[95694d0e-3874-4a9d-be80-33f7e30c8bce].Portfolio[3a89a408-5da3-4943-aebd-f72fe51dff3d].Aggregation[e656b996-3c81-4229-a299-6d0d56226654]}].layout["irb_spclsd_lndng_mtrty"{46f77466-6ec3-4182-bbf8-daa8a0911be8}]</property>
												</object>
											</property>
										</objectNode>
									</children>
								</objectNode>
								<objectNode type="ModifyModel:node" version="9">
									<property name="name" value="irb_r" valueType="string"/>
									<property name="description" value="" valueType="string"/>
									<property name="id" value="a924e629-d974-469c-8f2a-eba7fe48daee" valueType="string"/>
									<property name="dataSource" valueType="url">DataSource["shared_calcs:Portfolio-result[IRB_Coefficient_of_Correlation].Portfolio[IRB_Probability_of_Default].Portfolio[IRB_Exposure_Class].Aggregation[Consolidated_CR_Exposure_Inputs]"{015fe472-ce70-41e1-9583-ebf524ac86a8:Portfolio-result[7a652821-8112-40ac-9d98-7d987a71ecfb].Portfolio[0a13ba1f-6f90-49e4-8655-4485181bc621].Portfolio[3a89a408-5da3-4943-aebd-f72fe51dff3d].Aggregation[e656b996-3c81-4229-a299-6d0d56226654]}]</property>
									<property name="relationshipToParent" value="ONE_OR_ZERO_TO_ONE" valueType="string"/>
									<property name="mandatoryInJoin" value="false" valueType="boolean"/>
									<property name="additionalConstraint" valueType="table"/>
									<property name="additionalJoinExpression" valueType="table"/>
									<property name="instanceSelectionRule" valueType="object">
										<object type="InstanceSelectionRule" version="3">
											<property name="instanceDateRule" valueType="object">
												<object type="InstanceSelectionRule:rule" version="3">
													<property name="type" value="EQUAL" valueType="string"/>
												</object>
											</property>
											<property name="instanceKeyRules" valueType="table">
												<object type="InstanceSelectionRule:instanceKeyRule" version="3">
													<property name="type" value="EQUAL" valueType="string"/>
													<property name="instanceKeyName" value="v" valueType="string"/>
												</object>
												<object type="InstanceSelectionRule:instanceKeyRule" version="3">
													<property name="type" value="EQUAL" valueType="string"/>
													<property name="instanceKeyName" value="run_id" valueType="string"/>
												</object>
												<object type="InstanceSelectionRule:instanceKeyRule" version="3">
													<property name="type" value="EQUAL" valueType="string"/>
													<property name="instanceKeyName" value="scenarioKey" valueType="string"/>
												</object>
												<object type="InstanceSelectionRule:instanceKeyRule" version="3">
													<property name="type" value="EQUAL" valueType="string"/>
													<property name="instanceKeyName" value="run_type" valueType="string"/>
												</object>
											</property>
										</object>
									</property>
									<property name="join" valueType="table">
										<object type="DataModel:node:join" version="3">
											<property name="sourceField" valueType="url">DataSource["shared_calcs:Portfolio-result[IRB_Coefficient_of_Correlation].Portfolio[IRB_Probability_of_Default].Portfolio[IRB_Exposure_Class].Aggregation[Consolidated_CR_Exposure_Inputs]"{015fe472-ce70-41e1-9583-ebf524ac86a8:Portfolio-result[7a652821-8112-40ac-9d98-7d987a71ecfb].Portfolio[0a13ba1f-6f90-49e4-8655-4485181bc621].Portfolio[3a89a408-5da3-4943-aebd-f72fe51dff3d].Aggregation[e656b996-3c81-4229-a299-6d0d56226654]}].layout["id_unique"{2e54731c-1a48-4165-9b7d-092b712bd570}]</property>
											<property name="parentField" valueType="url">DataSource["shared_calcs:Aggregation[Consolidated_CR_Exposure_Inputs]"{015fe472-ce70-41e1-9583-ebf524ac86a8:Aggregation[e656b996-3c81-4229-a299-6d0d56226654]}].layout["id_unique"{2e54731c-1a48-4165-9b7d-092b712bd570}]</property>
										</object>
										<object type="DataModel:node:join" version="3">
											<property name="sourceField" valueType="url">DataSource["shared_calcs:Portfolio-result[IRB_Coefficient_of_Correlation].Portfolio[IRB_Probability_of_Default].Portfolio[IRB_Exposure_Class].Aggregation[Consolidated_CR_Exposure_Inputs]"{015fe472-ce70-41e1-9583-ebf524ac86a8:Portfolio-result[7a652821-8112-40ac-9d98-7d987a71ecfb].Portfolio[0a13ba1f-6f90-49e4-8655-4485181bc621].Portfolio[3a89a408-5da3-4943-aebd-f72fe51dff3d].Aggregation[e656b996-3c81-4229-a299-6d0d56226654]}].layout["entity"{6774a62e-c315-4490-bae4-2cbfb9891b45}]</property>
											<property name="parentField" valueType="url">DataSource["shared_calcs:Aggregation[Consolidated_CR_Exposure_Inputs]"{015fe472-ce70-41e1-9583-ebf524ac86a8:Aggregation[e656b996-3c81-4229-a299-6d0d56226654]}].layout["entity"{6774a62e-c315-4490-bae4-2cbfb9891b45}]</property>
										</object>
									</property>
								</objectNode>
							</children>
						</objectNode>
					</children>
				</objectNode>
			</children>
		</objectNode>
	</property>
	<property name="instanceKeys" valueType="table"/>
	<property name="streamKeys" valueType="table"/>
</object>