<object stamp="ce873234-3447-45af-ba76-7db6b4fd59b0_1710914622453" type="ModifyModel" version="32">
	<property name="name" value="Net_Level_Risk_Weight" valueType="string"/>
	<property name="description" value="Net_Level_Risk_Weight" valueType="string"/>
	<property name="objectId" value="4357e0b2-6fd2-4150-96f0-1ba1013f5558" valueType="string"/>
	<property name="branchId" value="44f98cc4-3c7c-41c3-8daa-5b9828f45d7a" valueType="string"/>
	<property name="model" valueType="url">DataModel["shared_calcs:Portfolio[Risk_Weights].ModifyModel[RW_CR].Portfolio[Risk_Weights_Pre].Portfolio[Risk_Weight_Codes].ModifyModel[CR_Exposure_Inputs_with_3rd_Country].Aggregation[Consolidated_CR_Exposure_Inputs]"{015fe472-ce70-41e1-9583-ebf524ac86a8:Portfolio[68688b0d-6e37-451d-b6b1-b4c0765fd476].ModifyModel[8bd57195-e425-4be6-8ed2-908d0f85d29d].Portfolio[5fa86337-82d9-4301-a0cf-956f52c232e0].Portfolio[6045e4b3-4082-492d-8996-78fbe53d8b2a].ModifyModel[072e5548-2627-441e-9fc1-ca76af5ec2fb].Aggregation[e656b996-3c81-4229-a299-6d0d56226654]}]</property>
	<property name="modifications" valueType="tree">
		<objectNode type="ModifyModel:root" version="8">
			<property name="name" value="modificationsRoot" valueType="string"/>
			<property name="description" value="" valueType="string"/>
			<property name="id" value="modificationsRoot" valueType="string"/>
			<children>
				<objectNode type="ModifyModel:modification" version="20">
					<property name="name" value="Aggregation" valueType="string"/>
					<property name="description" value="" valueType="string"/>
					<property name="id" value="e656b996-3c81-4229-a299-6d0d56226654" valueType="string"/>
					<property name="existingNode" valueType="url">DataModel["shared_calcs:Portfolio[Risk_Weights].ModifyModel[RW_CR].Portfolio[Risk_Weights_Pre].Portfolio[Risk_Weight_Codes].ModifyModel[CR_Exposure_Inputs_with_3rd_Country].Aggregation[Consolidated_CR_Exposure_Inputs]"{015fe472-ce70-41e1-9583-ebf524ac86a8:Portfolio[68688b0d-6e37-451d-b6b1-b4c0765fd476].ModifyModel[8bd57195-e425-4be6-8ed2-908d0f85d29d].Portfolio[5fa86337-82d9-4301-a0cf-956f52c232e0].Portfolio[6045e4b3-4082-492d-8996-78fbe53d8b2a].ModifyModel[072e5548-2627-441e-9fc1-ca76af5ec2fb].Aggregation[e656b996-3c81-4229-a299-6d0d56226654]}].hierarchy["Aggregation"{e656b996-3c81-4229-a299-6d0d56226654}]</property>
					<property name="mandatoryInJoin" value="false" valueType="boolean"/>
					<property name="additionalConstraint" valueType="table"/>
					<property name="additionalJoinExpression" valueType="table"/>
					<children>
						<objectNode type="ModifyModel:node" version="9">
							<property name="name" value="net_level_rw" valueType="string"/>
							<property name="description" value="Resulting data source for aggregation Net_Level_Risk_Weight" valueType="string"/>
							<property name="id" value="e15f0158-aba1-4877-b425-3fa2028a0a6c" valueType="string"/>
							<property name="dataSource" valueType="url">DataSource["Aggregation[Net_Level_Risk_Weight]"{Aggregation[b588d474-a4f0-4f85-a440-60a0c7707fd3]}]</property>
							<property name="relationshipToParent" value="ONE_OR_ZERO_TO_ONE" valueType="string"/>
							<property name="mandatoryInJoin" value="false" valueType="boolean"/>
							<property name="additionalConstraint" valueType="table"/>
							<property name="additionalJoinExpression" valueType="table"/>
							<property name="instanceSelectionRule" valueType="object">
								<object type="InstanceSelectionRule" version="3">
									<property name="instanceDateRule" valueType="object">
										<object type="InstanceSelectionRule:rule" version="3">
											<property name="type" value="EQUAL" valueType="string"/>
										</object>
									</property>
									<property name="instanceKeyRules" valueType="table">
										<object type="InstanceSelectionRule:instanceKeyRule" version="3">
											<property name="type" value="EQUAL" valueType="string"/>
											<property name="instanceKeyName" value="v" valueType="string"/>
										</object>
										<object type="InstanceSelectionRule:instanceKeyRule" version="3">
											<property name="type" value="EQUAL" valueType="string"/>
											<property name="instanceKeyName" value="run_id" valueType="string"/>
										</object>
										<object type="InstanceSelectionRule:instanceKeyRule" version="3">
											<property name="type" value="EQUAL" valueType="string"/>
											<property name="instanceKeyName" value="scenarioKey" valueType="string"/>
										</object>
										<object type="InstanceSelectionRule:instanceKeyRule" version="3">
											<property name="type" value="EQUAL" valueType="string"/>
											<property name="instanceKeyName" value="run_type" valueType="string"/>
										</object>
									</property>
								</object>
							</property>
							<property name="join" valueType="table">
								<object type="DataModel:node:join" version="3">
									<property name="sourceField" valueType="url">DataSource["Aggregation[Net_Level_Risk_Weight]"{Aggregation[b588d474-a4f0-4f85-a440-60a0c7707fd3]}].layout["entity"{09239c2d-4efc-496f-b0ba-744fb13a9171}]</property>
									<property name="parentField" valueType="url">DataSource["shared_calcs:Aggregation[Consolidated_CR_Exposure_Inputs]"{015fe472-ce70-41e1-9583-ebf524ac86a8:Aggregation[e656b996-3c81-4229-a299-6d0d56226654]}].layout["entity"{6774a62e-c315-4490-bae4-2cbfb9891b45}]</property>
								</object>
								<object type="DataModel:node:join" version="3">
									<property name="sourceField" valueType="url">DataSource["Aggregation[Net_Level_Risk_Weight]"{Aggregation[b588d474-a4f0-4f85-a440-60a0c7707fd3]}].layout["id_nttng_agrmnt"{5047b206-679d-4220-b720-88049a48d37c}]</property>
									<property name="parentField" valueType="url">DataSource["shared_calcs:Aggregation[Consolidated_CR_Exposure_Inputs]"{015fe472-ce70-41e1-9583-ebf524ac86a8:Aggregation[e656b996-3c81-4229-a299-6d0d56226654]}].layout["id_nttng_agrmnt"{75994d04-37d5-4b2c-85ad-565a47c42689}]</property>
								</object>
							</property>
						</objectNode>
					</children>
				</objectNode>
			</children>
		</objectNode>
	</property>
	<property name="instanceKeys" valueType="table"/>
	<property name="streamKeys" valueType="table"/>
</object>