<object stamp="bc00370f-71c7-4f09-a86f-0ff054c52cab_1742551134870" type="ModifyModel" version="32">
	<property name="name" value="SACCR_Collateral_PFE" valueType="string"/>
	<property name="description" value="" valueType="string"/>
	<property name="objectId" value="dffe1c38-f1d8-401e-807c-c586b1ebcb5b" valueType="string"/>
	<property name="branchId" value="44f98cc4-3c7c-41c3-8daa-5b9828f45d7a" valueType="string"/>
	<property name="model" valueType="url">DataModel["Computation[SACCR_PreAllocation].dt_reserved_CCR_PFE"{Computation[854ade07-c725-486b-9bf5-767e6e211059].eafa24f4-76c1-47fc-953e-298b71bebf47}]</property>
	<property name="modifications" valueType="tree">
		<objectNode type="ModifyModel:root" version="8">
			<property name="name" value="modificationsRoot" valueType="string"/>
			<property name="description" value="" valueType="string"/>
			<property name="id" value="modificationsRoot" valueType="string"/>
			<children>
				<objectNode type="ModifyModel:modification" version="20">
					<property name="name" value="root" valueType="string"/>
					<property name="description" value="" valueType="string"/>
					<property name="id" value="8330cd2b-964d-4a7f-ab22-b9f1ade824dd" valueType="string"/>
					<property name="existingNode" valueType="url">DataModel["Computation[SACCR_PreAllocation].dt_reserved_CCR_PFE"{Computation[854ade07-c725-486b-9bf5-767e6e211059].eafa24f4-76c1-47fc-953e-298b71bebf47}].hierarchy["root"{9adfa17e-5cf8-483d-8ef1-7235ae98eb0f}]</property>
					<property name="mandatoryInJoin" value="false" valueType="boolean"/>
					<property name="additionalConstraint" valueType="table"/>
					<property name="additionalJoinExpression" valueType="table"/>
					<children>
						<objectNode type="ModifyModel:node" version="9">
							<property name="name" value="hrcts" valueType="string"/>
							<property name="description" value="Resulting data source for aggregation PFE_Collateral_Haircuts" valueType="string"/>
							<property name="id" value="cf73b86f-c5e5-4ebb-bdb7-c9e38f2a67c0" valueType="string"/>
							<property name="dataSource" valueType="url">DataSource["Aggregation[PFE_Collateral_Haircuts]"{Aggregation[b5385360-caac-4c7e-a26d-8ba36665f892]}]</property>
							<property name="relationshipToParent" value="ONE_TO_ONE" valueType="string"/>
							<property name="mandatoryInJoin" value="false" valueType="boolean"/>
							<property name="additionalConstraint" valueType="table"/>
							<property name="additionalJoinExpression" valueType="table"/>
							<property name="instanceSelectionRule" valueType="object">
								<object type="InstanceSelectionRule" version="3">
									<property name="instanceDateRule" valueType="object">
										<object type="InstanceSelectionRule:rule" version="3">
											<property name="type" value="EQUAL" valueType="string"/>
										</object>
									</property>
									<property name="instanceKeyRules" valueType="table">
										<object type="InstanceSelectionRule:instanceKeyRule" version="3">
											<property name="type" value="EQUAL" valueType="string"/>
											<property name="instanceKeyName" value="v" valueType="string"/>
										</object>
										<object type="InstanceSelectionRule:instanceKeyRule" version="3">
											<property name="type" value="EQUAL" valueType="string"/>
											<property name="instanceKeyName" value="run_id" valueType="string"/>
										</object>
										<object type="InstanceSelectionRule:instanceKeyRule" version="3">
											<property name="type" value="EQUAL" valueType="string"/>
											<property name="instanceKeyName" value="run_type" valueType="string"/>
										</object>
										<object type="InstanceSelectionRule:instanceKeyRule" version="3">
											<property name="type" value="EQUAL" valueType="string"/>
											<property name="instanceKeyName" value="scenarioKey" valueType="string"/>
										</object>
									</property>
								</object>
							</property>
							<property name="join" valueType="table">
								<object type="DataModel:node:join" version="3">
									<property name="sourceField" valueType="url">DataSource["Aggregation[PFE_Collateral_Haircuts]"{Aggregation[b5385360-caac-4c7e-a26d-8ba36665f892]}].layout["entity"{cba5d158-574c-4e36-8dc3-7cbf0a1e7c6d}]</property>
									<property name="parentField" valueType="url">DataSource["Computation[SACCR_PreAllocation].dt_reserved_CCR_PFE"{Computation[854ade07-c725-486b-9bf5-767e6e211059].bea23acc-5426-4efb-8cad-ecf68bd96ee0}].layout["entity"{entity}]</property>
								</object>
								<object type="DataModel:node:join" version="3">
									<property name="sourceField" valueType="url">DataSource["Aggregation[PFE_Collateral_Haircuts]"{Aggregation[b5385360-caac-4c7e-a26d-8ba36665f892]}].layout["id_clltrl_unique"{b0e68830-9c69-43ec-a9f7-90338d659f1b}]</property>
									<property name="parentField" valueType="url">DataSource["Computation[SACCR_PreAllocation].dt_reserved_CCR_PFE"{Computation[854ade07-c725-486b-9bf5-767e6e211059].bea23acc-5426-4efb-8cad-ecf68bd96ee0}].layout["collateral_ID"{collateral_ID}]</property>
								</object>
							</property>
						</objectNode>
					</children>
				</objectNode>
			</children>
		</objectNode>
	</property>
	<property name="instanceKeys" valueType="table"/>
	<property name="streamKeys" valueType="table"/>
	<property name="modifyStreamKeys" valueType="table">
		<object type="ModifyModel:modifyStreamKey" version="1">
			<property name="streamKeyName" value="entity" valueType="string"/>
			<property name="addAdditionalStreamColumns" valueType="table">
				<object type="ModifyModel:localFieldReference" version="3">
					<property name="value" valueType="url">ModifyModel[this].modifications["hrcts"{cf73b86f-c5e5-4ebb-bdb7-c9e38f2a67c0}].dataSource.layout["entity"{cba5d158-574c-4e36-8dc3-7cbf0a1e7c6d}]</property>
				</object>
			</property>
		</object>
	</property>
</object>