<object stamp="f3f4143a-4676-41ce-af25-a1ae55613519_1710770734573" type="ModifyModel" version="32">
	<property name="name" value="Collated_Issuer_Guarantor_RW_Inputs_w_3rd_country" valueType="string"/>
	<property name="description" value="" valueType="string"/>
	<property name="objectId" value="4978e8f3-51a4-4a64-ae37-22524e9981dc" valueType="string"/>
	<property name="branchId" value="abd5d443-df6a-4329-a4bc-71fc002f8fcf" valueType="string"/>
	<property name="model" valueType="url">DataModel["Aggregation[Collated_Issuer_Guarantor_RW_Inputs]"{Aggregation[59a85c59-936b-4ed4-91c8-6d902bbcf085]}]</property>
	<property name="modifications" valueType="tree">
		<objectNode type="ModifyModel:root" version="8">
			<property name="name" value="modificationsRoot" valueType="string"/>
			<property name="description" value="" valueType="string"/>
			<property name="id" value="modificationsRoot" valueType="string"/>
			<children>
				<objectNode type="ModifyModel:modification" version="20">
					<property name="name" value="Aggregation" valueType="string"/>
					<property name="description" value="" valueType="string"/>
					<property name="id" value="59a85c59-936b-4ed4-91c8-6d902bbcf085" valueType="string"/>
					<property name="existingNode" valueType="url">DataModel["Aggregation[Collated_Issuer_Guarantor_RW_Inputs]"{Aggregation[59a85c59-936b-4ed4-91c8-6d902bbcf085]}].hierarchy["Aggregation"{59a85c59-936b-4ed4-91c8-6d902bbcf085}]</property>
					<property name="mandatoryInJoin" value="false" valueType="boolean"/>
					<property name="additionalConstraint" valueType="table"/>
					<property name="additionalJoinExpression" valueType="table"/>
					<children>
						<objectNode type="ModifyModel:node" version="9">
							<property name="name" value="third_country_equivalent" valueType="string"/>
							<property name="description" value="LKUP_CRD4_3rd_Country_Equivalent_Risk_Weights" valueType="string"/>
							<property name="id" value="6f9d2be4-51a5-44ee-97bd-5ff50c485f24" valueType="string"/>
							<property name="dataSource" valueType="url">DataSource["cm_ref_data_inputs:LKUP_CRD4_3rd_Country_Equivalent_Risk_Weights"{e9157cc6-c461-4637-ae9b-757cdb0c2552:4cfc58e4-ef54-4bd1-97b1-d91b4a25deb5}]</property>
							<property name="relationshipToParent" value="ONE_OR_ZERO_TO_ONE" valueType="string"/>
							<property name="mandatoryInJoin" value="false" valueType="boolean"/>
							<property name="additionalConstraint" valueType="table"/>
							<property name="additionalJoinExpression" valueType="table"/>
							<property name="instanceSelectionRule" valueType="object">
								<object type="InstanceSelectionRule" version="3">
									<property name="instanceDateRule" valueType="object">
										<object type="InstanceSelectionRule:rule" version="3">
											<property name="type" value="LATEST" valueType="string"/>
										</object>
									</property>
									<property name="instanceKeyRules" valueType="table">
										<object type="InstanceSelectionRule:instanceKeyRule" version="3">
											<property name="type" value="EQUAL" valueType="string"/>
											<property name="instanceKeyName" value="v" valueType="string"/>
										</object>
										<object type="InstanceSelectionRule:instanceKeyRule" version="3">
											<property name="type" value="EQUAL" valueType="string"/>
											<property name="instanceKeyName" value="run_id" valueType="string"/>
										</object>
										<object type="InstanceSelectionRule:instanceKeyRule" version="3">
											<property name="type" value="EQUAL" valueType="string"/>
											<property name="instanceKeyName" value="run_type" valueType="string"/>
										</object>
									</property>
								</object>
							</property>
							<property name="join" valueType="table">
								<object type="DataModel:node:join" version="3">
									<property name="sourceField" valueType="url">DataSource["cm_ref_data_inputs:LKUP_CRD4_3rd_Country_Equivalent_Risk_Weights"{e9157cc6-c461-4637-ae9b-757cdb0c2552:4cfc58e4-ef54-4bd1-97b1-d91b4a25deb5}].layout["enm_cntrprty_typ"{0b60598f-d310-45e0-92ef-51448fc58dc4}]</property>
									<property name="parentField" valueType="url">DataSource["Aggregation[Collated_Issuer_Guarantor_RW_Inputs]"{Aggregation[59a85c59-936b-4ed4-91c8-6d902bbcf085]}].layout["enm_issr_grntr_typ"{83a26e7d-7b7c-4068-94ff-92ae6637878b}]</property>
								</object>
								<object type="DataModel:node:join" version="3">
									<property name="sourceField" valueType="url">DataSource["cm_ref_data_inputs:LKUP_CRD4_3rd_Country_Equivalent_Risk_Weights"{e9157cc6-c461-4637-ae9b-757cdb0c2552:4cfc58e4-ef54-4bd1-97b1-d91b4a25deb5}].layout["enm_thrd_cntry_eqvlnt_cqs"{985796bd-43e6-40c8-9f6b-f2ccf2b6c9ee}]</property>
									<property name="parentField" valueType="url">DataSource["Aggregation[Collated_Issuer_Guarantor_RW_Inputs]"{Aggregation[59a85c59-936b-4ed4-91c8-6d902bbcf085]}].layout["enm_cqs_lt"{97af4e13-621e-43ac-9e92-f3c0d189d000}]</property>
								</object>
								<object type="DataModel:node:join" version="3">
									<property name="sourceField" valueType="url">DataSource["cm_ref_data_inputs:LKUP_CRD4_3rd_Country_Equivalent_Risk_Weights"{e9157cc6-c461-4637-ae9b-757cdb0c2552:4cfc58e4-ef54-4bd1-97b1-d91b4a25deb5}].layout["enm_cntry"{12519867-434e-457a-85b9-791cbd0f7bbe}]</property>
									<property name="parentField" valueType="url">DataSource["Aggregation[Collated_Issuer_Guarantor_RW_Inputs]"{Aggregation[59a85c59-936b-4ed4-91c8-6d902bbcf085]}].layout["thrd_cntry_eqvlnt"{4d419df8-08e2-4c48-9070-8aee2b1af942}]</property>
								</object>
							</property>
						</objectNode>
						<objectNode type="ModifyModel:node" version="9">
							<property name="name" value="third_country_eqvlnt_cgvt" valueType="string"/>
							<property name="description" value="LKUP_CRD4_3rd_Country_Equivalent_Risk_Weights" valueType="string"/>
							<property name="id" value="788c7804-6cfc-410b-9dd6-fff4ea223205" valueType="string"/>
							<property name="dataSource" valueType="url">DataSource["cm_ref_data_inputs:LKUP_CRD4_3rd_Country_Equivalent_Risk_Weights"{e9157cc6-c461-4637-ae9b-757cdb0c2552:4cfc58e4-ef54-4bd1-97b1-d91b4a25deb5}]</property>
							<property name="relationshipToParent" value="ONE_OR_ZERO_TO_ONE" valueType="string"/>
							<property name="mandatoryInJoin" value="false" valueType="boolean"/>
							<property name="additionalConstraint" valueType="table"/>
							<property name="additionalJoinExpression" valueType="table">
								<object type="ModifyModel:localFieldReference" version="3">
									<property name="value" valueType="url">ModifyModel[this].modifications["third_country_eqvlnt_cgvt"{788c7804-6cfc-410b-9dd6-fff4ea223205}].dataSource.layout["enm_cntrprty_typ"{0b60598f-d310-45e0-92ef-51448fc58dc4}]</property>
								</object>
								<object type="SQLExpressionPart" version="2">
									<property name="value" value=" = 'CGVT'" valueType="string"/>
								</object>
							</property>
							<property name="instanceSelectionRule" valueType="object">
								<object type="InstanceSelectionRule" version="3">
									<property name="instanceDateRule" valueType="object">
										<object type="InstanceSelectionRule:rule" version="3">
											<property name="type" value="LATEST" valueType="string"/>
										</object>
									</property>
									<property name="instanceKeyRules" valueType="table">
										<object type="InstanceSelectionRule:instanceKeyRule" version="3">
											<property name="type" value="EQUAL" valueType="string"/>
											<property name="instanceKeyName" value="v" valueType="string"/>
										</object>
										<object type="InstanceSelectionRule:instanceKeyRule" version="3">
											<property name="type" value="EQUAL" valueType="string"/>
											<property name="instanceKeyName" value="run_id" valueType="string"/>
										</object>
										<object type="InstanceSelectionRule:instanceKeyRule" version="3">
											<property name="type" value="EQUAL" valueType="string"/>
											<property name="instanceKeyName" value="run_type" valueType="string"/>
										</object>
									</property>
								</object>
							</property>
							<property name="join" valueType="table">
								<object type="DataModel:node:join" version="3">
									<property name="sourceField" valueType="url">DataSource["cm_ref_data_inputs:LKUP_CRD4_3rd_Country_Equivalent_Risk_Weights"{e9157cc6-c461-4637-ae9b-757cdb0c2552:4cfc58e4-ef54-4bd1-97b1-d91b4a25deb5}].layout["enm_thrd_cntry_eqvlnt_cqs"{985796bd-43e6-40c8-9f6b-f2ccf2b6c9ee}]</property>
									<property name="parentField" valueType="url">DataSource["Aggregation[Collated_Issuer_Guarantor_RW_Inputs]"{Aggregation[59a85c59-936b-4ed4-91c8-6d902bbcf085]}].layout["enm_cntrl_gvt_cqs_lt"{0dee8f4a-3328-4969-85d5-6e7d46351949}]</property>
								</object>
								<object type="DataModel:node:join" version="3">
									<property name="sourceField" valueType="url">DataSource["cm_ref_data_inputs:LKUP_CRD4_3rd_Country_Equivalent_Risk_Weights"{e9157cc6-c461-4637-ae9b-757cdb0c2552:4cfc58e4-ef54-4bd1-97b1-d91b4a25deb5}].layout["enm_cntry"{12519867-434e-457a-85b9-791cbd0f7bbe}]</property>
									<property name="parentField" valueType="url">DataSource["Aggregation[Collated_Issuer_Guarantor_RW_Inputs]"{Aggregation[59a85c59-936b-4ed4-91c8-6d902bbcf085]}].layout["thrd_cntry_eqvlnt_cgvt"{db04af70-f038-42f0-b132-c31125eaceee}]</property>
								</object>
							</property>
						</objectNode>
						<objectNode type="ModifyModel:node" version="9">
							<property name="name" value="scrtstn_sa_calcs" valueType="string"/>
							<property name="description" value="Resulting data source for aggregation SEC_SA_MR_Calcs" valueType="string"/>
							<property name="id" value="e7fbb321-52ab-4e6a-9139-ec26030af931" valueType="string"/>
							<property name="dataSource" valueType="url">DataSource["Aggregation[SEC_SA_MR_Calcs]"{Aggregation[f1a51044-a315-46f4-b190-6ac388bfd32e]}]</property>
							<property name="relationshipToParent" value="ONE_OR_ZERO_TO_ONE" valueType="string"/>
							<property name="mandatoryInJoin" value="false" valueType="boolean"/>
							<property name="additionalConstraint" valueType="table"/>
							<property name="additionalJoinExpression" valueType="table"/>
							<property name="instanceSelectionRule" valueType="object">
								<object type="InstanceSelectionRule" version="3">
									<property name="instanceDateRule" valueType="object">
										<object type="InstanceSelectionRule:rule" version="3">
											<property name="type" value="EQUAL" valueType="string"/>
										</object>
									</property>
									<property name="instanceKeyRules" valueType="table">
										<object type="InstanceSelectionRule:instanceKeyRule" version="3">
											<property name="type" value="EQUAL" valueType="string"/>
											<property name="instanceKeyName" value="v" valueType="string"/>
										</object>
										<object type="InstanceSelectionRule:instanceKeyRule" version="3">
											<property name="type" value="EQUAL" valueType="string"/>
											<property name="instanceKeyName" value="run_id" valueType="string"/>
										</object>
										<object type="InstanceSelectionRule:instanceKeyRule" version="3">
											<property name="type" value="EQUAL" valueType="string"/>
											<property name="instanceKeyName" value="run_type" valueType="string"/>
										</object>
									</property>
								</object>
							</property>
							<property name="join" valueType="table">
								<object type="DataModel:node:join" version="3">
									<property name="sourceField" valueType="url">DataSource["Aggregation[SEC_SA_MR_Calcs]"{Aggregation[f1a51044-a315-46f4-b190-6ac388bfd32e]}].layout["id_unique"{21b3b169-01dc-4f00-abb4-74ebd9526102}]</property>
									<property name="parentField" valueType="url">DataSource["Aggregation[Collated_Issuer_Guarantor_RW_Inputs]"{Aggregation[59a85c59-936b-4ed4-91c8-6d902bbcf085]}].layout["id_unique"{e5b0e9a9-bc33-4466-bd18-79903fa3785d}]</property>
								</object>
								<object type="DataModel:node:join" version="3">
									<property name="sourceField" valueType="url">DataSource["Aggregation[SEC_SA_MR_Calcs]"{Aggregation[f1a51044-a315-46f4-b190-6ac388bfd32e]}].layout["entity"{31c10850-ced2-43ac-ba60-3f11343019a4}]</property>
									<property name="parentField" valueType="url">DataSource["Aggregation[Collated_Issuer_Guarantor_RW_Inputs]"{Aggregation[59a85c59-936b-4ed4-91c8-6d902bbcf085]}].layout["entity"{d1db123f-4e37-49d1-bcc9-d460a825ad1b}]</property>
								</object>
							</property>
						</objectNode>
					</children>
				</objectNode>
			</children>
		</objectNode>
	</property>
	<property name="instanceKeys" valueType="table"/>
	<property name="streamKeys" valueType="table"/>
</object>