<object stamp="1a6922e1-3b83-4b7f-b73c-ed83d02c94f2_1696337175682" type="ModifyModel" version="32">
	<property name="name" value="Collateral_Inputs_with_3rd_Country_Unrated" valueType="string"/>
	<property name="description" value="Collateral_Inputs_with_3rd_Country_Unrated" valueType="string"/>
	<property name="objectId" value="d9e8118c-a404-439d-b38c-d1aefdc1cf13" valueType="string"/>
	<property name="branchId" value="abd5d443-df6a-4329-a4bc-71fc002f8fcf" valueType="string"/>
	<property name="model" valueType="url">DataModel["Aggregation[Consolidated_Collateral_Inputs_Unrated]"{Aggregation[a556f10a-83a1-48cf-b5ce-017e1b30b361]}]</property>
	<property name="modifications" valueType="tree">
		<objectNode type="ModifyModel:root" version="8">
			<property name="name" value="modificationsRoot" valueType="string"/>
			<property name="description" value="" valueType="string"/>
			<property name="id" value="modificationsRoot" valueType="string"/>
			<children>
				<objectNode type="ModifyModel:modification" version="20">
					<property name="name" value="Aggregation" valueType="string"/>
					<property name="description" value="" valueType="string"/>
					<property name="id" value="a556f10a-83a1-48cf-b5ce-017e1b30b361" valueType="string"/>
					<property name="existingNode" valueType="url">DataModel["Aggregation[Consolidated_Collateral_Inputs_Unrated]"{Aggregation[a556f10a-83a1-48cf-b5ce-017e1b30b361]}].hierarchy["Aggregation"{a556f10a-83a1-48cf-b5ce-017e1b30b361}]</property>
					<property name="mandatoryInJoin" value="false" valueType="boolean"/>
					<property name="additionalConstraint" valueType="table"/>
					<property name="additionalJoinExpression" valueType="table"/>
					<children>
						<objectNode type="ModifyModel:node" version="9">
							<property name="name" value="third_country_equivalent" valueType="string"/>
							<property name="description" value="LKUP_CRD4_3rd_Country_Equivalent_Risk_Weights" valueType="string"/>
							<property name="id" value="4559aa0f-05a9-48b9-9e65-d1101a730360" valueType="string"/>
							<property name="dataSource" valueType="url">DataSource["cm_ref_data_inputs:LKUP_CRD4_3rd_Country_Equivalent_Risk_Weights"{e9157cc6-c461-4637-ae9b-757cdb0c2552:4cfc58e4-ef54-4bd1-97b1-d91b4a25deb5}]</property>
							<property name="relationshipToParent" value="ONE_OR_ZERO_TO_ONE" valueType="string"/>
							<property name="mandatoryInJoin" value="false" valueType="boolean"/>
							<property name="additionalConstraint" valueType="table"/>
							<property name="additionalJoinExpression" valueType="table"/>
							<property name="instanceSelectionRule" valueType="object">
								<object type="InstanceSelectionRule" version="3">
									<property name="instanceDateRule" valueType="object">
										<object type="InstanceSelectionRule:rule" version="3">
											<property name="type" value="LATEST" valueType="string"/>
										</object>
									</property>
									<property name="instanceKeyRules" valueType="table">
										<object type="InstanceSelectionRule:instanceKeyRule" version="3">
											<property name="type" value="EQUAL" valueType="string"/>
											<property name="instanceKeyName" value="v" valueType="string"/>
										</object>
										<object type="InstanceSelectionRule:instanceKeyRule" version="3">
											<property name="type" value="EQUAL" valueType="string"/>
											<property name="instanceKeyName" value="run_id" valueType="string"/>
										</object>
									</property>
								</object>
							</property>
							<property name="join" valueType="table">
								<object type="DataModel:node:join" version="3">
									<property name="sourceField" valueType="url">DataSource["cm_ref_data_inputs:LKUP_CRD4_3rd_Country_Equivalent_Risk_Weights"{e9157cc6-c461-4637-ae9b-757cdb0c2552:4cfc58e4-ef54-4bd1-97b1-d91b4a25deb5}].layout["enm_cntrprty_typ"{0b60598f-d310-45e0-92ef-51448fc58dc4}]</property>
									<property name="parentField" valueType="url">DataSource["Aggregation[Consolidated_Collateral_Inputs_Unrated]"{Aggregation[a556f10a-83a1-48cf-b5ce-017e1b30b361]}].layout["enm_issr_typ"{821ca3d6-b682-4f46-9ba7-dcc165f80aeb}]</property>
								</object>
								<object type="DataModel:node:join" version="3">
									<property name="sourceField" valueType="url">DataSource["cm_ref_data_inputs:LKUP_CRD4_3rd_Country_Equivalent_Risk_Weights"{e9157cc6-c461-4637-ae9b-757cdb0c2552:4cfc58e4-ef54-4bd1-97b1-d91b4a25deb5}].layout["enm_thrd_cntry_eqvlnt_cqs"{985796bd-43e6-40c8-9f6b-f2ccf2b6c9ee}]</property>
									<property name="parentField" valueType="url">DataSource["Aggregation[Consolidated_Collateral_Inputs_Unrated]"{Aggregation[a556f10a-83a1-48cf-b5ce-017e1b30b361]}].layout["enm_cqs_lt"{cb43e0b6-a2e0-46c5-a0ed-c6b7e43e9ca1}]</property>
								</object>
								<object type="DataModel:node:join" version="3">
									<property name="sourceField" valueType="url">DataSource["cm_ref_data_inputs:LKUP_CRD4_3rd_Country_Equivalent_Risk_Weights"{e9157cc6-c461-4637-ae9b-757cdb0c2552:4cfc58e4-ef54-4bd1-97b1-d91b4a25deb5}].layout["enm_cntry"{12519867-434e-457a-85b9-791cbd0f7bbe}]</property>
									<property name="parentField" valueType="url">DataSource["Aggregation[Consolidated_Collateral_Inputs_Unrated]"{Aggregation[a556f10a-83a1-48cf-b5ce-017e1b30b361]}].layout["thrd_cntry_eqvlnt"{63cd5f9b-ee99-4134-90f5-39762429b9ad}]</property>
								</object>
							</property>
						</objectNode>
						<objectNode type="ModifyModel:node" version="9">
							<property name="name" value="third_country_eqvlnt_cgvt" valueType="string"/>
							<property name="description" value="LKUP_CRD4_3rd_Country_Equivalent_Risk_Weights" valueType="string"/>
							<property name="id" value="1eab0576-0f7c-4c00-bac7-50d09e9f831e" valueType="string"/>
							<property name="dataSource" valueType="url">DataSource["cm_ref_data_inputs:LKUP_CRD4_3rd_Country_Equivalent_Risk_Weights"{e9157cc6-c461-4637-ae9b-757cdb0c2552:4cfc58e4-ef54-4bd1-97b1-d91b4a25deb5}]</property>
							<property name="relationshipToParent" value="ONE_OR_ZERO_TO_ONE" valueType="string"/>
							<property name="mandatoryInJoin" value="false" valueType="boolean"/>
							<property name="additionalConstraint" valueType="table"/>
							<property name="additionalJoinExpression" valueType="table">
								<object type="ModifyModel:localFieldReference" version="3">
									<property name="value" valueType="url">ModifyModel[this].modifications["third_country_eqvlnt_cgvt"{1eab0576-0f7c-4c00-bac7-50d09e9f831e}].dataSource.layout["enm_cntrprty_typ"{0b60598f-d310-45e0-92ef-51448fc58dc4}]</property>
								</object>
								<object type="SQLExpressionPart" version="2">
									<property name="value" value=" = 'CGVT'" valueType="string"/>
								</object>
							</property>
							<property name="instanceSelectionRule" valueType="object">
								<object type="InstanceSelectionRule" version="3">
									<property name="instanceDateRule" valueType="object">
										<object type="InstanceSelectionRule:rule" version="3">
											<property name="type" value="LATEST" valueType="string"/>
										</object>
									</property>
									<property name="instanceKeyRules" valueType="table">
										<object type="InstanceSelectionRule:instanceKeyRule" version="3">
											<property name="type" value="EQUAL" valueType="string"/>
											<property name="instanceKeyName" value="v" valueType="string"/>
										</object>
										<object type="InstanceSelectionRule:instanceKeyRule" version="3">
											<property name="type" value="EQUAL" valueType="string"/>
											<property name="instanceKeyName" value="run_id" valueType="string"/>
										</object>
									</property>
								</object>
							</property>
							<property name="join" valueType="table">
								<object type="DataModel:node:join" version="3">
									<property name="sourceField" valueType="url">DataSource["cm_ref_data_inputs:LKUP_CRD4_3rd_Country_Equivalent_Risk_Weights"{e9157cc6-c461-4637-ae9b-757cdb0c2552:4cfc58e4-ef54-4bd1-97b1-d91b4a25deb5}].layout["enm_thrd_cntry_eqvlnt_cqs"{985796bd-43e6-40c8-9f6b-f2ccf2b6c9ee}]</property>
									<property name="parentField" valueType="url">DataSource["Aggregation[Consolidated_Collateral_Inputs_Unrated]"{Aggregation[a556f10a-83a1-48cf-b5ce-017e1b30b361]}].layout["enm_cntrl_gvt_cqs_lt"{ecd2598b-37d1-43c2-b12c-bc0b693cc10b}]</property>
								</object>
								<object type="DataModel:node:join" version="3">
									<property name="sourceField" valueType="url">DataSource["cm_ref_data_inputs:LKUP_CRD4_3rd_Country_Equivalent_Risk_Weights"{e9157cc6-c461-4637-ae9b-757cdb0c2552:4cfc58e4-ef54-4bd1-97b1-d91b4a25deb5}].layout["enm_cntry"{12519867-434e-457a-85b9-791cbd0f7bbe}]</property>
									<property name="parentField" valueType="url">DataSource["Aggregation[Consolidated_Collateral_Inputs_Unrated]"{Aggregation[a556f10a-83a1-48cf-b5ce-017e1b30b361]}].layout["thrd_cntry_eqvlnt_cgvt"{f38007f6-849a-4077-bb6d-e19e7b7dedcf}]</property>
								</object>
							</property>
						</objectNode>
					</children>
				</objectNode>
			</children>
		</objectNode>
	</property>
	<property name="instanceKeys" valueType="table"/>
	<property name="streamKeys" valueType="table"/>
</object>