<object stamp="574a4cd3-50a3-4a21-baec-89e07de652d2_1710772127324" type="ModifyModel" version="32">
	<property name="name" value="Collateral_Inputs_with_3rd_Country" valueType="string"/>
	<property name="description" value="Collateral_Inputs_with_3rd_Country" valueType="string"/>
	<property name="objectId" value="79c5c6bc-4139-4a70-b859-3cf22769f47f" valueType="string"/>
	<property name="branchId" value="abd5d443-df6a-4329-a4bc-71fc002f8fcf" valueType="string"/>
	<property name="model" valueType="url">DataModel["Aggregation[Consolidated_Collateral_Inputs]"{Aggregation[631191de-896a-4c05-bff5-2b6ad367a3b3]}]</property>
	<property name="modifications" valueType="tree">
		<objectNode type="ModifyModel:root" version="8">
			<property name="name" value="modificationsRoot" valueType="string"/>
			<property name="description" value="" valueType="string"/>
			<property name="id" value="modificationsRoot" valueType="string"/>
			<children>
				<objectNode type="ModifyModel:modification" version="20">
					<property name="name" value="Aggregation" valueType="string"/>
					<property name="description" value="" valueType="string"/>
					<property name="id" value="631191de-896a-4c05-bff5-2b6ad367a3b3" valueType="string"/>
					<property name="existingNode" valueType="url">DataModel["Aggregation[Consolidated_Collateral_Inputs]"{Aggregation[631191de-896a-4c05-bff5-2b6ad367a3b3]}].hierarchy["Aggregation"{631191de-896a-4c05-bff5-2b6ad367a3b3}]</property>
					<property name="mandatoryInJoin" value="false" valueType="boolean"/>
					<property name="additionalConstraint" valueType="table"/>
					<property name="additionalJoinExpression" valueType="table"/>
					<children>
						<objectNode type="ModifyModel:node" version="9">
							<property name="name" value="third_country_equivalent" valueType="string"/>
							<property name="description" value="LKUP_CRD4_3rd_Country_Equivalent_Risk_Weights" valueType="string"/>
							<property name="id" value="4559aa0f-05a9-48b9-9e65-d1101a730360" valueType="string"/>
							<property name="dataSource" valueType="url">DataSource["cm_ref_data_inputs:LKUP_CRD4_3rd_Country_Equivalent_Risk_Weights"{e9157cc6-c461-4637-ae9b-757cdb0c2552:4cfc58e4-ef54-4bd1-97b1-d91b4a25deb5}]</property>
							<property name="relationshipToParent" value="ONE_OR_ZERO_TO_ONE" valueType="string"/>
							<property name="mandatoryInJoin" value="false" valueType="boolean"/>
							<property name="additionalConstraint" valueType="table"/>
							<property name="additionalJoinExpression" valueType="table"/>
							<property name="instanceSelectionRule" valueType="object">
								<object type="InstanceSelectionRule" version="3">
									<property name="instanceDateRule" valueType="object">
										<object type="InstanceSelectionRule:rule" version="3">
											<property name="type" value="LATEST" valueType="string"/>
										</object>
									</property>
									<property name="instanceKeyRules" valueType="table">
										<object type="InstanceSelectionRule:instanceKeyRule" version="3">
											<property name="type" value="EQUAL" valueType="string"/>
											<property name="instanceKeyName" value="v" valueType="string"/>
										</object>
										<object type="InstanceSelectionRule:instanceKeyRule" version="3">
											<property name="type" value="EQUAL" valueType="string"/>
											<property name="instanceKeyName" value="run_id" valueType="string"/>
										</object>
										<object type="InstanceSelectionRule:instanceKeyRule" version="3">
											<property name="type" value="EQUAL" valueType="string"/>
											<property name="instanceKeyName" value="run_type" valueType="string"/>
										</object>
									</property>
								</object>
							</property>
							<property name="join" valueType="table">
								<object type="DataModel:node:join" version="3">
									<property name="sourceField" valueType="url">DataSource["cm_ref_data_inputs:LKUP_CRD4_3rd_Country_Equivalent_Risk_Weights"{e9157cc6-c461-4637-ae9b-757cdb0c2552:4cfc58e4-ef54-4bd1-97b1-d91b4a25deb5}].layout["enm_cntrprty_typ"{0b60598f-d310-45e0-92ef-51448fc58dc4}]</property>
									<property name="parentField" valueType="url">DataSource["Aggregation[Consolidated_Collateral_Inputs]"{Aggregation[631191de-896a-4c05-bff5-2b6ad367a3b3]}].layout["enm_issr_typ"{64eff089-077a-4ab1-ba64-56203dd28986}]</property>
								</object>
								<object type="DataModel:node:join" version="3">
									<property name="sourceField" valueType="url">DataSource["cm_ref_data_inputs:LKUP_CRD4_3rd_Country_Equivalent_Risk_Weights"{e9157cc6-c461-4637-ae9b-757cdb0c2552:4cfc58e4-ef54-4bd1-97b1-d91b4a25deb5}].layout["enm_thrd_cntry_eqvlnt_cqs"{985796bd-43e6-40c8-9f6b-f2ccf2b6c9ee}]</property>
									<property name="parentField" valueType="url">DataSource["Aggregation[Consolidated_Collateral_Inputs]"{Aggregation[631191de-896a-4c05-bff5-2b6ad367a3b3]}].layout["enm_cqs_lt"{cb43e0b6-a2e0-46c5-a0ed-c6b7e43e9ca1}]</property>
								</object>
								<object type="DataModel:node:join" version="3">
									<property name="sourceField" valueType="url">DataSource["cm_ref_data_inputs:LKUP_CRD4_3rd_Country_Equivalent_Risk_Weights"{e9157cc6-c461-4637-ae9b-757cdb0c2552:4cfc58e4-ef54-4bd1-97b1-d91b4a25deb5}].layout["enm_cntry"{12519867-434e-457a-85b9-791cbd0f7bbe}]</property>
									<property name="parentField" valueType="url">DataSource["Aggregation[Consolidated_Collateral_Inputs]"{Aggregation[631191de-896a-4c05-bff5-2b6ad367a3b3]}].layout["thrd_cntry_eqvlnt"{96392c65-54d8-47f5-b98e-7a9dc6723eca}]</property>
								</object>
							</property>
						</objectNode>
						<objectNode type="ModifyModel:node" version="9">
							<property name="name" value="third_country_eqvlnt_cgvt" valueType="string"/>
							<property name="description" value="LKUP_CRD4_3rd_Country_Equivalent_Risk_Weights" valueType="string"/>
							<property name="id" value="92106787-3227-4a55-a770-71f9f22197e0" valueType="string"/>
							<property name="dataSource" valueType="url">DataSource["cm_ref_data_inputs:LKUP_CRD4_3rd_Country_Equivalent_Risk_Weights"{e9157cc6-c461-4637-ae9b-757cdb0c2552:4cfc58e4-ef54-4bd1-97b1-d91b4a25deb5}]</property>
							<property name="relationshipToParent" value="ONE_OR_ZERO_TO_ONE" valueType="string"/>
							<property name="mandatoryInJoin" value="false" valueType="boolean"/>
							<property name="additionalConstraint" valueType="table"/>
							<property name="additionalJoinExpression" valueType="table">
								<object type="ModifyModel:localFieldReference" version="3">
									<property name="value" valueType="url">ModifyModel[this].modifications["third_country_eqvlnt_cgvt"{92106787-3227-4a55-a770-71f9f22197e0}].dataSource.layout["enm_cntrprty_typ"{0b60598f-d310-45e0-92ef-51448fc58dc4}]</property>
								</object>
								<object type="SQLExpressionPart" version="2">
									<property name="value" value=" = 'CGVT'" valueType="string"/>
								</object>
							</property>
							<property name="instanceSelectionRule" valueType="object">
								<object type="InstanceSelectionRule" version="3">
									<property name="instanceDateRule" valueType="object">
										<object type="InstanceSelectionRule:rule" version="3">
											<property name="type" value="LATEST" valueType="string"/>
										</object>
									</property>
									<property name="instanceKeyRules" valueType="table">
										<object type="InstanceSelectionRule:instanceKeyRule" version="3">
											<property name="type" value="EQUAL" valueType="string"/>
											<property name="instanceKeyName" value="v" valueType="string"/>
										</object>
										<object type="InstanceSelectionRule:instanceKeyRule" version="3">
											<property name="type" value="EQUAL" valueType="string"/>
											<property name="instanceKeyName" value="run_id" valueType="string"/>
										</object>
										<object type="InstanceSelectionRule:instanceKeyRule" version="3">
											<property name="type" value="EQUAL" valueType="string"/>
											<property name="instanceKeyName" value="run_type" valueType="string"/>
										</object>
									</property>
								</object>
							</property>
							<property name="join" valueType="table">
								<object type="DataModel:node:join" version="3">
									<property name="sourceField" valueType="url">DataSource["cm_ref_data_inputs:LKUP_CRD4_3rd_Country_Equivalent_Risk_Weights"{e9157cc6-c461-4637-ae9b-757cdb0c2552:4cfc58e4-ef54-4bd1-97b1-d91b4a25deb5}].layout["enm_thrd_cntry_eqvlnt_cqs"{985796bd-43e6-40c8-9f6b-f2ccf2b6c9ee}]</property>
									<property name="parentField" valueType="url">DataSource["Aggregation[Consolidated_Collateral_Inputs]"{Aggregation[631191de-896a-4c05-bff5-2b6ad367a3b3]}].layout["enm_cntrl_gvt_cqs_lt"{58916079-8744-4176-8a03-e24e967e6d9d}]</property>
								</object>
								<object type="DataModel:node:join" version="3">
									<property name="sourceField" valueType="url">DataSource["cm_ref_data_inputs:LKUP_CRD4_3rd_Country_Equivalent_Risk_Weights"{e9157cc6-c461-4637-ae9b-757cdb0c2552:4cfc58e4-ef54-4bd1-97b1-d91b4a25deb5}].layout["enm_cntry"{12519867-434e-457a-85b9-791cbd0f7bbe}]</property>
									<property name="parentField" valueType="url">DataSource["Aggregation[Consolidated_Collateral_Inputs]"{Aggregation[631191de-896a-4c05-bff5-2b6ad367a3b3]}].layout["thrd_cntry_eqvlnt_cgvt"{95f4171a-bf7e-45de-96d1-d921d3357eb4}]</property>
								</object>
							</property>
						</objectNode>
						<objectNode type="ModifyModel:node" version="9">
							<property name="name" value="scrtstn_sa_calcs" valueType="string"/>
							<property name="description" value="Resulting data source for aggregation SEC_SA_Collateral_Triparty_Indirect_Calcs" valueType="string"/>
							<property name="id" value="26676243-2911-4cb0-a9b6-2b756d6edec2" valueType="string"/>
							<property name="dataSource" valueType="url">DataSource["Aggregation[SEC_SA_Collateral_Triparty_Indirect_Calcs]"{Aggregation[414f08e0-1110-44df-9831-cf0708a9013a]}]</property>
							<property name="relationshipToParent" value="ONE_OR_ZERO_TO_ONE" valueType="string"/>
							<property name="mandatoryInJoin" value="false" valueType="boolean"/>
							<property name="additionalConstraint" valueType="table"/>
							<property name="additionalJoinExpression" valueType="table">
								<object type="ModifyModel:localFieldReference" version="3">
									<property name="value" valueType="url">ModifyModel[this].modifications["scrtstn_sa_calcs"{26676243-2911-4cb0-a9b6-2b756d6edec2}].dataSource.layout["input_typ"{1710ecc2-a97b-42cf-a6e1-3c06f5b0a0ee}]</property>
								</object>
								<object type="SQLExpressionPart" version="2">
									<property name="value" value="='COL'" valueType="string"/>
								</object>
							</property>
							<property name="instanceSelectionRule" valueType="object">
								<object type="InstanceSelectionRule" version="3">
									<property name="instanceDateRule" valueType="object">
										<object type="InstanceSelectionRule:rule" version="3">
											<property name="type" value="EQUAL" valueType="string"/>
										</object>
									</property>
									<property name="instanceKeyRules" valueType="table">
										<object type="InstanceSelectionRule:instanceKeyRule" version="3">
											<property name="type" value="EQUAL" valueType="string"/>
											<property name="instanceKeyName" value="v" valueType="string"/>
										</object>
										<object type="InstanceSelectionRule:instanceKeyRule" version="3">
											<property name="type" value="EQUAL" valueType="string"/>
											<property name="instanceKeyName" value="run_id" valueType="string"/>
										</object>
										<object type="InstanceSelectionRule:instanceKeyRule" version="3">
											<property name="type" value="EQUAL" valueType="string"/>
											<property name="instanceKeyName" value="run_type" valueType="string"/>
										</object>
									</property>
								</object>
							</property>
							<property name="join" valueType="table">
								<object type="DataModel:node:join" version="3">
									<property name="sourceField" valueType="url">DataSource["Aggregation[SEC_SA_Collateral_Triparty_Indirect_Calcs]"{Aggregation[414f08e0-1110-44df-9831-cf0708a9013a]}].layout["id_unique"{21b3b169-01dc-4f00-abb4-74ebd9526102}]</property>
									<property name="parentField" valueType="url">DataSource["Aggregation[Consolidated_Collateral_Inputs]"{Aggregation[631191de-896a-4c05-bff5-2b6ad367a3b3]}].layout["id_unique"{4d9fef01-747f-4553-b8f9-2c04b27f492b}]</property>
								</object>
								<object type="DataModel:node:join" version="3">
									<property name="sourceField" valueType="url">DataSource["Aggregation[SEC_SA_Collateral_Triparty_Indirect_Calcs]"{Aggregation[414f08e0-1110-44df-9831-cf0708a9013a]}].layout["entity"{31c10850-ced2-43ac-ba60-3f11343019a4}]</property>
									<property name="parentField" valueType="url">DataSource["Aggregation[Consolidated_Collateral_Inputs]"{Aggregation[631191de-896a-4c05-bff5-2b6ad367a3b3]}].layout["entity"{57f230b2-f6c8-485b-a84f-81a2e5f71dd7}]</property>
								</object>
							</property>
						</objectNode>
						<objectNode type="ModifyModel:node" version="9">
							<property name="name" value="transitional_rw" valueType="string"/>
							<property name="description" value="" valueType="string"/>
							<property name="id" value="7b4735ff-0f1a-4461-aefe-b56888eeb2db" valueType="string"/>
							<property name="dataSource" valueType="url">DataSource["EQ_Transitional_Periods"{bddcd09c-4ec6-4b6a-b2da-aa0b464ad058}]</property>
							<property name="relationshipToParent" value="ONE_OR_ZERO_TO_ONE" valueType="string"/>
							<property name="mandatoryInJoin" value="false" valueType="boolean"/>
							<property name="additionalConstraint" valueType="table"/>
							<property name="additionalJoinExpression" valueType="table">
								<object type="DataModel:fieldReference" version="3">
									<property name="value" valueType="url">DataModel["Aggregation[Consolidated_Collateral_Inputs]"{Aggregation[631191de-896a-4c05-bff5-2b6ad367a3b3]}].hierarchy["Aggregation"{631191de-896a-4c05-bff5-2b6ad367a3b3}].dataSource.layout["rpt_asof_date"{bb428384-4c8a-4c41-8a9d-bec148dcd375}]</property>
								</object>
								<object type="SQLExpressionPart" version="2">
									<property name="value" value=" > " valueType="string"/>
								</object>
								<object type="ModifyModel:localFieldReference" version="3">
									<property name="value" valueType="url">ModifyModel[this].modifications["transitional_rw"{7b4735ff-0f1a-4461-aefe-b56888eeb2db}].dataSource.layout["dt_from"{50f783fc-1765-4630-89e3-9702c182e584}]</property>
								</object>
								<object type="SQLExpressionPart" version="2">
									<property name="value" value=" AND " valueType="string"/>
								</object>
								<object type="DataModel:fieldReference" version="3">
									<property name="value" valueType="url">DataModel["Aggregation[Consolidated_Collateral_Inputs]"{Aggregation[631191de-896a-4c05-bff5-2b6ad367a3b3]}].hierarchy["Aggregation"{631191de-896a-4c05-bff5-2b6ad367a3b3}].dataSource.layout["rpt_asof_date"{bb428384-4c8a-4c41-8a9d-bec148dcd375}]</property>
								</object>
								<object type="SQLExpressionPart" version="2">
									<property name="value" value=" &lt;= " valueType="string"/>
								</object>
								<object type="ModifyModel:localFieldReference" version="3">
									<property name="value" valueType="url">ModifyModel[this].modifications["transitional_rw"{7b4735ff-0f1a-4461-aefe-b56888eeb2db}].dataSource.layout["dt_to"{ce4d4e7b-8b64-4260-bafa-72b11737cc43}]</property>
								</object>
							</property>
							<property name="instanceSelectionRule" valueType="object">
								<object type="InstanceSelectionRule" version="3">
									<property name="instanceDateRule" valueType="object">
										<object type="InstanceSelectionRule:rule" version="3">
											<property name="type" value="EQUAL" valueType="string"/>
										</object>
									</property>
									<property name="instanceKeyRules" valueType="table">
										<object type="InstanceSelectionRule:instanceKeyRule" version="3">
											<property name="type" value="EQUAL" valueType="string"/>
											<property name="instanceKeyName" value="v" valueType="string"/>
										</object>
										<object type="InstanceSelectionRule:instanceKeyRule" version="3">
											<property name="type" value="EQUAL" valueType="string"/>
											<property name="instanceKeyName" value="run_id" valueType="string"/>
										</object>
										<object type="InstanceSelectionRule:instanceKeyRule" version="3">
											<property name="type" value="EQUAL" valueType="string"/>
											<property name="instanceKeyName" value="run_type" valueType="string"/>
										</object>
									</property>
								</object>
							</property>
							<property name="join" valueType="table"/>
						</objectNode>
					</children>
				</objectNode>
			</children>
		</objectNode>
	</property>
	<property name="instanceKeys" valueType="table"/>
	<property name="streamKeys" valueType="table"/>
</object>