<object stamp="fe5d1070-83d2-4741-9619-e08518d112a2_1710929992280" type="ModifyModel" version="32">
	<property name="name" value="Counterparty_as_Regulatory_SME" valueType="string"/>
	<property name="description" value="" valueType="string"/>
	<property name="objectId" value="30ed4457-1aab-4e9e-a50b-029d4e6c1fee" valueType="string"/>
	<property name="branchId" value="abd5d443-df6a-4329-a4bc-71fc002f8fcf" valueType="string"/>
	<property name="model" valueType="url">DataModel["cm_ref_data_inputs:Aggregation[Ref_Party]"{e9157cc6-c461-4637-ae9b-757cdb0c2552:Aggregation[7886ce57-2714-4f67-a585-6400c33eab15]}]</property>
	<property name="modifications" valueType="tree">
		<objectNode type="ModifyModel:root" version="8">
			<property name="name" value="modificationsRoot" valueType="string"/>
			<property name="description" value="" valueType="string"/>
			<property name="id" value="modificationsRoot" valueType="string"/>
			<children>
				<objectNode type="ModifyModel:modification" version="20">
					<property name="name" value="Aggregation" valueType="string"/>
					<property name="description" value="" valueType="string"/>
					<property name="id" value="7886ce57-2714-4f67-a585-6400c33eab15" valueType="string"/>
					<property name="existingNode" valueType="url">DataModel["cm_ref_data_inputs:Aggregation[Ref_Party]"{e9157cc6-c461-4637-ae9b-757cdb0c2552:Aggregation[7886ce57-2714-4f67-a585-6400c33eab15]}].hierarchy["Aggregation"{7886ce57-2714-4f67-a585-6400c33eab15}]</property>
					<property name="mandatoryInJoin" value="false" valueType="boolean"/>
					<property name="additionalConstraint" valueType="table"/>
					<property name="additionalJoinExpression" valueType="table"/>
					<children>
						<objectNode type="ModifyModel:node" version="9">
							<property name="name" value="entity_hierarchy" valueType="string"/>
							<property name="description" value="Resulting data source for aggregation Ref_Reporting_Entity_Hierarchy" valueType="string"/>
							<property name="id" value="db1a4c5d-922b-4193-92d0-a70c458c4f6b" valueType="string"/>
							<property name="dataSource" valueType="url">DataSource["cm_ref_data_inputs:Aggregation[Ref_Reporting_Entity_Hierarchy]"{e9157cc6-c461-4637-ae9b-757cdb0c2552:Aggregation[2e3f8983-1ce4-40d7-a048-ab4c876e5562]}]</property>
							<property name="relationshipToParent" value="ONE_TO_ONE" valueType="string"/>
							<property name="mandatoryInJoin" value="false" valueType="boolean"/>
							<property name="additionalConstraint" valueType="table"/>
							<property name="additionalJoinExpression" valueType="table"/>
							<property name="instanceSelectionRule" valueType="object">
								<object type="InstanceSelectionRule" version="3">
									<property name="instanceDateRule" valueType="object">
										<object type="InstanceSelectionRule:rule" version="3">
											<property name="type" value="EQUAL" valueType="string"/>
										</object>
									</property>
									<property name="instanceKeyRules" valueType="table">
										<object type="InstanceSelectionRule:instanceKeyRule" version="3">
											<property name="type" value="EQUAL" valueType="string"/>
											<property name="instanceKeyName" value="run_id" valueType="string"/>
										</object>
										<object type="InstanceSelectionRule:instanceKeyRule" version="3">
											<property name="type" value="EQUAL" valueType="string"/>
											<property name="instanceKeyName" value="scenarioKey" valueType="string"/>
										</object>
										<object type="InstanceSelectionRule:instanceKeyRule" version="3">
											<property name="type" value="EQUAL" valueType="string"/>
											<property name="instanceKeyName" value="run_type" valueType="string"/>
										</object>
										<object type="InstanceSelectionRule:instanceKeyRule" version="3">
											<property name="type" value="EQUAL" valueType="string"/>
											<property name="instanceKeyName" value="v" valueType="string"/>
										</object>
									</property>
								</object>
							</property>
							<property name="join" valueType="table"/>
							<children>
								<objectNode type="ModifyModel:node" version="9">
									<property name="name" value="entity" valueType="string"/>
									<property name="description" value="Resulting data source for aggregation Ref_Reporting_Entity" valueType="string"/>
									<property name="id" value="0d52b9c4-8526-4ed8-a1ed-e63ec6afe3c6" valueType="string"/>
									<property name="dataSource" valueType="url">DataSource["cm_ref_data_inputs:Aggregation[Ref_Reporting_Entity]"{e9157cc6-c461-4637-ae9b-757cdb0c2552:Aggregation[e53a3c4d-aeba-4ffe-afa7-e94201847004]}]</property>
									<property name="relationshipToParent" value="ONE_TO_ONE" valueType="string"/>
									<property name="mandatoryInJoin" value="false" valueType="boolean"/>
									<property name="additionalConstraint" valueType="table"/>
									<property name="additionalJoinExpression" valueType="table"/>
									<property name="instanceSelectionRule" valueType="object">
										<object type="InstanceSelectionRule" version="3">
											<property name="instanceDateRule" valueType="object">
												<object type="InstanceSelectionRule:rule" version="3">
													<property name="type" value="EQUAL" valueType="string"/>
												</object>
											</property>
											<property name="instanceKeyRules" valueType="table">
												<object type="InstanceSelectionRule:instanceKeyRule" version="3">
													<property name="type" value="EQUAL" valueType="string"/>
													<property name="instanceKeyName" value="run_id" valueType="string"/>
												</object>
												<object type="InstanceSelectionRule:instanceKeyRule" version="3">
													<property name="type" value="EQUAL" valueType="string"/>
													<property name="instanceKeyName" value="scenarioKey" valueType="string"/>
												</object>
												<object type="InstanceSelectionRule:instanceKeyRule" version="3">
													<property name="type" value="EQUAL" valueType="string"/>
													<property name="instanceKeyName" value="run_type" valueType="string"/>
												</object>
												<object type="InstanceSelectionRule:instanceKeyRule" version="3">
													<property name="type" value="EQUAL" valueType="string"/>
													<property name="instanceKeyName" value="v" valueType="string"/>
												</object>
											</property>
										</object>
									</property>
									<property name="join" valueType="table">
										<object type="DataModel:node:join" version="3">
											<property name="sourceField" valueType="url">DataSource["cm_ref_data_inputs:Aggregation[Ref_Reporting_Entity]"{e9157cc6-c461-4637-ae9b-757cdb0c2552:Aggregation[e53a3c4d-aeba-4ffe-afa7-e94201847004]}].layout["entity"{29c73107-303e-4f3c-96f4-20b016617f3c}]</property>
											<property name="parentField" valueType="url">DataSource["cm_ref_data_inputs:Aggregation[Ref_Reporting_Entity_Hierarchy]"{e9157cc6-c461-4637-ae9b-757cdb0c2552:Aggregation[2e3f8983-1ce4-40d7-a048-ab4c876e5562]}].layout["entity"{0a83fda9-586f-48bf-bfc9-413536e7ceeb}]</property>
										</object>
									</property>
								</objectNode>
							</children>
						</objectNode>
						<objectNode type="ModifyModel:node" version="9">
							<property name="name" value="fx_rate_party_turnover_to_eur" valueType="string"/>
							<property name="description" value="Resulting data source for aggregation Ref_FX_Rate" valueType="string"/>
							<property name="id" value="4169eab2-00bb-4e73-b22d-2b92e605e27e" valueType="string"/>
							<property name="dataSource" valueType="url">DataSource["cm_ref_data_inputs:Aggregation[Ref_FX_Rate]"{e9157cc6-c461-4637-ae9b-757cdb0c2552:Aggregation[a0e09f30-e2f3-4caf-ad28-432afd442dcf]}]</property>
							<property name="relationshipToParent" value="ONE_OR_ZERO_TO_ONE" valueType="string"/>
							<property name="mandatoryInJoin" value="false" valueType="boolean"/>
							<property name="additionalConstraint" valueType="table"/>
							<property name="additionalJoinExpression" valueType="table">
								<object type="SQLExpressionPart" version="2">
									<property name="value" value="fx_rate_party_turnover_to_eur.fx_to_ccy_base_code = 'EUR' AND fx_rate_party_turnover_to_eur.fx_from_ccy_code =  " valueType="string"/>
								</object>
								<object type="DataModel:fieldReference" version="3">
									<property name="value" valueType="url">DataModel["cm_ref_data_inputs:Aggregation[Ref_Party]"{e9157cc6-c461-4637-ae9b-757cdb0c2552:Aggregation[7886ce57-2714-4f67-a585-6400c33eab15]}].hierarchy["Aggregation"{7886ce57-2714-4f67-a585-6400c33eab15}].dataSource.layout["ccy_dnmntn"{92d46292-b65e-4fb2-a99b-8a2436ebdb8a}]</property>
								</object>
							</property>
							<property name="instanceSelectionRule" valueType="object">
								<object type="InstanceSelectionRule" version="3">
									<property name="instanceDateRule" valueType="object">
										<object type="InstanceSelectionRule:rule" version="3">
											<property name="type" value="EQUAL" valueType="string"/>
										</object>
									</property>
									<property name="instanceKeyRules" valueType="table">
										<object type="InstanceSelectionRule:instanceKeyRule" version="3">
											<property name="type" value="EQUAL" valueType="string"/>
											<property name="instanceKeyName" value="run_id" valueType="string"/>
										</object>
										<object type="InstanceSelectionRule:instanceKeyRule" version="3">
											<property name="type" value="EQUAL" valueType="string"/>
											<property name="instanceKeyName" value="scenarioKey" valueType="string"/>
										</object>
										<object type="InstanceSelectionRule:instanceKeyRule" version="3">
											<property name="type" value="EQUAL" valueType="string"/>
											<property name="instanceKeyName" value="run_type" valueType="string"/>
										</object>
										<object type="InstanceSelectionRule:instanceKeyRule" version="3">
											<property name="type" value="EQUAL" valueType="string"/>
											<property name="instanceKeyName" value="v" valueType="string"/>
										</object>
									</property>
								</object>
							</property>
							<property name="join" valueType="table"/>
						</objectNode>
						<objectNode type="ModifyModel:node" version="9">
							<property name="name" value="fx_rate_party_turnover_to_gbp" valueType="string"/>
							<property name="description" value="Resulting data source for aggregation Ref_FX_Rate" valueType="string"/>
							<property name="id" value="93d138b3-01f8-4bda-8f60-2a00b979e0ce" valueType="string"/>
							<property name="dataSource" valueType="url">DataSource["cm_ref_data_inputs:Aggregation[Ref_FX_Rate]"{e9157cc6-c461-4637-ae9b-757cdb0c2552:Aggregation[a0e09f30-e2f3-4caf-ad28-432afd442dcf]}]</property>
							<property name="relationshipToParent" value="ONE_OR_ZERO_TO_ONE" valueType="string"/>
							<property name="mandatoryInJoin" value="false" valueType="boolean"/>
							<property name="additionalConstraint" valueType="table"/>
							<property name="additionalJoinExpression" valueType="table">
								<object type="ModifyModel:localFieldReference" version="3">
									<property name="value" valueType="url">ModifyModel[this].modifications["fx_rate_party_turnover_to_gbp"{93d138b3-01f8-4bda-8f60-2a00b979e0ce}].dataSource.layout["fx_to_ccy_base_code"{5e9c1707-a183-4761-9914-63ad1520a450}]</property>
								</object>
								<object type="SQLExpressionPart" version="2">
									<property name="value" value=" = 'GBP' AND " valueType="string"/>
								</object>
								<object type="ModifyModel:localFieldReference" version="3">
									<property name="value" valueType="url">ModifyModel[this].modifications["fx_rate_party_turnover_to_gbp"{93d138b3-01f8-4bda-8f60-2a00b979e0ce}].dataSource.layout["fx_from_ccy_code"{4257a15a-8746-48f6-867e-f136d28c12dd}]</property>
								</object>
								<object type="SQLExpressionPart" version="2">
									<property name="value" value=" =  " valueType="string"/>
								</object>
								<object type="DataModel:fieldReference" version="3">
									<property name="value" valueType="url">DataModel["cm_ref_data_inputs:Aggregation[Ref_Party]"{e9157cc6-c461-4637-ae9b-757cdb0c2552:Aggregation[7886ce57-2714-4f67-a585-6400c33eab15]}].hierarchy["Aggregation"{7886ce57-2714-4f67-a585-6400c33eab15}].dataSource.layout["ccy_dnmntn"{92d46292-b65e-4fb2-a99b-8a2436ebdb8a}]</property>
								</object>
							</property>
							<property name="instanceSelectionRule" valueType="object">
								<object type="InstanceSelectionRule" version="3">
									<property name="instanceDateRule" valueType="object">
										<object type="InstanceSelectionRule:rule" version="3">
											<property name="type" value="EQUAL" valueType="string"/>
										</object>
									</property>
									<property name="instanceKeyRules" valueType="table">
										<object type="InstanceSelectionRule:instanceKeyRule" version="3">
											<property name="type" value="EQUAL" valueType="string"/>
											<property name="instanceKeyName" value="run_id" valueType="string"/>
										</object>
										<object type="InstanceSelectionRule:instanceKeyRule" version="3">
											<property name="type" value="EQUAL" valueType="string"/>
											<property name="instanceKeyName" value="scenarioKey" valueType="string"/>
										</object>
										<object type="InstanceSelectionRule:instanceKeyRule" version="3">
											<property name="type" value="EQUAL" valueType="string"/>
											<property name="instanceKeyName" value="run_type" valueType="string"/>
										</object>
										<object type="InstanceSelectionRule:instanceKeyRule" version="3">
											<property name="type" value="EQUAL" valueType="string"/>
											<property name="instanceKeyName" value="v" valueType="string"/>
										</object>
									</property>
								</object>
							</property>
							<property name="join" valueType="table"/>
						</objectNode>
					</children>
				</objectNode>
			</children>
		</objectNode>
	</property>
	<property name="instanceKeys" valueType="table">
		<object type="InstanceKey" version="2">
			<property name="name" value="run_id" valueType="string"/>
			<property name="description" value="Run ID" valueType="string"/>
			<property name="type" value="VARCHAR" valueType="string"/>
			<property name="size" value="100" valueType="integer"/>
			<property name="defaultInstanceKeyValueFormula" value="" valueType="string"/>
		</object>
		<object type="InstanceKey" version="2">
			<property name="name" value="scenarioKey" valueType="string"/>
			<property name="description" value="Scenario Key" valueType="string"/>
			<property name="type" value="VARCHAR" valueType="string"/>
			<property name="size" value="100" valueType="integer"/>
			<property name="defaultInstanceKeyValueFormula" value="" valueType="string"/>
		</object>
		<object type="InstanceKey" version="2">
			<property name="name" value="run_type" valueType="string"/>
			<property name="description" value="Run Type" valueType="string"/>
			<property name="type" value="VARCHAR" valueType="string"/>
			<property name="size" value="100" valueType="integer"/>
			<property name="defaultInstanceKeyValueFormula" value="" valueType="string"/>
		</object>
	</property>
	<property name="streamKeys" valueType="table">
		<object type="ModifyModel:streamKey" version="1">
			<property name="streamKeyName" value="entity" valueType="string"/>
			<property name="streamKeyColumn" valueType="object">
				<object type="ModifyModel:localFieldReference" version="3">
					<property name="value" valueType="url">ModifyModel[this].modifications["entity_hierarchy"{db1a4c5d-922b-4193-92d0-a70c458c4f6b}].dataSource.layout["entity"{0a83fda9-586f-48bf-bfc9-413536e7ceeb}]</property>
				</object>
			</property>
			<property name="additionalStreamColumns" valueType="table">
				<object type="ModifyModel:localFieldReference" version="3">
					<property name="value" valueType="url">ModifyModel[this].modifications["entity"{0d52b9c4-8526-4ed8-a1ed-e63ec6afe3c6}].dataSource.layout["entity"{29c73107-303e-4f3c-96f4-20b016617f3c}]</property>
				</object>
			</property>
		</object>
	</property>
</object>