<object stamp="e34c980a-aabe-494e-92f7-310610c8af72_1710773139275" type="ModifyModel" version="32">
	<property name="name" value="Decomposed_CIU" valueType="string"/>
	<property name="description" value="Decomposed_CIU" valueType="string"/>
	<property name="objectId" value="88573550-bb08-452c-b895-e43dbe7b10fa" valueType="string"/>
	<property name="branchId" value="abd5d443-df6a-4329-a4bc-71fc002f8fcf" valueType="string"/>
	<property name="model" valueType="url">DataModel["ModifyModel[L2_Index_Decomp_with_Constituents].Aggregation[L2_Index_Decomposition]"{ModifyModel[8b8f4b34-ba9d-4a9d-b9ef-ca00d23dc7d5].Aggregation[06325aac-a398-4e1e-bc56-ca812100dee6]}]</property>
	<property name="modifications" valueType="tree">
		<objectNode type="ModifyModel:root" version="8">
			<property name="name" value="modificationsRoot" valueType="string"/>
			<property name="description" value="" valueType="string"/>
			<property name="id" value="modificationsRoot" valueType="string"/>
			<children>
				<objectNode type="ModifyModel:modification" version="20">
					<property name="name" value="Aggregation" valueType="string"/>
					<property name="description" value="" valueType="string"/>
					<property name="id" value="06325aac-a398-4e1e-bc56-ca812100dee6" valueType="string"/>
					<property name="existingNode" valueType="url">DataModel["ModifyModel[L2_Index_Decomp_with_Constituents].Aggregation[L2_Index_Decomposition]"{ModifyModel[8b8f4b34-ba9d-4a9d-b9ef-ca00d23dc7d5].Aggregation[06325aac-a398-4e1e-bc56-ca812100dee6]}].hierarchy["Aggregation"{06325aac-a398-4e1e-bc56-ca812100dee6}]</property>
					<property name="mandatoryInJoin" value="false" valueType="boolean"/>
					<property name="additionalConstraint" valueType="table">
						<object type="DataModel:fieldReference" version="3">
							<property name="value" valueType="url">DataModel["ModifyModel[L2_Index_Decomp_with_Constituents].Aggregation[L2_Index_Decomposition]"{ModifyModel[8b8f4b34-ba9d-4a9d-b9ef-ca00d23dc7d5].Aggregation[06325aac-a398-4e1e-bc56-ca812100dee6]}].hierarchy["Aggregation"{06325aac-a398-4e1e-bc56-ca812100dee6}].dataSource.layout["enm_cnsttnt_typ"{616630b0-5ab4-48df-a295-bd5c583bb3c6}]</property>
						</object>
						<object type="SQLExpressionPart" version="2">
							<property name="value" value="='CIU'" valueType="string"/>
						</object>
					</property>
					<property name="additionalJoinExpression" valueType="table"/>
					<children>
						<objectNode type="ModifyModel:node" version="9">
							<property name="name" value="calc_input" valueType="string"/>
							<property name="description" value="Resulting data source for aggregation Consolidated_CIU_Inputs" valueType="string"/>
							<property name="id" value="699f4019-ff87-4c67-809c-1852cd02a034" valueType="string"/>
							<property name="dataSource" valueType="url">DataSource["Aggregation[Consolidated_CIU_Inputs]"{Aggregation[2e8c03cc-f8d5-4b45-9b02-fa02c81f3423]}]</property>
							<property name="relationshipToParent" value="ONE_OR_ZERO_TO_ONE" valueType="string"/>
							<property name="mandatoryInJoin" value="false" valueType="boolean"/>
							<property name="additionalConstraint" valueType="table"/>
							<property name="additionalJoinExpression" valueType="table"/>
							<property name="instanceSelectionRule" valueType="object">
								<object type="InstanceSelectionRule" version="3">
									<property name="instanceDateRule" valueType="object">
										<object type="InstanceSelectionRule:rule" version="3">
											<property name="type" value="EQUAL" valueType="string"/>
										</object>
									</property>
									<property name="instanceKeyRules" valueType="table">
										<object type="InstanceSelectionRule:instanceKeyRule" version="3">
											<property name="type" value="EQUAL" valueType="string"/>
											<property name="instanceKeyName" value="v" valueType="string"/>
										</object>
										<object type="InstanceSelectionRule:instanceKeyRule" version="3">
											<property name="type" value="EQUAL" valueType="string"/>
											<property name="instanceKeyName" value="run_id" valueType="string"/>
										</object>
										<object type="InstanceSelectionRule:instanceKeyRule" version="3">
											<property name="type" value="EQUAL" valueType="string"/>
											<property name="instanceKeyName" value="scenarioKey" valueType="string"/>
										</object>
										<object type="InstanceSelectionRule:instanceKeyRule" version="3">
											<property name="type" value="EQUAL" valueType="string"/>
											<property name="instanceKeyName" value="run_type" valueType="string"/>
										</object>
									</property>
								</object>
							</property>
							<property name="join" valueType="table">
								<object type="DataModel:node:join" version="3">
									<property name="sourceField" valueType="url">DataSource["Aggregation[Consolidated_CIU_Inputs]"{Aggregation[2e8c03cc-f8d5-4b45-9b02-fa02c81f3423]}].layout["id_unique"{e5b0e9a9-bc33-4466-bd18-79903fa3785d}]</property>
									<property name="parentField" valueType="url">DataSource["Aggregation[L2_Index_Decomposition]"{Aggregation[06325aac-a398-4e1e-bc56-ca812100dee6]}].layout["id_unique"{b637083a-7206-408e-81f5-d96067eeec14}]</property>
								</object>
							</property>
						</objectNode>
					</children>
				</objectNode>
				<objectNode type="ModifyModel:modification" version="20">
					<property name="name" value="constituents" valueType="string"/>
					<property name="description" value="" valueType="string"/>
					<property name="id" value="d21634e6-43f8-49c2-8a3f-494f0bc9dc17" valueType="string"/>
					<property name="existingNode" valueType="url">DataModel["ModifyModel[L2_Index_Decomp_with_Constituents].Aggregation[L2_Index_Decomposition]"{ModifyModel[8b8f4b34-ba9d-4a9d-b9ef-ca00d23dc7d5].Aggregation[06325aac-a398-4e1e-bc56-ca812100dee6]}].hierarchy["constituents"{d21634e6-43f8-49c2-8a3f-494f0bc9dc17}]</property>
					<property name="mandatoryInJoin" value="false" valueType="boolean"/>
					<property name="additionalConstraint" valueType="table"/>
					<property name="additionalJoinExpression" valueType="table"/>
					<children>
						<objectNode type="ModifyModel:node" version="9">
							<property name="name" value="entity" valueType="string"/>
							<property name="description" value="Resulting data source for aggregation Ref_Reporting_Entity" valueType="string"/>
							<property name="id" value="037ff034-cc40-4ef6-9b12-e9d81ce2b712" valueType="string"/>
							<property name="dataSource" valueType="url">DataSource["cm_ref_data_inputs:Aggregation[Ref_Reporting_Entity]"{e9157cc6-c461-4637-ae9b-757cdb0c2552:Aggregation[e53a3c4d-aeba-4ffe-afa7-e94201847004]}]</property>
							<property name="relationshipToParent" value="ONE_TO_ONE" valueType="string"/>
							<property name="mandatoryInJoin" value="false" valueType="boolean"/>
							<property name="additionalConstraint" valueType="table"/>
							<property name="additionalJoinExpression" valueType="table">
								<object type="ModifyModel:localFieldReference" version="3">
									<property name="value" valueType="url">ModifyModel[this].modifications["entity"{037ff034-cc40-4ef6-9b12-e9d81ce2b712}].dataSource.layout["entity"{29c73107-303e-4f3c-96f4-20b016617f3c}]</property>
								</object>
								<object type="SQLExpressionPart" version="2">
									<property name="value" value="=" valueType="string"/>
								</object>
								<object type="DataModel:fieldReference" version="3">
									<property name="value" valueType="url">DataModel["ModifyModel[L2_Index_Decomp_with_Constituents].Aggregation[L2_Index_Decomposition]"{ModifyModel[8b8f4b34-ba9d-4a9d-b9ef-ca00d23dc7d5].Aggregation[06325aac-a398-4e1e-bc56-ca812100dee6]}].hierarchy["Aggregation"{06325aac-a398-4e1e-bc56-ca812100dee6}].dataSource.layout["entity"{80d09403-54c9-441c-8ac1-8ca7c08404c7}]</property>
								</object>
							</property>
							<property name="instanceSelectionRule" valueType="object">
								<object type="InstanceSelectionRule" version="3">
									<property name="instanceDateRule" valueType="object">
										<object type="InstanceSelectionRule:rule" version="3">
											<property name="type" value="EQUAL" valueType="string"/>
										</object>
									</property>
									<property name="instanceKeyRules" valueType="table">
										<object type="InstanceSelectionRule:instanceKeyRule" version="3">
											<property name="type" value="EQUAL" valueType="string"/>
											<property name="instanceKeyName" value="v" valueType="string"/>
										</object>
										<object type="InstanceSelectionRule:instanceKeyRule" version="3">
											<property name="type" value="EQUAL" valueType="string"/>
											<property name="instanceKeyName" value="run_id" valueType="string"/>
										</object>
										<object type="InstanceSelectionRule:instanceKeyRule" version="3">
											<property name="type" value="EQUAL" valueType="string"/>
											<property name="instanceKeyName" value="scenarioKey" valueType="string"/>
										</object>
										<object type="InstanceSelectionRule:instanceKeyRule" version="3">
											<property name="type" value="EQUAL" valueType="string"/>
											<property name="instanceKeyName" value="run_type" valueType="string"/>
										</object>
									</property>
								</object>
							</property>
							<property name="join" valueType="table"/>
							<children>
								<objectNode type="ModifyModel:node" version="9">
									<property name="name" value="fx_rate" valueType="string"/>
									<property name="description" value="Resulting data source for aggregation Ref_FX_Rate" valueType="string"/>
									<property name="id" value="72a774e4-eb69-4856-8109-1dc00be12847" valueType="string"/>
									<property name="dataSource" valueType="url">DataSource["cm_ref_data_inputs:Aggregation[Ref_FX_Rate]"{e9157cc6-c461-4637-ae9b-757cdb0c2552:Aggregation[a0e09f30-e2f3-4caf-ad28-432afd442dcf]}]</property>
									<property name="relationshipToParent" value="ONE_OR_ZERO_TO_ONE" valueType="string"/>
									<property name="mandatoryInJoin" value="false" valueType="boolean"/>
									<property name="additionalConstraint" valueType="table"/>
									<property name="additionalJoinExpression" valueType="table">
										<object type="ModifyModel:localFieldReference" version="3">
											<property name="value" valueType="url">ModifyModel[this].modifications["fx_rate"{72a774e4-eb69-4856-8109-1dc00be12847}].dataSource.layout["fx_from_ccy_code"{4257a15a-8746-48f6-867e-f136d28c12dd}]</property>
										</object>
										<object type="SQLExpressionPart" version="2">
											<property name="value" value=" =  " valueType="string"/>
										</object>
										<object type="DataModel:fieldReference" version="3">
											<property name="value" valueType="url">DataModel["ModifyModel[L2_Index_Decomp_with_Constituents].Aggregation[L2_Index_Decomposition]"{ModifyModel[8b8f4b34-ba9d-4a9d-b9ef-ca00d23dc7d5].Aggregation[06325aac-a398-4e1e-bc56-ca812100dee6]}].hierarchy["constituents"{d21634e6-43f8-49c2-8a3f-494f0bc9dc17}].dataSource.layout["ccy_dnmntn"{7bb10032-0930-44e9-bde3-e7c0b43f47dd}]</property>
										</object>
									</property>
									<property name="instanceSelectionRule" valueType="object">
										<object type="InstanceSelectionRule" version="3">
											<property name="instanceDateRule" valueType="object">
												<object type="InstanceSelectionRule:rule" version="3">
													<property name="type" value="EQUAL" valueType="string"/>
												</object>
											</property>
											<property name="instanceKeyRules" valueType="table">
												<object type="InstanceSelectionRule:instanceKeyRule" version="3">
													<property name="type" value="EQUAL" valueType="string"/>
													<property name="instanceKeyName" value="v" valueType="string"/>
												</object>
												<object type="InstanceSelectionRule:instanceKeyRule" version="3">
													<property name="type" value="EQUAL" valueType="string"/>
													<property name="instanceKeyName" value="run_id" valueType="string"/>
												</object>
												<object type="InstanceSelectionRule:instanceKeyRule" version="3">
													<property name="type" value="EQUAL" valueType="string"/>
													<property name="instanceKeyName" value="scenarioKey" valueType="string"/>
												</object>
												<object type="InstanceSelectionRule:instanceKeyRule" version="3">
													<property name="type" value="EQUAL" valueType="string"/>
													<property name="instanceKeyName" value="run_type" valueType="string"/>
												</object>
											</property>
										</object>
									</property>
									<property name="join" valueType="table">
										<object type="DataModel:node:join" version="3">
											<property name="sourceField" valueType="url">DataSource["cm_ref_data_inputs:Aggregation[Ref_FX_Rate]"{e9157cc6-c461-4637-ae9b-757cdb0c2552:Aggregation[a0e09f30-e2f3-4caf-ad28-432afd442dcf]}].layout["fx_to_ccy_base_code"{5e9c1707-a183-4761-9914-63ad1520a450}]</property>
											<property name="parentField" valueType="url">DataSource["cm_ref_data_inputs:Aggregation[Ref_Reporting_Entity]"{e9157cc6-c461-4637-ae9b-757cdb0c2552:Aggregation[e53a3c4d-aeba-4ffe-afa7-e94201847004]}].layout["rprtng_ccy_code"{df708654-7ffc-4c25-a22c-ce14fb2523bd}]</property>
										</object>
									</property>
								</objectNode>
							</children>
						</objectNode>
					</children>
				</objectNode>
			</children>
		</objectNode>
	</property>
	<property name="instanceKeys" valueType="table"/>
	<property name="streamKeys" valueType="table"/>
</object>