<object stamp="49b255ee-6cd1-46e1-9247-bb0f60e2844c_1710773192270" type="ModifyModel" version="32">
	<property name="name" value="Decomposed_IR_After_Cap_Deduct" valueType="string"/>
	<property name="description" value="" valueType="string"/>
	<property name="objectId" value="c2a34a12-1f2b-4d89-ad12-bb867c763d5b" valueType="string"/>
	<property name="branchId" value="abd5d443-df6a-4329-a4bc-71fc002f8fcf" valueType="string"/>
	<property name="model" valueType="url">DataModel["ModifyModel[Decomposed_IR_Percentage].Portfolio[QHNF_IFI_Positions].ModifyModel[Decomposed_Interest_Rate].ModifyModel[L2_Index_Decomp_with_Constituents].Aggregation[L2_Index_Decomposition]"{ModifyModel[16889ca3-b402-45e8-a831-63454810571d].Portfolio[cbb50a8e-6365-43ae-a64b-3d7cc5efdd82].ModifyModel[f3319c11-404b-412d-8841-3fe0e70659a7].ModifyModel[8b8f4b34-ba9d-4a9d-b9ef-ca00d23dc7d5].Aggregation[06325aac-a398-4e1e-bc56-ca812100dee6]}]</property>
	<property name="modifications" valueType="tree">
		<objectNode type="ModifyModel:root" version="8">
			<property name="name" value="modificationsRoot" valueType="string"/>
			<property name="description" value="" valueType="string"/>
			<property name="id" value="modificationsRoot" valueType="string"/>
			<children>
				<objectNode type="ModifyModel:modification" version="20">
					<property name="name" value="Aggregation" valueType="string"/>
					<property name="description" value="" valueType="string"/>
					<property name="id" value="06325aac-a398-4e1e-bc56-ca812100dee6" valueType="string"/>
					<property name="existingNode" valueType="url">DataModel["ModifyModel[Decomposed_IR_Percentage].Portfolio[QHNF_IFI_Positions].ModifyModel[Decomposed_Interest_Rate].ModifyModel[L2_Index_Decomp_with_Constituents].Aggregation[L2_Index_Decomposition]"{ModifyModel[16889ca3-b402-45e8-a831-63454810571d].Portfolio[cbb50a8e-6365-43ae-a64b-3d7cc5efdd82].ModifyModel[f3319c11-404b-412d-8841-3fe0e70659a7].ModifyModel[8b8f4b34-ba9d-4a9d-b9ef-ca00d23dc7d5].Aggregation[06325aac-a398-4e1e-bc56-ca812100dee6]}].hierarchy["Aggregation"{06325aac-a398-4e1e-bc56-ca812100dee6}]</property>
					<property name="mandatoryInJoin" value="false" valueType="boolean"/>
					<property name="additionalConstraint" valueType="table"/>
					<property name="additionalJoinExpression" valueType="table"/>
				</objectNode>
				<objectNode type="ModifyModel:modification" version="20">
					<property name="name" value="constituents" valueType="string"/>
					<property name="description" value="" valueType="string"/>
					<property name="id" value="d21634e6-43f8-49c2-8a3f-494f0bc9dc17" valueType="string"/>
					<property name="existingNode" valueType="url">DataModel["ModifyModel[Decomposed_IR_Percentage].Portfolio[QHNF_IFI_Positions].ModifyModel[Decomposed_Interest_Rate].ModifyModel[L2_Index_Decomp_with_Constituents].Aggregation[L2_Index_Decomposition]"{ModifyModel[16889ca3-b402-45e8-a831-63454810571d].Portfolio[cbb50a8e-6365-43ae-a64b-3d7cc5efdd82].ModifyModel[f3319c11-404b-412d-8841-3fe0e70659a7].ModifyModel[8b8f4b34-ba9d-4a9d-b9ef-ca00d23dc7d5].Aggregation[06325aac-a398-4e1e-bc56-ca812100dee6]}].hierarchy["constituents"{d21634e6-43f8-49c2-8a3f-494f0bc9dc17}]</property>
					<property name="mandatoryInJoin" value="false" valueType="boolean"/>
					<property name="additionalConstraint" valueType="table"/>
					<property name="additionalJoinExpression" valueType="table"/>
					<children>
						<objectNode type="ModifyModel:node" version="9">
							<property name="name" value="nsifi_deductions_long" valueType="string"/>
							<property name="description" value="Resulting data source for aggregation NSIFI_Tier_Capital" valueType="string"/>
							<property name="id" value="ab64bb99-5061-4927-a75a-68cf9c5d72d5" valueType="string"/>
							<property name="dataSource" valueType="url">DataSource["Aggregation[NSIFI_Tier_Capital]"{Aggregation[f4cd3a07-f36e-4f82-a413-5fbd10d71be6]}]</property>
							<property name="relationshipToParent" value="ONE_OR_ZERO_TO_ONE" valueType="string"/>
							<property name="mandatoryInJoin" value="false" valueType="boolean"/>
							<property name="additionalConstraint" valueType="table"/>
							<property name="additionalJoinExpression" valueType="table">
								<object type="ModifyModel:localFieldReference" version="3">
									<property name="value" valueType="url">ModifyModel[this].modifications["nsifi_deductions_long"{ab64bb99-5061-4927-a75a-68cf9c5d72d5}].dataSource.layout["entity"{4f054637-56ae-4349-a2f1-e521a89adbdc}]</property>
								</object>
								<object type="SQLExpressionPart" version="2">
									<property name="value" value=" = " valueType="string"/>
								</object>
								<object type="DataModel:fieldReference" version="3">
									<property name="value" valueType="url">DataModel["ModifyModel[Decomposed_IR_Percentage].Portfolio[QHNF_IFI_Positions].ModifyModel[Decomposed_Interest_Rate].ModifyModel[L2_Index_Decomp_with_Constituents].Aggregation[L2_Index_Decomposition]"{ModifyModel[16889ca3-b402-45e8-a831-63454810571d].Portfolio[cbb50a8e-6365-43ae-a64b-3d7cc5efdd82].ModifyModel[f3319c11-404b-412d-8841-3fe0e70659a7].ModifyModel[8b8f4b34-ba9d-4a9d-b9ef-ca00d23dc7d5].Aggregation[06325aac-a398-4e1e-bc56-ca812100dee6]}].hierarchy["Aggregation"{06325aac-a398-4e1e-bc56-ca812100dee6}].dataSource.layout["entity"{80d09403-54c9-441c-8ac1-8ca7c08404c7}]</property>
								</object>
							</property>
							<property name="instanceSelectionRule" valueType="object">
								<object type="InstanceSelectionRule" version="3">
									<property name="instanceDateRule" valueType="object">
										<object type="InstanceSelectionRule:rule" version="3">
											<property name="type" value="EQUAL" valueType="string"/>
										</object>
									</property>
									<property name="instanceKeyRules" valueType="table">
										<object type="InstanceSelectionRule:instanceKeyRule" version="3">
											<property name="type" value="EQUAL" valueType="string"/>
											<property name="instanceKeyName" value="v" valueType="string"/>
										</object>
										<object type="InstanceSelectionRule:instanceKeyRule" version="3">
											<property name="type" value="EQUAL" valueType="string"/>
											<property name="instanceKeyName" value="run_id" valueType="string"/>
										</object>
										<object type="InstanceSelectionRule:instanceKeyRule" version="3">
											<property name="type" value="EQUAL" valueType="string"/>
											<property name="instanceKeyName" value="run_type" valueType="string"/>
										</object>
										<object type="InstanceSelectionRule:instanceKeyRule" version="3">
											<property name="type" value="EQUAL" valueType="string"/>
											<property name="instanceKeyName" value="scenarioKey" valueType="string"/>
										</object>
									</property>
								</object>
							</property>
							<property name="join" valueType="table">
								<object type="DataModel:node:join" version="3">
									<property name="sourceField" valueType="url">DataSource["Aggregation[NSIFI_Tier_Capital]"{Aggregation[f4cd3a07-f36e-4f82-a413-5fbd10d71be6]}].layout["enm_cptl_tier"{fac17e0a-4305-4107-a3d8-82e253960f4a}]</property>
									<property name="parentField" valueType="url">DataSource["Aggregation[Consolidated_Ref_Index_Constituents_Inputs]"{Aggregation[95ca8925-ab3c-4f0c-acf6-8fb44e8fc3c6]}].layout["enm_cptl_tier"{10d6719a-d270-4b84-bcd9-de113f3096dc}]</property>
								</object>
							</property>
						</objectNode>
						<objectNode type="ModifyModel:node" version="9">
							<property name="name" value="sifi_deductions_long" valueType="string"/>
							<property name="description" value="Resulting data source for aggregation SIFI_Tier_Capital_Final" valueType="string"/>
							<property name="id" value="d1a43788-1e41-4642-b52f-70120e828f6b" valueType="string"/>
							<property name="dataSource" valueType="url">DataSource["Aggregation[SIFI_Tier_Capital_Final]"{Aggregation[293be77d-e400-427b-b29f-55ad9920e4eb]}]</property>
							<property name="relationshipToParent" value="ONE_OR_ZERO_TO_ONE" valueType="string"/>
							<property name="mandatoryInJoin" value="false" valueType="boolean"/>
							<property name="additionalConstraint" valueType="table"/>
							<property name="additionalJoinExpression" valueType="table">
								<object type="ModifyModel:localFieldReference" version="3">
									<property name="value" valueType="url">ModifyModel[this].modifications["sifi_deductions_long"{d1a43788-1e41-4642-b52f-70120e828f6b}].dataSource.layout["entity"{4f054637-56ae-4349-a2f1-e521a89adbdc}]</property>
								</object>
								<object type="SQLExpressionPart" version="2">
									<property name="value" value=" = " valueType="string"/>
								</object>
								<object type="DataModel:fieldReference" version="3">
									<property name="value" valueType="url">DataModel["ModifyModel[Decomposed_IR_Percentage].Portfolio[QHNF_IFI_Positions].ModifyModel[Decomposed_Interest_Rate].ModifyModel[L2_Index_Decomp_with_Constituents].Aggregation[L2_Index_Decomposition]"{ModifyModel[16889ca3-b402-45e8-a831-63454810571d].Portfolio[cbb50a8e-6365-43ae-a64b-3d7cc5efdd82].ModifyModel[f3319c11-404b-412d-8841-3fe0e70659a7].ModifyModel[8b8f4b34-ba9d-4a9d-b9ef-ca00d23dc7d5].Aggregation[06325aac-a398-4e1e-bc56-ca812100dee6]}].hierarchy["Aggregation"{06325aac-a398-4e1e-bc56-ca812100dee6}].dataSource.layout["entity"{80d09403-54c9-441c-8ac1-8ca7c08404c7}]</property>
								</object>
							</property>
							<property name="instanceSelectionRule" valueType="object">
								<object type="InstanceSelectionRule" version="3">
									<property name="instanceDateRule" valueType="object">
										<object type="InstanceSelectionRule:rule" version="3">
											<property name="type" value="EQUAL" valueType="string"/>
										</object>
									</property>
									<property name="instanceKeyRules" valueType="table">
										<object type="InstanceSelectionRule:instanceKeyRule" version="3">
											<property name="type" value="EQUAL" valueType="string"/>
											<property name="instanceKeyName" value="v" valueType="string"/>
										</object>
										<object type="InstanceSelectionRule:instanceKeyRule" version="3">
											<property name="type" value="EQUAL" valueType="string"/>
											<property name="instanceKeyName" value="run_id" valueType="string"/>
										</object>
										<object type="InstanceSelectionRule:instanceKeyRule" version="3">
											<property name="type" value="EQUAL" valueType="string"/>
											<property name="instanceKeyName" value="run_type" valueType="string"/>
										</object>
										<object type="InstanceSelectionRule:instanceKeyRule" version="3">
											<property name="type" value="EQUAL" valueType="string"/>
											<property name="instanceKeyName" value="scenarioKey" valueType="string"/>
										</object>
									</property>
								</object>
							</property>
							<property name="join" valueType="table"/>
						</objectNode>
						<objectNode type="ModifyModel:node" version="9">
							<property name="name" value="ifi_remaining_long" valueType="string"/>
							<property name="description" value="Resulting data source for aggregation IFI_Net_Long_Short" valueType="string"/>
							<property name="id" value="a84baf09-fa2a-4cd1-ba81-e124661bee88" valueType="string"/>
							<property name="dataSource" valueType="url">DataSource["Aggregation[IFI_Net_Long_Short]"{Aggregation[285d5790-0dc0-4f03-a96b-5d17244cc6f1]}]</property>
							<property name="relationshipToParent" value="ONE_OR_ZERO_TO_ONE" valueType="string"/>
							<property name="mandatoryInJoin" value="false" valueType="boolean"/>
							<property name="additionalConstraint" valueType="table"/>
							<property name="additionalJoinExpression" valueType="table">
								<object type="ModifyModel:localFieldReference" version="3">
									<property name="value" valueType="url">ModifyModel[this].modifications["ifi_remaining_long"{a84baf09-fa2a-4cd1-ba81-e124661bee88}].dataSource.layout["lng_shrt_pstn_ind"{6b116367-49ba-4ecc-8ecd-51a048689ff5}]</property>
								</object>
								<object type="SQLExpressionPart" version="2">
									<property name="value" value=" = 'Y' AND " valueType="string"/>
								</object>
								<object type="ModifyModel:localFieldReference" version="3">
									<property name="value" valueType="url">ModifyModel[this].modifications["ifi_remaining_long"{a84baf09-fa2a-4cd1-ba81-e124661bee88}].dataSource.layout["entity"{f0360c5e-4933-4cb9-9f83-d61a33778ddf}]</property>
								</object>
								<object type="SQLExpressionPart" version="2">
									<property name="value" value=" = " valueType="string"/>
								</object>
								<object type="DataModel:fieldReference" version="3">
									<property name="value" valueType="url">DataModel["ModifyModel[Decomposed_IR_Percentage].Portfolio[QHNF_IFI_Positions].ModifyModel[Decomposed_Interest_Rate].ModifyModel[L2_Index_Decomp_with_Constituents].Aggregation[L2_Index_Decomposition]"{ModifyModel[16889ca3-b402-45e8-a831-63454810571d].Portfolio[cbb50a8e-6365-43ae-a64b-3d7cc5efdd82].ModifyModel[f3319c11-404b-412d-8841-3fe0e70659a7].ModifyModel[8b8f4b34-ba9d-4a9d-b9ef-ca00d23dc7d5].Aggregation[06325aac-a398-4e1e-bc56-ca812100dee6]}].hierarchy["Aggregation"{06325aac-a398-4e1e-bc56-ca812100dee6}].dataSource.layout["entity"{80d09403-54c9-441c-8ac1-8ca7c08404c7}]</property>
								</object>
								<object type="SQLExpressionPart" version="2">
									<property name="value" value=" AND " valueType="string"/>
								</object>
								<object type="ModifyModel:localFieldReference" version="3">
									<property name="value" valueType="url">ModifyModel[this].modifications["ifi_remaining_long"{a84baf09-fa2a-4cd1-ba81-e124661bee88}].dataSource.layout["id_unique"{e47e2087-bf06-4992-9670-c85a14b6a7c6}]</property>
								</object>
								<object type="SQLExpressionPart" version="2">
									<property name="value" value=" = " valueType="string"/>
								</object>
								<object type="DataModel:fieldReference" version="3">
									<property name="value" valueType="url">DataModel["ModifyModel[Decomposed_IR_Percentage].Portfolio[QHNF_IFI_Positions].ModifyModel[Decomposed_Interest_Rate].ModifyModel[L2_Index_Decomp_with_Constituents].Aggregation[L2_Index_Decomposition]"{ModifyModel[16889ca3-b402-45e8-a831-63454810571d].Portfolio[cbb50a8e-6365-43ae-a64b-3d7cc5efdd82].ModifyModel[f3319c11-404b-412d-8841-3fe0e70659a7].ModifyModel[8b8f4b34-ba9d-4a9d-b9ef-ca00d23dc7d5].Aggregation[06325aac-a398-4e1e-bc56-ca812100dee6]}].hierarchy["QHNF_IFI_POSITIONS"{cbb50a8e-6365-43ae-a64b-3d7cc5efdd82}].dataSource.layout["id_unique_after_dcmpstn"{a07914d8-353f-4648-905b-989dcf2981b2}]</property>
								</object>
							</property>
							<property name="instanceSelectionRule" valueType="object">
								<object type="InstanceSelectionRule" version="3">
									<property name="instanceDateRule" valueType="object">
										<object type="InstanceSelectionRule:rule" version="3">
											<property name="type" value="EQUAL" valueType="string"/>
										</object>
									</property>
									<property name="instanceKeyRules" valueType="table">
										<object type="InstanceSelectionRule:instanceKeyRule" version="3">
											<property name="type" value="EQUAL" valueType="string"/>
											<property name="instanceKeyName" value="v" valueType="string"/>
										</object>
										<object type="InstanceSelectionRule:instanceKeyRule" version="3">
											<property name="type" value="EQUAL" valueType="string"/>
											<property name="instanceKeyName" value="run_id" valueType="string"/>
										</object>
										<object type="InstanceSelectionRule:instanceKeyRule" version="3">
											<property name="type" value="EQUAL" valueType="string"/>
											<property name="instanceKeyName" value="run_type" valueType="string"/>
										</object>
										<object type="InstanceSelectionRule:instanceKeyRule" version="3">
											<property name="type" value="EQUAL" valueType="string"/>
											<property name="instanceKeyName" value="scenarioKey" valueType="string"/>
										</object>
									</property>
								</object>
							</property>
							<property name="join" valueType="table">
								<object type="DataModel:node:join" version="3">
									<property name="sourceField" valueType="url">DataSource["Aggregation[IFI_Net_Long_Short]"{Aggregation[285d5790-0dc0-4f03-a96b-5d17244cc6f1]}].layout["enm_cptl_tier"{63d55b19-732f-4652-992c-3cd6fdbccd64}]</property>
									<property name="parentField" valueType="url">DataSource["Aggregation[Consolidated_Ref_Index_Constituents_Inputs]"{Aggregation[95ca8925-ab3c-4f0c-acf6-8fb44e8fc3c6]}].layout["enm_cptl_tier"{10d6719a-d270-4b84-bcd9-de113f3096dc}]</property>
								</object>
							</property>
						</objectNode>
						<objectNode type="ModifyModel:node" version="9">
							<property name="name" value="ifi_remaining_short" valueType="string"/>
							<property name="description" value="Resulting data source for aggregation IFI_Net_Long_Short" valueType="string"/>
							<property name="id" value="0f29d3f9-a53f-4c0a-842c-2b451e142faf" valueType="string"/>
							<property name="dataSource" valueType="url">DataSource["Aggregation[IFI_Net_Long_Short]"{Aggregation[285d5790-0dc0-4f03-a96b-5d17244cc6f1]}]</property>
							<property name="relationshipToParent" value="ONE_OR_ZERO_TO_ONE" valueType="string"/>
							<property name="mandatoryInJoin" value="false" valueType="boolean"/>
							<property name="additionalConstraint" valueType="table"/>
							<property name="additionalJoinExpression" valueType="table">
								<object type="ModifyModel:localFieldReference" version="3">
									<property name="value" valueType="url">ModifyModel[this].modifications["ifi_remaining_short"{0f29d3f9-a53f-4c0a-842c-2b451e142faf}].dataSource.layout["lng_shrt_pstn_ind"{6b116367-49ba-4ecc-8ecd-51a048689ff5}]</property>
								</object>
								<object type="SQLExpressionPart" version="2">
									<property name="value" value=" = 'N' AND " valueType="string"/>
								</object>
								<object type="ModifyModel:localFieldReference" version="3">
									<property name="value" valueType="url">ModifyModel[this].modifications["ifi_remaining_short"{0f29d3f9-a53f-4c0a-842c-2b451e142faf}].dataSource.layout["entity"{f0360c5e-4933-4cb9-9f83-d61a33778ddf}]</property>
								</object>
								<object type="SQLExpressionPart" version="2">
									<property name="value" value=" = " valueType="string"/>
								</object>
								<object type="DataModel:fieldReference" version="3">
									<property name="value" valueType="url">DataModel["ModifyModel[Decomposed_IR_Percentage].Portfolio[QHNF_IFI_Positions].ModifyModel[Decomposed_Interest_Rate].ModifyModel[L2_Index_Decomp_with_Constituents].Aggregation[L2_Index_Decomposition]"{ModifyModel[16889ca3-b402-45e8-a831-63454810571d].Portfolio[cbb50a8e-6365-43ae-a64b-3d7cc5efdd82].ModifyModel[f3319c11-404b-412d-8841-3fe0e70659a7].ModifyModel[8b8f4b34-ba9d-4a9d-b9ef-ca00d23dc7d5].Aggregation[06325aac-a398-4e1e-bc56-ca812100dee6]}].hierarchy["Aggregation"{06325aac-a398-4e1e-bc56-ca812100dee6}].dataSource.layout["entity"{80d09403-54c9-441c-8ac1-8ca7c08404c7}]</property>
								</object>
								<object type="SQLExpressionPart" version="2">
									<property name="value" value=" AND " valueType="string"/>
								</object>
								<object type="ModifyModel:localFieldReference" version="3">
									<property name="value" valueType="url">ModifyModel[this].modifications["ifi_remaining_short"{0f29d3f9-a53f-4c0a-842c-2b451e142faf}].dataSource.layout["id_unique"{e47e2087-bf06-4992-9670-c85a14b6a7c6}]</property>
								</object>
								<object type="SQLExpressionPart" version="2">
									<property name="value" value=" = " valueType="string"/>
								</object>
								<object type="DataModel:fieldReference" version="3">
									<property name="value" valueType="url">DataModel["ModifyModel[Decomposed_IR_Percentage].Portfolio[QHNF_IFI_Positions].ModifyModel[Decomposed_Interest_Rate].ModifyModel[L2_Index_Decomp_with_Constituents].Aggregation[L2_Index_Decomposition]"{ModifyModel[16889ca3-b402-45e8-a831-63454810571d].Portfolio[cbb50a8e-6365-43ae-a64b-3d7cc5efdd82].ModifyModel[f3319c11-404b-412d-8841-3fe0e70659a7].ModifyModel[8b8f4b34-ba9d-4a9d-b9ef-ca00d23dc7d5].Aggregation[06325aac-a398-4e1e-bc56-ca812100dee6]}].hierarchy["QHNF_IFI_POSITIONS"{cbb50a8e-6365-43ae-a64b-3d7cc5efdd82}].dataSource.layout["id_unique_after_dcmpstn"{a07914d8-353f-4648-905b-989dcf2981b2}]</property>
								</object>
							</property>
							<property name="instanceSelectionRule" valueType="object">
								<object type="InstanceSelectionRule" version="3">
									<property name="instanceDateRule" valueType="object">
										<object type="InstanceSelectionRule:rule" version="3">
											<property name="type" value="EQUAL" valueType="string"/>
										</object>
									</property>
									<property name="instanceKeyRules" valueType="table">
										<object type="InstanceSelectionRule:instanceKeyRule" version="3">
											<property name="type" value="EQUAL" valueType="string"/>
											<property name="instanceKeyName" value="v" valueType="string"/>
										</object>
										<object type="InstanceSelectionRule:instanceKeyRule" version="3">
											<property name="type" value="EQUAL" valueType="string"/>
											<property name="instanceKeyName" value="run_id" valueType="string"/>
										</object>
										<object type="InstanceSelectionRule:instanceKeyRule" version="3">
											<property name="type" value="EQUAL" valueType="string"/>
											<property name="instanceKeyName" value="run_type" valueType="string"/>
										</object>
										<object type="InstanceSelectionRule:instanceKeyRule" version="3">
											<property name="type" value="EQUAL" valueType="string"/>
											<property name="instanceKeyName" value="scenarioKey" valueType="string"/>
										</object>
									</property>
								</object>
							</property>
							<property name="join" valueType="table">
								<object type="DataModel:node:join" version="3">
									<property name="sourceField" valueType="url">DataSource["Aggregation[IFI_Net_Long_Short]"{Aggregation[285d5790-0dc0-4f03-a96b-5d17244cc6f1]}].layout["enm_cptl_tier"{63d55b19-732f-4652-992c-3cd6fdbccd64}]</property>
									<property name="parentField" valueType="url">DataSource["Aggregation[Consolidated_Ref_Index_Constituents_Inputs]"{Aggregation[95ca8925-ab3c-4f0c-acf6-8fb44e8fc3c6]}].layout["enm_cptl_tier"{10d6719a-d270-4b84-bcd9-de113f3096dc}]</property>
								</object>
							</property>
						</objectNode>
					</children>
				</objectNode>
			</children>
		</objectNode>
	</property>
	<property name="instanceKeys" valueType="table"/>
	<property name="streamKeys" valueType="table"/>
</object>