<object stamp="aab29810-f248-4ae0-8719-30fc435229ea_1710772235489" type="ModifyModel" version="32">
	<property name="name" value="RW_Collateral" valueType="string"/>
	<property name="description" value="RW_Collateral" valueType="string"/>
	<property name="objectId" value="65bb2eab-44ad-4470-9d27-7dd547d7c7af" valueType="string"/>
	<property name="branchId" value="abd5d443-df6a-4329-a4bc-71fc002f8fcf" valueType="string"/>
	<property name="model" valueType="url">DataModel["Portfolio[Risk_Weights_Pre].Portfolio[Risk_Weight_Codes].ModifyModel[Collateral_Inputs_with_3rd_Country].Aggregation[Consolidated_Collateral_Inputs]"{Portfolio[5fa86337-82d9-4301-a0cf-956f52c232e0].Portfolio[6045e4b3-4082-492d-8996-78fbe53d8b2a].ModifyModel[79c5c6bc-4139-4a70-b859-3cf22769f47f].Aggregation[631191de-896a-4c05-bff5-2b6ad367a3b3]}]</property>
	<property name="modifications" valueType="tree">
		<objectNode type="ModifyModel:root" version="8">
			<property name="name" value="modificationsRoot" valueType="string"/>
			<property name="description" value="" valueType="string"/>
			<property name="id" value="modificationsRoot" valueType="string"/>
			<children>
				<objectNode type="ModifyModel:modification" version="20">
					<property name="name" value="RW_PRE" valueType="string"/>
					<property name="description" value="" valueType="string"/>
					<property name="id" value="5fa86337-82d9-4301-a0cf-956f52c232e0" valueType="string"/>
					<property name="existingNode" valueType="url">DataModel["Portfolio[Risk_Weights_Pre].Portfolio[Risk_Weight_Codes].ModifyModel[Collateral_Inputs_with_3rd_Country].Aggregation[Consolidated_Collateral_Inputs]"{Portfolio[5fa86337-82d9-4301-a0cf-956f52c232e0].Portfolio[6045e4b3-4082-492d-8996-78fbe53d8b2a].ModifyModel[79c5c6bc-4139-4a70-b859-3cf22769f47f].Aggregation[631191de-896a-4c05-bff5-2b6ad367a3b3]}].hierarchy["RW_PRE"{5fa86337-82d9-4301-a0cf-956f52c232e0}]</property>
					<property name="mandatoryInJoin" value="false" valueType="boolean"/>
					<property name="additionalConstraint" valueType="table"/>
					<property name="additionalJoinExpression" valueType="table"/>
					<children>
						<objectNode type="ModifyModel:node" version="9">
							<property name="name" value="rw_unrated" valueType="string"/>
							<property name="description" value="" valueType="string"/>
							<property name="id" value="589521ef-78cb-471d-b31c-d8ad545a82e2" valueType="string"/>
							<property name="dataSource" valueType="url">DataSource["Portfolio-result[Risk_Weights_Pre].Portfolio[Risk_Weight_Codes].ModifyModel[Collateral_Inputs_with_3rd_Country_Unrated].Aggregation[Consolidated_Collateral_Inputs_Unrated]"{Portfolio-result[5fa86337-82d9-4301-a0cf-956f52c232e0].Portfolio[6045e4b3-4082-492d-8996-78fbe53d8b2a].ModifyModel[d9e8118c-a404-439d-b38c-d1aefdc1cf13].Aggregation[a556f10a-83a1-48cf-b5ce-017e1b30b361]}]</property>
							<property name="relationshipToParent" value="ONE_OR_ZERO_TO_ONE" valueType="string"/>
							<property name="mandatoryInJoin" value="false" valueType="boolean"/>
							<property name="additionalConstraint" valueType="table"/>
							<property name="additionalJoinExpression" valueType="table"/>
							<property name="instanceSelectionRule" valueType="object">
								<object type="InstanceSelectionRule" version="3">
									<property name="instanceDateRule" valueType="object">
										<object type="InstanceSelectionRule:rule" version="3">
											<property name="type" value="EQUAL" valueType="string"/>
										</object>
									</property>
									<property name="instanceKeyRules" valueType="table">
										<object type="InstanceSelectionRule:instanceKeyRule" version="3">
											<property name="type" value="EQUAL" valueType="string"/>
											<property name="instanceKeyName" value="v" valueType="string"/>
										</object>
										<object type="InstanceSelectionRule:instanceKeyRule" version="3">
											<property name="type" value="EQUAL" valueType="string"/>
											<property name="instanceKeyName" value="run_id" valueType="string"/>
										</object>
										<object type="InstanceSelectionRule:instanceKeyRule" version="3">
											<property name="type" value="EQUAL" valueType="string"/>
											<property name="instanceKeyName" value="scenarioKey" valueType="string"/>
										</object>
										<object type="InstanceSelectionRule:instanceKeyRule" version="3">
											<property name="type" value="EQUAL" valueType="string"/>
											<property name="instanceKeyName" value="run_type" valueType="string"/>
										</object>
									</property>
								</object>
							</property>
							<property name="join" valueType="table">
								<object type="DataModel:node:join" version="3">
									<property name="sourceField" valueType="url">DataSource["Portfolio-result[Risk_Weights_Pre].Portfolio[Risk_Weight_Codes].ModifyModel[Collateral_Inputs_with_3rd_Country_Unrated].Aggregation[Consolidated_Collateral_Inputs_Unrated]"{Portfolio-result[5fa86337-82d9-4301-a0cf-956f52c232e0].Portfolio[6045e4b3-4082-492d-8996-78fbe53d8b2a].ModifyModel[d9e8118c-a404-439d-b38c-d1aefdc1cf13].Aggregation[a556f10a-83a1-48cf-b5ce-017e1b30b361]}].layout["id_unique"{4d9fef01-747f-4553-b8f9-2c04b27f492b}]</property>
									<property name="parentField" valueType="url">DataSource["Portfolio-result[Risk_Weights_Pre].Portfolio[Risk_Weight_Codes].ModifyModel[Collateral_Inputs_with_3rd_Country].Aggregation[Consolidated_Collateral_Inputs]"{Portfolio-result[5fa86337-82d9-4301-a0cf-956f52c232e0].Portfolio[6045e4b3-4082-492d-8996-78fbe53d8b2a].ModifyModel[79c5c6bc-4139-4a70-b859-3cf22769f47f].Aggregation[631191de-896a-4c05-bff5-2b6ad367a3b3]}].layout["id_unique"{4d9fef01-747f-4553-b8f9-2c04b27f492b}]</property>
								</object>
								<object type="DataModel:node:join" version="3">
									<property name="sourceField" valueType="url">DataSource["Portfolio-result[Risk_Weights_Pre].Portfolio[Risk_Weight_Codes].ModifyModel[Collateral_Inputs_with_3rd_Country_Unrated].Aggregation[Consolidated_Collateral_Inputs_Unrated]"{Portfolio-result[5fa86337-82d9-4301-a0cf-956f52c232e0].Portfolio[6045e4b3-4082-492d-8996-78fbe53d8b2a].ModifyModel[d9e8118c-a404-439d-b38c-d1aefdc1cf13].Aggregation[a556f10a-83a1-48cf-b5ce-017e1b30b361]}].layout["entity"{57f230b2-f6c8-485b-a84f-81a2e5f71dd7}]</property>
									<property name="parentField" valueType="url">DataSource["Portfolio-result[Risk_Weights_Pre].Portfolio[Risk_Weight_Codes].ModifyModel[Collateral_Inputs_with_3rd_Country].Aggregation[Consolidated_Collateral_Inputs]"{Portfolio-result[5fa86337-82d9-4301-a0cf-956f52c232e0].Portfolio[6045e4b3-4082-492d-8996-78fbe53d8b2a].ModifyModel[79c5c6bc-4139-4a70-b859-3cf22769f47f].Aggregation[631191de-896a-4c05-bff5-2b6ad367a3b3]}].layout["entity"{57f230b2-f6c8-485b-a84f-81a2e5f71dd7}]</property>
								</object>
							</property>
						</objectNode>
						<objectNode type="ModifyModel:node" version="9">
							<property name="name" value="rw_sec" valueType="string"/>
							<property name="description" value="" valueType="string"/>
							<property name="id" value="a84c00a0-b671-48aa-9cac-d0b924be0522" valueType="string"/>
							<property name="dataSource" valueType="url">DataSource["Portfolio-result[Risk_Weights_Securitisation].Portfolio[Risk_Weights_Pre].Portfolio[Risk_Weight_Codes].ModifyModel[Collateral_Inputs_with_3rd_Country].Aggregation[Consolidated_Collateral_Inputs]"{Portfolio-result[dec20b4c-1fd6-49e6-8a2c-3b8a42583643].Portfolio[5fa86337-82d9-4301-a0cf-956f52c232e0].Portfolio[6045e4b3-4082-492d-8996-78fbe53d8b2a].ModifyModel[79c5c6bc-4139-4a70-b859-3cf22769f47f].Aggregation[631191de-896a-4c05-bff5-2b6ad367a3b3]}]</property>
							<property name="relationshipToParent" value="ONE_OR_ZERO_TO_ONE" valueType="string"/>
							<property name="mandatoryInJoin" value="false" valueType="boolean"/>
							<property name="additionalConstraint" valueType="table"/>
							<property name="additionalJoinExpression" valueType="table"/>
							<property name="instanceSelectionRule" valueType="object">
								<object type="InstanceSelectionRule" version="3">
									<property name="instanceDateRule" valueType="object">
										<object type="InstanceSelectionRule:rule" version="3">
											<property name="type" value="EQUAL" valueType="string"/>
										</object>
									</property>
									<property name="instanceKeyRules" valueType="table">
										<object type="InstanceSelectionRule:instanceKeyRule" version="3">
											<property name="type" value="EQUAL" valueType="string"/>
											<property name="instanceKeyName" value="v" valueType="string"/>
										</object>
										<object type="InstanceSelectionRule:instanceKeyRule" version="3">
											<property name="type" value="EQUAL" valueType="string"/>
											<property name="instanceKeyName" value="run_id" valueType="string"/>
										</object>
										<object type="InstanceSelectionRule:instanceKeyRule" version="3">
											<property name="type" value="EQUAL" valueType="string"/>
											<property name="instanceKeyName" value="scenarioKey" valueType="string"/>
										</object>
										<object type="InstanceSelectionRule:instanceKeyRule" version="3">
											<property name="type" value="EQUAL" valueType="string"/>
											<property name="instanceKeyName" value="run_type" valueType="string"/>
										</object>
									</property>
								</object>
							</property>
							<property name="join" valueType="table">
								<object type="DataModel:node:join" version="3">
									<property name="sourceField" valueType="url">DataSource["Portfolio-result[Risk_Weights_Securitisation].Portfolio[Risk_Weights_Pre].Portfolio[Risk_Weight_Codes].ModifyModel[Collateral_Inputs_with_3rd_Country].Aggregation[Consolidated_Collateral_Inputs]"{Portfolio-result[dec20b4c-1fd6-49e6-8a2c-3b8a42583643].Portfolio[5fa86337-82d9-4301-a0cf-956f52c232e0].Portfolio[6045e4b3-4082-492d-8996-78fbe53d8b2a].ModifyModel[79c5c6bc-4139-4a70-b859-3cf22769f47f].Aggregation[631191de-896a-4c05-bff5-2b6ad367a3b3]}].layout["id_unique"{4d9fef01-747f-4553-b8f9-2c04b27f492b}]</property>
									<property name="parentField" valueType="url">DataSource["Portfolio-result[Risk_Weights_Pre].Portfolio[Risk_Weight_Codes].ModifyModel[Collateral_Inputs_with_3rd_Country].Aggregation[Consolidated_Collateral_Inputs]"{Portfolio-result[5fa86337-82d9-4301-a0cf-956f52c232e0].Portfolio[6045e4b3-4082-492d-8996-78fbe53d8b2a].ModifyModel[79c5c6bc-4139-4a70-b859-3cf22769f47f].Aggregation[631191de-896a-4c05-bff5-2b6ad367a3b3]}].layout["id_unique"{4d9fef01-747f-4553-b8f9-2c04b27f492b}]</property>
								</object>
								<object type="DataModel:node:join" version="3">
									<property name="sourceField" valueType="url">DataSource["Portfolio-result[Risk_Weights_Securitisation].Portfolio[Risk_Weights_Pre].Portfolio[Risk_Weight_Codes].ModifyModel[Collateral_Inputs_with_3rd_Country].Aggregation[Consolidated_Collateral_Inputs]"{Portfolio-result[dec20b4c-1fd6-49e6-8a2c-3b8a42583643].Portfolio[5fa86337-82d9-4301-a0cf-956f52c232e0].Portfolio[6045e4b3-4082-492d-8996-78fbe53d8b2a].ModifyModel[79c5c6bc-4139-4a70-b859-3cf22769f47f].Aggregation[631191de-896a-4c05-bff5-2b6ad367a3b3]}].layout["entity"{57f230b2-f6c8-485b-a84f-81a2e5f71dd7}]</property>
									<property name="parentField" valueType="url">DataSource["Portfolio-result[Risk_Weights_Pre].Portfolio[Risk_Weight_Codes].ModifyModel[Collateral_Inputs_with_3rd_Country].Aggregation[Consolidated_Collateral_Inputs]"{Portfolio-result[5fa86337-82d9-4301-a0cf-956f52c232e0].Portfolio[6045e4b3-4082-492d-8996-78fbe53d8b2a].ModifyModel[79c5c6bc-4139-4a70-b859-3cf22769f47f].Aggregation[631191de-896a-4c05-bff5-2b6ad367a3b3]}].layout["entity"{57f230b2-f6c8-485b-a84f-81a2e5f71dd7}]</property>
								</object>
							</property>
						</objectNode>
					</children>
				</objectNode>
			</children>
		</objectNode>
	</property>
	<property name="instanceKeys" valueType="table"/>
	<property name="streamKeys" valueType="table"/>
</object>