<object stamp="f8ae17ff-4d82-45c1-904c-7d7b073e0e4e_1715361116998" type="ModifyModel" version="32">
	<property name="name" value="Split_Netting_Sets_Identification_NAID_MAID" valueType="string"/>
	<property name="description" value="" valueType="string"/>
	<property name="objectId" value="d2e8931b-4b9c-40b4-a263-086ce3cfe1a4" valueType="string"/>
	<property name="branchId" value="abd5d443-df6a-4329-a4bc-71fc002f8fcf" valueType="string"/>
	<property name="model" valueType="url">DataModel["cm_cr_calc_inputs:Aggregation[CR_Positions_Calc_Inputs]"{6cbc7e73-4599-418c-9d3c-22735e32a817:Aggregation[967bd225-ef21-441a-afda-78581c2cfe30]}]</property>
	<property name="modifications" valueType="tree">
		<objectNode type="ModifyModel:root" version="8">
			<property name="name" value="modificationsRoot" valueType="string"/>
			<property name="description" value="" valueType="string"/>
			<property name="id" value="modificationsRoot" valueType="string"/>
			<children>
				<objectNode type="ModifyModel:modification" version="20">
					<property name="name" value="Aggregation" valueType="string"/>
					<property name="description" value="" valueType="string"/>
					<property name="id" value="967bd225-ef21-441a-afda-78581c2cfe30" valueType="string"/>
					<property name="existingNode" valueType="url">DataModel["cm_cr_calc_inputs:Aggregation[CR_Positions_Calc_Inputs]"{6cbc7e73-4599-418c-9d3c-22735e32a817:Aggregation[967bd225-ef21-441a-afda-78581c2cfe30]}].hierarchy["Aggregation"{967bd225-ef21-441a-afda-78581c2cfe30}]</property>
					<property name="mandatoryInJoin" value="false" valueType="boolean"/>
					<property name="additionalConstraint" valueType="table"/>
					<property name="additionalJoinExpression" valueType="table"/>
					<children>
						<objectNode type="ModifyModel:node" version="9">
							<property name="name" value="entity_hierarchy" valueType="string"/>
							<property name="description" value="Resulting data source for aggregation Ref_Reporting_Entity_Hierarchy" valueType="string"/>
							<property name="id" value="db1a4c5d-922b-4193-92d0-a70c458c4f6b" valueType="string"/>
							<property name="dataSource" valueType="url">DataSource["cm_ref_data_inputs:Aggregation[Ref_Reporting_Entity_Hierarchy]"{e9157cc6-c461-4637-ae9b-757cdb0c2552:Aggregation[2e3f8983-1ce4-40d7-a048-ab4c876e5562]}]</property>
							<property name="relationshipToParent" value="ONE_TO_ONE" valueType="string"/>
							<property name="mandatoryInJoin" value="false" valueType="boolean"/>
							<property name="additionalConstraint" valueType="table"/>
							<property name="additionalJoinExpression" valueType="table">
								<object type="SQLExpressionPart" version="2">
									<property name="value" value="(" valueType="string"/>
								</object>
								<object type="ModifyModel:localFieldReference" version="3">
									<property name="value" valueType="url">ModifyModel[this].modifications["entity_hierarchy"{db1a4c5d-922b-4193-92d0-a70c458c4f6b}].dataSource.layout["org_unit"{44f36718-b1e6-4988-b828-6a4a02109f41}]</property>
								</object>
								<object type="SQLExpressionPart" version="2">
									<property name="value" value=" = " valueType="string"/>
								</object>
								<object type="DataModel:fieldReference" version="3">
									<property name="value" valueType="url">DataModel["cm_cr_calc_inputs:Aggregation[CR_Positions_Calc_Inputs]"{6cbc7e73-4599-418c-9d3c-22735e32a817:Aggregation[967bd225-ef21-441a-afda-78581c2cfe30]}].hierarchy["Aggregation"{967bd225-ef21-441a-afda-78581c2cfe30}].dataSource.layout["org_unit"{13b73f47-a7a4-43e9-a185-bafa3bbd86e8}]</property>
								</object>
								<object type="SQLExpressionPart" version="2">
									<property name="value" value=")" valueType="string"/>
								</object>
							</property>
							<property name="instanceSelectionRule" valueType="object">
								<object type="InstanceSelectionRule" version="3">
									<property name="instanceDateRule" valueType="object">
										<object type="InstanceSelectionRule:rule" version="3">
											<property name="type" value="EQUAL" valueType="string"/>
										</object>
									</property>
									<property name="instanceKeyRules" valueType="table">
										<object type="InstanceSelectionRule:instanceKeyRule" version="3">
											<property name="type" value="EQUAL" valueType="string"/>
											<property name="instanceKeyName" value="run_id" valueType="string"/>
										</object>
										<object type="InstanceSelectionRule:instanceKeyRule" version="3">
											<property name="type" value="EQUAL" valueType="string"/>
											<property name="instanceKeyName" value="scenarioKey" valueType="string"/>
										</object>
										<object type="InstanceSelectionRule:instanceKeyRule" version="3">
											<property name="type" value="EQUAL" valueType="string"/>
											<property name="instanceKeyName" value="run_type" valueType="string"/>
										</object>
										<object type="InstanceSelectionRule:instanceKeyRule" version="3">
											<property name="type" value="EQUAL" valueType="string"/>
											<property name="instanceKeyName" value="v" valueType="string"/>
										</object>
									</property>
								</object>
							</property>
							<property name="join" valueType="table"/>
							<children>
								<objectNode type="ModifyModel:node" version="9">
									<property name="name" value="entity" valueType="string"/>
									<property name="description" value="Resulting data source for aggregation Ref_Reporting_Entity" valueType="string"/>
									<property name="id" value="0d52b9c4-8526-4ed8-a1ed-e63ec6afe3c6" valueType="string"/>
									<property name="dataSource" valueType="url">DataSource["cm_ref_data_inputs:Aggregation[Ref_Reporting_Entity]"{e9157cc6-c461-4637-ae9b-757cdb0c2552:Aggregation[e53a3c4d-aeba-4ffe-afa7-e94201847004]}]</property>
									<property name="relationshipToParent" value="ONE_TO_ONE" valueType="string"/>
									<property name="mandatoryInJoin" value="false" valueType="boolean"/>
									<property name="additionalConstraint" valueType="table"/>
									<property name="additionalJoinExpression" valueType="table"/>
									<property name="instanceSelectionRule" valueType="object">
										<object type="InstanceSelectionRule" version="3">
											<property name="instanceDateRule" valueType="object">
												<object type="InstanceSelectionRule:rule" version="3">
													<property name="type" value="EQUAL" valueType="string"/>
												</object>
											</property>
											<property name="instanceKeyRules" valueType="table">
												<object type="InstanceSelectionRule:instanceKeyRule" version="3">
													<property name="type" value="EQUAL" valueType="string"/>
													<property name="instanceKeyName" value="run_id" valueType="string"/>
												</object>
												<object type="InstanceSelectionRule:instanceKeyRule" version="3">
													<property name="type" value="EQUAL" valueType="string"/>
													<property name="instanceKeyName" value="scenarioKey" valueType="string"/>
												</object>
												<object type="InstanceSelectionRule:instanceKeyRule" version="3">
													<property name="type" value="EQUAL" valueType="string"/>
													<property name="instanceKeyName" value="run_type" valueType="string"/>
												</object>
												<object type="InstanceSelectionRule:instanceKeyRule" version="3">
													<property name="type" value="EQUAL" valueType="string"/>
													<property name="instanceKeyName" value="v" valueType="string"/>
												</object>
											</property>
										</object>
									</property>
									<property name="join" valueType="table">
										<object type="DataModel:node:join" version="3">
											<property name="sourceField" valueType="url">DataSource["cm_ref_data_inputs:Aggregation[Ref_Reporting_Entity]"{e9157cc6-c461-4637-ae9b-757cdb0c2552:Aggregation[e53a3c4d-aeba-4ffe-afa7-e94201847004]}].layout["entity"{29c73107-303e-4f3c-96f4-20b016617f3c}]</property>
											<property name="parentField" valueType="url">DataSource["cm_ref_data_inputs:Aggregation[Ref_Reporting_Entity_Hierarchy]"{e9157cc6-c461-4637-ae9b-757cdb0c2552:Aggregation[2e3f8983-1ce4-40d7-a048-ab4c876e5562]}].layout["entity"{0a83fda9-586f-48bf-bfc9-413536e7ceeb}]</property>
										</object>
									</property>
								</objectNode>
								<objectNode type="ModifyModel:node" version="9">
									<property name="name" value="split_trades_maid" valueType="string"/>
									<property name="description" value="Resulting data source for aggregation Split_Netting_Sets_Identification_MAIDs" valueType="string"/>
									<property name="id" value="2527a809-fd9e-4cd9-9837-23b7f4d0c75c" valueType="string"/>
									<property name="dataSource" valueType="url">DataSource["Aggregation[Split_Netting_Sets_Identification_MAIDs]"{Aggregation[fa3250fd-a87a-4562-8d9a-2b40c67b1420]}]</property>
									<property name="relationshipToParent" value="ONE_OR_ZERO_TO_ONE" valueType="string"/>
									<property name="mandatoryInJoin" value="false" valueType="boolean"/>
									<property name="additionalConstraint" valueType="table"/>
									<property name="additionalJoinExpression" valueType="table">
										<object type="ModifyModel:localFieldReference" version="3">
											<property name="value" valueType="url">ModifyModel[this].modifications["split_trades_maid"{2527a809-fd9e-4cd9-9837-23b7f4d0c75c}].dataSource.layout["id_mrgn_agrmnt"{6cacc25d-419f-46f4-8568-532015c29cd2}]</property>
										</object>
										<object type="SQLExpressionPart" version="2">
											<property name="value" value=" = " valueType="string"/>
										</object>
										<object type="DataModel:fieldReference" version="3">
											<property name="value" valueType="url">DataModel["cm_cr_calc_inputs:Aggregation[CR_Positions_Calc_Inputs]"{6cbc7e73-4599-418c-9d3c-22735e32a817:Aggregation[967bd225-ef21-441a-afda-78581c2cfe30]}].hierarchy["Aggregation"{967bd225-ef21-441a-afda-78581c2cfe30}].dataSource.layout["id_mrgn_agrmnt"{9f538cdc-9534-4aab-ad26-9cc5100bbcf6}]</property>
										</object>
									</property>
									<property name="instanceSelectionRule" valueType="object">
										<object type="InstanceSelectionRule" version="3">
											<property name="instanceDateRule" valueType="object">
												<object type="InstanceSelectionRule:rule" version="3">
													<property name="type" value="EQUAL" valueType="string"/>
												</object>
											</property>
											<property name="instanceKeyRules" valueType="table">
												<object type="InstanceSelectionRule:instanceKeyRule" version="3">
													<property name="type" value="EQUAL" valueType="string"/>
													<property name="instanceKeyName" value="run_id" valueType="string"/>
												</object>
												<object type="InstanceSelectionRule:instanceKeyRule" version="3">
													<property name="type" value="EQUAL" valueType="string"/>
													<property name="instanceKeyName" value="scenarioKey" valueType="string"/>
												</object>
												<object type="InstanceSelectionRule:instanceKeyRule" version="3">
													<property name="type" value="EQUAL" valueType="string"/>
													<property name="instanceKeyName" value="run_type" valueType="string"/>
												</object>
												<object type="InstanceSelectionRule:instanceKeyRule" version="3">
													<property name="type" value="EQUAL" valueType="string"/>
													<property name="instanceKeyName" value="v" valueType="string"/>
												</object>
											</property>
										</object>
									</property>
									<property name="join" valueType="table">
										<object type="DataModel:node:join" version="3">
											<property name="sourceField" valueType="url">DataSource["Aggregation[Split_Netting_Sets_Identification_MAIDs]"{Aggregation[fa3250fd-a87a-4562-8d9a-2b40c67b1420]}].layout["entity"{e23dc5e0-2b4a-4cab-b3b9-17f9f2d83888}]</property>
											<property name="parentField" valueType="url">DataSource["cm_ref_data_inputs:Aggregation[Ref_Reporting_Entity_Hierarchy]"{e9157cc6-c461-4637-ae9b-757cdb0c2552:Aggregation[2e3f8983-1ce4-40d7-a048-ab4c876e5562]}].layout["entity"{0a83fda9-586f-48bf-bfc9-413536e7ceeb}]</property>
										</object>
									</property>
								</objectNode>
								<objectNode type="ModifyModel:node" version="9">
									<property name="name" value="split_trades_naid" valueType="string"/>
									<property name="description" value="Resulting data source for aggregation Split_Netting_Sets_Identification_NAIDs" valueType="string"/>
									<property name="id" value="3803f7ea-ece5-4649-8f4b-945d6d211762" valueType="string"/>
									<property name="dataSource" valueType="url">DataSource["Aggregation[Split_Netting_Sets_Identification_NAIDs]"{Aggregation[d68547bf-39b6-4f48-8755-118d79d00bc2]}]</property>
									<property name="relationshipToParent" value="ONE_OR_ZERO_TO_ONE" valueType="string"/>
									<property name="mandatoryInJoin" value="false" valueType="boolean"/>
									<property name="additionalConstraint" valueType="table"/>
									<property name="additionalJoinExpression" valueType="table">
										<object type="ModifyModel:localFieldReference" version="3">
											<property name="value" valueType="url">ModifyModel[this].modifications["split_trades_naid"{3803f7ea-ece5-4649-8f4b-945d6d211762}].dataSource.layout["id_nttng_agrmnt"{3d1ca1ac-a27a-427b-848f-42afa4004825}]</property>
										</object>
										<object type="SQLExpressionPart" version="2">
											<property name="value" value=" = " valueType="string"/>
										</object>
										<object type="DataModel:fieldReference" version="3">
											<property name="value" valueType="url">DataModel["cm_cr_calc_inputs:Aggregation[CR_Positions_Calc_Inputs]"{6cbc7e73-4599-418c-9d3c-22735e32a817:Aggregation[967bd225-ef21-441a-afda-78581c2cfe30]}].hierarchy["Aggregation"{967bd225-ef21-441a-afda-78581c2cfe30}].dataSource.layout["id_nttng_agrmnt"{b9afee75-11ce-4a41-81e4-bead38ad6190}]</property>
										</object>
									</property>
									<property name="instanceSelectionRule" valueType="object">
										<object type="InstanceSelectionRule" version="3">
											<property name="instanceDateRule" valueType="object">
												<object type="InstanceSelectionRule:rule" version="3">
													<property name="type" value="EQUAL" valueType="string"/>
												</object>
											</property>
											<property name="instanceKeyRules" valueType="table">
												<object type="InstanceSelectionRule:instanceKeyRule" version="3">
													<property name="type" value="EQUAL" valueType="string"/>
													<property name="instanceKeyName" value="run_id" valueType="string"/>
												</object>
												<object type="InstanceSelectionRule:instanceKeyRule" version="3">
													<property name="type" value="EQUAL" valueType="string"/>
													<property name="instanceKeyName" value="scenarioKey" valueType="string"/>
												</object>
												<object type="InstanceSelectionRule:instanceKeyRule" version="3">
													<property name="type" value="EQUAL" valueType="string"/>
													<property name="instanceKeyName" value="run_type" valueType="string"/>
												</object>
												<object type="InstanceSelectionRule:instanceKeyRule" version="3">
													<property name="type" value="EQUAL" valueType="string"/>
													<property name="instanceKeyName" value="v" valueType="string"/>
												</object>
											</property>
										</object>
									</property>
									<property name="join" valueType="table">
										<object type="DataModel:node:join" version="3">
											<property name="sourceField" valueType="url">DataSource["Aggregation[Split_Netting_Sets_Identification_NAIDs]"{Aggregation[d68547bf-39b6-4f48-8755-118d79d00bc2]}].layout["entity"{e23dc5e0-2b4a-4cab-b3b9-17f9f2d83888}]</property>
											<property name="parentField" valueType="url">DataSource["cm_ref_data_inputs:Aggregation[Ref_Reporting_Entity_Hierarchy]"{e9157cc6-c461-4637-ae9b-757cdb0c2552:Aggregation[2e3f8983-1ce4-40d7-a048-ab4c876e5562]}].layout["entity"{0a83fda9-586f-48bf-bfc9-413536e7ceeb}]</property>
										</object>
									</property>
								</objectNode>
							</children>
						</objectNode>
						<objectNode type="ModifyModel:node" version="9">
							<property name="name" value="split_netting_sets_dup" valueType="string"/>
							<property name="description" value="" valueType="string"/>
							<property name="id" value="88e0e025-4091-46b3-b549-0c432158c518" valueType="string"/>
							<property name="dataSource" valueType="url">DataSource["LKUP_Split_Netting_Sets"{52da08f7-f200-4dea-8db4-0b18a07b7124}]</property>
							<property name="relationshipToParent" value="ONE_OR_ZERO_TO_ONE" valueType="string"/>
							<property name="mandatoryInJoin" value="false" valueType="boolean"/>
							<property name="additionalConstraint" valueType="table"/>
							<property name="additionalJoinExpression" valueType="table">
								<object type="DataModel:fieldReference" version="3">
									<property name="value" valueType="url">DataModel["cm_cr_calc_inputs:Aggregation[CR_Positions_Calc_Inputs]"{6cbc7e73-4599-418c-9d3c-22735e32a817:Aggregation[967bd225-ef21-441a-afda-78581c2cfe30]}].hierarchy["Aggregation"{967bd225-ef21-441a-afda-78581c2cfe30}].dataSource.layout["sa_cva_ind"{003bef31-7023-4fa2-8b5d-55480beb8bec}]</property>
								</object>
								<object type="SQLExpressionPart" version="2">
									<property name="value" value=" IS NULL OR " valueType="string"/>
								</object>
								<object type="DataModel:fieldReference" version="3">
									<property name="value" valueType="url">DataModel["cm_cr_calc_inputs:Aggregation[CR_Positions_Calc_Inputs]"{6cbc7e73-4599-418c-9d3c-22735e32a817:Aggregation[967bd225-ef21-441a-afda-78581c2cfe30]}].hierarchy["Aggregation"{967bd225-ef21-441a-afda-78581c2cfe30}].dataSource.layout["sa_cva_ind"{003bef31-7023-4fa2-8b5d-55480beb8bec}]</property>
								</object>
								<object type="SQLExpressionPart" version="2">
									<property name="value" value=" = 'N'" valueType="string"/>
								</object>
							</property>
							<property name="instanceSelectionRule" valueType="object">
								<object type="InstanceSelectionRule" version="3">
									<property name="instanceDateRule" valueType="object">
										<object type="InstanceSelectionRule:rule" version="3">
											<property name="type" value="EQUAL" valueType="string"/>
										</object>
									</property>
									<property name="instanceKeyRules" valueType="table">
										<object type="InstanceSelectionRule:instanceKeyRule" version="3">
											<property name="type" value="EQUAL" valueType="string"/>
											<property name="instanceKeyName" value="run_id" valueType="string"/>
										</object>
										<object type="InstanceSelectionRule:instanceKeyRule" version="3">
											<property name="type" value="EQUAL" valueType="string"/>
											<property name="instanceKeyName" value="scenarioKey" valueType="string"/>
										</object>
										<object type="InstanceSelectionRule:instanceKeyRule" version="3">
											<property name="type" value="EQUAL" valueType="string"/>
											<property name="instanceKeyName" value="run_type" valueType="string"/>
										</object>
										<object type="InstanceSelectionRule:instanceKeyRule" version="3">
											<property name="type" value="EQUAL" valueType="string"/>
											<property name="instanceKeyName" value="v" valueType="string"/>
										</object>
									</property>
								</object>
							</property>
							<property name="join" valueType="table"/>
						</objectNode>
					</children>
				</objectNode>
			</children>
		</objectNode>
	</property>
	<property name="instanceKeys" valueType="table">
		<object type="InstanceKey" version="2">
			<property name="name" value="run_id" valueType="string"/>
			<property name="description" value="Run ID" valueType="string"/>
			<property name="type" value="VARCHAR" valueType="string"/>
			<property name="size" value="100" valueType="integer"/>
			<property name="defaultInstanceKeyValueFormula" value="" valueType="string"/>
		</object>
		<object type="InstanceKey" version="2">
			<property name="name" value="scenarioKey" valueType="string"/>
			<property name="description" value="Scenario Key" valueType="string"/>
			<property name="type" value="VARCHAR" valueType="string"/>
			<property name="size" value="100" valueType="integer"/>
			<property name="defaultInstanceKeyValueFormula" value="" valueType="string"/>
		</object>
		<object type="InstanceKey" version="2">
			<property name="name" value="run_type" valueType="string"/>
			<property name="description" value="Run Type" valueType="string"/>
			<property name="type" value="VARCHAR" valueType="string"/>
			<property name="size" value="100" valueType="integer"/>
			<property name="defaultInstanceKeyValueFormula" value="" valueType="string"/>
		</object>
	</property>
	<property name="streamKeys" valueType="table">
		<object type="ModifyModel:streamKey" version="1">
			<property name="streamKeyName" value="entity" valueType="string"/>
			<property name="streamKeyColumn" valueType="object">
				<object type="ModifyModel:localFieldReference" version="3">
					<property name="value" valueType="url">ModifyModel[this].modifications["entity_hierarchy"{db1a4c5d-922b-4193-92d0-a70c458c4f6b}].dataSource.layout["entity"{0a83fda9-586f-48bf-bfc9-413536e7ceeb}]</property>
				</object>
			</property>
			<property name="additionalStreamColumns" valueType="table">
				<object type="ModifyModel:localFieldReference" version="3">
					<property name="value" valueType="url">ModifyModel[this].modifications["entity"{0d52b9c4-8526-4ed8-a1ed-e63ec6afe3c6}].dataSource.layout["entity"{29c73107-303e-4f3c-96f4-20b016617f3c}]</property>
				</object>
			</property>
		</object>
	</property>
</object>