<object stamp="8fb5558b-0ca2-47c1-9e9d-6b53f79e7103_1738089993093" type="WorkFlow" version="45">
	<property name="name" value="BA_CVA_Runs" valueType="string"/>
	<property name="description" value="" valueType="string"/>
	<property name="objectId" value="13e0771a-7850-4a09-b7c6-d62d02552e4e" valueType="string"/>
	<property name="branchId" value="fb18ae3e-901e-4791-a902-9192a922978e" valueType="string"/>
	<property name="modules" valueType="table">
		<object type="WorkFlow:taskModule" version="29">
			<property name="name" value="412f7d07-754a-4858-ad0d-2d7a1b96d007" valueType="string"/>
			<property name="description" value="BA_CVA_ID_Level" valueType="string"/>
			<property name="id" value="412f7d07-754a-4858-ad0d-2d7a1b96d007" valueType="string"/>
			<property name="taskType" value="Aggregation" valueType="string"/>
			<property name="underlyingObject" valueType="url">Aggregation["BA_CVA_ID_Level"{affbf276-adfa-40b4-81eb-96a8927869f4}]</property>
			<property name="asOfDateFormula" value="TIME_TAG" valueType="string"/>
			<property name="instanceKeyValues" valueType="table">
				<object type="InstanceObject:instanceKeyValue" version="2">
					<property name="name" value="v" valueType="string"/>
					<property name="keyValueType" value="VARCHAR" valueType="string"/>
					<property name="keyValue" value="$v" valueType="freehand"/>
				</object>
				<object type="InstanceObject:instanceKeyValue" version="2">
					<property name="name" value="run_id" valueType="string"/>
					<property name="keyValueType" value="VARCHAR" valueType="string"/>
					<property name="keyValue" value="$run_id" valueType="freehand"/>
				</object>
				<object type="InstanceObject:instanceKeyValue" version="2">
					<property name="name" value="scenarioKey" valueType="string"/>
					<property name="keyValueType" value="VARCHAR" valueType="string"/>
					<property name="keyValue" value="$scenarioKey" valueType="freehand"/>
				</object>
				<object type="InstanceObject:instanceKeyValue" version="2">
					<property name="name" value="run_type" valueType="string"/>
					<property name="keyValueType" value="VARCHAR" valueType="string"/>
					<property name="keyValue" value="$run_type" valueType="freehand"/>
				</object>
			</property>
			<property name="keyParameters" valueType="object">
				<object type="Task:keyParameters_Aggregation" version="2">
					<property name="models" valueType="table">
						<object type="Task:modelNameRef" version="2">
							<property name="model" value="Portfolio[BA_CVA_Weight_Codes].ModifyModel[BA_CVA_Consolidated_Trades].Aggregation[CVA_Selection]" valueType="string"/>
						</object>
					</property>
					<property name="streams" valueType="table">
						<object type="Task:streamKeyValues" version="2">
							<property name="streamKeyName" value="entity" valueType="string"/>
							<property name="values" value="$entity" valueType="freehand"/>
						</object>
					</property>
				</object>
			</property>
			<property name="nonKeyParameters" valueType="object">
				<object type="Task:nonKeyParameters_Aggregation" version="4">
					<property name="modelDates" valueType="table">
						<object type="Task:modelDateEntry" version="3">
							<property name="model" value="Portfolio[BA_CVA_Weight_Codes].ModifyModel[BA_CVA_Consolidated_Trades].Aggregation[CVA_Selection]" valueType="string"/>
							<property name="instanceDateAndKeysValues" value="TIME_TAG" valueType="freehand"/>
						</object>
					</property>
					<property name="archivalFrequency" value="ARCHIVAL_FREQUENCY" valueType="freehand"/>
				</object>
			</property>
			<property name="parentModules" valueType="table">
				<object type="WorkFlow:parentModule" version="2">
					<property name="id" value="4c4c2e0e-f28e-440d-8a0a-6fb92b4c6530" valueType="string"/>
					<property name="lineConnectors" valueType="table"/>
				</object>
			</property>
			<property name="locationX" value="435.0" valueType="double"/>
			<property name="locationY" value="1.0" valueType="double"/>
		</object>
		<object type="WorkFlow:taskModule" version="29">
			<property name="name" value="995d34a3-d3c1-41d8-9696-6ad93f120173" valueType="string"/>
			<property name="description" value="BA_CVA_Transaction_Type" valueType="string"/>
			<property name="id" value="995d34a3-d3c1-41d8-9696-6ad93f120173" valueType="string"/>
			<property name="taskType" value="Aggregation" valueType="string"/>
			<property name="underlyingObject" valueType="url">Aggregation["BA_CVA_Transaction_Type"{14fb7b5f-1ef9-49dd-90e9-e34047c01b38}]</property>
			<property name="asOfDateFormula" value="TIME_TAG" valueType="string"/>
			<property name="instanceKeyValues" valueType="table">
				<object type="InstanceObject:instanceKeyValue" version="2">
					<property name="name" value="v" valueType="string"/>
					<property name="keyValueType" value="VARCHAR" valueType="string"/>
					<property name="keyValue" value="$v" valueType="freehand"/>
				</object>
				<object type="InstanceObject:instanceKeyValue" version="2">
					<property name="name" value="run_id" valueType="string"/>
					<property name="keyValueType" value="VARCHAR" valueType="string"/>
					<property name="keyValue" value="$run_id" valueType="freehand"/>
				</object>
				<object type="InstanceObject:instanceKeyValue" version="2">
					<property name="name" value="scenarioKey" valueType="string"/>
					<property name="keyValueType" value="VARCHAR" valueType="string"/>
					<property name="keyValue" value="$scenarioKey" valueType="freehand"/>
				</object>
				<object type="InstanceObject:instanceKeyValue" version="2">
					<property name="name" value="run_type" valueType="string"/>
					<property name="keyValueType" value="VARCHAR" valueType="string"/>
					<property name="keyValue" value="$run_type" valueType="freehand"/>
				</object>
			</property>
			<property name="keyParameters" valueType="object">
				<object type="Task:keyParameters_Aggregation" version="2">
					<property name="models" valueType="table">
						<object type="Task:modelNameRef" version="2">
							<property name="model" value="Aggregation[BA_CVA_ID_Level]" valueType="string"/>
						</object>
					</property>
					<property name="streams" valueType="table">
						<object type="Task:streamKeyValues" version="2">
							<property name="streamKeyName" value="entity" valueType="string"/>
							<property name="values" value="$entity" valueType="freehand"/>
						</object>
					</property>
				</object>
			</property>
			<property name="nonKeyParameters" valueType="object">
				<object type="Task:nonKeyParameters_Aggregation" version="4">
					<property name="modelDates" valueType="table">
						<object type="Task:modelDateEntry" version="3">
							<property name="model" value="Aggregation[BA_CVA_ID_Level]" valueType="string"/>
							<property name="instanceDateAndKeysValues" value="TIME_TAG" valueType="freehand"/>
						</object>
					</property>
					<property name="archivalFrequency" value="ARCHIVAL_FREQUENCY" valueType="freehand"/>
				</object>
			</property>
			<property name="parentModules" valueType="table">
				<object type="WorkFlow:parentModule" version="2">
					<property name="id" value="412f7d07-754a-4858-ad0d-2d7a1b96d007" valueType="string"/>
					<property name="lineConnectors" valueType="table"/>
				</object>
			</property>
			<property name="locationX" value="657.0" valueType="double"/>
			<property name="locationY" value="1.0" valueType="double"/>
		</object>
		<object type="WorkFlow:taskModule" version="29">
			<property name="name" value="c906674a-2c03-4dac-9258-f493a7d6ad3a" valueType="string"/>
			<property name="description" value="BA_CVA_Effective_Maturity_Floor" valueType="string"/>
			<property name="id" value="c906674a-2c03-4dac-9258-f493a7d6ad3a" valueType="string"/>
			<property name="taskType" value="ModifyModel" valueType="string"/>
			<property name="underlyingObject" valueType="url">ModifyModel["BA_CVA_Effective_Maturity_Floor"{c4e85be9-e191-4a5d-8b55-248e2c70a23d}]</property>
			<property name="asOfDateFormula" value="TIME_TAG" valueType="string"/>
			<property name="instanceKeyValues" valueType="table">
				<object type="InstanceObject:instanceKeyValue" version="2">
					<property name="name" value="v" valueType="string"/>
					<property name="keyValueType" value="VARCHAR" valueType="string"/>
					<property name="keyValue" value="$v" valueType="freehand"/>
				</object>
				<object type="InstanceObject:instanceKeyValue" version="2">
					<property name="name" value="run_id" valueType="string"/>
					<property name="keyValueType" value="VARCHAR" valueType="string"/>
					<property name="keyValue" value="$run_id" valueType="freehand"/>
				</object>
				<object type="InstanceObject:instanceKeyValue" version="2">
					<property name="name" value="scenarioKey" valueType="string"/>
					<property name="keyValueType" value="VARCHAR" valueType="string"/>
					<property name="keyValue" value="$scenarioKey" valueType="freehand"/>
				</object>
				<object type="InstanceObject:instanceKeyValue" version="2">
					<property name="name" value="run_type" valueType="string"/>
					<property name="keyValueType" value="VARCHAR" valueType="string"/>
					<property name="keyValue" value="$run_type" valueType="freehand"/>
				</object>
			</property>
			<property name="keyParameters" valueType="object">
				<object type="Task:keyParameters_ModifyModel" version="2">
					<property name="sourceDates" valueType="table">
						<object type="Task:sourceDateEntry" version="1">
							<property name="alias" value="Aggregation" valueType="string"/>
							<property name="instanceDateAndKeysValues" value="TIME_TAG" valueType="freehand"/>
						</object>
						<object type="Task:sourceDateEntry" version="1">
							<property name="alias" value="trnsctn_typ_cnt" valueType="string"/>
							<property name="instanceDateAndKeysValues" value="TIME_TAG" valueType="freehand"/>
						</object>
						<object type="Task:sourceDateEntry" version="1">
							<property name="alias" value="nrly_fully_clltrlsd_nttng" valueType="string"/>
							<property name="instanceDateAndKeysValues" value="CreateTimeTag(ASOF_DATE,'v',$v,'run_id',$run_id,'scenarioKey',$scenarioKey,'run_type','NORMAL')" valueType="freehand"/>
						</object>
						<object type="Task:sourceDateEntry" version="1">
							<property name="alias" value="nrly_fully_clltrlsd_mrgn" valueType="string"/>
							<property name="instanceDateAndKeysValues" value="CreateTimeTag(ASOF_DATE,'v',$v,'run_id',$run_id,'scenarioKey',$scenarioKey,'run_type','NORMAL')" valueType="freehand"/>
						</object>
					</property>
				</object>
			</property>
			<property name="nonKeyParameters" valueType="object">
				<object type="Task:nonKeyParameters_ModifyModel" version="2">
					<property name="cloneOriginalModelInstance" value="true" valueType="boolean"/>
				</object>
			</property>
			<property name="parentModules" valueType="table">
				<object type="WorkFlow:parentModule" version="2">
					<property name="id" value="995d34a3-d3c1-41d8-9696-6ad93f120173" valueType="string"/>
					<property name="lineConnectors" valueType="table"/>
				</object>
			</property>
			<property name="locationX" value="937.0" valueType="double"/>
			<property name="locationY" value="1.0" valueType="double"/>
		</object>
		<object type="WorkFlow:taskModule" version="29">
			<property name="name" value="1fd19571-3924-40d7-b3c3-c90c3082224d" valueType="string"/>
			<property name="description" value="BA_CVA_Effective_Maturity_Floor" valueType="string"/>
			<property name="id" value="1fd19571-3924-40d7-b3c3-c90c3082224d" valueType="string"/>
			<property name="taskType" value="Portfolio" valueType="string"/>
			<property name="underlyingObject" valueType="url">Portfolio["BA_CVA_Effective_Maturity_Floor"{8a20e00f-68aa-42ef-b43d-39f6d318939a}]</property>
			<property name="asOfDateFormula" value="TIME_TAG" valueType="string"/>
			<property name="instanceKeyValues" valueType="table">
				<object type="InstanceObject:instanceKeyValue" version="2">
					<property name="name" value="v" valueType="string"/>
					<property name="keyValueType" value="VARCHAR" valueType="string"/>
					<property name="keyValue" value="$v" valueType="freehand"/>
				</object>
				<object type="InstanceObject:instanceKeyValue" version="2">
					<property name="name" value="run_id" valueType="string"/>
					<property name="keyValueType" value="VARCHAR" valueType="string"/>
					<property name="keyValue" value="$run_id" valueType="freehand"/>
				</object>
				<object type="InstanceObject:instanceKeyValue" version="2">
					<property name="name" value="scenarioKey" valueType="string"/>
					<property name="keyValueType" value="VARCHAR" valueType="string"/>
					<property name="keyValue" value="$scenarioKey" valueType="freehand"/>
				</object>
				<object type="InstanceObject:instanceKeyValue" version="2">
					<property name="name" value="run_type" valueType="string"/>
					<property name="keyValueType" value="VARCHAR" valueType="string"/>
					<property name="keyValue" value="$run_type" valueType="freehand"/>
				</object>
			</property>
			<property name="keyParameters" valueType="object">
				<object type="Task:keyParameters_Portfolio" version="2">
					<property name="models" valueType="table">
						<object type="Task:modelNameRef" version="2">
							<property name="model" value="ModifyModel[BA_CVA_Effective_Maturity_Floor].Aggregation[BA_CVA_ID_Level]" valueType="string"/>
						</object>
					</property>
					<property name="streams" valueType="table">
						<object type="Task:streamKeyValues" version="2">
							<property name="streamKeyName" value="entity" valueType="string"/>
							<property name="values" value="$entity" valueType="freehand"/>
						</object>
					</property>
				</object>
			</property>
			<property name="nonKeyParameters" valueType="object">
				<object type="Task:nonKeyParameters_Portfolio" version="4">
					<property name="modelDates" valueType="table">
						<object type="Task:modelDateEntry" version="3">
							<property name="model" value="ModifyModel[BA_CVA_Effective_Maturity_Floor].Aggregation[BA_CVA_ID_Level]" valueType="string"/>
							<property name="instanceDateAndKeysValues" value="TIME_TAG" valueType="freehand"/>
						</object>
					</property>
					<property name="archivalFrequency" value="ARCHIVAL_FREQUENCY" valueType="freehand"/>
				</object>
			</property>
			<property name="parentModules" valueType="table">
				<object type="WorkFlow:parentModule" version="2">
					<property name="id" value="c906674a-2c03-4dac-9258-f493a7d6ad3a" valueType="string"/>
					<property name="lineConnectors" valueType="table">
						<object type="WorkFlow:lineConnector" version="2">
							<property name="locationX" value="1240.0" valueType="double"/>
							<property name="locationY" value="106.0" valueType="double"/>
						</object>
						<object type="WorkFlow:lineConnector" version="2">
							<property name="locationX" value="434.0" valueType="double"/>
							<property name="locationY" value="106.0" valueType="double"/>
						</object>
					</property>
				</object>
			</property>
			<property name="locationX" value="460.0" valueType="double"/>
			<property name="locationY" value="128.0" valueType="double"/>
		</object>
		<object type="WorkFlow:taskModule" version="29">
			<property name="name" value="a42a8e38-4328-4350-9a94-ba7dc8afa754" valueType="string"/>
			<property name="description" value="BA_CVA_EAD_Netting_Agreement_Level" valueType="string"/>
			<property name="id" value="a42a8e38-4328-4350-9a94-ba7dc8afa754" valueType="string"/>
			<property name="taskType" value="Aggregation" valueType="string"/>
			<property name="underlyingObject" valueType="url">Aggregation["BA_CVA_EAD_Netting_Agreement_Level"{94f10c74-e2ba-4945-8f01-8321f11cea12}]</property>
			<property name="asOfDateFormula" value="TIME_TAG" valueType="string"/>
			<property name="instanceKeyValues" valueType="table">
				<object type="InstanceObject:instanceKeyValue" version="2">
					<property name="name" value="v" valueType="string"/>
					<property name="keyValueType" value="VARCHAR" valueType="string"/>
					<property name="keyValue" value="$v" valueType="freehand"/>
				</object>
				<object type="InstanceObject:instanceKeyValue" version="2">
					<property name="name" value="run_id" valueType="string"/>
					<property name="keyValueType" value="VARCHAR" valueType="string"/>
					<property name="keyValue" value="$run_id" valueType="freehand"/>
				</object>
				<object type="InstanceObject:instanceKeyValue" version="2">
					<property name="name" value="scenarioKey" valueType="string"/>
					<property name="keyValueType" value="VARCHAR" valueType="string"/>
					<property name="keyValue" value="$scenarioKey" valueType="freehand"/>
				</object>
				<object type="InstanceObject:instanceKeyValue" version="2">
					<property name="name" value="run_type" valueType="string"/>
					<property name="keyValueType" value="VARCHAR" valueType="string"/>
					<property name="keyValue" value="$run_type" valueType="freehand"/>
				</object>
			</property>
			<property name="keyParameters" valueType="object">
				<object type="Task:keyParameters_Aggregation" version="2">
					<property name="models" valueType="table">
						<object type="Task:modelNameRef" version="2">
							<property name="model" value="Portfolio[BA_CVA_Effective_Maturity_Floor].ModifyModel[BA_CVA_Effective_Maturity_Floor].Aggregation[BA_CVA_ID_Level]" valueType="string"/>
						</object>
					</property>
					<property name="streams" valueType="table">
						<object type="Task:streamKeyValues" version="2">
							<property name="streamKeyName" value="entity" valueType="string"/>
							<property name="values" value="$entity" valueType="freehand"/>
						</object>
					</property>
				</object>
			</property>
			<property name="nonKeyParameters" valueType="object">
				<object type="Task:nonKeyParameters_Aggregation" version="4">
					<property name="modelDates" valueType="table">
						<object type="Task:modelDateEntry" version="3">
							<property name="model" value="Portfolio[BA_CVA_Effective_Maturity_Floor].ModifyModel[BA_CVA_Effective_Maturity_Floor].Aggregation[BA_CVA_ID_Level]" valueType="string"/>
							<property name="instanceDateAndKeysValues" value="TIME_TAG" valueType="freehand"/>
						</object>
					</property>
					<property name="archivalFrequency" value="ARCHIVAL_FREQUENCY" valueType="freehand"/>
				</object>
			</property>
			<property name="parentModules" valueType="table">
				<object type="WorkFlow:parentModule" version="2">
					<property name="id" value="1fd19571-3924-40d7-b3c3-c90c3082224d" valueType="string"/>
					<property name="lineConnectors" valueType="table"/>
				</object>
			</property>
			<property name="locationX" value="801.0" valueType="double"/>
			<property name="locationY" value="128.0" valueType="double"/>
		</object>
		<object type="WorkFlow:taskModule" version="29">
			<property name="name" value="5c60caaf-80ba-4421-994b-96ddfd45f6f2" valueType="string"/>
			<property name="description" value="BA_CVA_EAD_Non_Netting_Agreement_Level" valueType="string"/>
			<property name="id" value="5c60caaf-80ba-4421-994b-96ddfd45f6f2" valueType="string"/>
			<property name="taskType" value="Aggregation" valueType="string"/>
			<property name="underlyingObject" valueType="url">Aggregation["BA_CVA_EAD_Non_Netting_Agreement_Level"{adfc4b61-19a9-486f-9d5e-f2301a47f3c6}]</property>
			<property name="asOfDateFormula" value="TIME_TAG" valueType="string"/>
			<property name="instanceKeyValues" valueType="table">
				<object type="InstanceObject:instanceKeyValue" version="2">
					<property name="name" value="v" valueType="string"/>
					<property name="keyValueType" value="VARCHAR" valueType="string"/>
					<property name="keyValue" value="$v" valueType="freehand"/>
				</object>
				<object type="InstanceObject:instanceKeyValue" version="2">
					<property name="name" value="run_id" valueType="string"/>
					<property name="keyValueType" value="VARCHAR" valueType="string"/>
					<property name="keyValue" value="$run_id" valueType="freehand"/>
				</object>
				<object type="InstanceObject:instanceKeyValue" version="2">
					<property name="name" value="scenarioKey" valueType="string"/>
					<property name="keyValueType" value="VARCHAR" valueType="string"/>
					<property name="keyValue" value="$scenarioKey" valueType="freehand"/>
				</object>
				<object type="InstanceObject:instanceKeyValue" version="2">
					<property name="name" value="run_type" valueType="string"/>
					<property name="keyValueType" value="VARCHAR" valueType="string"/>
					<property name="keyValue" value="$run_type" valueType="freehand"/>
				</object>
			</property>
			<property name="keyParameters" valueType="object">
				<object type="Task:keyParameters_Aggregation" version="2">
					<property name="models" valueType="table">
						<object type="Task:modelNameRef" version="2">
							<property name="model" value="Portfolio[BA_CVA_Effective_Maturity_Floor].ModifyModel[BA_CVA_Effective_Maturity_Floor].Aggregation[BA_CVA_ID_Level]" valueType="string"/>
						</object>
					</property>
					<property name="streams" valueType="table">
						<object type="Task:streamKeyValues" version="2">
							<property name="streamKeyName" value="entity" valueType="string"/>
							<property name="values" value="$entity" valueType="freehand"/>
						</object>
					</property>
				</object>
			</property>
			<property name="nonKeyParameters" valueType="object">
				<object type="Task:nonKeyParameters_Aggregation" version="4">
					<property name="modelDates" valueType="table">
						<object type="Task:modelDateEntry" version="3">
							<property name="model" value="Portfolio[BA_CVA_Effective_Maturity_Floor].ModifyModel[BA_CVA_Effective_Maturity_Floor].Aggregation[BA_CVA_ID_Level]" valueType="string"/>
							<property name="instanceDateAndKeysValues" value="TIME_TAG" valueType="freehand"/>
						</object>
					</property>
					<property name="archivalFrequency" value="ARCHIVAL_FREQUENCY" valueType="freehand"/>
				</object>
			</property>
			<property name="parentModules" valueType="table">
				<object type="WorkFlow:parentModule" version="2">
					<property name="id" value="1fd19571-3924-40d7-b3c3-c90c3082224d" valueType="string"/>
					<property name="lineConnectors" valueType="table"/>
				</object>
				<object type="WorkFlow:parentModule" version="2">
					<property name="id" value="4c4c2e0e-f28e-440d-8a0a-6fb92b4c6530" valueType="string"/>
					<property name="lineConnectors" valueType="table"/>
				</object>
			</property>
			<property name="locationX" value="789.0" valueType="double"/>
			<property name="locationY" value="254.0" valueType="double"/>
		</object>
		<object type="WorkFlow:taskModule" version="29">
			<property name="name" value="ab718b79-a412-497e-9df6-4d5b0db0cfe1" valueType="string"/>
			<property name="description" value="BA_CVA_CParty_Level_Pre" valueType="string"/>
			<property name="id" value="ab718b79-a412-497e-9df6-4d5b0db0cfe1" valueType="string"/>
			<property name="taskType" value="Aggregation" valueType="string"/>
			<property name="underlyingObject" valueType="url">Aggregation["BA_CVA_CParty_Level_Pre"{6f413a53-e689-4f26-bc34-c2847a3e01b8}]</property>
			<property name="asOfDateFormula" value="TIME_TAG" valueType="string"/>
			<property name="instanceKeyValues" valueType="table">
				<object type="InstanceObject:instanceKeyValue" version="2">
					<property name="name" value="v" valueType="string"/>
					<property name="keyValueType" value="VARCHAR" valueType="string"/>
					<property name="keyValue" value="$v" valueType="freehand"/>
				</object>
				<object type="InstanceObject:instanceKeyValue" version="2">
					<property name="name" value="run_id" valueType="string"/>
					<property name="keyValueType" value="VARCHAR" valueType="string"/>
					<property name="keyValue" value="$run_id" valueType="freehand"/>
				</object>
				<object type="InstanceObject:instanceKeyValue" version="2">
					<property name="name" value="scenarioKey" valueType="string"/>
					<property name="keyValueType" value="VARCHAR" valueType="string"/>
					<property name="keyValue" value="$scenarioKey" valueType="freehand"/>
				</object>
				<object type="InstanceObject:instanceKeyValue" version="2">
					<property name="name" value="run_type" valueType="string"/>
					<property name="keyValueType" value="VARCHAR" valueType="string"/>
					<property name="keyValue" value="$run_type" valueType="freehand"/>
				</object>
			</property>
			<property name="keyParameters" valueType="object">
				<object type="Task:keyParameters_Aggregation" version="2">
					<property name="models" valueType="table">
						<object type="Task:modelNameRef" version="2">
							<property name="model" value="Aggregation[BA_CVA_EAD_Netting_Agreement_Level]" valueType="string"/>
						</object>
						<object type="Task:modelNameRef" version="2">
							<property name="model" value="Aggregation[BA_CVA_EAD_Non_Netting_Agreement_Level]" valueType="string"/>
						</object>
					</property>
					<property name="streams" valueType="table">
						<object type="Task:streamKeyValues" version="2">
							<property name="streamKeyName" value="entity" valueType="string"/>
							<property name="values" value="$entity" valueType="freehand"/>
						</object>
					</property>
				</object>
			</property>
			<property name="nonKeyParameters" valueType="object">
				<object type="Task:nonKeyParameters_Aggregation" version="4">
					<property name="modelDates" valueType="table">
						<object type="Task:modelDateEntry" version="3">
							<property name="model" value="Aggregation[BA_CVA_EAD_Netting_Agreement_Level]" valueType="string"/>
							<property name="instanceDateAndKeysValues" value="TIME_TAG" valueType="freehand"/>
						</object>
						<object type="Task:modelDateEntry" version="3">
							<property name="model" value="Aggregation[BA_CVA_EAD_Non_Netting_Agreement_Level]" valueType="string"/>
							<property name="instanceDateAndKeysValues" value="TIME_TAG" valueType="freehand"/>
						</object>
					</property>
					<property name="archivalFrequency" value="ARCHIVAL_FREQUENCY" valueType="freehand"/>
				</object>
			</property>
			<property name="parentModules" valueType="table">
				<object type="WorkFlow:parentModule" version="2">
					<property name="id" value="a42a8e38-4328-4350-9a94-ba7dc8afa754" valueType="string"/>
					<property name="lineConnectors" valueType="table">
						<object type="WorkFlow:lineConnector" version="2">
							<property name="locationX" value="1187.0" valueType="double"/>
							<property name="locationY" value="169.0" valueType="double"/>
						</object>
					</property>
				</object>
				<object type="WorkFlow:parentModule" version="2">
					<property name="id" value="5c60caaf-80ba-4421-994b-96ddfd45f6f2" valueType="string"/>
					<property name="lineConnectors" valueType="table"/>
				</object>
			</property>
			<property name="locationX" value="1213.0" valueType="double"/>
			<property name="locationY" value="254.0" valueType="double"/>
		</object>
		<object type="WorkFlow:taskModule" version="29">
			<property name="name" value="4c4c2e0e-f28e-440d-8a0a-6fb92b4c6530" valueType="string"/>
			<property name="description" value="BA_CVA_Weight_Codes" valueType="string"/>
			<property name="id" value="4c4c2e0e-f28e-440d-8a0a-6fb92b4c6530" valueType="string"/>
			<property name="taskType" value="Portfolio" valueType="string"/>
			<property name="underlyingObject" valueType="url">Portfolio["BA_CVA_Weight_Codes"{71c02f4d-dcc4-4fa6-844d-27ee05620ec2}]</property>
			<property name="asOfDateFormula" value="TIME_TAG" valueType="string"/>
			<property name="instanceKeyValues" valueType="table">
				<object type="InstanceObject:instanceKeyValue" version="2">
					<property name="name" value="v" valueType="string"/>
					<property name="keyValueType" value="VARCHAR" valueType="string"/>
					<property name="keyValue" value="$v" valueType="freehand"/>
				</object>
				<object type="InstanceObject:instanceKeyValue" version="2">
					<property name="name" value="run_id" valueType="string"/>
					<property name="keyValueType" value="VARCHAR" valueType="string"/>
					<property name="keyValue" value="$run_id" valueType="freehand"/>
				</object>
				<object type="InstanceObject:instanceKeyValue" version="2">
					<property name="name" value="scenarioKey" valueType="string"/>
					<property name="keyValueType" value="VARCHAR" valueType="string"/>
					<property name="keyValue" value="$scenarioKey" valueType="freehand"/>
				</object>
				<object type="InstanceObject:instanceKeyValue" version="2">
					<property name="name" value="run_type" valueType="string"/>
					<property name="keyValueType" value="VARCHAR" valueType="string"/>
					<property name="keyValue" value="$run_type" valueType="freehand"/>
				</object>
			</property>
			<property name="keyParameters" valueType="object">
				<object type="Task:keyParameters_Portfolio" version="2">
					<property name="models" valueType="table">
						<object type="Task:modelNameRef" version="2">
							<property name="model" value="credit_risk:shared_calcs:Aggregation[Consolidated_BA_CVA_Hedge_Constituents]" valueType="string"/>
						</object>
						<object type="Task:modelNameRef" version="2">
							<property name="model" value="ModifyModel[BA_CVA_Consolidated_Trades].Aggregation[CVA_Selection]" valueType="string"/>
						</object>
						<object type="Task:modelNameRef" version="2">
							<property name="model" value="ModifyModel[BA_CVA_Consolidated_Hedges].Aggregation[CVA_Selection]" valueType="string"/>
						</object>
					</property>
					<property name="streams" valueType="table">
						<object type="Task:streamKeyValues" version="2">
							<property name="streamKeyName" value="entity" valueType="string"/>
							<property name="values" value="$entity" valueType="freehand"/>
						</object>
					</property>
				</object>
			</property>
			<property name="nonKeyParameters" valueType="object">
				<object type="Task:nonKeyParameters_Portfolio" version="4">
					<property name="modelDates" valueType="table">
						<object type="Task:modelDateEntry" version="3">
							<property name="model" value="credit_risk:shared_calcs:Aggregation[Consolidated_BA_CVA_Hedge_Constituents]" valueType="string"/>
							<property name="instanceDateAndKeysValues" value="TIME_TAG" valueType="freehand"/>
						</object>
						<object type="Task:modelDateEntry" version="3">
							<property name="model" value="ModifyModel[BA_CVA_Consolidated_Trades].Aggregation[CVA_Selection]" valueType="string"/>
							<property name="instanceDateAndKeysValues" value="TIME_TAG" valueType="freehand"/>
						</object>
						<object type="Task:modelDateEntry" version="3">
							<property name="model" value="ModifyModel[BA_CVA_Consolidated_Hedges].Aggregation[CVA_Selection]" valueType="string"/>
							<property name="instanceDateAndKeysValues" value="TIME_TAG" valueType="freehand"/>
						</object>
					</property>
					<property name="archivalFrequency" value="ARCHIVAL_FREQUENCY" valueType="freehand"/>
				</object>
			</property>
			<property name="parentModules" valueType="table"/>
			<property name="locationX" value="25.0" valueType="double"/>
			<property name="locationY" value="258.0" valueType="double"/>
		</object>
		<object type="WorkFlow:taskModule" version="29">
			<property name="name" value="2a64a01a-ecde-4869-b99a-6664eacb7eda" valueType="string"/>
			<property name="description" value="BA_CVA_CDS_Notional_Discounted" valueType="string"/>
			<property name="id" value="2a64a01a-ecde-4869-b99a-6664eacb7eda" valueType="string"/>
			<property name="taskType" value="Aggregation" valueType="string"/>
			<property name="underlyingObject" valueType="url">Aggregation["BA_CVA_CDS_Notional_Discounted"{bcdcd747-4419-4de0-8ab0-579334342246}]</property>
			<property name="asOfDateFormula" value="TIME_TAG" valueType="string"/>
			<property name="instanceKeyValues" valueType="table">
				<object type="InstanceObject:instanceKeyValue" version="2">
					<property name="name" value="v" valueType="string"/>
					<property name="keyValueType" value="VARCHAR" valueType="string"/>
					<property name="keyValue" value="$v" valueType="freehand"/>
				</object>
				<object type="InstanceObject:instanceKeyValue" version="2">
					<property name="name" value="run_id" valueType="string"/>
					<property name="keyValueType" value="VARCHAR" valueType="string"/>
					<property name="keyValue" value="$run_id" valueType="freehand"/>
				</object>
				<object type="InstanceObject:instanceKeyValue" version="2">
					<property name="name" value="scenarioKey" valueType="string"/>
					<property name="keyValueType" value="VARCHAR" valueType="string"/>
					<property name="keyValue" value="$scenarioKey" valueType="freehand"/>
				</object>
				<object type="InstanceObject:instanceKeyValue" version="2">
					<property name="name" value="run_type" valueType="string"/>
					<property name="keyValueType" value="VARCHAR" valueType="string"/>
					<property name="keyValue" value="$run_type" valueType="freehand"/>
				</object>
			</property>
			<property name="keyParameters" valueType="object">
				<object type="Task:keyParameters_Aggregation" version="2">
					<property name="models" valueType="table">
						<object type="Task:modelNameRef" version="2">
							<property name="model" value="Portfolio[BA_CVA_Weight_Codes].ModifyModel[BA_CVA_Consolidated_Hedges].Aggregation[CVA_Selection]" valueType="string"/>
						</object>
					</property>
					<property name="streams" valueType="table">
						<object type="Task:streamKeyValues" version="2">
							<property name="streamKeyName" value="entity" valueType="string"/>
							<property name="values" value="$entity" valueType="freehand"/>
						</object>
					</property>
				</object>
			</property>
			<property name="nonKeyParameters" valueType="object">
				<object type="Task:nonKeyParameters_Aggregation" version="4">
					<property name="modelDates" valueType="table">
						<object type="Task:modelDateEntry" version="3">
							<property name="model" value="Portfolio[BA_CVA_Weight_Codes].ModifyModel[BA_CVA_Consolidated_Hedges].Aggregation[CVA_Selection]" valueType="string"/>
							<property name="instanceDateAndKeysValues" value="TIME_TAG" valueType="freehand"/>
						</object>
					</property>
					<property name="archivalFrequency" value="ARCHIVAL_FREQUENCY" valueType="freehand"/>
				</object>
			</property>
			<property name="parentModules" valueType="table">
				<object type="WorkFlow:parentModule" version="2">
					<property name="id" value="4c4c2e0e-f28e-440d-8a0a-6fb92b4c6530" valueType="string"/>
					<property name="lineConnectors" valueType="table"/>
				</object>
			</property>
			<property name="locationX" value="425.0" valueType="double"/>
			<property name="locationY" value="362.0" valueType="double"/>
		</object>
		<object type="WorkFlow:taskModule" version="29">
			<property name="name" value="395a7a50-5d82-4a04-8795-2c7931441bf4" valueType="string"/>
			<property name="description" value="BA_CVA_CParty_Level" valueType="string"/>
			<property name="id" value="395a7a50-5d82-4a04-8795-2c7931441bf4" valueType="string"/>
			<property name="taskType" value="Aggregation" valueType="string"/>
			<property name="underlyingObject" valueType="url">Aggregation["BA_CVA_CParty_Level"{0926e5f0-d9e2-4616-9932-269082ea2c03}]</property>
			<property name="asOfDateFormula" value="TIME_TAG" valueType="string"/>
			<property name="instanceKeyValues" valueType="table">
				<object type="InstanceObject:instanceKeyValue" version="2">
					<property name="name" value="v" valueType="string"/>
					<property name="keyValueType" value="VARCHAR" valueType="string"/>
					<property name="keyValue" value="$v" valueType="freehand"/>
				</object>
				<object type="InstanceObject:instanceKeyValue" version="2">
					<property name="name" value="run_id" valueType="string"/>
					<property name="keyValueType" value="VARCHAR" valueType="string"/>
					<property name="keyValue" value="$run_id" valueType="freehand"/>
				</object>
				<object type="InstanceObject:instanceKeyValue" version="2">
					<property name="name" value="scenarioKey" valueType="string"/>
					<property name="keyValueType" value="VARCHAR" valueType="string"/>
					<property name="keyValue" value="$scenarioKey" valueType="freehand"/>
				</object>
				<object type="InstanceObject:instanceKeyValue" version="2">
					<property name="name" value="run_type" valueType="string"/>
					<property name="keyValueType" value="VARCHAR" valueType="string"/>
					<property name="keyValue" value="$run_type" valueType="freehand"/>
				</object>
			</property>
			<property name="keyParameters" valueType="object">
				<object type="Task:keyParameters_Aggregation" version="2">
					<property name="models" valueType="table">
						<object type="Task:modelNameRef" version="2">
							<property name="model" value="Aggregation[BA_CVA_CParty_Level_Pre]" valueType="string"/>
						</object>
						<object type="Task:modelNameRef" version="2">
							<property name="model" value="Aggregation[BA_CVA_CDS_Notional_Discounted]" valueType="string"/>
						</object>
					</property>
					<property name="streams" valueType="table">
						<object type="Task:streamKeyValues" version="2">
							<property name="streamKeyName" value="entity" valueType="string"/>
							<property name="values" value="$entity" valueType="freehand"/>
						</object>
					</property>
				</object>
			</property>
			<property name="nonKeyParameters" valueType="object">
				<object type="Task:nonKeyParameters_Aggregation" version="4">
					<property name="modelDates" valueType="table">
						<object type="Task:modelDateEntry" version="3">
							<property name="model" value="Aggregation[BA_CVA_CParty_Level_Pre]" valueType="string"/>
							<property name="instanceDateAndKeysValues" value="TIME_TAG" valueType="freehand"/>
						</object>
						<object type="Task:modelDateEntry" version="3">
							<property name="model" value="Aggregation[BA_CVA_CDS_Notional_Discounted]" valueType="string"/>
							<property name="instanceDateAndKeysValues" value="TIME_TAG" valueType="freehand"/>
						</object>
					</property>
					<property name="archivalFrequency" value="ARCHIVAL_FREQUENCY" valueType="freehand"/>
				</object>
			</property>
			<property name="parentModules" valueType="table">
				<object type="WorkFlow:parentModule" version="2">
					<property name="id" value="ab718b79-a412-497e-9df6-4d5b0db0cfe1" valueType="string"/>
					<property name="lineConnectors" valueType="table"/>
				</object>
				<object type="WorkFlow:parentModule" version="2">
					<property name="id" value="2a64a01a-ecde-4869-b99a-6664eacb7eda" valueType="string"/>
					<property name="lineConnectors" valueType="table"/>
				</object>
			</property>
			<property name="locationX" value="1488.0" valueType="double"/>
			<property name="locationY" value="362.0" valueType="double"/>
		</object>
		<object type="WorkFlow:taskModule" version="29">
			<property name="name" value="fefc541d-23e1-483a-ac1b-1c993fb10890" valueType="string"/>
			<property name="description" value="BA_CVA_Charges_Entity_Level" valueType="string"/>
			<property name="id" value="fefc541d-23e1-483a-ac1b-1c993fb10890" valueType="string"/>
			<property name="taskType" value="Aggregation" valueType="string"/>
			<property name="underlyingObject" valueType="url">Aggregation["BA_CVA_Charges_Entity_Level"{7129dc91-dd26-416b-85f2-a63b7b768b22}]</property>
			<property name="asOfDateFormula" value="TIME_TAG" valueType="string"/>
			<property name="instanceKeyValues" valueType="table">
				<object type="InstanceObject:instanceKeyValue" version="2">
					<property name="name" value="v" valueType="string"/>
					<property name="keyValueType" value="VARCHAR" valueType="string"/>
					<property name="keyValue" value="$v" valueType="freehand"/>
				</object>
				<object type="InstanceObject:instanceKeyValue" version="2">
					<property name="name" value="run_id" valueType="string"/>
					<property name="keyValueType" value="VARCHAR" valueType="string"/>
					<property name="keyValue" value="$run_id" valueType="freehand"/>
				</object>
				<object type="InstanceObject:instanceKeyValue" version="2">
					<property name="name" value="scenarioKey" valueType="string"/>
					<property name="keyValueType" value="VARCHAR" valueType="string"/>
					<property name="keyValue" value="$scenarioKey" valueType="freehand"/>
				</object>
				<object type="InstanceObject:instanceKeyValue" version="2">
					<property name="name" value="run_type" valueType="string"/>
					<property name="keyValueType" value="VARCHAR" valueType="string"/>
					<property name="keyValue" value="$run_type" valueType="freehand"/>
				</object>
			</property>
			<property name="keyParameters" valueType="object">
				<object type="Task:keyParameters_Aggregation" version="2">
					<property name="models" valueType="table">
						<object type="Task:modelNameRef" version="2">
							<property name="model" value="Aggregation[BA_CVA_CParty_Level]" valueType="string"/>
						</object>
						<object type="Task:modelNameRef" version="2">
							<property name="model" value="Aggregation[BA_CVA_CDX_Notional_Discounted]" valueType="string"/>
						</object>
						<object type="Task:modelNameRef" version="2">
							<property name="model" value="Aggregation[BA_CVA_CDX_Notional_Discount_Non_GB]" valueType="string"/>
						</object>
					</property>
					<property name="streams" valueType="table">
						<object type="Task:streamKeyValues" version="2">
							<property name="streamKeyName" value="entity" valueType="string"/>
							<property name="values" value="$entity" valueType="freehand"/>
						</object>
					</property>
				</object>
			</property>
			<property name="nonKeyParameters" valueType="object">
				<object type="Task:nonKeyParameters_Aggregation" version="4">
					<property name="modelDates" valueType="table">
						<object type="Task:modelDateEntry" version="3">
							<property name="model" value="Aggregation[BA_CVA_CParty_Level]" valueType="string"/>
							<property name="instanceDateAndKeysValues" value="TIME_TAG" valueType="freehand"/>
						</object>
						<object type="Task:modelDateEntry" version="3">
							<property name="model" value="Aggregation[BA_CVA_CDX_Notional_Discounted]" valueType="string"/>
							<property name="instanceDateAndKeysValues" value="TIME_TAG" valueType="freehand"/>
						</object>
						<object type="Task:modelDateEntry" version="3">
							<property name="model" value="Aggregation[BA_CVA_CDX_Notional_Discount_Non_GB]" valueType="string"/>
							<property name="instanceDateAndKeysValues" value="TIME_TAG" valueType="freehand"/>
						</object>
					</property>
					<property name="archivalFrequency" value="ARCHIVAL_FREQUENCY" valueType="freehand"/>
				</object>
			</property>
			<property name="parentModules" valueType="table">
				<object type="WorkFlow:parentModule" version="2">
					<property name="id" value="aa02c0b3-0da9-4b59-8ddf-0c13144f1989" valueType="string"/>
					<property name="lineConnectors" valueType="table">
						<object type="WorkFlow:lineConnector" version="2">
							<property name="locationX" value="1816.0" valueType="double"/>
							<property name="locationY" value="538.0" valueType="double"/>
						</object>
					</property>
				</object>
				<object type="WorkFlow:parentModule" version="2">
					<property name="id" value="f98f8ef4-0a26-4bd9-84c3-8d2bd5a5a96e" valueType="string"/>
					<property name="lineConnectors" valueType="table">
						<object type="WorkFlow:lineConnector" version="2">
							<property name="locationX" value="1817.0" valueType="double"/>
							<property name="locationY" value="671.0" valueType="double"/>
						</object>
					</property>
				</object>
				<object type="WorkFlow:parentModule" version="2">
					<property name="id" value="395a7a50-5d82-4a04-8795-2c7931441bf4" valueType="string"/>
					<property name="lineConnectors" valueType="table"/>
				</object>
			</property>
			<property name="locationX" value="1843.0" valueType="double"/>
			<property name="locationY" value="362.0" valueType="double"/>
		</object>
		<object type="WorkFlow:taskModule" version="29">
			<property name="name" value="aa02c0b3-0da9-4b59-8ddf-0c13144f1989" valueType="string"/>
			<property name="description" value="BA_CVA_CDX_Notional_Discounted" valueType="string"/>
			<property name="id" value="aa02c0b3-0da9-4b59-8ddf-0c13144f1989" valueType="string"/>
			<property name="taskType" value="Aggregation" valueType="string"/>
			<property name="underlyingObject" valueType="url">Aggregation["BA_CVA_CDX_Notional_Discounted"{4e1a0ccb-18a0-40e0-93d6-42a8777335e9}]</property>
			<property name="asOfDateFormula" value="TIME_TAG" valueType="string"/>
			<property name="instanceKeyValues" valueType="table">
				<object type="InstanceObject:instanceKeyValue" version="2">
					<property name="name" value="v" valueType="string"/>
					<property name="keyValueType" value="VARCHAR" valueType="string"/>
					<property name="keyValue" value="$v" valueType="freehand"/>
				</object>
				<object type="InstanceObject:instanceKeyValue" version="2">
					<property name="name" value="run_id" valueType="string"/>
					<property name="keyValueType" value="VARCHAR" valueType="string"/>
					<property name="keyValue" value="$run_id" valueType="freehand"/>
				</object>
				<object type="InstanceObject:instanceKeyValue" version="2">
					<property name="name" value="scenarioKey" valueType="string"/>
					<property name="keyValueType" value="VARCHAR" valueType="string"/>
					<property name="keyValue" value="$scenarioKey" valueType="freehand"/>
				</object>
				<object type="InstanceObject:instanceKeyValue" version="2">
					<property name="name" value="run_type" valueType="string"/>
					<property name="keyValueType" value="VARCHAR" valueType="string"/>
					<property name="keyValue" value="$run_type" valueType="freehand"/>
				</object>
			</property>
			<property name="keyParameters" valueType="object">
				<object type="Task:keyParameters_Aggregation" version="2">
					<property name="models" valueType="table">
						<object type="Task:modelNameRef" version="2">
							<property name="model" value="ModifyModel[BA_CVA_Index_CDX].Portfolio[BA_CVA_Weight_Codes].ModifyModel[BA_CVA_Consolidated_Hedges].Aggregation[CVA_Selection]" valueType="string"/>
						</object>
					</property>
					<property name="streams" valueType="table">
						<object type="Task:streamKeyValues" version="2">
							<property name="streamKeyName" value="entity" valueType="string"/>
							<property name="values" value="$entity" valueType="freehand"/>
						</object>
					</property>
				</object>
			</property>
			<property name="nonKeyParameters" valueType="object">
				<object type="Task:nonKeyParameters_Aggregation" version="4">
					<property name="modelDates" valueType="table">
						<object type="Task:modelDateEntry" version="3">
							<property name="model" value="ModifyModel[BA_CVA_Index_CDX].Portfolio[BA_CVA_Weight_Codes].ModifyModel[BA_CVA_Consolidated_Hedges].Aggregation[CVA_Selection]" valueType="string"/>
							<property name="instanceDateAndKeysValues" value="TIME_TAG" valueType="freehand"/>
						</object>
					</property>
					<property name="archivalFrequency" value="ARCHIVAL_FREQUENCY" valueType="freehand"/>
				</object>
			</property>
			<property name="parentModules" valueType="table">
				<object type="WorkFlow:parentModule" version="2">
					<property name="id" value="5e37a5fc-5576-4d04-8f49-f202f1deed4f" valueType="string"/>
					<property name="lineConnectors" valueType="table"/>
				</object>
			</property>
			<property name="locationX" value="1422.0" valueType="double"/>
			<property name="locationY" value="497.0" valueType="double"/>
		</object>
		<object type="WorkFlow:taskModule" version="29">
			<property name="name" value="6ac3f9bc-8ed1-4ddd-a609-675aa42e5ab0" valueType="string"/>
			<property name="description" value="BA_CVA_CDX_Non_Mixed_Index_Level" valueType="string"/>
			<property name="id" value="6ac3f9bc-8ed1-4ddd-a609-675aa42e5ab0" valueType="string"/>
			<property name="taskType" value="Aggregation" valueType="string"/>
			<property name="underlyingObject" valueType="url">Aggregation["BA_CVA_CDX_Non_Mixed_Index_Level"{bfbedc2d-c803-48cc-a5cc-f10daa4335a5}]</property>
			<property name="asOfDateFormula" value="TIME_TAG" valueType="string"/>
			<property name="instanceKeyValues" valueType="table">
				<object type="InstanceObject:instanceKeyValue" version="2">
					<property name="name" value="v" valueType="string"/>
					<property name="keyValueType" value="VARCHAR" valueType="string"/>
					<property name="keyValue" value="$v" valueType="freehand"/>
				</object>
				<object type="InstanceObject:instanceKeyValue" version="2">
					<property name="name" value="run_id" valueType="string"/>
					<property name="keyValueType" value="VARCHAR" valueType="string"/>
					<property name="keyValue" value="$run_id" valueType="freehand"/>
				</object>
				<object type="InstanceObject:instanceKeyValue" version="2">
					<property name="name" value="scenarioKey" valueType="string"/>
					<property name="keyValueType" value="VARCHAR" valueType="string"/>
					<property name="keyValue" value="$scenarioKey" valueType="freehand"/>
				</object>
				<object type="InstanceObject:instanceKeyValue" version="2">
					<property name="name" value="run_type" valueType="string"/>
					<property name="keyValueType" value="VARCHAR" valueType="string"/>
					<property name="keyValue" value="$run_type" valueType="freehand"/>
				</object>
			</property>
			<property name="keyParameters" valueType="object">
				<object type="Task:keyParameters_Aggregation" version="2">
					<property name="models" valueType="table">
						<object type="Task:modelNameRef" version="2">
							<property name="model" value="Portfolio[BA_CVA_Weight_Codes].credit_risk:shared_calcs:Aggregation[Consolidated_BA_CVA_Hedge_Constituents]" valueType="string"/>
						</object>
					</property>
					<property name="streams" valueType="table"/>
				</object>
			</property>
			<property name="nonKeyParameters" valueType="object">
				<object type="Task:nonKeyParameters_Aggregation" version="4">
					<property name="modelDates" valueType="table">
						<object type="Task:modelDateEntry" version="3">
							<property name="model" value="Portfolio[BA_CVA_Weight_Codes].credit_risk:shared_calcs:Aggregation[Consolidated_BA_CVA_Hedge_Constituents]" valueType="string"/>
							<property name="instanceDateAndKeysValues" value="TIME_TAG" valueType="freehand"/>
						</object>
					</property>
					<property name="archivalFrequency" value="ARCHIVAL_FREQUENCY" valueType="freehand"/>
				</object>
			</property>
			<property name="parentModules" valueType="table">
				<object type="WorkFlow:parentModule" version="2">
					<property name="id" value="4c4c2e0e-f28e-440d-8a0a-6fb92b4c6530" valueType="string"/>
					<property name="lineConnectors" valueType="table"/>
				</object>
			</property>
			<property name="locationX" value="425.0" valueType="double"/>
			<property name="locationY" value="561.0" valueType="double"/>
		</object>
		<object type="WorkFlow:taskModule" version="29">
			<property name="name" value="5e37a5fc-5576-4d04-8f49-f202f1deed4f" valueType="string"/>
			<property name="description" value="BA_CVA_Index_CDX" valueType="string"/>
			<property name="id" value="5e37a5fc-5576-4d04-8f49-f202f1deed4f" valueType="string"/>
			<property name="taskType" value="ModifyModel" valueType="string"/>
			<property name="underlyingObject" valueType="url">ModifyModel["BA_CVA_Index_CDX"{865091fb-3b3a-49f9-8f4c-c526a4547fb8}]</property>
			<property name="asOfDateFormula" value="TIME_TAG" valueType="string"/>
			<property name="instanceKeyValues" valueType="table">
				<object type="InstanceObject:instanceKeyValue" version="2">
					<property name="name" value="v" valueType="string"/>
					<property name="keyValueType" value="VARCHAR" valueType="string"/>
					<property name="keyValue" value="$v" valueType="freehand"/>
				</object>
				<object type="InstanceObject:instanceKeyValue" version="2">
					<property name="name" value="run_id" valueType="string"/>
					<property name="keyValueType" value="VARCHAR" valueType="string"/>
					<property name="keyValue" value="$run_id" valueType="freehand"/>
				</object>
				<object type="InstanceObject:instanceKeyValue" version="2">
					<property name="name" value="scenarioKey" valueType="string"/>
					<property name="keyValueType" value="VARCHAR" valueType="string"/>
					<property name="keyValue" value="$scenarioKey" valueType="freehand"/>
				</object>
				<object type="InstanceObject:instanceKeyValue" version="2">
					<property name="name" value="run_type" valueType="string"/>
					<property name="keyValueType" value="VARCHAR" valueType="string"/>
					<property name="keyValue" value="$run_type" valueType="freehand"/>
				</object>
			</property>
			<property name="keyParameters" valueType="object">
				<object type="Task:keyParameters_ModifyModel" version="2"/>
			</property>
			<property name="nonKeyParameters" valueType="object">
				<object type="Task:nonKeyParameters_ModifyModel" version="2">
					<property name="cloneOriginalModelInstance" value="true" valueType="boolean"/>
				</object>
			</property>
			<property name="parentModules" valueType="table">
				<object type="WorkFlow:parentModule" version="2">
					<property name="id" value="6ac3f9bc-8ed1-4ddd-a609-675aa42e5ab0" valueType="string"/>
					<property name="lineConnectors" valueType="table"/>
				</object>
				<object type="WorkFlow:parentModule" version="2">
					<property name="id" value="c07cd0f7-e01a-4dee-bc2d-d4202213515f" valueType="string"/>
					<property name="lineConnectors" valueType="table">
						<object type="WorkFlow:lineConnector" version="2">
							<property name="locationX" value="1158.0" valueType="double"/>
							<property name="locationY" value="722.0" valueType="double"/>
						</object>
					</property>
				</object>
			</property>
			<property name="locationX" value="1184.0" valueType="double"/>
			<property name="locationY" value="561.0" valueType="double"/>
		</object>
		<object type="WorkFlow:taskModule" version="29">
			<property name="name" value="f98f8ef4-0a26-4bd9-84c3-8d2bd5a5a96e" valueType="string"/>
			<property name="description" value="BA_CVA_CDX_Notional_Discount_Non_GB" valueType="string"/>
			<property name="id" value="f98f8ef4-0a26-4bd9-84c3-8d2bd5a5a96e" valueType="string"/>
			<property name="taskType" value="Aggregation" valueType="string"/>
			<property name="underlyingObject" valueType="url">Aggregation["BA_CVA_CDX_Notional_Discount_Non_GB"{d5ba326e-6164-4a62-80f1-14645fdbe07e}]</property>
			<property name="asOfDateFormula" value="TIME_TAG" valueType="string"/>
			<property name="instanceKeyValues" valueType="table">
				<object type="InstanceObject:instanceKeyValue" version="2">
					<property name="name" value="v" valueType="string"/>
					<property name="keyValueType" value="VARCHAR" valueType="string"/>
					<property name="keyValue" value="$v" valueType="freehand"/>
				</object>
				<object type="InstanceObject:instanceKeyValue" version="2">
					<property name="name" value="run_id" valueType="string"/>
					<property name="keyValueType" value="VARCHAR" valueType="string"/>
					<property name="keyValue" value="$run_id" valueType="freehand"/>
				</object>
				<object type="InstanceObject:instanceKeyValue" version="2">
					<property name="name" value="scenarioKey" valueType="string"/>
					<property name="keyValueType" value="VARCHAR" valueType="string"/>
					<property name="keyValue" value="$scenarioKey" valueType="freehand"/>
				</object>
				<object type="InstanceObject:instanceKeyValue" version="2">
					<property name="name" value="run_type" valueType="string"/>
					<property name="keyValueType" value="VARCHAR" valueType="string"/>
					<property name="keyValue" value="$run_type" valueType="freehand"/>
				</object>
			</property>
			<property name="keyParameters" valueType="object">
				<object type="Task:keyParameters_Aggregation" version="2">
					<property name="models" valueType="table">
						<object type="Task:modelNameRef" version="2">
							<property name="model" value="ModifyModel[BA_CVA_Index_CDX].Portfolio[BA_CVA_Weight_Codes].ModifyModel[BA_CVA_Consolidated_Hedges].Aggregation[CVA_Selection]" valueType="string"/>
						</object>
					</property>
					<property name="streams" valueType="table">
						<object type="Task:streamKeyValues" version="2">
							<property name="streamKeyName" value="entity" valueType="string"/>
							<property name="values" value="$entity" valueType="freehand"/>
						</object>
					</property>
				</object>
			</property>
			<property name="nonKeyParameters" valueType="object">
				<object type="Task:nonKeyParameters_Aggregation" version="4">
					<property name="modelDates" valueType="table">
						<object type="Task:modelDateEntry" version="3">
							<property name="model" value="ModifyModel[BA_CVA_Index_CDX].Portfolio[BA_CVA_Weight_Codes].ModifyModel[BA_CVA_Consolidated_Hedges].Aggregation[CVA_Selection]" valueType="string"/>
							<property name="instanceDateAndKeysValues" value="TIME_TAG" valueType="freehand"/>
						</object>
					</property>
					<property name="archivalFrequency" value="ARCHIVAL_FREQUENCY" valueType="freehand"/>
				</object>
			</property>
			<property name="parentModules" valueType="table">
				<object type="WorkFlow:parentModule" version="2">
					<property name="id" value="5e37a5fc-5576-4d04-8f49-f202f1deed4f" valueType="string"/>
					<property name="lineConnectors" valueType="table"/>
				</object>
			</property>
			<property name="locationX" value="1424.0" valueType="double"/>
			<property name="locationY" value="630.0" valueType="double"/>
		</object>
		<object type="WorkFlow:taskModule" version="29">
			<property name="name" value="c0bdc147-0b47-4931-b4e5-69381b7a9e38" valueType="string"/>
			<property name="description" value="BA_CVA_CDX_Mixed_Index_Level_Pre" valueType="string"/>
			<property name="id" value="c0bdc147-0b47-4931-b4e5-69381b7a9e38" valueType="string"/>
			<property name="taskType" value="Aggregation" valueType="string"/>
			<property name="underlyingObject" valueType="url">Aggregation["BA_CVA_CDX_Mixed_Index_Level_Pre"{408ae4cc-9d5f-4a9b-9152-9055f73a230e}]</property>
			<property name="asOfDateFormula" value="TIME_TAG" valueType="string"/>
			<property name="instanceKeyValues" valueType="table">
				<object type="InstanceObject:instanceKeyValue" version="2">
					<property name="name" value="v" valueType="string"/>
					<property name="keyValueType" value="VARCHAR" valueType="string"/>
					<property name="keyValue" value="$v" valueType="freehand"/>
				</object>
				<object type="InstanceObject:instanceKeyValue" version="2">
					<property name="name" value="run_id" valueType="string"/>
					<property name="keyValueType" value="VARCHAR" valueType="string"/>
					<property name="keyValue" value="$run_id" valueType="freehand"/>
				</object>
				<object type="InstanceObject:instanceKeyValue" version="2">
					<property name="name" value="scenarioKey" valueType="string"/>
					<property name="keyValueType" value="VARCHAR" valueType="string"/>
					<property name="keyValue" value="$scenarioKey" valueType="freehand"/>
				</object>
				<object type="InstanceObject:instanceKeyValue" version="2">
					<property name="name" value="run_type" valueType="string"/>
					<property name="keyValueType" value="VARCHAR" valueType="string"/>
					<property name="keyValue" value="$run_type" valueType="freehand"/>
				</object>
			</property>
			<property name="keyParameters" valueType="object">
				<object type="Task:keyParameters_Aggregation" version="2">
					<property name="models" valueType="table">
						<object type="Task:modelNameRef" version="2">
							<property name="model" value="Portfolio[BA_CVA_Weight_Codes].credit_risk:shared_calcs:Aggregation[Consolidated_BA_CVA_Hedge_Constituents]" valueType="string"/>
						</object>
					</property>
					<property name="streams" valueType="table"/>
				</object>
			</property>
			<property name="nonKeyParameters" valueType="object">
				<object type="Task:nonKeyParameters_Aggregation" version="4">
					<property name="modelDates" valueType="table">
						<object type="Task:modelDateEntry" version="3">
							<property name="model" value="Portfolio[BA_CVA_Weight_Codes].credit_risk:shared_calcs:Aggregation[Consolidated_BA_CVA_Hedge_Constituents]" valueType="string"/>
							<property name="instanceDateAndKeysValues" value="TIME_TAG" valueType="freehand"/>
						</object>
					</property>
					<property name="archivalFrequency" value="ARCHIVAL_FREQUENCY" valueType="freehand"/>
				</object>
			</property>
			<property name="parentModules" valueType="table">
				<object type="WorkFlow:parentModule" version="2">
					<property name="id" value="4c4c2e0e-f28e-440d-8a0a-6fb92b4c6530" valueType="string"/>
					<property name="lineConnectors" valueType="table"/>
				</object>
			</property>
			<property name="locationX" value="425.0" valueType="double"/>
			<property name="locationY" value="681.0" valueType="double"/>
		</object>
		<object type="WorkFlow:taskModule" version="29">
			<property name="name" value="c07cd0f7-e01a-4dee-bc2d-d4202213515f" valueType="string"/>
			<property name="description" value="BA_CVA_CDX_Mixed_Index_Level" valueType="string"/>
			<property name="id" value="c07cd0f7-e01a-4dee-bc2d-d4202213515f" valueType="string"/>
			<property name="taskType" value="Aggregation" valueType="string"/>
			<property name="underlyingObject" valueType="url">Aggregation["BA_CVA_CDX_Mixed_Index_Level"{0130fa6d-9f2e-4fe5-9ec5-8749401313c2}]</property>
			<property name="asOfDateFormula" value="TIME_TAG" valueType="string"/>
			<property name="instanceKeyValues" valueType="table">
				<object type="InstanceObject:instanceKeyValue" version="2">
					<property name="name" value="v" valueType="string"/>
					<property name="keyValueType" value="VARCHAR" valueType="string"/>
					<property name="keyValue" value="$v" valueType="freehand"/>
				</object>
				<object type="InstanceObject:instanceKeyValue" version="2">
					<property name="name" value="run_id" valueType="string"/>
					<property name="keyValueType" value="VARCHAR" valueType="string"/>
					<property name="keyValue" value="$run_id" valueType="freehand"/>
				</object>
				<object type="InstanceObject:instanceKeyValue" version="2">
					<property name="name" value="scenarioKey" valueType="string"/>
					<property name="keyValueType" value="VARCHAR" valueType="string"/>
					<property name="keyValue" value="$scenarioKey" valueType="freehand"/>
				</object>
				<object type="InstanceObject:instanceKeyValue" version="2">
					<property name="name" value="run_type" valueType="string"/>
					<property name="keyValueType" value="VARCHAR" valueType="string"/>
					<property name="keyValue" value="$run_type" valueType="freehand"/>
				</object>
			</property>
			<property name="keyParameters" valueType="object">
				<object type="Task:keyParameters_Aggregation" version="2">
					<property name="models" valueType="table">
						<object type="Task:modelNameRef" version="2">
							<property name="model" value="Aggregation[BA_CVA_CDX_Mixed_Index_Level_Pre]" valueType="string"/>
						</object>
					</property>
					<property name="streams" valueType="table"/>
				</object>
			</property>
			<property name="nonKeyParameters" valueType="object">
				<object type="Task:nonKeyParameters_Aggregation" version="4">
					<property name="modelDates" valueType="table">
						<object type="Task:modelDateEntry" version="3">
							<property name="model" value="Aggregation[BA_CVA_CDX_Mixed_Index_Level_Pre]" valueType="string"/>
							<property name="instanceDateAndKeysValues" value="TIME_TAG" valueType="freehand"/>
						</object>
					</property>
					<property name="archivalFrequency" value="ARCHIVAL_FREQUENCY" valueType="freehand"/>
				</object>
			</property>
			<property name="parentModules" valueType="table">
				<object type="WorkFlow:parentModule" version="2">
					<property name="id" value="c0bdc147-0b47-4931-b4e5-69381b7a9e38" valueType="string"/>
					<property name="lineConnectors" valueType="table"/>
				</object>
			</property>
			<property name="locationX" value="802.0" valueType="double"/>
			<property name="locationY" value="681.0" valueType="double"/>
		</object>
	</property>
	<property name="archivalProperties" valueType="object">
		<object type="ArchivalProperties" version="2">
			<property name="daily" value="false" valueType="boolean"/>
			<property name="weekly" value="false" valueType="boolean"/>
			<property name="monthly" value="false" valueType="boolean"/>
			<property name="quarterly" value="false" valueType="boolean"/>
			<property name="semiAnnually" value="false" valueType="boolean"/>
			<property name="annually" value="false" valueType="boolean"/>
			<property name="intraDay" value="false" valueType="boolean"/>
			<property name="userDefined" value="false" valueType="boolean"/>
		</object>
	</property>
	<property name="iterators" valueType="table"/>
	<property name="keyParameters" valueType="table"/>
	<property name="nonKeyParameters" valueType="table"/>
</object>