<object stamp="de28cb4e-1636-42f3-a818-9224e150e83b_1731683105905" type="DataModel" version="6">
	<property name="name" value="Cash_Pool_Output_Cube" valueType="string"/>
	<property name="description" value="" valueType="string"/>
	<property name="objectId" value="e9da8392-0bed-4f09-bf42-33fcbc9a961c" valueType="string"/>
	<property name="branchId" value="e3635d7b-d3db-48bb-b273-e5be29c16ba9" valueType="string"/>
	<property name="isPermanent" value="false" valueType="boolean"/>
	<property name="instanceKeys" valueType="table">
		<object type="InstanceKey" version="2">
			<property name="name" value="v" valueType="string"/>
			<property name="description" value="Version" valueType="string"/>
			<property name="type" value="VARCHAR" valueType="string"/>
			<property name="size" value="100" valueType="integer"/>
			<property name="defaultInstanceKeyValueFormula" value="" valueType="string"/>
		</object>
		<object type="InstanceKey" version="2">
			<property name="name" value="run_id" valueType="string"/>
			<property name="description" value="Run ID" valueType="string"/>
			<property name="type" value="VARCHAR" valueType="string"/>
			<property name="size" value="100" valueType="integer"/>
			<property name="defaultInstanceKeyValueFormula" value="" valueType="string"/>
		</object>
		<object type="InstanceKey" version="2">
			<property name="name" value="scenarioKey" valueType="string"/>
			<property name="description" value="Scenario Key" valueType="string"/>
			<property name="type" value="VARCHAR" valueType="string"/>
			<property name="size" value="100" valueType="integer"/>
			<property name="defaultInstanceKeyValueFormula" value="" valueType="string"/>
		</object>
	</property>
	<property name="hierarchy" valueType="tree">
		<objectNode type="DataModel:node" version="3">
			<property name="name" value="Aggregation" valueType="string"/>
			<property name="description" value="Resulting data source for aggregation LR_Cash_Pooling" valueType="string"/>
			<property name="id" value="e3b05fe7-d0c4-4eea-b7d8-80c27a195f0e" valueType="string"/>
			<property name="dataSource" valueType="url">DataSource["Aggregation[LR_Cash_Pooling]"{Aggregation[6c782247-680c-42ba-96d7-12c32b3adea0]}]</property>
			<property name="relationshipToParent" value="ONE_TO_ONE" valueType="string"/>
			<property name="mandatoryInJoin" value="false" valueType="boolean"/>
			<property name="additionalConstraint" valueType="table"/>
			<property name="additionalJoinExpression" valueType="table"/>
			<property name="instanceSelectionRule" valueType="object">
				<object type="InstanceSelectionRule" version="3">
					<property name="instanceDateRule" valueType="object">
						<object type="InstanceSelectionRule:rule" version="3">
							<property name="type" value="EQUAL" valueType="string"/>
						</object>
					</property>
					<property name="instanceKeyRules" valueType="table">
						<object type="InstanceSelectionRule:instanceKeyRule" version="3">
							<property name="type" value="EQUAL" valueType="string"/>
							<property name="instanceKeyName" value="v" valueType="string"/>
						</object>
						<object type="InstanceSelectionRule:instanceKeyRule" version="3">
							<property name="type" value="EQUAL" valueType="string"/>
							<property name="instanceKeyName" value="run_id" valueType="string"/>
						</object>
						<object type="InstanceSelectionRule:instanceKeyRule" version="3">
							<property name="type" value="EQUAL" valueType="string"/>
							<property name="instanceKeyName" value="scenarioKey" valueType="string"/>
						</object>
					</property>
				</object>
			</property>
			<property name="join" valueType="table"/>
		</objectNode>
	</property>
	<property name="streamKeys" valueType="table">
		<object type="DataModel:streamKey" version="5">
			<property name="streamKeyName" value="entity" valueType="string"/>
			<property name="streamKeyColumn" valueType="object">
				<object type="DataModel:localFieldReference" version="3">
					<property name="value" valueType="url">DataModel[this].hierarchy["Aggregation"{e3b05fe7-d0c4-4eea-b7d8-80c27a195f0e}].dataSource.layout["entity"{a7d7ce40-1ea3-4b11-bd9d-609ec8a2f20e}]</property>
				</object>
			</property>
			<property name="additionalStreamColumns" valueType="table"/>
		</object>
	</property>
	<property name="freezeLevel" value="1" valueType="integer"/>
	<property name="performJoinOnAllStreamColumns" value="false" valueType="boolean"/>
	<property name="mustInheritSourceIKs" value="false" valueType="boolean"/>
</object>