<object stamp="a6fd2ab0-8cb1-4625-819c-12d89ef20aa3_1725271526642" type="Shorthand" version="6">
	<property name="name" value="PRA_Interest_Rate" valueType="string"/>
	<property name="description" value="PRA_Interest_Rate" valueType="string"/>
	<property name="objectId" value="08d22625-bd11-4804-9506-5253e4b07ef5" valueType="string"/>
	<property name="branchId" value="2cc1364c-5419-49cd-8e5e-3b45ae5d27e6" valueType="string"/>
	<property name="models" valueType="table">
		<object type="DataModel:reference" version="3">
			<property name="value" valueType="url">DataModel["shared_calcs:Aggregation[Consolidated_IR_Inputs]"{d75383f6-fa01-4e67-a680-006fa58909dc:Aggregation[4f634250-7fa7-4e8f-bb81-b21c3c17ab38]}]</property>
		</object>
		<object type="DataModel:reference" version="3">
			<property name="value" valueType="url">DataModel["shared_calcs:ModifyModel[Decomposed_Interest_Rate].ModifyModel[L2_Index_Decomp_with_Constituents].Aggregation[L2_Index_Decomposition]"{d75383f6-fa01-4e67-a680-006fa58909dc:ModifyModel[f3319c11-404b-412d-8841-3fe0e70659a7].ModifyModel[8b8f4b34-ba9d-4a9d-b9ef-ca00d23dc7d5].Aggregation[06325aac-a398-4e1e-bc56-ca812100dee6]}]</property>
		</object>
	</property>
	<property name="condition" valueType="tree">
		<objectNode type="Condition" version="3">
			<property name="isNegated" value="false" valueType="boolean"/>
			<property name="groupingOperator" value="AND" valueType="string"/>
		</objectNode>
	</property>
	<property name="modelConditionOverrides" valueType="table">
		<object type="Shorthand:modelCondition" version="2">
			<property name="name" value="Interest_Rate" valueType="string"/>
			<property name="models" valueType="table">
				<object type="DataModel:reference" version="3">
					<property name="value" valueType="url">DataModel["shared_calcs:Aggregation[Consolidated_IR_Inputs]"{d75383f6-fa01-4e67-a680-006fa58909dc:Aggregation[4f634250-7fa7-4e8f-bb81-b21c3c17ab38]}]</property>
				</object>
			</property>
			<property name="condition" valueType="tree">
				<objectNode type="Condition" version="3">
					<property name="isNegated" value="false" valueType="boolean"/>
					<property name="groupingOperator" value="AND" valueType="string"/>
				</objectNode>
			</property>
		</object>
		<object type="Shorthand:modelCondition" version="2">
			<property name="name" value="Ref_Constituents" valueType="string"/>
			<property name="models" valueType="table">
				<object type="DataModel:reference" version="3">
					<property name="value" valueType="url">DataModel["shared_calcs:ModifyModel[Decomposed_Interest_Rate].ModifyModel[L2_Index_Decomp_with_Constituents].Aggregation[L2_Index_Decomposition]"{d75383f6-fa01-4e67-a680-006fa58909dc:ModifyModel[f3319c11-404b-412d-8841-3fe0e70659a7].ModifyModel[8b8f4b34-ba9d-4a9d-b9ef-ca00d23dc7d5].Aggregation[06325aac-a398-4e1e-bc56-ca812100dee6]}]</property>
				</object>
			</property>
			<property name="condition" valueType="tree">
				<objectNode type="Condition" version="3">
					<property name="isNegated" value="false" valueType="boolean"/>
					<property name="groupingOperator" value="AND" valueType="string"/>
					<children>
						<objectNode type="Condition:singularConcrete" version="3">
							<property name="field" valueType="object">
								<object type="DataModel:fieldMap" version="3">
									<property name="map" valueType="table">
										<object type="DataModel:fieldReference" version="3">
											<property name="value" valueType="url">DataModel["shared_calcs:ModifyModel[Decomposed_Interest_Rate].ModifyModel[L2_Index_Decomp_with_Constituents].Aggregation[L2_Index_Decomposition]"{d75383f6-fa01-4e67-a680-006fa58909dc:ModifyModel[f3319c11-404b-412d-8841-3fe0e70659a7].ModifyModel[8b8f4b34-ba9d-4a9d-b9ef-ca00d23dc7d5].Aggregation[06325aac-a398-4e1e-bc56-ca812100dee6]}].hierarchy["Aggregation"{06325aac-a398-4e1e-bc56-ca812100dee6}].dataSource.layout["enm_cnsttnt_typ"{616630b0-5ab4-48df-a295-bd5c583bb3c6}]</property>
										</object>
									</property>
								</object>
							</property>
							<property name="operation" value="=" valueType="string"/>
							<property name="value" value="IR" valueType="string"/>
						</objectNode>
					</children>
				</objectNode>
			</property>
		</object>
	</property>
</object>