<object stamp="e7d5958d-c7d7-4051-99c0-58e443980b82_1742380310087" type="Shorthand" version="6">
	<property name="name" value="CCR_CASH_OTHER_CCY" valueType="string"/>
	<property name="description" value="" valueType="string"/>
	<property name="objectId" value="da5d7e93-8903-4c05-8d13-fe3d8fcc97cf" valueType="string"/>
	<property name="branchId" value="44f98cc4-3c7c-41c3-8daa-5b9828f45d7a" valueType="string"/>
	<property name="models" valueType="table">
		<object type="DataModel:reference" version="3">
			<property name="value" valueType="url">DataModel["shared_calcs:Aggregation[Consolidated_Collateral_Inputs]"{015fe472-ce70-41e1-9583-ebf524ac86a8:Aggregation[631191de-896a-4c05-bff5-2b6ad367a3b3]}]</property>
		</object>
		<object type="DataModel:reference" version="3">
			<property name="value" valueType="url">DataModel["ModifyModel[CCR_Collateral_FCCM].Computation[CRM_LP_Solver].allocation"{ModifyModel[a24b96e2-502f-496b-89fd-99d564351f93].Computation[a68b3618-d39c-4f43-9b60-5bc48a4c449d].6b999b34-8f0f-45a5-933b-dcc0b48d2a80}]</property>
		</object>
		<object type="DataModel:reference" version="3">
			<property name="value" valueType="url">DataModel["ModifyModel[CCR_Collateral_MNA].shared_calcs:Aggregation[Consolidated_CR_Exposure_Inputs]"{ModifyModel[cf39040b-afb2-4276-8613-d112d4b8ab45].015fe472-ce70-41e1-9583-ebf524ac86a8:Aggregation[e656b996-3c81-4229-a299-6d0d56226654]}]</property>
		</object>
		<object type="DataModel:reference" version="3">
			<property name="value" valueType="url">DataModel["ModifyModel[CCR_Collateral_SACCR].shared_calcs:Aggregation[Consolidated_CR_Exposure_Inputs]"{ModifyModel[d09def56-ff9a-4069-8bdb-364d0a717683].015fe472-ce70-41e1-9583-ebf524ac86a8:Aggregation[e656b996-3c81-4229-a299-6d0d56226654]}]</property>
		</object>
		<object type="DataModel:reference" version="3">
			<property name="value" valueType="url">DataModel["shared_calcs:Aggregation[Consolidated_CR_Exposure_Inputs]"{015fe472-ce70-41e1-9583-ebf524ac86a8:Aggregation[e656b996-3c81-4229-a299-6d0d56226654]}]</property>
		</object>
		<object type="DataModel:reference" version="3">
			<property name="value" valueType="url">DataModel["ModifyModel[CCR_Collateral_FCCM_Unused].Aggregation[Collated_Credit_Risk_Mitigations]"{ModifyModel[dfe6c69b-0413-45ec-b7b5-2a03fc975dc6].Aggregation[8aa8ab36-d8fd-4925-a401-5706da489f90]}]</property>
		</object>
		<object type="DataModel:reference" version="3">
			<property name="value" valueType="url">DataModel["ModifyModel[CCR_Collateral_Non_Eligibility].shared_calcs:Aggregation[Consolidated_CR_Exposure_Inputs]"{ModifyModel[ed281be9-32c1-484a-994b-927665bfbdb3].015fe472-ce70-41e1-9583-ebf524ac86a8:Aggregation[e656b996-3c81-4229-a299-6d0d56226654]}]</property>
		</object>
		<object type="DataModel:reference" version="3">
			<property name="value" valueType="url">DataModel["ModifyModel[CCR_Collateral_FCCM_Totally_Unused].Computation[CRM_LP_Solver].fccm_clltrl_not_used"{ModifyModel[3c90eded-9453-4099-9a52-63aedce4e1ae].Computation[a68b3618-d39c-4f43-9b60-5bc48a4c449d].0ca6b155-7177-4269-a214-692fd6ac0cf7}]</property>
		</object>
		<object type="DataModel:reference" version="3">
			<property name="value" valueType="url">DataModel["ModifyModel[CCR_Collateral_RC].Aggregation[SACCR_Collateral_Total_Allocated]"{ModifyModel[01080b50-0a5a-4869-8e3b-b7d714afe75b].Aggregation[0e7a3feb-56ef-41a3-9af3-6430799a5667]}]</property>
		</object>
		<object type="DataModel:reference" version="3">
			<property name="value" valueType="url">DataModel["ModifyModel[CCR_Collateral_PFE].Aggregation[SACCR_Collateral_Total_Allocated]"{ModifyModel[714c5ade-e397-474f-92f6-1c860127ed9e].Aggregation[0e7a3feb-56ef-41a3-9af3-6430799a5667]}]</property>
		</object>
		<object type="DataModel:reference" version="3">
			<property name="value" valueType="url">DataModel["ModifyModel[CCR_Collateral_Others].shared_calcs:Aggregation[Consolidated_CR_Exposure_Inputs]"{ModifyModel[89884d84-361e-4a66-91d2-850a694edd08].015fe472-ce70-41e1-9583-ebf524ac86a8:Aggregation[e656b996-3c81-4229-a299-6d0d56226654]}]</property>
		</object>
	</property>
	<property name="condition" valueType="tree">
		<objectNode type="Condition" version="3">
			<property name="isNegated" value="false" valueType="boolean"/>
			<property name="groupingOperator" value="AND" valueType="string"/>
		</objectNode>
	</property>
	<property name="modelConditionOverrides" valueType="table">
		<object type="Shorthand:modelCondition" version="2">
			<property name="name" value="fccm" valueType="string"/>
			<property name="models" valueType="table">
				<object type="DataModel:reference" version="3">
					<property name="value" valueType="url">DataModel["ModifyModel[CCR_Collateral_FCCM].Computation[CRM_LP_Solver].allocation"{ModifyModel[a24b96e2-502f-496b-89fd-99d564351f93].Computation[a68b3618-d39c-4f43-9b60-5bc48a4c449d].6b999b34-8f0f-45a5-933b-dcc0b48d2a80}]</property>
				</object>
			</property>
			<property name="condition" valueType="tree">
				<objectNode type="Condition" version="3">
					<property name="isNegated" value="false" valueType="boolean"/>
					<property name="groupingOperator" value="AND" valueType="string"/>
					<children>
						<objectNode type="Condition:singularConcrete" version="3">
							<property name="field" valueType="object">
								<object type="DataModel:fieldMap" version="3">
									<property name="map" valueType="table">
										<object type="DataModel:fieldReference" version="3">
											<property name="value" valueType="url">DataModel["ModifyModel[CCR_Collateral_FCCM].Computation[CRM_LP_Solver].allocation"{ModifyModel[a24b96e2-502f-496b-89fd-99d564351f93].Computation[a68b3618-d39c-4f43-9b60-5bc48a4c449d].6b999b34-8f0f-45a5-933b-dcc0b48d2a80}].hierarchy["inputs"{7711ad13-d4b8-4fa4-bbbc-d225c7584e8c}].dataSource.layout["clltrl_dmstc_ccy_ind"{d570936c-9510-48a2-86cc-ce8f7eb445cf}]</property>
										</object>
									</property>
								</object>
							</property>
							<property name="operation" value="=" valueType="string"/>
							<property name="value" value="N" valueType="string"/>
						</objectNode>
						<objectNode type="Condition" version="3">
							<property name="isNegated" value="false" valueType="boolean"/>
							<property name="groupingOperator" value="OR" valueType="string"/>
							<children>
								<objectNode type="Condition:singularConcrete" version="3">
									<property name="field" valueType="object">
										<object type="DataModel:fieldMap" version="3">
											<property name="map" valueType="table">
												<object type="DataModel:fieldReference" version="3">
													<property name="value" valueType="url">DataModel["ModifyModel[CCR_Collateral_FCCM].Computation[CRM_LP_Solver].allocation"{ModifyModel[a24b96e2-502f-496b-89fd-99d564351f93].Computation[a68b3618-d39c-4f43-9b60-5bc48a4c449d].6b999b34-8f0f-45a5-933b-dcc0b48d2a80}].hierarchy["inputs"{7711ad13-d4b8-4fa4-bbbc-d225c7584e8c}].dataSource.layout["ovrrd_enm_C34_08_row_allctn"{eb762f53-cb5c-4520-8b10-6e0701b9e4cf}]</property>
												</object>
											</property>
										</object>
									</property>
									<property name="operation" value="=" valueType="string"/>
									<property name="value" value="CASH" valueType="string"/>
								</objectNode>
								<objectNode type="Condition" version="3">
									<property name="isNegated" value="false" valueType="boolean"/>
									<property name="groupingOperator" value="AND" valueType="string"/>
									<children>
										<objectNode type="Condition:singularExpression" version="3">
											<property name="field" valueType="object">
												<object type="DataModel:fieldMap" version="3">
													<property name="map" valueType="table">
														<object type="DataModel:fieldReference" version="3">
															<property name="value" valueType="url">DataModel["ModifyModel[CCR_Collateral_FCCM].Computation[CRM_LP_Solver].allocation"{ModifyModel[a24b96e2-502f-496b-89fd-99d564351f93].Computation[a68b3618-d39c-4f43-9b60-5bc48a4c449d].6b999b34-8f0f-45a5-933b-dcc0b48d2a80}].hierarchy["inputs"{7711ad13-d4b8-4fa4-bbbc-d225c7584e8c}].dataSource.layout["ovrrd_enm_C34_08_row_allctn"{eb762f53-cb5c-4520-8b10-6e0701b9e4cf}]</property>
														</object>
													</property>
												</object>
											</property>
											<property name="operation" value="IS" valueType="string"/>
											<property name="expression" valueType="table">
												<object type="SQLExpressionPart" version="2">
													<property name="value" value="NULL" valueType="string"/>
												</object>
											</property>
										</objectNode>
										<objectNode type="Condition:singularConcrete" version="3">
											<property name="field" valueType="object">
												<object type="DataModel:fieldMap" version="3">
													<property name="map" valueType="table">
														<object type="DataModel:fieldReference" version="3">
															<property name="value" valueType="url">DataModel["ModifyModel[CCR_Collateral_FCCM].Computation[CRM_LP_Solver].allocation"{ModifyModel[a24b96e2-502f-496b-89fd-99d564351f93].Computation[a68b3618-d39c-4f43-9b60-5bc48a4c449d].6b999b34-8f0f-45a5-933b-dcc0b48d2a80}].hierarchy["Aggregation"{9cac52b6-248d-4b83-9775-7893efd6f8f0}].dataSource.layout["enm_crm_clss"{b044516f-02a9-43c3-ae09-03a98ba0f0b2}]</property>
														</object>
													</property>
												</object>
											</property>
											<property name="operation" value="=" valueType="string"/>
											<property name="value" value="CASH" valueType="string"/>
										</objectNode>
									</children>
								</objectNode>
							</children>
						</objectNode>
					</children>
				</objectNode>
			</property>
		</object>
		<object type="Shorthand:modelCondition" version="2">
			<property name="name" value="mna_saccr" valueType="string"/>
			<property name="models" valueType="table">
				<object type="DataModel:reference" version="3">
					<property name="value" valueType="url">DataModel["ModifyModel[CCR_Collateral_MNA].shared_calcs:Aggregation[Consolidated_CR_Exposure_Inputs]"{ModifyModel[cf39040b-afb2-4276-8613-d112d4b8ab45].015fe472-ce70-41e1-9583-ebf524ac86a8:Aggregation[e656b996-3c81-4229-a299-6d0d56226654]}]</property>
				</object>
				<object type="DataModel:reference" version="3">
					<property name="value" valueType="url">DataModel["ModifyModel[CCR_Collateral_SACCR].shared_calcs:Aggregation[Consolidated_CR_Exposure_Inputs]"{ModifyModel[d09def56-ff9a-4069-8bdb-364d0a717683].015fe472-ce70-41e1-9583-ebf524ac86a8:Aggregation[e656b996-3c81-4229-a299-6d0d56226654]}]</property>
				</object>
				<object type="DataModel:reference" version="3">
					<property name="value" valueType="url">DataModel["shared_calcs:Aggregation[Consolidated_CR_Exposure_Inputs]"{015fe472-ce70-41e1-9583-ebf524ac86a8:Aggregation[e656b996-3c81-4229-a299-6d0d56226654]}]</property>
				</object>
				<object type="DataModel:reference" version="3">
					<property name="value" valueType="url">DataModel["ModifyModel[CCR_Collateral_Non_Eligibility].shared_calcs:Aggregation[Consolidated_CR_Exposure_Inputs]"{ModifyModel[ed281be9-32c1-484a-994b-927665bfbdb3].015fe472-ce70-41e1-9583-ebf524ac86a8:Aggregation[e656b996-3c81-4229-a299-6d0d56226654]}]</property>
				</object>
				<object type="DataModel:reference" version="3">
					<property name="value" valueType="url">DataModel["ModifyModel[CCR_Collateral_Others].shared_calcs:Aggregation[Consolidated_CR_Exposure_Inputs]"{ModifyModel[89884d84-361e-4a66-91d2-850a694edd08].015fe472-ce70-41e1-9583-ebf524ac86a8:Aggregation[e656b996-3c81-4229-a299-6d0d56226654]}]</property>
				</object>
			</property>
			<property name="condition" valueType="tree">
				<objectNode type="Condition" version="3">
					<property name="isNegated" value="false" valueType="boolean"/>
					<property name="groupingOperator" value="AND" valueType="string"/>
					<children>
						<objectNode type="Condition:singularConcrete" version="3">
							<property name="field" valueType="object">
								<object type="DataModel:fieldMap" version="3">
									<property name="map" valueType="table">
										<object type="DataModel:fieldReference" version="3">
											<property name="value" valueType="url">DataModel["ModifyModel[CCR_Collateral_MNA].shared_calcs:Aggregation[Consolidated_CR_Exposure_Inputs]"{ModifyModel[cf39040b-afb2-4276-8613-d112d4b8ab45].015fe472-ce70-41e1-9583-ebf524ac86a8:Aggregation[e656b996-3c81-4229-a299-6d0d56226654]}].hierarchy["Aggregation"{e656b996-3c81-4229-a299-6d0d56226654}].dataSource.layout["clltrl_dmstc_ccy_ind"{d570936c-9510-48a2-86cc-ce8f7eb445cf}]</property>
										</object>
										<object type="DataModel:fieldReference" version="3">
											<property name="value" valueType="url">DataModel["ModifyModel[CCR_Collateral_SACCR].shared_calcs:Aggregation[Consolidated_CR_Exposure_Inputs]"{ModifyModel[d09def56-ff9a-4069-8bdb-364d0a717683].015fe472-ce70-41e1-9583-ebf524ac86a8:Aggregation[e656b996-3c81-4229-a299-6d0d56226654]}].hierarchy["Aggregation"{e656b996-3c81-4229-a299-6d0d56226654}].dataSource.layout["clltrl_dmstc_ccy_ind"{d570936c-9510-48a2-86cc-ce8f7eb445cf}]</property>
										</object>
										<object type="DataModel:fieldReference" version="3">
											<property name="value" valueType="url">DataModel["shared_calcs:Aggregation[Consolidated_CR_Exposure_Inputs]"{015fe472-ce70-41e1-9583-ebf524ac86a8:Aggregation[e656b996-3c81-4229-a299-6d0d56226654]}].hierarchy["Aggregation"{e656b996-3c81-4229-a299-6d0d56226654}].dataSource.layout["clltrl_dmstc_ccy_ind"{d570936c-9510-48a2-86cc-ce8f7eb445cf}]</property>
										</object>
										<object type="DataModel:fieldReference" version="3">
											<property name="value" valueType="url">DataModel["ModifyModel[CCR_Collateral_Non_Eligibility].shared_calcs:Aggregation[Consolidated_CR_Exposure_Inputs]"{ModifyModel[ed281be9-32c1-484a-994b-927665bfbdb3].015fe472-ce70-41e1-9583-ebf524ac86a8:Aggregation[e656b996-3c81-4229-a299-6d0d56226654]}].hierarchy["Aggregation"{e656b996-3c81-4229-a299-6d0d56226654}].dataSource.layout["clltrl_dmstc_ccy_ind"{d570936c-9510-48a2-86cc-ce8f7eb445cf}]</property>
										</object>
										<object type="DataModel:fieldReference" version="3">
											<property name="value" valueType="url">DataModel["ModifyModel[CCR_Collateral_Others].shared_calcs:Aggregation[Consolidated_CR_Exposure_Inputs]"{ModifyModel[89884d84-361e-4a66-91d2-850a694edd08].015fe472-ce70-41e1-9583-ebf524ac86a8:Aggregation[e656b996-3c81-4229-a299-6d0d56226654]}].hierarchy["Aggregation"{e656b996-3c81-4229-a299-6d0d56226654}].dataSource.layout["clltrl_dmstc_ccy_ind"{d570936c-9510-48a2-86cc-ce8f7eb445cf}]</property>
										</object>
									</property>
								</object>
							</property>
							<property name="operation" value="=" valueType="string"/>
							<property name="value" value="N" valueType="string"/>
						</objectNode>
						<objectNode type="Condition" version="3">
							<property name="isNegated" value="false" valueType="boolean"/>
							<property name="groupingOperator" value="OR" valueType="string"/>
							<children>
								<objectNode type="Condition:singularConcrete" version="3">
									<property name="field" valueType="object">
										<object type="DataModel:fieldMap" version="3">
											<property name="map" valueType="table">
												<object type="DataModel:fieldReference" version="3">
													<property name="value" valueType="url">DataModel["ModifyModel[CCR_Collateral_MNA].shared_calcs:Aggregation[Consolidated_CR_Exposure_Inputs]"{ModifyModel[cf39040b-afb2-4276-8613-d112d4b8ab45].015fe472-ce70-41e1-9583-ebf524ac86a8:Aggregation[e656b996-3c81-4229-a299-6d0d56226654]}].hierarchy["Aggregation"{e656b996-3c81-4229-a299-6d0d56226654}].dataSource.layout["ovrrd_enm_C34_08_row_allctn"{eb762f53-cb5c-4520-8b10-6e0701b9e4cf}]</property>
												</object>
												<object type="DataModel:fieldReference" version="3">
													<property name="value" valueType="url">DataModel["ModifyModel[CCR_Collateral_SACCR].shared_calcs:Aggregation[Consolidated_CR_Exposure_Inputs]"{ModifyModel[d09def56-ff9a-4069-8bdb-364d0a717683].015fe472-ce70-41e1-9583-ebf524ac86a8:Aggregation[e656b996-3c81-4229-a299-6d0d56226654]}].hierarchy["Aggregation"{e656b996-3c81-4229-a299-6d0d56226654}].dataSource.layout["ovrrd_enm_C34_08_row_allctn"{eb762f53-cb5c-4520-8b10-6e0701b9e4cf}]</property>
												</object>
												<object type="DataModel:fieldReference" version="3">
													<property name="value" valueType="url">DataModel["shared_calcs:Aggregation[Consolidated_CR_Exposure_Inputs]"{015fe472-ce70-41e1-9583-ebf524ac86a8:Aggregation[e656b996-3c81-4229-a299-6d0d56226654]}].hierarchy["Aggregation"{e656b996-3c81-4229-a299-6d0d56226654}].dataSource.layout["ovrrd_enm_C34_08_row_allctn"{eb762f53-cb5c-4520-8b10-6e0701b9e4cf}]</property>
												</object>
												<object type="DataModel:fieldReference" version="3">
													<property name="value" valueType="url">DataModel["ModifyModel[CCR_Collateral_Non_Eligibility].shared_calcs:Aggregation[Consolidated_CR_Exposure_Inputs]"{ModifyModel[ed281be9-32c1-484a-994b-927665bfbdb3].015fe472-ce70-41e1-9583-ebf524ac86a8:Aggregation[e656b996-3c81-4229-a299-6d0d56226654]}].hierarchy["Aggregation"{e656b996-3c81-4229-a299-6d0d56226654}].dataSource.layout["ovrrd_enm_C34_08_row_allctn"{eb762f53-cb5c-4520-8b10-6e0701b9e4cf}]</property>
												</object>
												<object type="DataModel:fieldReference" version="3">
													<property name="value" valueType="url">DataModel["ModifyModel[CCR_Collateral_Others].shared_calcs:Aggregation[Consolidated_CR_Exposure_Inputs]"{ModifyModel[89884d84-361e-4a66-91d2-850a694edd08].015fe472-ce70-41e1-9583-ebf524ac86a8:Aggregation[e656b996-3c81-4229-a299-6d0d56226654]}].hierarchy["Aggregation"{e656b996-3c81-4229-a299-6d0d56226654}].dataSource.layout["ovrrd_enm_C34_08_row_allctn"{eb762f53-cb5c-4520-8b10-6e0701b9e4cf}]</property>
												</object>
											</property>
										</object>
									</property>
									<property name="operation" value="=" valueType="string"/>
									<property name="value" value="CASH" valueType="string"/>
								</objectNode>
								<objectNode type="Condition" version="3">
									<property name="isNegated" value="false" valueType="boolean"/>
									<property name="groupingOperator" value="AND" valueType="string"/>
									<children>
										<objectNode type="Condition:singularExpression" version="3">
											<property name="field" valueType="object">
												<object type="DataModel:fieldMap" version="3">
													<property name="map" valueType="table">
														<object type="DataModel:fieldReference" version="3">
															<property name="value" valueType="url">DataModel["ModifyModel[CCR_Collateral_MNA].shared_calcs:Aggregation[Consolidated_CR_Exposure_Inputs]"{ModifyModel[cf39040b-afb2-4276-8613-d112d4b8ab45].015fe472-ce70-41e1-9583-ebf524ac86a8:Aggregation[e656b996-3c81-4229-a299-6d0d56226654]}].hierarchy["Aggregation"{e656b996-3c81-4229-a299-6d0d56226654}].dataSource.layout["ovrrd_enm_C34_08_row_allctn"{eb762f53-cb5c-4520-8b10-6e0701b9e4cf}]</property>
														</object>
														<object type="DataModel:fieldReference" version="3">
															<property name="value" valueType="url">DataModel["ModifyModel[CCR_Collateral_SACCR].shared_calcs:Aggregation[Consolidated_CR_Exposure_Inputs]"{ModifyModel[d09def56-ff9a-4069-8bdb-364d0a717683].015fe472-ce70-41e1-9583-ebf524ac86a8:Aggregation[e656b996-3c81-4229-a299-6d0d56226654]}].hierarchy["Aggregation"{e656b996-3c81-4229-a299-6d0d56226654}].dataSource.layout["ovrrd_enm_C34_08_row_allctn"{eb762f53-cb5c-4520-8b10-6e0701b9e4cf}]</property>
														</object>
														<object type="DataModel:fieldReference" version="3">
															<property name="value" valueType="url">DataModel["shared_calcs:Aggregation[Consolidated_CR_Exposure_Inputs]"{015fe472-ce70-41e1-9583-ebf524ac86a8:Aggregation[e656b996-3c81-4229-a299-6d0d56226654]}].hierarchy["Aggregation"{e656b996-3c81-4229-a299-6d0d56226654}].dataSource.layout["ovrrd_enm_C34_08_row_allctn"{eb762f53-cb5c-4520-8b10-6e0701b9e4cf}]</property>
														</object>
														<object type="DataModel:fieldReference" version="3">
															<property name="value" valueType="url">DataModel["ModifyModel[CCR_Collateral_Non_Eligibility].shared_calcs:Aggregation[Consolidated_CR_Exposure_Inputs]"{ModifyModel[ed281be9-32c1-484a-994b-927665bfbdb3].015fe472-ce70-41e1-9583-ebf524ac86a8:Aggregation[e656b996-3c81-4229-a299-6d0d56226654]}].hierarchy["Aggregation"{e656b996-3c81-4229-a299-6d0d56226654}].dataSource.layout["ovrrd_enm_C34_08_row_allctn"{eb762f53-cb5c-4520-8b10-6e0701b9e4cf}]</property>
														</object>
														<object type="DataModel:fieldReference" version="3">
															<property name="value" valueType="url">DataModel["ModifyModel[CCR_Collateral_Others].shared_calcs:Aggregation[Consolidated_CR_Exposure_Inputs]"{ModifyModel[89884d84-361e-4a66-91d2-850a694edd08].015fe472-ce70-41e1-9583-ebf524ac86a8:Aggregation[e656b996-3c81-4229-a299-6d0d56226654]}].hierarchy["Aggregation"{e656b996-3c81-4229-a299-6d0d56226654}].dataSource.layout["ovrrd_enm_C34_08_row_allctn"{eb762f53-cb5c-4520-8b10-6e0701b9e4cf}]</property>
														</object>
													</property>
												</object>
											</property>
											<property name="operation" value="IS" valueType="string"/>
											<property name="expression" valueType="table">
												<object type="SQLExpressionPart" version="2">
													<property name="value" value="NULL" valueType="string"/>
												</object>
											</property>
										</objectNode>
										<objectNode type="Condition:singularConcrete" version="3">
											<property name="field" valueType="object">
												<object type="DataModel:fieldMap" version="3">
													<property name="map" valueType="table">
														<object type="DataModel:fieldReference" version="3">
															<property name="value" valueType="url">DataModel["ModifyModel[CCR_Collateral_MNA].shared_calcs:Aggregation[Consolidated_CR_Exposure_Inputs]"{ModifyModel[cf39040b-afb2-4276-8613-d112d4b8ab45].015fe472-ce70-41e1-9583-ebf524ac86a8:Aggregation[e656b996-3c81-4229-a299-6d0d56226654]}].hierarchy["Aggregation"{e656b996-3c81-4229-a299-6d0d56226654}].dataSource.layout["enm_crm_clss"{7f5d0910-bd3b-4678-9eb6-09f5fe2d8903}]</property>
														</object>
														<object type="DataModel:fieldReference" version="3">
															<property name="value" valueType="url">DataModel["ModifyModel[CCR_Collateral_SACCR].shared_calcs:Aggregation[Consolidated_CR_Exposure_Inputs]"{ModifyModel[d09def56-ff9a-4069-8bdb-364d0a717683].015fe472-ce70-41e1-9583-ebf524ac86a8:Aggregation[e656b996-3c81-4229-a299-6d0d56226654]}].hierarchy["Aggregation"{e656b996-3c81-4229-a299-6d0d56226654}].dataSource.layout["enm_crm_clss"{7f5d0910-bd3b-4678-9eb6-09f5fe2d8903}]</property>
														</object>
														<object type="DataModel:fieldReference" version="3">
															<property name="value" valueType="url">DataModel["shared_calcs:Aggregation[Consolidated_CR_Exposure_Inputs]"{015fe472-ce70-41e1-9583-ebf524ac86a8:Aggregation[e656b996-3c81-4229-a299-6d0d56226654]}].hierarchy["Aggregation"{e656b996-3c81-4229-a299-6d0d56226654}].dataSource.layout["enm_crm_clss"{7f5d0910-bd3b-4678-9eb6-09f5fe2d8903}]</property>
														</object>
														<object type="DataModel:fieldReference" version="3">
															<property name="value" valueType="url">DataModel["ModifyModel[CCR_Collateral_Non_Eligibility].shared_calcs:Aggregation[Consolidated_CR_Exposure_Inputs]"{ModifyModel[ed281be9-32c1-484a-994b-927665bfbdb3].015fe472-ce70-41e1-9583-ebf524ac86a8:Aggregation[e656b996-3c81-4229-a299-6d0d56226654]}].hierarchy["Aggregation"{e656b996-3c81-4229-a299-6d0d56226654}].dataSource.layout["enm_crm_clss"{7f5d0910-bd3b-4678-9eb6-09f5fe2d8903}]</property>
														</object>
														<object type="DataModel:fieldReference" version="3">
															<property name="value" valueType="url">DataModel["ModifyModel[CCR_Collateral_Others].shared_calcs:Aggregation[Consolidated_CR_Exposure_Inputs]"{ModifyModel[89884d84-361e-4a66-91d2-850a694edd08].015fe472-ce70-41e1-9583-ebf524ac86a8:Aggregation[e656b996-3c81-4229-a299-6d0d56226654]}].hierarchy["Aggregation"{e656b996-3c81-4229-a299-6d0d56226654}].dataSource.layout["enm_crm_clss"{7f5d0910-bd3b-4678-9eb6-09f5fe2d8903}]</property>
														</object>
													</property>
												</object>
											</property>
											<property name="operation" value="=" valueType="string"/>
											<property name="value" value="CASH" valueType="string"/>
										</objectNode>
									</children>
								</objectNode>
							</children>
						</objectNode>
					</children>
				</objectNode>
			</property>
		</object>
		<object type="Shorthand:modelCondition" version="2">
			<property name="name" value="fccm_unused" valueType="string"/>
			<property name="models" valueType="table">
				<object type="DataModel:reference" version="3">
					<property name="value" valueType="url">DataModel["ModifyModel[CCR_Collateral_FCCM_Unused].Aggregation[Collated_Credit_Risk_Mitigations]"{ModifyModel[dfe6c69b-0413-45ec-b7b5-2a03fc975dc6].Aggregation[8aa8ab36-d8fd-4925-a401-5706da489f90]}]</property>
				</object>
				<object type="DataModel:reference" version="3">
					<property name="value" valueType="url">DataModel["ModifyModel[CCR_Collateral_RC].Aggregation[SACCR_Collateral_Total_Allocated]"{ModifyModel[01080b50-0a5a-4869-8e3b-b7d714afe75b].Aggregation[0e7a3feb-56ef-41a3-9af3-6430799a5667]}]</property>
				</object>
				<object type="DataModel:reference" version="3">
					<property name="value" valueType="url">DataModel["ModifyModel[CCR_Collateral_PFE].Aggregation[SACCR_Collateral_Total_Allocated]"{ModifyModel[714c5ade-e397-474f-92f6-1c860127ed9e].Aggregation[0e7a3feb-56ef-41a3-9af3-6430799a5667]}]</property>
				</object>
				<object type="DataModel:reference" version="3">
					<property name="value" valueType="url">DataModel["ModifyModel[CCR_Collateral_FCCM_Totally_Unused].Computation[CRM_LP_Solver].fccm_clltrl_not_used"{ModifyModel[3c90eded-9453-4099-9a52-63aedce4e1ae].Computation[a68b3618-d39c-4f43-9b60-5bc48a4c449d].0ca6b155-7177-4269-a214-692fd6ac0cf7}]</property>
				</object>
			</property>
			<property name="condition" valueType="tree">
				<objectNode type="Condition" version="3">
					<property name="isNegated" value="false" valueType="boolean"/>
					<property name="groupingOperator" value="AND" valueType="string"/>
					<children>
						<objectNode type="Condition:singularConcrete" version="3">
							<property name="field" valueType="object">
								<object type="DataModel:fieldMap" version="3">
									<property name="map" valueType="table">
										<object type="DataModel:fieldReference" version="3">
											<property name="value" valueType="url">DataModel["ModifyModel[CCR_Collateral_FCCM_Unused].Aggregation[Collated_Credit_Risk_Mitigations]"{ModifyModel[dfe6c69b-0413-45ec-b7b5-2a03fc975dc6].Aggregation[8aa8ab36-d8fd-4925-a401-5706da489f90]}].hierarchy["inputs"{4d514721-79d9-4e3d-aeb4-361e9a4b44b6}].dataSource.layout["clltrl_dmstc_ccy_ind"{d570936c-9510-48a2-86cc-ce8f7eb445cf}]</property>
										</object>
										<object type="DataModel:fieldReference" version="3">
											<property name="value" valueType="url">DataModel["ModifyModel[CCR_Collateral_RC].Aggregation[SACCR_Collateral_Total_Allocated]"{ModifyModel[01080b50-0a5a-4869-8e3b-b7d714afe75b].Aggregation[0e7a3feb-56ef-41a3-9af3-6430799a5667]}].hierarchy["inputs"{8c872fd0-2941-40fe-a272-fdf2ee55b4b1}].dataSource.layout["clltrl_dmstc_ccy_ind"{d570936c-9510-48a2-86cc-ce8f7eb445cf}]</property>
										</object>
										<object type="DataModel:fieldReference" version="3">
											<property name="value" valueType="url">DataModel["ModifyModel[CCR_Collateral_PFE].Aggregation[SACCR_Collateral_Total_Allocated]"{ModifyModel[714c5ade-e397-474f-92f6-1c860127ed9e].Aggregation[0e7a3feb-56ef-41a3-9af3-6430799a5667]}].hierarchy["inputs"{8c872fd0-2941-40fe-a272-fdf2ee55b4b1}].dataSource.layout["clltrl_dmstc_ccy_ind"{d570936c-9510-48a2-86cc-ce8f7eb445cf}]</property>
										</object>
										<object type="DataModel:fieldReference" version="3">
											<property name="value" valueType="url">DataModel["ModifyModel[CCR_Collateral_FCCM_Totally_Unused].Computation[CRM_LP_Solver].fccm_clltrl_not_used"{ModifyModel[3c90eded-9453-4099-9a52-63aedce4e1ae].Computation[a68b3618-d39c-4f43-9b60-5bc48a4c449d].0ca6b155-7177-4269-a214-692fd6ac0cf7}].hierarchy["inputs"{2760dc6e-337e-43b1-9db7-977779b49d9d}].dataSource.layout["clltrl_dmstc_ccy_ind"{d570936c-9510-48a2-86cc-ce8f7eb445cf}]</property>
										</object>
									</property>
								</object>
							</property>
							<property name="operation" value="=" valueType="string"/>
							<property name="value" value="N" valueType="string"/>
						</objectNode>
						<objectNode type="Condition" version="3">
							<property name="isNegated" value="false" valueType="boolean"/>
							<property name="groupingOperator" value="OR" valueType="string"/>
							<children>
								<objectNode type="Condition:singularConcrete" version="3">
									<property name="field" valueType="object">
										<object type="DataModel:fieldMap" version="3">
											<property name="map" valueType="table">
												<object type="DataModel:fieldReference" version="3">
													<property name="value" valueType="url">DataModel["ModifyModel[CCR_Collateral_FCCM_Unused].Aggregation[Collated_Credit_Risk_Mitigations]"{ModifyModel[dfe6c69b-0413-45ec-b7b5-2a03fc975dc6].Aggregation[8aa8ab36-d8fd-4925-a401-5706da489f90]}].hierarchy["inputs"{4d514721-79d9-4e3d-aeb4-361e9a4b44b6}].dataSource.layout["ovrrd_enm_C34_08_row_allctn"{eb762f53-cb5c-4520-8b10-6e0701b9e4cf}]</property>
												</object>
												<object type="DataModel:fieldReference" version="3">
													<property name="value" valueType="url">DataModel["ModifyModel[CCR_Collateral_RC].Aggregation[SACCR_Collateral_Total_Allocated]"{ModifyModel[01080b50-0a5a-4869-8e3b-b7d714afe75b].Aggregation[0e7a3feb-56ef-41a3-9af3-6430799a5667]}].hierarchy["inputs"{8c872fd0-2941-40fe-a272-fdf2ee55b4b1}].dataSource.layout["ovrrd_enm_C34_08_row_allctn"{eb762f53-cb5c-4520-8b10-6e0701b9e4cf}]</property>
												</object>
												<object type="DataModel:fieldReference" version="3">
													<property name="value" valueType="url">DataModel["ModifyModel[CCR_Collateral_PFE].Aggregation[SACCR_Collateral_Total_Allocated]"{ModifyModel[714c5ade-e397-474f-92f6-1c860127ed9e].Aggregation[0e7a3feb-56ef-41a3-9af3-6430799a5667]}].hierarchy["inputs"{8c872fd0-2941-40fe-a272-fdf2ee55b4b1}].dataSource.layout["ovrrd_enm_C34_08_row_allctn"{eb762f53-cb5c-4520-8b10-6e0701b9e4cf}]</property>
												</object>
												<object type="DataModel:fieldReference" version="3">
													<property name="value" valueType="url">DataModel["ModifyModel[CCR_Collateral_FCCM_Totally_Unused].Computation[CRM_LP_Solver].fccm_clltrl_not_used"{ModifyModel[3c90eded-9453-4099-9a52-63aedce4e1ae].Computation[a68b3618-d39c-4f43-9b60-5bc48a4c449d].0ca6b155-7177-4269-a214-692fd6ac0cf7}].hierarchy["inputs"{2760dc6e-337e-43b1-9db7-977779b49d9d}].dataSource.layout["ovrrd_enm_C34_08_row_allctn"{eb762f53-cb5c-4520-8b10-6e0701b9e4cf}]</property>
												</object>
											</property>
										</object>
									</property>
									<property name="operation" value="=" valueType="string"/>
									<property name="value" value="CASH" valueType="string"/>
								</objectNode>
								<objectNode type="Condition" version="3">
									<property name="isNegated" value="false" valueType="boolean"/>
									<property name="groupingOperator" value="AND" valueType="string"/>
									<children>
										<objectNode type="Condition:singularExpression" version="3">
											<property name="field" valueType="object">
												<object type="DataModel:fieldMap" version="3">
													<property name="map" valueType="table">
														<object type="DataModel:fieldReference" version="3">
															<property name="value" valueType="url">DataModel["ModifyModel[CCR_Collateral_FCCM_Unused].Aggregation[Collated_Credit_Risk_Mitigations]"{ModifyModel[dfe6c69b-0413-45ec-b7b5-2a03fc975dc6].Aggregation[8aa8ab36-d8fd-4925-a401-5706da489f90]}].hierarchy["inputs"{4d514721-79d9-4e3d-aeb4-361e9a4b44b6}].dataSource.layout["ovrrd_enm_C34_08_row_allctn"{eb762f53-cb5c-4520-8b10-6e0701b9e4cf}]</property>
														</object>
														<object type="DataModel:fieldReference" version="3">
															<property name="value" valueType="url">DataModel["ModifyModel[CCR_Collateral_RC].Aggregation[SACCR_Collateral_Total_Allocated]"{ModifyModel[01080b50-0a5a-4869-8e3b-b7d714afe75b].Aggregation[0e7a3feb-56ef-41a3-9af3-6430799a5667]}].hierarchy["inputs"{8c872fd0-2941-40fe-a272-fdf2ee55b4b1}].dataSource.layout["ovrrd_enm_C34_08_row_allctn"{eb762f53-cb5c-4520-8b10-6e0701b9e4cf}]</property>
														</object>
														<object type="DataModel:fieldReference" version="3">
															<property name="value" valueType="url">DataModel["ModifyModel[CCR_Collateral_PFE].Aggregation[SACCR_Collateral_Total_Allocated]"{ModifyModel[714c5ade-e397-474f-92f6-1c860127ed9e].Aggregation[0e7a3feb-56ef-41a3-9af3-6430799a5667]}].hierarchy["inputs"{8c872fd0-2941-40fe-a272-fdf2ee55b4b1}].dataSource.layout["ovrrd_enm_C34_08_row_allctn"{eb762f53-cb5c-4520-8b10-6e0701b9e4cf}]</property>
														</object>
														<object type="DataModel:fieldReference" version="3">
															<property name="value" valueType="url">DataModel["ModifyModel[CCR_Collateral_FCCM_Totally_Unused].Computation[CRM_LP_Solver].fccm_clltrl_not_used"{ModifyModel[3c90eded-9453-4099-9a52-63aedce4e1ae].Computation[a68b3618-d39c-4f43-9b60-5bc48a4c449d].0ca6b155-7177-4269-a214-692fd6ac0cf7}].hierarchy["inputs"{2760dc6e-337e-43b1-9db7-977779b49d9d}].dataSource.layout["ovrrd_enm_C34_08_row_allctn"{eb762f53-cb5c-4520-8b10-6e0701b9e4cf}]</property>
														</object>
													</property>
												</object>
											</property>
											<property name="operation" value="IS" valueType="string"/>
											<property name="expression" valueType="table">
												<object type="SQLExpressionPart" version="2">
													<property name="value" value="NULL" valueType="string"/>
												</object>
											</property>
										</objectNode>
										<objectNode type="Condition:singularConcrete" version="3">
											<property name="field" valueType="object">
												<object type="DataModel:fieldMap" version="3">
													<property name="map" valueType="table">
														<object type="DataModel:fieldReference" version="3">
															<property name="value" valueType="url">DataModel["ModifyModel[CCR_Collateral_FCCM_Unused].Aggregation[Collated_Credit_Risk_Mitigations]"{ModifyModel[dfe6c69b-0413-45ec-b7b5-2a03fc975dc6].Aggregation[8aa8ab36-d8fd-4925-a401-5706da489f90]}].hierarchy["inputs"{4d514721-79d9-4e3d-aeb4-361e9a4b44b6}].dataSource.layout["enm_crm_clss"{7f5d0910-bd3b-4678-9eb6-09f5fe2d8903}]</property>
														</object>
														<object type="DataModel:fieldReference" version="3">
															<property name="value" valueType="url">DataModel["ModifyModel[CCR_Collateral_RC].Aggregation[SACCR_Collateral_Total_Allocated]"{ModifyModel[01080b50-0a5a-4869-8e3b-b7d714afe75b].Aggregation[0e7a3feb-56ef-41a3-9af3-6430799a5667]}].hierarchy["inputs"{8c872fd0-2941-40fe-a272-fdf2ee55b4b1}].dataSource.layout["enm_crm_clss"{7f5d0910-bd3b-4678-9eb6-09f5fe2d8903}]</property>
														</object>
														<object type="DataModel:fieldReference" version="3">
															<property name="value" valueType="url">DataModel["ModifyModel[CCR_Collateral_PFE].Aggregation[SACCR_Collateral_Total_Allocated]"{ModifyModel[714c5ade-e397-474f-92f6-1c860127ed9e].Aggregation[0e7a3feb-56ef-41a3-9af3-6430799a5667]}].hierarchy["inputs"{8c872fd0-2941-40fe-a272-fdf2ee55b4b1}].dataSource.layout["enm_crm_clss"{7f5d0910-bd3b-4678-9eb6-09f5fe2d8903}]</property>
														</object>
														<object type="DataModel:fieldReference" version="3">
															<property name="value" valueType="url">DataModel["ModifyModel[CCR_Collateral_FCCM_Totally_Unused].Computation[CRM_LP_Solver].fccm_clltrl_not_used"{ModifyModel[3c90eded-9453-4099-9a52-63aedce4e1ae].Computation[a68b3618-d39c-4f43-9b60-5bc48a4c449d].0ca6b155-7177-4269-a214-692fd6ac0cf7}].hierarchy["inputs"{2760dc6e-337e-43b1-9db7-977779b49d9d}].dataSource.layout["enm_crm_clss"{7f5d0910-bd3b-4678-9eb6-09f5fe2d8903}]</property>
														</object>
													</property>
												</object>
											</property>
											<property name="operation" value="=" valueType="string"/>
											<property name="value" value="CASH" valueType="string"/>
										</objectNode>
									</children>
								</objectNode>
							</children>
						</objectNode>
					</children>
				</objectNode>
			</property>
		</object>
	</property>
</object>