<object stamp="2d6c3aa1-2c07-49cd-a40e-6328a5f255e1_1684343258551" type="Shorthand" version="6">
	<property name="name" value="EU_SACCR_PreProcess_CR_EQ_C34_03" valueType="string"/>
	<property name="description" value="" valueType="string"/>
	<property name="objectId" value="d87c1bd6-5530-4e00-93dc-57ca84af5c74" valueType="string"/>
	<property name="branchId" value="44f98cc4-3c7c-41c3-8daa-5b9828f45d7a" valueType="string"/>
	<property name="models" valueType="table">
		<object type="DataModel:reference" version="3">
			<property name="value" valueType="url">DataModel["Aggregation[EU_SACCR_PreProcess_MRD_C34_03]"{Aggregation[f0c37030-a439-4422-b3ca-a9a8061424c8]}]</property>
		</object>
		<object type="DataModel:reference" version="3">
			<property name="value" valueType="url">DataModel["ModifyModel[EU_SACCR_PreProcess3_Non_MRD].Aggregation[EU_Consolidated_SACCR_Positions]"{ModifyModel[c37bbf93-48f2-48b1-b9a2-4c151848b3fd].Aggregation[1fdff296-3bfe-4ce5-b045-abcf5678ea1a]}]</property>
		</object>
	</property>
	<property name="condition" valueType="tree">
		<objectNode type="Condition" version="3">
			<property name="isNegated" value="false" valueType="boolean"/>
			<property name="groupingOperator" value="AND" valueType="string"/>
		</objectNode>
	</property>
	<property name="modelConditionOverrides" valueType="table">
		<object type="Shorthand:modelCondition" version="2">
			<property name="name" value="mrd" valueType="string"/>
			<property name="models" valueType="table">
				<object type="DataModel:reference" version="3">
					<property name="value" valueType="url">DataModel["Aggregation[EU_SACCR_PreProcess_MRD_C34_03]"{Aggregation[f0c37030-a439-4422-b3ca-a9a8061424c8]}]</property>
				</object>
			</property>
			<property name="condition" valueType="tree">
				<objectNode type="Condition" version="3">
					<property name="isNegated" value="false" valueType="boolean"/>
					<property name="groupingOperator" value="AND" valueType="string"/>
					<children>
						<objectNode type="Condition:singularConcrete" version="3">
							<property name="field" valueType="object">
								<object type="DataModel:fieldMap" version="3">
									<property name="map" valueType="table">
										<object type="DataModel:fieldReference" version="3">
											<property name="value" valueType="url">DataModel["Aggregation[EU_SACCR_PreProcess_MRD_C34_03]"{Aggregation[f0c37030-a439-4422-b3ca-a9a8061424c8]}].hierarchy["Aggregation"{f0c37030-a439-4422-b3ca-a9a8061424c8}].dataSource.layout["enm_rsk_catgry_nmbr"{cb5c7380-a77b-4e39-9df1-42b210374b3d}]</property>
										</object>
									</property>
								</object>
							</property>
							<property name="operation" value="=" valueType="string"/>
							<property name="value" value="1" valueType="string"/>
						</objectNode>
						<objectNode type="Condition:list" version="3">
							<property name="field" valueType="object">
								<object type="DataModel:fieldMap" version="3">
									<property name="map" valueType="table">
										<object type="DataModel:fieldReference" version="3">
											<property name="value" valueType="url">DataModel["Aggregation[EU_SACCR_PreProcess_MRD_C34_03]"{Aggregation[f0c37030-a439-4422-b3ca-a9a8061424c8]}].hierarchy["Aggregation"{f0c37030-a439-4422-b3ca-a9a8061424c8}].dataSource.layout["enm_saccr_asst_clss"{ebe0a3f3-a0d2-494e-81b3-a63272c976f8}]</property>
										</object>
									</property>
								</object>
							</property>
							<property name="operation" value="IN" valueType="string"/>
							<property name="values" valueType="table">
								<object type="Condition:list:value" version="3">
									<property name="value" value="EQUITY_SINGLE_NAME" valueType="string"/>
								</object>
								<object type="Condition:list:value" version="3">
									<property name="value" value="EQUITY_INDEX" valueType="string"/>
								</object>
								<object type="Condition:list:value" version="3">
									<property name="value" value="CREDIT_SINGLE_NAME" valueType="string"/>
								</object>
								<object type="Condition:list:value" version="3">
									<property name="value" value="CREDIT_INDEX" valueType="string"/>
								</object>
							</property>
						</objectNode>
					</children>
				</objectNode>
			</property>
		</object>
		<object type="Shorthand:modelCondition" version="2">
			<property name="name" value="non_mrd" valueType="string"/>
			<property name="models" valueType="table">
				<object type="DataModel:reference" version="3">
					<property name="value" valueType="url">DataModel["ModifyModel[EU_SACCR_PreProcess3_Non_MRD].Aggregation[EU_Consolidated_SACCR_Positions]"{ModifyModel[c37bbf93-48f2-48b1-b9a2-4c151848b3fd].Aggregation[1fdff296-3bfe-4ce5-b045-abcf5678ea1a]}]</property>
				</object>
			</property>
			<property name="condition" valueType="tree">
				<objectNode type="Condition" version="3">
					<property name="isNegated" value="false" valueType="boolean"/>
					<property name="groupingOperator" value="AND" valueType="string"/>
					<children>
						<objectNode type="Condition:freehandExpression" version="3">
							<property name="expression" valueType="table">
								<object type="SQLExpressionPart" version="2">
									<property name="value" value="(" valueType="string"/>
								</object>
								<object type="SQLPattern" version="3">
									<property name="name" value="isNull" valueType="string"/>
									<property name="parameters" valueType="table">
										<object type="SQLPattern:parameter" version="3">
											<property name="expressions" valueType="table">
												<object type="DataModel:fieldMap" version="3">
													<property name="map" valueType="table">
														<object type="DataModel:fieldReference" version="3">
															<property name="value" valueType="url">DataModel["ModifyModel[EU_SACCR_PreProcess3_Non_MRD].Aggregation[EU_Consolidated_SACCR_Positions]"{ModifyModel[c37bbf93-48f2-48b1-b9a2-4c151848b3fd].Aggregation[1fdff296-3bfe-4ce5-b045-abcf5678ea1a]}].hierarchy["Aggregation"{1fdff296-3bfe-4ce5-b045-abcf5678ea1a}].dataSource.layout["ovrrd_enm_rsk_ctgry_nmbr"{8ce3e22c-7c73-4e64-a30e-cf276fda50b0}]</property>
														</object>
													</property>
												</object>
											</property>
										</object>
										<object type="SQLPattern:parameter" version="3">
											<property name="expressions" valueType="table">
												<object type="SQLPattern" version="3">
													<property name="name" value="isNull" valueType="string"/>
													<property name="parameters" valueType="table">
														<object type="SQLPattern:parameter" version="3">
															<property name="expressions" valueType="table">
																<object type="DataModel:fieldMap" version="3">
																	<property name="map" valueType="table">
																		<object type="DataModel:fieldReference" version="3">
																			<property name="value" valueType="url">DataModel["ModifyModel[EU_SACCR_PreProcess3_Non_MRD].Aggregation[EU_Consolidated_SACCR_Positions]"{ModifyModel[c37bbf93-48f2-48b1-b9a2-4c151848b3fd].Aggregation[1fdff296-3bfe-4ce5-b045-abcf5678ea1a]}].hierarchy["risk_category_number"{821045ec-f6ac-4617-9148-36ef877ecbd2}].dataSource.layout["enm_rsk_catgry_nmbr"{26833fa7-932e-431e-bd7d-8b91a5560ce7}]</property>
																		</object>
																	</property>
																</object>
															</property>
														</object>
														<object type="SQLPattern:parameter" version="3">
															<property name="expressions" valueType="table">
																<object type="SQLExpressionPart" version="2">
																	<property name="value" value="1" valueType="string"/>
																</object>
															</property>
														</object>
													</property>
												</object>
											</property>
										</object>
									</property>
								</object>
								<object type="SQLExpressionPart" version="2">
									<property name="value" value=") = 1" valueType="string"/>
								</object>
							</property>
						</objectNode>
						<objectNode type="Condition:list" version="3">
							<property name="field" valueType="object">
								<object type="DataModel:fieldMap" version="3">
									<property name="map" valueType="table">
										<object type="DataModel:fieldReference" version="3">
											<property name="value" valueType="url">DataModel["ModifyModel[EU_SACCR_PreProcess3_Non_MRD].Aggregation[EU_Consolidated_SACCR_Positions]"{ModifyModel[c37bbf93-48f2-48b1-b9a2-4c151848b3fd].Aggregation[1fdff296-3bfe-4ce5-b045-abcf5678ea1a]}].hierarchy["Aggregation"{1fdff296-3bfe-4ce5-b045-abcf5678ea1a}].dataSource.layout["enm_saccr_asst_clss"{ac505d87-b275-4bc3-8e0a-293b0094bc48}]</property>
										</object>
									</property>
								</object>
							</property>
							<property name="operation" value="IN" valueType="string"/>
							<property name="values" valueType="table">
								<object type="Condition:list:value" version="3">
									<property name="value" value="EQUITY_SINGLE_NAME" valueType="string"/>
								</object>
								<object type="Condition:list:value" version="3">
									<property name="value" value="EQUITY_INDEX" valueType="string"/>
								</object>
								<object type="Condition:list:value" version="3">
									<property name="value" value="CREDIT_SINGLE_NAME" valueType="string"/>
								</object>
								<object type="Condition:list:value" version="3">
									<property name="value" value="CREDIT_INDEX" valueType="string"/>
								</object>
							</property>
						</objectNode>
					</children>
				</objectNode>
			</property>
		</object>
	</property>
</object>