<object stamp="bf3f45da-44fa-46d3-bed7-fe96b2efb6cc_1706123509247" type="Shorthand" version="6">
	<property name="name" value="EU_SACCR_Addon_Sys_Comm" valueType="string"/>
	<property name="description" value="" valueType="string"/>
	<property name="objectId" value="2a216c08-df6b-4712-b352-0c3776bc2bcd" valueType="string"/>
	<property name="branchId" value="44f98cc4-3c7c-41c3-8daa-5b9828f45d7a" valueType="string"/>
	<property name="models" valueType="table">
		<object type="DataModel:reference" version="3">
			<property name="value" valueType="url">DataModel["ModifyModel[EU_SACCR_Addon_Calculation].Aggregation[EU_Consolidated_SACCR_Positions]"{ModifyModel[9c04043f-7901-45ff-933f-2ce6a6b6ae70].Aggregation[1fdff296-3bfe-4ce5-b045-abcf5678ea1a]}]</property>
		</object>
		<object type="DataModel:reference" version="3">
			<property name="value" valueType="url">DataModel["ModifyModel[EU_SACCR_Addon_Calculation_MRD].Aggregation[EU_SACCR_Consolidated_MRD_Inputs]"{ModifyModel[3516833f-5c17-46a8-ab49-cc931e0f434c].Aggregation[9cddecd8-ba28-4175-9cc5-6fcdd30dbc72]}]</property>
		</object>
	</property>
	<property name="condition" valueType="tree">
		<objectNode type="Condition" version="3">
			<property name="isNegated" value="false" valueType="boolean"/>
			<property name="groupingOperator" value="AND" valueType="string"/>
		</objectNode>
	</property>
	<property name="modelConditionOverrides" valueType="table">
		<object type="Shorthand:modelCondition" version="2">
			<property name="name" value="non_mrd" valueType="string"/>
			<property name="models" valueType="table">
				<object type="DataModel:reference" version="3">
					<property name="value" valueType="url">DataModel["ModifyModel[EU_SACCR_Addon_Calculation].Aggregation[EU_Consolidated_SACCR_Positions]"{ModifyModel[9c04043f-7901-45ff-933f-2ce6a6b6ae70].Aggregation[1fdff296-3bfe-4ce5-b045-abcf5678ea1a]}]</property>
				</object>
			</property>
			<property name="condition" valueType="tree">
				<objectNode type="Condition" version="3">
					<property name="isNegated" value="false" valueType="boolean"/>
					<property name="groupingOperator" value="AND" valueType="string"/>
					<children>
						<objectNode type="Condition:singularConcrete" version="3">
							<property name="field" valueType="object">
								<object type="DataModel:fieldMap" version="3">
									<property name="map" valueType="table">
										<object type="DataModel:fieldReference" version="3">
											<property name="value" valueType="url">DataModel["ModifyModel[EU_SACCR_Addon_Calculation].Aggregation[EU_Consolidated_SACCR_Positions]"{ModifyModel[9c04043f-7901-45ff-933f-2ce6a6b6ae70].Aggregation[1fdff296-3bfe-4ce5-b045-abcf5678ea1a]}].hierarchy["Aggregation"{1fdff296-3bfe-4ce5-b045-abcf5678ea1a}].dataSource.layout["enm_saccr_asst_clss"{ac505d87-b275-4bc3-8e0a-293b0094bc48}]</property>
										</object>
									</property>
								</object>
							</property>
							<property name="operation" value="=" valueType="string"/>
							<property name="value" value="COMMODITY" valueType="string"/>
						</objectNode>
						<objectNode type="Condition:freehandExpression" version="3">
							<property name="expression" valueType="table">
								<object type="SQLPattern" version="3">
									<property name="name" value="isNull" valueType="string"/>
									<property name="parameters" valueType="table">
										<object type="SQLPattern:parameter" version="3">
											<property name="expressions" valueType="table">
												<object type="DataModel:fieldMap" version="3">
													<property name="map" valueType="table">
														<object type="DataModel:fieldReference" version="3">
															<property name="value" valueType="url">DataModel["ModifyModel[EU_SACCR_Addon_Calculation].Aggregation[EU_Consolidated_SACCR_Positions]"{ModifyModel[9c04043f-7901-45ff-933f-2ce6a6b6ae70].Aggregation[1fdff296-3bfe-4ce5-b045-abcf5678ea1a]}].hierarchy["Aggregation"{1fdff296-3bfe-4ce5-b045-abcf5678ea1a}].dataSource.layout["id_nttng_agrmnt"{45aed8d7-00f0-404d-9af1-5a2720a2f585}]</property>
														</object>
													</property>
												</object>
											</property>
										</object>
										<object type="SQLPattern:parameter" version="3">
											<property name="expressions" valueType="table">
												<object type="SQLExpressionPart" version="2">
													<property name="value" value="''" valueType="string"/>
												</object>
											</property>
										</object>
									</property>
								</object>
								<object type="SQLExpressionPart" version="2">
									<property name="value" value=" != ''" valueType="string"/>
								</object>
							</property>
						</objectNode>
						<objectNode type="Condition:freehandExpression" version="3">
							<property name="expression" valueType="table">
								<object type="SQLPattern" version="3">
									<property name="name" value="isNull" valueType="string"/>
									<property name="parameters" valueType="table">
										<object type="SQLPattern:parameter" version="3">
											<property name="expressions" valueType="table">
												<object type="DataModel:fieldMap" version="3">
													<property name="map" valueType="table">
														<object type="DataModel:fieldReference" version="3">
															<property name="value" valueType="url">DataModel["ModifyModel[EU_SACCR_Addon_Calculation].Aggregation[EU_Consolidated_SACCR_Positions]"{ModifyModel[9c04043f-7901-45ff-933f-2ce6a6b6ae70].Aggregation[1fdff296-3bfe-4ce5-b045-abcf5678ea1a]}].hierarchy["Aggregation"{1fdff296-3bfe-4ce5-b045-abcf5678ea1a}].dataSource.layout["id_saccr_ntnl_grp"{5609c46c-33fc-48e0-8be4-b8c4fcfa8aaa}]</property>
														</object>
													</property>
												</object>
											</property>
										</object>
										<object type="SQLPattern:parameter" version="3">
											<property name="expressions" valueType="table">
												<object type="SQLExpressionPart" version="2">
													<property name="value" value="''" valueType="string"/>
												</object>
											</property>
										</object>
									</property>
								</object>
								<object type="SQLExpressionPart" version="2">
									<property name="value" value=" != ''" valueType="string"/>
								</object>
							</property>
						</objectNode>
						<objectNode type="Condition:singularConcrete" version="3">
							<property name="field" valueType="object">
								<object type="DataModel:fieldMap" version="3">
									<property name="map" valueType="table">
										<object type="DataModel:fieldReference" version="3">
											<property name="value" valueType="url">DataModel["ModifyModel[EU_SACCR_Addon_Calculation].Aggregation[EU_Consolidated_SACCR_Positions]"{ModifyModel[9c04043f-7901-45ff-933f-2ce6a6b6ae70].Aggregation[1fdff296-3bfe-4ce5-b045-abcf5678ea1a]}].hierarchy["Aggregation"{1fdff296-3bfe-4ce5-b045-abcf5678ea1a}].dataSource.layout["mlt_rsk_drvr_trd_ind"{89a09d22-1d09-4875-bb66-647aa1c59b1a}]</property>
										</object>
									</property>
								</object>
							</property>
							<property name="operation" value="=" valueType="string"/>
							<property name="value" value="N" valueType="string"/>
						</objectNode>
					</children>
				</objectNode>
			</property>
		</object>
		<object type="Shorthand:modelCondition" version="2">
			<property name="name" value="mrd" valueType="string"/>
			<property name="models" valueType="table">
				<object type="DataModel:reference" version="3">
					<property name="value" valueType="url">DataModel["ModifyModel[EU_SACCR_Addon_Calculation_MRD].Aggregation[EU_SACCR_Consolidated_MRD_Inputs]"{ModifyModel[3516833f-5c17-46a8-ab49-cc931e0f434c].Aggregation[9cddecd8-ba28-4175-9cc5-6fcdd30dbc72]}]</property>
				</object>
			</property>
			<property name="condition" valueType="tree">
				<objectNode type="Condition" version="3">
					<property name="isNegated" value="false" valueType="boolean"/>
					<property name="groupingOperator" value="AND" valueType="string"/>
					<children>
						<objectNode type="Condition:singularConcrete" version="3">
							<property name="field" valueType="object">
								<object type="DataModel:fieldMap" version="3">
									<property name="map" valueType="table">
										<object type="DataModel:fieldReference" version="3">
											<property name="value" valueType="url">DataModel["ModifyModel[EU_SACCR_Addon_Calculation_MRD].Aggregation[EU_SACCR_Consolidated_MRD_Inputs]"{ModifyModel[3516833f-5c17-46a8-ab49-cc931e0f434c].Aggregation[9cddecd8-ba28-4175-9cc5-6fcdd30dbc72]}].hierarchy["Aggregation"{9cddecd8-ba28-4175-9cc5-6fcdd30dbc72}].dataSource.layout["enm_saccr_asst_clss"{c6882350-4576-49ae-b300-c4e45ca66df5}]</property>
										</object>
									</property>
								</object>
							</property>
							<property name="operation" value="=" valueType="string"/>
							<property name="value" value="COMMODITY" valueType="string"/>
						</objectNode>
						<objectNode type="Condition:freehandExpression" version="3">
							<property name="expression" valueType="table">
								<object type="SQLPattern" version="3">
									<property name="name" value="isNull" valueType="string"/>
									<property name="parameters" valueType="table">
										<object type="SQLPattern:parameter" version="3">
											<property name="expressions" valueType="table">
												<object type="DataModel:fieldMap" version="3">
													<property name="map" valueType="table">
														<object type="DataModel:fieldReference" version="3">
															<property name="value" valueType="url">DataModel["ModifyModel[EU_SACCR_Addon_Calculation_MRD].Aggregation[EU_SACCR_Consolidated_MRD_Inputs]"{ModifyModel[3516833f-5c17-46a8-ab49-cc931e0f434c].Aggregation[9cddecd8-ba28-4175-9cc5-6fcdd30dbc72]}].hierarchy["saccr_consol"{6b15d2cc-4a2c-4591-8e45-83932044e340}].dataSource.layout["id_nttng_agrmnt"{45aed8d7-00f0-404d-9af1-5a2720a2f585}]</property>
														</object>
													</property>
												</object>
											</property>
										</object>
										<object type="SQLPattern:parameter" version="3">
											<property name="expressions" valueType="table">
												<object type="SQLExpressionPart" version="2">
													<property name="value" value="''" valueType="string"/>
												</object>
											</property>
										</object>
									</property>
								</object>
								<object type="SQLExpressionPart" version="2">
									<property name="value" value=" != ''" valueType="string"/>
								</object>
							</property>
						</objectNode>
						<objectNode type="Condition:freehandExpression" version="3">
							<property name="expression" valueType="table">
								<object type="SQLPattern" version="3">
									<property name="name" value="isNull" valueType="string"/>
									<property name="parameters" valueType="table">
										<object type="SQLPattern:parameter" version="3">
											<property name="expressions" valueType="table">
												<object type="DataModel:fieldMap" version="3">
													<property name="map" valueType="table">
														<object type="DataModel:fieldReference" version="3">
															<property name="value" valueType="url">DataModel["ModifyModel[EU_SACCR_Addon_Calculation_MRD].Aggregation[EU_SACCR_Consolidated_MRD_Inputs]"{ModifyModel[3516833f-5c17-46a8-ab49-cc931e0f434c].Aggregation[9cddecd8-ba28-4175-9cc5-6fcdd30dbc72]}].hierarchy["Aggregation"{9cddecd8-ba28-4175-9cc5-6fcdd30dbc72}].dataSource.layout["id_saccr_ntnl_grp"{49df0be1-958c-4216-bc18-37f227cd5939}]</property>
														</object>
													</property>
												</object>
											</property>
										</object>
										<object type="SQLPattern:parameter" version="3">
											<property name="expressions" valueType="table">
												<object type="SQLExpressionPart" version="2">
													<property name="value" value="''" valueType="string"/>
												</object>
											</property>
										</object>
									</property>
								</object>
								<object type="SQLExpressionPart" version="2">
									<property name="value" value=" != ''" valueType="string"/>
								</object>
							</property>
						</objectNode>
					</children>
				</objectNode>
			</property>
		</object>
	</property>
</object>