<object stamp="6bf1a184-3f2a-4bd7-a9c4-ce0646e15229_1723567251462" type="Aggregation" version="12">
	<property name="name" value="BA_CVA_CParty_Level_Pre" valueType="string"/>
	<property name="description" value="Standalone BA CVA for Counterparty based on Alpha" valueType="string"/>
	<property name="objectId" value="6f413a53-e689-4f26-bc34-c2847a3e01b8" valueType="string"/>
	<property name="branchId" value="fb18ae3e-901e-4791-a902-9192a922978e" valueType="string"/>
	<property name="comment" value="EU Art. 384(2) CRR UK Paragraph 4.3 Credit Valuation Adjustment Risk Standalone CVA calculated for per counterparty (SCVAc)" valueType="string"/>
	<property name="models" valueType="table">
		<object type="ModelBasedTask:modelEntry" version="3">
			<property name="dataModel" valueType="url">DataModel["Aggregation[BA_CVA_EAD_Netting_Agreement_Level]"{Aggregation[94f10c74-e2ba-4945-8f01-8321f11cea12]}]</property>
			<property name="instanceSelectionRule" valueType="object">
				<object type="InstanceSelectionRule" version="3">
					<property name="instanceDateRule" valueType="object">
						<object type="InstanceSelectionRule:rule" version="3">
							<property name="type" value="EQUAL" valueType="string"/>
						</object>
					</property>
					<property name="instanceKeyRules" valueType="table"/>
				</object>
			</property>
		</object>
		<object type="ModelBasedTask:modelEntry" version="3">
			<property name="dataModel" valueType="url">DataModel["Aggregation[BA_CVA_EAD_Non_Netting_Agreement_Level]"{Aggregation[adfc4b61-19a9-486f-9d5e-f2301a47f3c6]}]</property>
			<property name="instanceSelectionRule" valueType="object">
				<object type="InstanceSelectionRule" version="3">
					<property name="instanceDateRule" valueType="object">
						<object type="InstanceSelectionRule:rule" version="3">
							<property name="type" value="EQUAL" valueType="string"/>
						</object>
					</property>
					<property name="instanceKeyRules" valueType="table"/>
				</object>
			</property>
		</object>
	</property>
	<property name="requiresAllModels" value="true" valueType="boolean"/>
	<property name="parameters" valueType="table"/>
	<property name="details" valueType="table">
		<object type="Aggregation:detail" version="6">
			<property name="name" value="entity" valueType="string"/>
			<property name="description" value="" valueType="string"/>
			<property name="id" value="580ab755-e69c-492b-8aa9-b2535429e724" valueType="string"/>
			<property name="overrideLookupInformation" value="false" valueType="boolean"/>
			<property name="displayFormat" value="" valueType="string"/>
			<property name="title" value="Reporting Entity" valueType="string"/>
			<property name="overrideNullable" value="DEFAULT" valueType="string"/>
		</object>
		<object type="Aggregation:detail" version="6">
			<property name="name" value="id_cntrprty" valueType="string"/>
			<property name="description" value="" valueType="string"/>
			<property name="id" value="1f3b9d6f-0fb9-4e14-a1c0-3f55a2919193" valueType="string"/>
			<property name="overrideLookupInformation" value="false" valueType="boolean"/>
			<property name="displayFormat" value="" valueType="string"/>
			<property name="title" value="Counterparty ID" valueType="string"/>
			<property name="overrideNullable" value="DEFAULT" valueType="string"/>
		</object>
		<object type="Aggregation:detail" version="6">
			<property name="name" value="alpha" valueType="string"/>
			<property name="description" value="" valueType="string"/>
			<property name="id" value="387b63cf-a7f2-4ad8-b2cd-9448cc3bb117" valueType="string"/>
			<property name="overrideLookupInformation" value="false" valueType="boolean"/>
			<property name="displayFormat" value="" valueType="string"/>
			<property name="title" value="Alpha" valueType="string"/>
			<property name="overrideNullable" value="NOT_NULLABLE" valueType="string"/>
		</object>
	</property>
	<property name="calcFields" valueType="table">
		<object type="Aggregation:calcField" version="7">
			<property name="name" value="cva_ttl_ead_adj" valueType="string"/>
			<property name="description" value="" valueType="string"/>
			<property name="id" value="70411e18-1410-4813-bb7d-c7ac95ba71cd" valueType="string"/>
			<property name="aggrMethod" value="SUM" valueType="string"/>
			<property name="calcTotal" value="true" valueType="boolean"/>
			<property name="calcFormula" valueType="table"/>
			<property name="displayFormat" value="" valueType="string"/>
			<property name="overrideLookupInformation" value="false" valueType="boolean"/>
			<property name="title" value="Sum discounted EAD per effective maturity" valueType="string"/>
			<property name="overrideNullable" value="DEFAULT" valueType="string"/>
		</object>
		<object type="Aggregation:calcField" version="7">
			<property name="name" value="cva_sprvsry_rw" valueType="string"/>
			<property name="description" value="" valueType="string"/>
			<property name="id" value="6f1c4c11-766b-4a2a-a423-eeb00455e964" valueType="string"/>
			<property name="aggrMethod" value="MAX" valueType="string"/>
			<property name="calcTotal" value="false" valueType="boolean"/>
			<property name="calcFormula" valueType="table"/>
			<property name="displayFormat" value="" valueType="string"/>
			<property name="overrideLookupInformation" value="false" valueType="boolean"/>
			<property name="title" value="Counterparty Weight" valueType="string"/>
			<property name="overrideNullable" value="DEFAULT" valueType="string"/>
		</object>
		<object type="Aggregation:calcField" version="7">
			<property name="name" value="alpha_fctr" valueType="string"/>
			<property name="description" value="" valueType="string"/>
			<property name="id" value="4006ad5f-4b19-4a1b-a13e-2b1b7ff8460e" valueType="string"/>
			<property name="aggrMethod" value="MAX" valueType="string"/>
			<property name="calcTotal" value="false" valueType="boolean"/>
			<property name="calcFormula" valueType="table"/>
			<property name="displayFormat" value="" valueType="string"/>
			<property name="overrideLookupInformation" value="false" valueType="boolean"/>
			<property name="title" value="Factor (1/alpha)" valueType="string"/>
			<property name="overrideNullable" value="DEFAULT" valueType="string"/>
		</object>
		<object type="Aggregation:calcField" version="7">
			<property name="name" value="scvac_amnt" valueType="string"/>
			<property name="description" value="" valueType="string"/>
			<property name="id" value="9a34b93f-d3b3-4acf-89ad-3ac1c800c297" valueType="string"/>
			<property name="aggrMethod" value="SUM" valueType="string"/>
			<property name="calcTotal" value="true" valueType="boolean"/>
			<property name="calcFormula" valueType="table">
				<object type="SQLExpressionPart" version="2">
					<property name="value" value="(" valueType="string"/>
				</object>
				<object type="Aggregation:localCalcFieldReference" version="7">
					<property name="value" valueType="url">Aggregation[this].calcFields["cva_sprvsry_rw"{6f1c4c11-766b-4a2a-a423-eeb00455e964}]</property>
				</object>
				<object type="SQLExpressionPart" version="2">
					<property name="value" value="*" valueType="string"/>
				</object>
				<object type="Aggregation:localCalcFieldReference" version="7">
					<property name="value" valueType="url">Aggregation[this].calcFields["cva_ttl_ead_adj"{70411e18-1410-4813-bb7d-c7ac95ba71cd}]</property>
				</object>
				<object type="SQLExpressionPart" version="2">
					<property name="value" value=")*" valueType="string"/>
				</object>
				<object type="Aggregation:localCalcFieldReference" version="7">
					<property name="value" valueType="url">Aggregation[this].calcFields["alpha_fctr"{4006ad5f-4b19-4a1b-a13e-2b1b7ff8460e}]</property>
				</object>
			</property>
			<property name="valueType" value="FLOAT" valueType="string"/>
			<property name="valueNullable" value="true" valueType="boolean"/>
			<property name="displayFormat" value="" valueType="string"/>
			<property name="overrideLookupInformation" value="false" valueType="boolean"/>
			<property name="title" value="Stand alone CVA for a counterparty based on Alpha" valueType="string"/>
			<property name="overrideNullable" value="DEFAULT" valueType="string"/>
		</object>
		<object type="Aggregation:calcField" version="7">
			<property name="name" value="enm_cva_mthd" valueType="string"/>
			<property name="description" value="" valueType="string"/>
			<property name="id" value="22e9560d-fd57-4000-85b8-09c48e5288b5" valueType="string"/>
			<property name="aggrMethod" value="MAX" valueType="string"/>
			<property name="calcTotal" value="false" valueType="boolean"/>
			<property name="calcFormula" valueType="table"/>
			<property name="displayFormat" value="" valueType="string"/>
			<property name="overrideLookupInformation" value="false" valueType="boolean"/>
			<property name="title" value="CVA Method" valueType="string"/>
			<property name="overrideNullable" value="DEFAULT" valueType="string"/>
		</object>
		<object type="Aggregation:calcField" version="7">
			<property name="name" value="entity_cntry" valueType="string"/>
			<property name="description" value="" valueType="string"/>
			<property name="id" value="c0e6cf00-5b46-42cd-8ec2-6e4147c7a74e" valueType="string"/>
			<property name="aggrMethod" value="MAX" valueType="string"/>
			<property name="calcTotal" value="false" valueType="boolean"/>
			<property name="calcFormula" valueType="table"/>
			<property name="displayFormat" value="" valueType="string"/>
			<property name="overrideLookupInformation" value="false" valueType="boolean"/>
			<property name="title" value="Entity Country" valueType="string"/>
			<property name="overrideNullable" value="DEFAULT" valueType="string"/>
		</object>
	</property>
	<property name="auxFields" valueType="table"/>
	<property name="syntheticFields" valueType="table"/>
	<property name="additionalIndices" valueType="table"/>
	<property name="mappings" valueType="table">
		<object type="Aggregation:mapping" version="7">
			<property name="field" valueType="object">
				<object type="Aggregation:localDetailReference" version="7">
					<property name="value" valueType="url">Aggregation[this].details["entity"{580ab755-e69c-492b-8aa9-b2535429e724}]</property>
				</object>
			</property>
			<property name="fieldMapping" valueType="table">
				<object type="Aggregation:fieldMapping" version="7">
					<property name="model" valueType="object">
						<object type="DataModel:reference" version="3">
							<property name="value" valueType="url">DataModel["Aggregation[BA_CVA_EAD_Netting_Agreement_Level]"{Aggregation[94f10c74-e2ba-4945-8f01-8321f11cea12]}]</property>
						</object>
					</property>
					<property name="expression" valueType="table">
						<object type="DataModel:fieldReference" version="3">
							<property name="value" valueType="url">DataModel["Aggregation[BA_CVA_EAD_Netting_Agreement_Level]"{Aggregation[94f10c74-e2ba-4945-8f01-8321f11cea12]}].hierarchy["Aggregation"{94f10c74-e2ba-4945-8f01-8321f11cea12}].dataSource.layout["entity"{580ab755-e69c-492b-8aa9-b2535429e724}]</property>
						</object>
					</property>
				</object>
				<object type="Aggregation:fieldMapping" version="7">
					<property name="model" valueType="object">
						<object type="DataModel:reference" version="3">
							<property name="value" valueType="url">DataModel["Aggregation[BA_CVA_EAD_Non_Netting_Agreement_Level]"{Aggregation[adfc4b61-19a9-486f-9d5e-f2301a47f3c6]}]</property>
						</object>
					</property>
					<property name="expression" valueType="table">
						<object type="DataModel:fieldReference" version="3">
							<property name="value" valueType="url">DataModel["Aggregation[BA_CVA_EAD_Non_Netting_Agreement_Level]"{Aggregation[adfc4b61-19a9-486f-9d5e-f2301a47f3c6]}].hierarchy["Aggregation"{adfc4b61-19a9-486f-9d5e-f2301a47f3c6}].dataSource.layout["entity"{580ab755-e69c-492b-8aa9-b2535429e724}]</property>
						</object>
					</property>
				</object>
			</property>
		</object>
		<object type="Aggregation:mapping" version="7">
			<property name="field" valueType="object">
				<object type="Aggregation:localDetailReference" version="7">
					<property name="value" valueType="url">Aggregation[this].details["id_cntrprty"{1f3b9d6f-0fb9-4e14-a1c0-3f55a2919193}]</property>
				</object>
			</property>
			<property name="fieldMapping" valueType="table">
				<object type="Aggregation:fieldMapping" version="7">
					<property name="model" valueType="object">
						<object type="DataModel:reference" version="3">
							<property name="value" valueType="url">DataModel["Aggregation[BA_CVA_EAD_Netting_Agreement_Level]"{Aggregation[94f10c74-e2ba-4945-8f01-8321f11cea12]}]</property>
						</object>
					</property>
					<property name="expression" valueType="table">
						<object type="DataModel:fieldReference" version="3">
							<property name="value" valueType="url">DataModel["Aggregation[BA_CVA_EAD_Netting_Agreement_Level]"{Aggregation[94f10c74-e2ba-4945-8f01-8321f11cea12]}].hierarchy["Aggregation"{94f10c74-e2ba-4945-8f01-8321f11cea12}].dataSource.layout["id_cntrprty"{1f3b9d6f-0fb9-4e14-a1c0-3f55a2919193}]</property>
						</object>
					</property>
				</object>
				<object type="Aggregation:fieldMapping" version="7">
					<property name="model" valueType="object">
						<object type="DataModel:reference" version="3">
							<property name="value" valueType="url">DataModel["Aggregation[BA_CVA_EAD_Non_Netting_Agreement_Level]"{Aggregation[adfc4b61-19a9-486f-9d5e-f2301a47f3c6]}]</property>
						</object>
					</property>
					<property name="expression" valueType="table">
						<object type="DataModel:fieldReference" version="3">
							<property name="value" valueType="url">DataModel["Aggregation[BA_CVA_EAD_Non_Netting_Agreement_Level]"{Aggregation[adfc4b61-19a9-486f-9d5e-f2301a47f3c6]}].hierarchy["Aggregation"{adfc4b61-19a9-486f-9d5e-f2301a47f3c6}].dataSource.layout["id_cntrprty"{1f3b9d6f-0fb9-4e14-a1c0-3f55a2919193}]</property>
						</object>
					</property>
				</object>
			</property>
		</object>
		<object type="Aggregation:mapping" version="7">
			<property name="field" valueType="object">
				<object type="Aggregation:localDetailReference" version="7">
					<property name="value" valueType="url">Aggregation[this].details["alpha"{387b63cf-a7f2-4ad8-b2cd-9448cc3bb117}]</property>
				</object>
			</property>
			<property name="fieldMapping" valueType="table">
				<object type="Aggregation:fieldMapping" version="7">
					<property name="model" valueType="object">
						<object type="DataModel:reference" version="3">
							<property name="value" valueType="url">DataModel["Aggregation[BA_CVA_EAD_Netting_Agreement_Level]"{Aggregation[94f10c74-e2ba-4945-8f01-8321f11cea12]}]</property>
						</object>
					</property>
					<property name="expression" valueType="table">
						<object type="DataModel:fieldReference" version="3">
							<property name="value" valueType="url">DataModel["Aggregation[BA_CVA_EAD_Netting_Agreement_Level]"{Aggregation[94f10c74-e2ba-4945-8f01-8321f11cea12]}].hierarchy["Aggregation"{94f10c74-e2ba-4945-8f01-8321f11cea12}].dataSource.layout["alpha"{91403146-1455-487d-a692-dae72863b37b}]</property>
						</object>
					</property>
				</object>
				<object type="Aggregation:fieldMapping" version="7">
					<property name="model" valueType="object">
						<object type="DataModel:reference" version="3">
							<property name="value" valueType="url">DataModel["Aggregation[BA_CVA_EAD_Non_Netting_Agreement_Level]"{Aggregation[adfc4b61-19a9-486f-9d5e-f2301a47f3c6]}]</property>
						</object>
					</property>
					<property name="expression" valueType="table">
						<object type="DataModel:fieldReference" version="3">
							<property name="value" valueType="url">DataModel["Aggregation[BA_CVA_EAD_Non_Netting_Agreement_Level]"{Aggregation[adfc4b61-19a9-486f-9d5e-f2301a47f3c6]}].hierarchy["Aggregation"{adfc4b61-19a9-486f-9d5e-f2301a47f3c6}].dataSource.layout["alpha"{691edc1a-afa9-42d8-b8b8-475b41aa6730}]</property>
						</object>
					</property>
				</object>
			</property>
		</object>
		<object type="Aggregation:mapping" version="7">
			<property name="field" valueType="object">
				<object type="Aggregation:localCalcFieldReference" version="7">
					<property name="value" valueType="url">Aggregation[this].calcFields["cva_ttl_ead_adj"{70411e18-1410-4813-bb7d-c7ac95ba71cd}]</property>
				</object>
			</property>
			<property name="fieldMapping" valueType="table">
				<object type="Aggregation:fieldMapping" version="7">
					<property name="model" valueType="object">
						<object type="DataModel:reference" version="3">
							<property name="value" valueType="url">DataModel["Aggregation[BA_CVA_EAD_Netting_Agreement_Level]"{Aggregation[94f10c74-e2ba-4945-8f01-8321f11cea12]}]</property>
						</object>
					</property>
					<property name="expression" valueType="table">
						<object type="DataModel:fieldReference" version="3">
							<property name="value" valueType="url">DataModel["Aggregation[BA_CVA_EAD_Netting_Agreement_Level]"{Aggregation[94f10c74-e2ba-4945-8f01-8321f11cea12]}].hierarchy["Aggregation"{94f10c74-e2ba-4945-8f01-8321f11cea12}].dataSource.layout["cva_ttl_ead_adj"{3f0f2826-5ee6-4d4d-b3de-d9e8e7a95494}]</property>
						</object>
					</property>
				</object>
				<object type="Aggregation:fieldMapping" version="7">
					<property name="model" valueType="object">
						<object type="DataModel:reference" version="3">
							<property name="value" valueType="url">DataModel["Aggregation[BA_CVA_EAD_Non_Netting_Agreement_Level]"{Aggregation[adfc4b61-19a9-486f-9d5e-f2301a47f3c6]}]</property>
						</object>
					</property>
					<property name="expression" valueType="table">
						<object type="DataModel:fieldReference" version="3">
							<property name="value" valueType="url">DataModel["Aggregation[BA_CVA_EAD_Non_Netting_Agreement_Level]"{Aggregation[adfc4b61-19a9-486f-9d5e-f2301a47f3c6]}].hierarchy["Aggregation"{adfc4b61-19a9-486f-9d5e-f2301a47f3c6}].dataSource.layout["cva_ttl_ead_adj"{f803c1cf-8bb0-42dd-b78a-dcfd9fb67a36}]</property>
						</object>
					</property>
				</object>
			</property>
		</object>
		<object type="Aggregation:mapping" version="7">
			<property name="field" valueType="object">
				<object type="Aggregation:localCalcFieldReference" version="7">
					<property name="value" valueType="url">Aggregation[this].calcFields["cva_sprvsry_rw"{6f1c4c11-766b-4a2a-a423-eeb00455e964}]</property>
				</object>
			</property>
			<property name="fieldMapping" valueType="table">
				<object type="Aggregation:fieldMapping" version="7">
					<property name="model" valueType="object">
						<object type="DataModel:reference" version="3">
							<property name="value" valueType="url">DataModel["Aggregation[BA_CVA_EAD_Netting_Agreement_Level]"{Aggregation[94f10c74-e2ba-4945-8f01-8321f11cea12]}]</property>
						</object>
					</property>
					<property name="expression" valueType="table">
						<object type="DataModel:fieldReference" version="3">
							<property name="value" valueType="url">DataModel["Aggregation[BA_CVA_EAD_Netting_Agreement_Level]"{Aggregation[94f10c74-e2ba-4945-8f01-8321f11cea12]}].hierarchy["Aggregation"{94f10c74-e2ba-4945-8f01-8321f11cea12}].dataSource.layout["cva_sprvsry_rw"{6a5258ab-f04f-4ee8-b5f6-dae8e6f3f995}]</property>
						</object>
					</property>
				</object>
				<object type="Aggregation:fieldMapping" version="7">
					<property name="model" valueType="object">
						<object type="DataModel:reference" version="3">
							<property name="value" valueType="url">DataModel["Aggregation[BA_CVA_EAD_Non_Netting_Agreement_Level]"{Aggregation[adfc4b61-19a9-486f-9d5e-f2301a47f3c6]}]</property>
						</object>
					</property>
					<property name="expression" valueType="table">
						<object type="DataModel:fieldReference" version="3">
							<property name="value" valueType="url">DataModel["Aggregation[BA_CVA_EAD_Non_Netting_Agreement_Level]"{Aggregation[adfc4b61-19a9-486f-9d5e-f2301a47f3c6]}].hierarchy["Aggregation"{adfc4b61-19a9-486f-9d5e-f2301a47f3c6}].dataSource.layout["cva_sprvsry_rw"{2a7a9ffd-a7c8-489f-9d55-c7b459b26d25}]</property>
						</object>
					</property>
				</object>
			</property>
		</object>
		<object type="Aggregation:mapping" version="7">
			<property name="field" valueType="object">
				<object type="Aggregation:localCalcFieldReference" version="7">
					<property name="value" valueType="url">Aggregation[this].calcFields["alpha_fctr"{4006ad5f-4b19-4a1b-a13e-2b1b7ff8460e}]</property>
				</object>
			</property>
			<property name="fieldMapping" valueType="table">
				<object type="Aggregation:fieldMapping" version="7">
					<property name="model" valueType="object">
						<object type="DataModel:reference" version="3">
							<property name="value" valueType="url">DataModel["Aggregation[BA_CVA_EAD_Netting_Agreement_Level]"{Aggregation[94f10c74-e2ba-4945-8f01-8321f11cea12]}]</property>
						</object>
					</property>
					<property name="expression" valueType="table">
						<object type="SQLExpressionPart" version="2">
							<property name="value" value="1.0/" valueType="string"/>
						</object>
						<object type="DataModel:fieldReference" version="3">
							<property name="value" valueType="url">DataModel["Aggregation[BA_CVA_EAD_Netting_Agreement_Level]"{Aggregation[94f10c74-e2ba-4945-8f01-8321f11cea12]}].hierarchy["Aggregation"{94f10c74-e2ba-4945-8f01-8321f11cea12}].dataSource.layout["alpha"{91403146-1455-487d-a692-dae72863b37b}]</property>
						</object>
					</property>
					<property name="valueNullable" value="false" valueType="boolean"/>
					<property name="valueType" value="FLOAT" valueType="string"/>
				</object>
				<object type="Aggregation:fieldMapping" version="7">
					<property name="model" valueType="object">
						<object type="DataModel:reference" version="3">
							<property name="value" valueType="url">DataModel["Aggregation[BA_CVA_EAD_Non_Netting_Agreement_Level]"{Aggregation[adfc4b61-19a9-486f-9d5e-f2301a47f3c6]}]</property>
						</object>
					</property>
					<property name="expression" valueType="table">
						<object type="SQLExpressionPart" version="2">
							<property name="value" value="1.0/" valueType="string"/>
						</object>
						<object type="DataModel:fieldReference" version="3">
							<property name="value" valueType="url">DataModel["Aggregation[BA_CVA_EAD_Non_Netting_Agreement_Level]"{Aggregation[adfc4b61-19a9-486f-9d5e-f2301a47f3c6]}].hierarchy["Aggregation"{adfc4b61-19a9-486f-9d5e-f2301a47f3c6}].dataSource.layout["alpha"{691edc1a-afa9-42d8-b8b8-475b41aa6730}]</property>
						</object>
					</property>
					<property name="valueNullable" value="false" valueType="boolean"/>
					<property name="valueType" value="FLOAT" valueType="string"/>
				</object>
			</property>
		</object>
		<object type="Aggregation:mapping" version="7">
			<property name="field" valueType="object">
				<object type="Aggregation:localCalcFieldReference" version="7">
					<property name="value" valueType="url">Aggregation[this].calcFields["enm_cva_mthd"{22e9560d-fd57-4000-85b8-09c48e5288b5}]</property>
				</object>
			</property>
			<property name="fieldMapping" valueType="table">
				<object type="Aggregation:fieldMapping" version="7">
					<property name="model" valueType="object">
						<object type="DataModel:reference" version="3">
							<property name="value" valueType="url">DataModel["Aggregation[BA_CVA_EAD_Netting_Agreement_Level]"{Aggregation[94f10c74-e2ba-4945-8f01-8321f11cea12]}]</property>
						</object>
					</property>
					<property name="expression" valueType="table">
						<object type="DataModel:fieldReference" version="3">
							<property name="value" valueType="url">DataModel["Aggregation[BA_CVA_EAD_Netting_Agreement_Level]"{Aggregation[94f10c74-e2ba-4945-8f01-8321f11cea12]}].hierarchy["Aggregation"{94f10c74-e2ba-4945-8f01-8321f11cea12}].dataSource.layout["enm_cva_mthd"{71a8981e-e1ab-4193-b8e4-753225fe300f}]</property>
						</object>
					</property>
				</object>
				<object type="Aggregation:fieldMapping" version="7">
					<property name="model" valueType="object">
						<object type="DataModel:reference" version="3">
							<property name="value" valueType="url">DataModel["Aggregation[BA_CVA_EAD_Non_Netting_Agreement_Level]"{Aggregation[adfc4b61-19a9-486f-9d5e-f2301a47f3c6]}]</property>
						</object>
					</property>
					<property name="expression" valueType="table">
						<object type="DataModel:fieldReference" version="3">
							<property name="value" valueType="url">DataModel["Aggregation[BA_CVA_EAD_Non_Netting_Agreement_Level]"{Aggregation[adfc4b61-19a9-486f-9d5e-f2301a47f3c6]}].hierarchy["Aggregation"{adfc4b61-19a9-486f-9d5e-f2301a47f3c6}].dataSource.layout["enm_cva_mthd"{71a8981e-e1ab-4193-b8e4-753225fe300f}]</property>
						</object>
					</property>
				</object>
			</property>
		</object>
		<object type="Aggregation:mapping" version="7">
			<property name="field" valueType="object">
				<object type="Aggregation:localCalcFieldReference" version="7">
					<property name="value" valueType="url">Aggregation[this].calcFields["entity_cntry"{c0e6cf00-5b46-42cd-8ec2-6e4147c7a74e}]</property>
				</object>
			</property>
			<property name="fieldMapping" valueType="table">
				<object type="Aggregation:fieldMapping" version="7">
					<property name="model" valueType="object">
						<object type="DataModel:reference" version="3">
							<property name="value" valueType="url">DataModel["Aggregation[BA_CVA_EAD_Netting_Agreement_Level]"{Aggregation[94f10c74-e2ba-4945-8f01-8321f11cea12]}]</property>
						</object>
					</property>
					<property name="expression" valueType="table">
						<object type="DataModel:fieldReference" version="3">
							<property name="value" valueType="url">DataModel["Aggregation[BA_CVA_EAD_Netting_Agreement_Level]"{Aggregation[94f10c74-e2ba-4945-8f01-8321f11cea12]}].hierarchy["Aggregation"{94f10c74-e2ba-4945-8f01-8321f11cea12}].dataSource.layout["entity_cntry"{3ed510a3-8afa-49fb-8d19-534141efb8ff}]</property>
						</object>
					</property>
				</object>
				<object type="Aggregation:fieldMapping" version="7">
					<property name="model" valueType="object">
						<object type="DataModel:reference" version="3">
							<property name="value" valueType="url">DataModel["Aggregation[BA_CVA_EAD_Non_Netting_Agreement_Level]"{Aggregation[adfc4b61-19a9-486f-9d5e-f2301a47f3c6]}]</property>
						</object>
					</property>
					<property name="expression" valueType="table">
						<object type="DataModel:fieldReference" version="3">
							<property name="value" valueType="url">DataModel["Aggregation[BA_CVA_EAD_Non_Netting_Agreement_Level]"{Aggregation[adfc4b61-19a9-486f-9d5e-f2301a47f3c6]}].hierarchy["Aggregation"{adfc4b61-19a9-486f-9d5e-f2301a47f3c6}].dataSource.layout["entity_cntry"{36659c09-f19b-4053-b26d-7cb6b7726695}]</property>
						</object>
					</property>
				</object>
			</property>
		</object>
	</property>
	<property name="storageType" value="CONTINUOUS_PARTITION" valueType="string"/>
	<property name="postTableCreationStatements" valueType="table"/>
	<property name="postAdjustmentTableCreationStatements" valueType="table"/>
	<property name="detailsAsKeys" value="true" valueType="boolean"/>
	<property name="dbSourceForResults" valueType="url">DBSource["POSTGRES"{7141b02a-a2bf-46bb-9ad0-fa1087f431e1}]</property>
	<property name="archivalProperties" valueType="object">
		<object type="ArchivalProperties" version="2">
			<property name="daily" value="false" valueType="boolean"/>
			<property name="weekly" value="false" valueType="boolean"/>
			<property name="monthly" value="false" valueType="boolean"/>
			<property name="quarterly" value="false" valueType="boolean"/>
			<property name="semiAnnually" value="false" valueType="boolean"/>
			<property name="annually" value="false" valueType="boolean"/>
			<property name="intraDay" value="false" valueType="boolean"/>
			<property name="userDefined" value="false" valueType="boolean"/>
		</object>
	</property>
	<property name="condition" valueType="tree">
		<objectNode type="Condition" version="3">
			<property name="isNegated" value="false" valueType="boolean"/>
			<property name="groupingOperator" value="AND" valueType="string"/>
		</objectNode>
	</property>
	<property name="doNotAggregate" value="false" valueType="boolean"/>
	<property name="fourEyesCheck" value="false" valueType="boolean"/>
	<property name="trackDrilldownInformation" value="true" valueType="boolean"/>
	<property name="trackAllInstancesMode" value="NONE" valueType="string"/>
	<property name="computeStatistics" value="FOR_ALL_COLUMNS" valueType="string"/>
	<property name="instanceRebuildRestriction" value="AlterFullRebuild" valueType="string"/>
	<property name="allowExternalDataPermissions" value="false" valueType="boolean"/>
</object>