<object stamp="41d0077e-d91b-4326-b0d3-9a3c007a0cb3_1723567251526" type="Aggregation" version="12">
	<property name="name" value="BA_CVA_EAD_Netting_Agreement_Level" valueType="string"/>
	<property name="description" value="Effective Maturity and Discount Factor Calculation based on Uniqueid/ Netting Agreement level" valueType="string"/>
	<property name="objectId" value="94f10c74-e2ba-4945-8f01-8321f11cea12" valueType="string"/>
	<property name="branchId" value="fb18ae3e-901e-4791-a902-9192a922978e" valueType="string"/>
	<property name="comment" value="EU Art. 384(2) CRR UK Paragraph 4.3 Credit Valuation Adjustment Risk Effective maturity, Supervisory Discount Factor and adjusted EAD are calculated for trades in a netting agreement." valueType="string"/>
	<property name="models" valueType="table">
		<object type="ModelBasedTask:modelEntry" version="3">
			<property name="dataModel" valueType="url">DataModel["Portfolio[BA_CVA_Effective_Maturity_Floor].ModifyModel[BA_CVA_Effective_Maturity_Floor].Aggregation[BA_CVA_ID_Level]"{Portfolio[8a20e00f-68aa-42ef-b43d-39f6d318939a].ModifyModel[c4e85be9-e191-4a5d-8b55-248e2c70a23d].Aggregation[affbf276-adfa-40b4-81eb-96a8927869f4]}]</property>
			<property name="instanceSelectionRule" valueType="object">
				<object type="InstanceSelectionRule" version="3">
					<property name="instanceDateRule" valueType="object">
						<object type="InstanceSelectionRule:rule" version="3">
							<property name="type" value="EQUAL" valueType="string"/>
						</object>
					</property>
					<property name="instanceKeyRules" valueType="table"/>
				</object>
			</property>
		</object>
	</property>
	<property name="requiresAllModels" value="true" valueType="boolean"/>
	<property name="parameters" valueType="table"/>
	<property name="details" valueType="table">
		<object type="Aggregation:detail" version="6">
			<property name="name" value="entity" valueType="string"/>
			<property name="description" value="" valueType="string"/>
			<property name="id" value="580ab755-e69c-492b-8aa9-b2535429e724" valueType="string"/>
			<property name="overrideLookupInformation" value="false" valueType="boolean"/>
			<property name="displayFormat" value="" valueType="string"/>
			<property name="title" value="Reporting Entity" valueType="string"/>
			<property name="overrideNullable" value="DEFAULT" valueType="string"/>
		</object>
		<object type="Aggregation:detail" version="6">
			<property name="name" value="id_cntrprty" valueType="string"/>
			<property name="description" value="" valueType="string"/>
			<property name="id" value="1f3b9d6f-0fb9-4e14-a1c0-3f55a2919193" valueType="string"/>
			<property name="overrideLookupInformation" value="false" valueType="boolean"/>
			<property name="displayFormat" value="" valueType="string"/>
			<property name="title" value="Counterparty ID" valueType="string"/>
			<property name="overrideNullable" value="NOT_NULLABLE" valueType="string"/>
		</object>
		<object type="Aggregation:detail" version="6">
			<property name="name" value="id_nttng_agrmnt" valueType="string"/>
			<property name="description" value="" valueType="string"/>
			<property name="id" value="c9909e82-6a06-4c7c-8dca-98ec071dda14" valueType="string"/>
			<property name="overrideLookupInformation" value="false" valueType="boolean"/>
			<property name="displayFormat" value="" valueType="string"/>
			<property name="title" value="Netting Agreement ID" valueType="string"/>
			<property name="overrideNullable" value="NOT_NULLABLE" valueType="string"/>
		</object>
	</property>
	<property name="calcFields" valueType="table">
		<object type="Aggregation:calcField" version="7">
			<property name="name" value="enm_pstn_clss" valueType="string"/>
			<property name="description" value="" valueType="string"/>
			<property name="id" value="aa050a3a-e23d-4363-8759-1ab776b794d1" valueType="string"/>
			<property name="aggrMethod" value="MAX" valueType="string"/>
			<property name="calcTotal" value="false" valueType="boolean"/>
			<property name="calcFormula" valueType="table"/>
			<property name="displayFormat" value="" valueType="string"/>
			<property name="overrideLookupInformation" value="false" valueType="boolean"/>
			<property name="title" value="Position Class" valueType="string"/>
			<property name="overrideNullable" value="DEFAULT" valueType="string"/>
		</object>
		<object type="Aggregation:calcField" version="7">
			<property name="name" value="pos_res_maturity_years" valueType="string"/>
			<property name="description" value="" valueType="string"/>
			<property name="id" value="280ed38f-afdb-4515-8d78-3930163b7a29" valueType="string"/>
			<property name="aggrMethod" value="MAX" valueType="string"/>
			<property name="calcTotal" value="false" valueType="boolean"/>
			<property name="calcFormula" valueType="table"/>
			<property name="displayFormat" value="" valueType="string"/>
			<property name="overrideLookupInformation" value="false" valueType="boolean"/>
			<property name="title" value="Residual Maturity Years" valueType="string"/>
			<property name="overrideNullable" value="DEFAULT" valueType="string"/>
		</object>
		<object type="Aggregation:calcField" version="7">
			<property name="name" value="ttl_ntnl_amnt" valueType="string"/>
			<property name="description" value="" valueType="string"/>
			<property name="id" value="8f363408-3632-4e67-927e-377013e96404" valueType="string"/>
			<property name="aggrMethod" value="SUM" valueType="string"/>
			<property name="calcTotal" value="true" valueType="boolean"/>
			<property name="calcFormula" valueType="table"/>
			<property name="displayFormat" value="" valueType="string"/>
			<property name="overrideLookupInformation" value="false" valueType="boolean"/>
			<property name="title" value="Total Notional" valueType="string"/>
			<property name="overrideNullable" value="DEFAULT" valueType="string"/>
		</object>
		<object type="Aggregation:calcField" version="7">
			<property name="name" value="ttl_ntnl_amnt_mtrty" valueType="string"/>
			<property name="description" value="" valueType="string"/>
			<property name="id" value="203513eb-57f4-4c40-b576-e8976e4a7e72" valueType="string"/>
			<property name="aggrMethod" value="SUM" valueType="string"/>
			<property name="calcTotal" value="true" valueType="boolean"/>
			<property name="calcFormula" valueType="table"/>
			<property name="displayFormat" value="" valueType="string"/>
			<property name="overrideLookupInformation" value="false" valueType="boolean"/>
			<property name="title" value="Sum notional per Maturity" valueType="string"/>
			<property name="overrideNullable" value="DEFAULT" valueType="string"/>
		</object>
		<object type="Aggregation:calcField" version="7">
			<property name="name" value="ttl_ead" valueType="string"/>
			<property name="description" value="" valueType="string"/>
			<property name="id" value="8ad722fc-b8f1-4418-b4f3-d8684bd7a913" valueType="string"/>
			<property name="aggrMethod" value="SUM" valueType="string"/>
			<property name="calcTotal" value="true" valueType="boolean"/>
			<property name="calcFormula" valueType="table"/>
			<property name="displayFormat" value="" valueType="string"/>
			<property name="overrideLookupInformation" value="false" valueType="boolean"/>
			<property name="title" value="Total EAD" valueType="string"/>
			<property name="overrideNullable" value="DEFAULT" valueType="string"/>
		</object>
		<object type="Aggregation:calcField" version="7">
			<property name="name" value="cva_sprvsry_rw" valueType="string"/>
			<property name="description" value="" valueType="string"/>
			<property name="id" value="6a5258ab-f04f-4ee8-b5f6-dae8e6f3f995" valueType="string"/>
			<property name="aggrMethod" value="MAX" valueType="string"/>
			<property name="calcTotal" value="false" valueType="boolean"/>
			<property name="calcFormula" valueType="table"/>
			<property name="displayFormat" value="" valueType="string"/>
			<property name="overrideLookupInformation" value="false" valueType="boolean"/>
			<property name="title" value="Counterparty Weight" valueType="string"/>
			<property name="overrideNullable" value="DEFAULT" valueType="string"/>
		</object>
		<object type="Aggregation:calcField" version="7">
			<property name="name" value="alpha" valueType="string"/>
			<property name="description" value="" valueType="string"/>
			<property name="id" value="91403146-1455-487d-a692-dae72863b37b" valueType="string"/>
			<property name="aggrMethod" value="MAX" valueType="string"/>
			<property name="calcTotal" value="false" valueType="boolean"/>
			<property name="calcFormula" valueType="table"/>
			<property name="displayFormat" value="" valueType="string"/>
			<property name="overrideLookupInformation" value="false" valueType="boolean"/>
			<property name="title" value="Alpha Multiplier for BA CVA" valueType="string"/>
			<property name="overrideNullable" value="DEFAULT" valueType="string"/>
		</object>
		<object type="Aggregation:calcField" version="7">
			<property name="name" value="enm_cva_mthd" valueType="string"/>
			<property name="description" value="" valueType="string"/>
			<property name="id" value="71a8981e-e1ab-4193-b8e4-753225fe300f" valueType="string"/>
			<property name="aggrMethod" value="MAX" valueType="string"/>
			<property name="calcTotal" value="false" valueType="boolean"/>
			<property name="calcFormula" valueType="table"/>
			<property name="displayFormat" value="" valueType="string"/>
			<property name="overrideLookupInformation" value="false" valueType="boolean"/>
			<property name="title" value="CVA Method" valueType="string"/>
			<property name="overrideNullable" value="DEFAULT" valueType="string"/>
		</object>
		<object type="Aggregation:calcField" version="7">
			<property name="name" value="ns_cva_effctv_mtrty_flr" valueType="string"/>
			<property name="description" value="" valueType="string"/>
			<property name="id" value="fb03379b-8831-457e-8f91-16c4de6c5eb6" valueType="string"/>
			<property name="aggrMethod" value="MAX" valueType="string"/>
			<property name="calcTotal" value="false" valueType="boolean"/>
			<property name="calcFormula" valueType="table"/>
			<property name="displayFormat" value="" valueType="string"/>
			<property name="overrideLookupInformation" value="false" valueType="boolean"/>
			<property name="title" value="CVA Effective Maturity Floor" valueType="string"/>
			<property name="overrideNullable" value="DEFAULT" valueType="string"/>
		</object>
		<object type="Aggregation:calcField" version="7">
			<property name="name" value="entity_cntry" valueType="string"/>
			<property name="description" value="" valueType="string"/>
			<property name="id" value="3ed510a3-8afa-49fb-8d19-534141efb8ff" valueType="string"/>
			<property name="aggrMethod" value="MAX" valueType="string"/>
			<property name="calcTotal" value="false" valueType="boolean"/>
			<property name="calcFormula" valueType="table"/>
			<property name="displayFormat" value="" valueType="string"/>
			<property name="overrideLookupInformation" value="false" valueType="boolean"/>
			<property name="title" value="Entity Country" valueType="string"/>
			<property name="overrideNullable" value="DEFAULT" valueType="string"/>
		</object>
	</property>
	<property name="auxFields" valueType="table"/>
	<property name="syntheticFields" valueType="table">
		<object type="Aggregation:syntheticField" version="7">
			<property name="name" value="effctv_mtrty" valueType="string"/>
			<property name="description" value="" valueType="string"/>
			<property name="id" value="9ea2703a-7f1a-4154-9f12-aab51dea2d90" valueType="string"/>
			<property name="formula" valueType="table">
				<object type="SQLExpressionPart" version="2">
					<property name="value" value="(" valueType="string"/>
				</object>
				<object type="SQLPattern" version="3">
					<property name="name" value="greatest" valueType="string"/>
					<property name="parameters" valueType="table">
						<object type="SQLPattern:parameter" version="3">
							<property name="expressions" valueType="table">
								<object type="Aggregation:localCalcFieldReference" version="7">
									<property name="value" valueType="url">Aggregation[this].calcFields["ns_cva_effctv_mtrty_flr"{fb03379b-8831-457e-8f91-16c4de6c5eb6}]</property>
								</object>
							</property>
						</object>
						<object type="SQLPattern:parameter" version="3">
							<property name="expressions" valueType="table">
								<object type="SQLExpressionPart" version="2">
									<property name="value" value="CASE WHEN " valueType="string"/>
								</object>
								<object type="Aggregation:localCalcFieldReference" version="7">
									<property name="value" valueType="url">Aggregation[this].calcFields["ttl_ntnl_amnt"{8f363408-3632-4e67-927e-377013e96404}]</property>
								</object>
								<object type="SQLExpressionPart" version="2">
									<property name="value" value=" = 0 THEN 0 ELSE (" valueType="string"/>
								</object>
								<object type="Aggregation:localCalcFieldReference" version="7">
									<property name="value" valueType="url">Aggregation[this].calcFields["ttl_ntnl_amnt_mtrty"{203513eb-57f4-4c40-b576-e8976e4a7e72}]</property>
								</object>
								<object type="SQLExpressionPart" version="2">
									<property name="value" value="/" valueType="string"/>
								</object>
								<object type="Aggregation:localCalcFieldReference" version="7">
									<property name="value" valueType="url">Aggregation[this].calcFields["ttl_ntnl_amnt"{8f363408-3632-4e67-927e-377013e96404}]</property>
								</object>
								<object type="SQLExpressionPart" version="2">
									<property name="value" value=") END" valueType="string"/>
								</object>
							</property>
						</object>
					</property>
				</object>
				<object type="SQLExpressionPart" version="2">
					<property name="value" value=")" valueType="string"/>
				</object>
			</property>
			<property name="calcTotal" value="false" valueType="boolean"/>
			<property name="valueType" value="FLOAT" valueType="string"/>
			<property name="valueNullable" value="false" valueType="boolean"/>
			<property name="title" value="Effective Maturity" valueType="string"/>
			<property name="displayFormat" value="" valueType="string"/>
		</object>
		<object type="Aggregation:syntheticField" version="7">
			<property name="name" value="spvsry_dscnt_fctr" valueType="string"/>
			<property name="description" value="" valueType="string"/>
			<property name="id" value="e1e81caf-cc12-4e28-b0d4-4ea749502dd8" valueType="string"/>
			<property name="formula" valueType="table">
				<object type="SQLExpressionPart" version="2">
					<property name="value" value="(case when " valueType="string"/>
				</object>
				<object type="Aggregation:localSyntheticFieldReference" version="7">
					<property name="value" valueType="url">Aggregation[this].syntheticFields["effctv_mtrty"{9ea2703a-7f1a-4154-9f12-aab51dea2d90}]</property>
				</object>
				<object type="SQLExpressionPart" version="2">
					<property name="value" value=" =0 then 1 else (1-exp(-0.05*" valueType="string"/>
				</object>
				<object type="Aggregation:localSyntheticFieldReference" version="7">
					<property name="value" valueType="url">Aggregation[this].syntheticFields["effctv_mtrty"{9ea2703a-7f1a-4154-9f12-aab51dea2d90}]</property>
				</object>
				<object type="SQLExpressionPart" version="2">
					<property name="value" value="))/(0.05*" valueType="string"/>
				</object>
				<object type="Aggregation:localSyntheticFieldReference" version="7">
					<property name="value" valueType="url">Aggregation[this].syntheticFields["effctv_mtrty"{9ea2703a-7f1a-4154-9f12-aab51dea2d90}]</property>
				</object>
				<object type="SQLExpressionPart" version="2">
					<property name="value" value=") end)" valueType="string"/>
				</object>
			</property>
			<property name="calcTotal" value="false" valueType="boolean"/>
			<property name="valueType" value="FLOAT" valueType="string"/>
			<property name="valueNullable" value="false" valueType="boolean"/>
			<property name="title" value="Supervisory Discounted Factor" valueType="string"/>
			<property name="displayFormat" value="" valueType="string"/>
		</object>
		<object type="Aggregation:syntheticField" version="7">
			<property name="name" value="cva_ttl_ead_adj" valueType="string"/>
			<property name="description" value="" valueType="string"/>
			<property name="id" value="3f0f2826-5ee6-4d4d-b3de-d9e8e7a95494" valueType="string"/>
			<property name="formula" valueType="table">
				<object type="SQLExpressionPart" version="2">
					<property name="value" value="(" valueType="string"/>
				</object>
				<object type="Aggregation:localCalcFieldReference" version="7">
					<property name="value" valueType="url">Aggregation[this].calcFields["ttl_ead"{8ad722fc-b8f1-4418-b4f3-d8684bd7a913}]</property>
				</object>
				<object type="SQLExpressionPart" version="2">
					<property name="value" value=" *" valueType="string"/>
				</object>
				<object type="Aggregation:localSyntheticFieldReference" version="7">
					<property name="value" valueType="url">Aggregation[this].syntheticFields["effctv_mtrty"{9ea2703a-7f1a-4154-9f12-aab51dea2d90}]</property>
				</object>
				<object type="SQLExpressionPart" version="2">
					<property name="value" value=" * " valueType="string"/>
				</object>
				<object type="Aggregation:localSyntheticFieldReference" version="7">
					<property name="value" valueType="url">Aggregation[this].syntheticFields["spvsry_dscnt_fctr"{e1e81caf-cc12-4e28-b0d4-4ea749502dd8}]</property>
				</object>
				<object type="SQLExpressionPart" version="2">
					<property name="value" value=")" valueType="string"/>
				</object>
			</property>
			<property name="calcTotal" value="false" valueType="boolean"/>
			<property name="valueType" value="FLOAT" valueType="string"/>
			<property name="valueNullable" value="false" valueType="boolean"/>
			<property name="title" value="Sum discounted EAD per effective maturity" valueType="string"/>
			<property name="displayFormat" value="" valueType="string"/>
		</object>
	</property>
	<property name="additionalIndices" valueType="table"/>
	<property name="mappings" valueType="table">
		<object type="Aggregation:mapping" version="7">
			<property name="field" valueType="object">
				<object type="Aggregation:localDetailReference" version="7">
					<property name="value" valueType="url">Aggregation[this].details["entity"{580ab755-e69c-492b-8aa9-b2535429e724}]</property>
				</object>
			</property>
			<property name="fieldMapping" valueType="table">
				<object type="Aggregation:fieldMapping" version="7">
					<property name="model" valueType="object">
						<object type="DataModel:reference" version="3">
							<property name="value" valueType="url">DataModel["Portfolio[BA_CVA_Effective_Maturity_Floor].ModifyModel[BA_CVA_Effective_Maturity_Floor].Aggregation[BA_CVA_ID_Level]"{Portfolio[8a20e00f-68aa-42ef-b43d-39f6d318939a].ModifyModel[c4e85be9-e191-4a5d-8b55-248e2c70a23d].Aggregation[affbf276-adfa-40b4-81eb-96a8927869f4]}]</property>
						</object>
					</property>
					<property name="expression" valueType="table">
						<object type="DataModel:fieldReference" version="3">
							<property name="value" valueType="url">DataModel["Portfolio[BA_CVA_Effective_Maturity_Floor].ModifyModel[BA_CVA_Effective_Maturity_Floor].Aggregation[BA_CVA_ID_Level]"{Portfolio[8a20e00f-68aa-42ef-b43d-39f6d318939a].ModifyModel[c4e85be9-e191-4a5d-8b55-248e2c70a23d].Aggregation[affbf276-adfa-40b4-81eb-96a8927869f4]}].hierarchy["Aggregation"{affbf276-adfa-40b4-81eb-96a8927869f4}].dataSource.layout["entity"{3b71999c-416f-4f26-aee7-8ec53f2fbecb}]</property>
						</object>
					</property>
				</object>
			</property>
		</object>
		<object type="Aggregation:mapping" version="7">
			<property name="field" valueType="object">
				<object type="Aggregation:localDetailReference" version="7">
					<property name="value" valueType="url">Aggregation[this].details["id_cntrprty"{1f3b9d6f-0fb9-4e14-a1c0-3f55a2919193}]</property>
				</object>
			</property>
			<property name="fieldMapping" valueType="table">
				<object type="Aggregation:fieldMapping" version="7">
					<property name="model" valueType="object">
						<object type="DataModel:reference" version="3">
							<property name="value" valueType="url">DataModel["Portfolio[BA_CVA_Effective_Maturity_Floor].ModifyModel[BA_CVA_Effective_Maturity_Floor].Aggregation[BA_CVA_ID_Level]"{Portfolio[8a20e00f-68aa-42ef-b43d-39f6d318939a].ModifyModel[c4e85be9-e191-4a5d-8b55-248e2c70a23d].Aggregation[affbf276-adfa-40b4-81eb-96a8927869f4]}]</property>
						</object>
					</property>
					<property name="expression" valueType="table">
						<object type="DataModel:fieldReference" version="3">
							<property name="value" valueType="url">DataModel["Portfolio[BA_CVA_Effective_Maturity_Floor].ModifyModel[BA_CVA_Effective_Maturity_Floor].Aggregation[BA_CVA_ID_Level]"{Portfolio[8a20e00f-68aa-42ef-b43d-39f6d318939a].ModifyModel[c4e85be9-e191-4a5d-8b55-248e2c70a23d].Aggregation[affbf276-adfa-40b4-81eb-96a8927869f4]}].hierarchy["Aggregation"{affbf276-adfa-40b4-81eb-96a8927869f4}].dataSource.layout["id_cntrprty"{cbd3ea26-3904-4bb9-a347-6feee21aadeb}]</property>
						</object>
					</property>
				</object>
			</property>
		</object>
		<object type="Aggregation:mapping" version="7">
			<property name="field" valueType="object">
				<object type="Aggregation:localDetailReference" version="7">
					<property name="value" valueType="url">Aggregation[this].details["id_nttng_agrmnt"{c9909e82-6a06-4c7c-8dca-98ec071dda14}]</property>
				</object>
			</property>
			<property name="fieldMapping" valueType="table">
				<object type="Aggregation:fieldMapping" version="7">
					<property name="model" valueType="object">
						<object type="DataModel:reference" version="3">
							<property name="value" valueType="url">DataModel["Portfolio[BA_CVA_Effective_Maturity_Floor].ModifyModel[BA_CVA_Effective_Maturity_Floor].Aggregation[BA_CVA_ID_Level]"{Portfolio[8a20e00f-68aa-42ef-b43d-39f6d318939a].ModifyModel[c4e85be9-e191-4a5d-8b55-248e2c70a23d].Aggregation[affbf276-adfa-40b4-81eb-96a8927869f4]}]</property>
						</object>
					</property>
					<property name="expression" valueType="table">
						<object type="DataModel:fieldReference" version="3">
							<property name="value" valueType="url">DataModel["Portfolio[BA_CVA_Effective_Maturity_Floor].ModifyModel[BA_CVA_Effective_Maturity_Floor].Aggregation[BA_CVA_ID_Level]"{Portfolio[8a20e00f-68aa-42ef-b43d-39f6d318939a].ModifyModel[c4e85be9-e191-4a5d-8b55-248e2c70a23d].Aggregation[affbf276-adfa-40b4-81eb-96a8927869f4]}].hierarchy["Aggregation"{affbf276-adfa-40b4-81eb-96a8927869f4}].dataSource.layout["id_nttng_agrmnt"{7061c658-43c6-4bc9-b341-276621308997}]</property>
						</object>
					</property>
				</object>
			</property>
		</object>
		<object type="Aggregation:mapping" version="7">
			<property name="field" valueType="object">
				<object type="Aggregation:localCalcFieldReference" version="7">
					<property name="value" valueType="url">Aggregation[this].calcFields["enm_pstn_clss"{aa050a3a-e23d-4363-8759-1ab776b794d1}]</property>
				</object>
			</property>
			<property name="fieldMapping" valueType="table">
				<object type="Aggregation:fieldMapping" version="7">
					<property name="model" valueType="object">
						<object type="DataModel:reference" version="3">
							<property name="value" valueType="url">DataModel["Portfolio[BA_CVA_Effective_Maturity_Floor].ModifyModel[BA_CVA_Effective_Maturity_Floor].Aggregation[BA_CVA_ID_Level]"{Portfolio[8a20e00f-68aa-42ef-b43d-39f6d318939a].ModifyModel[c4e85be9-e191-4a5d-8b55-248e2c70a23d].Aggregation[affbf276-adfa-40b4-81eb-96a8927869f4]}]</property>
						</object>
					</property>
					<property name="expression" valueType="table">
						<object type="DataModel:fieldReference" version="3">
							<property name="value" valueType="url">DataModel["Portfolio[BA_CVA_Effective_Maturity_Floor].ModifyModel[BA_CVA_Effective_Maturity_Floor].Aggregation[BA_CVA_ID_Level]"{Portfolio[8a20e00f-68aa-42ef-b43d-39f6d318939a].ModifyModel[c4e85be9-e191-4a5d-8b55-248e2c70a23d].Aggregation[affbf276-adfa-40b4-81eb-96a8927869f4]}].hierarchy["Aggregation"{affbf276-adfa-40b4-81eb-96a8927869f4}].dataSource.layout["enm_pstn_clss"{c0d265c2-edd1-4e90-99ba-9a7298ffb290}]</property>
						</object>
					</property>
				</object>
			</property>
		</object>
		<object type="Aggregation:mapping" version="7">
			<property name="field" valueType="object">
				<object type="Aggregation:localCalcFieldReference" version="7">
					<property name="value" valueType="url">Aggregation[this].calcFields["pos_res_maturity_years"{280ed38f-afdb-4515-8d78-3930163b7a29}]</property>
				</object>
			</property>
			<property name="fieldMapping" valueType="table">
				<object type="Aggregation:fieldMapping" version="7">
					<property name="model" valueType="object">
						<object type="DataModel:reference" version="3">
							<property name="value" valueType="url">DataModel["Portfolio[BA_CVA_Effective_Maturity_Floor].ModifyModel[BA_CVA_Effective_Maturity_Floor].Aggregation[BA_CVA_ID_Level]"{Portfolio[8a20e00f-68aa-42ef-b43d-39f6d318939a].ModifyModel[c4e85be9-e191-4a5d-8b55-248e2c70a23d].Aggregation[affbf276-adfa-40b4-81eb-96a8927869f4]}]</property>
						</object>
					</property>
					<property name="expression" valueType="table">
						<object type="SQLPattern" version="3">
							<property name="name" value="isNull" valueType="string"/>
							<property name="parameters" valueType="table">
								<object type="SQLPattern:parameter" version="3">
									<property name="expressions" valueType="table">
										<object type="DataModel:fieldReference" version="3">
											<property name="value" valueType="url">DataModel["Portfolio[BA_CVA_Effective_Maturity_Floor].ModifyModel[BA_CVA_Effective_Maturity_Floor].Aggregation[BA_CVA_ID_Level]"{Portfolio[8a20e00f-68aa-42ef-b43d-39f6d318939a].ModifyModel[c4e85be9-e191-4a5d-8b55-248e2c70a23d].Aggregation[affbf276-adfa-40b4-81eb-96a8927869f4]}].hierarchy["Aggregation"{affbf276-adfa-40b4-81eb-96a8927869f4}].dataSource.layout["rsdl_mtrty_mnths"{72c1c21a-4300-4572-8e6a-4992c50bccd7}]</property>
										</object>
										<object type="SQLExpressionPart" version="2">
											<property name="value" value="/12.0" valueType="string"/>
										</object>
									</property>
								</object>
								<object type="SQLPattern:parameter" version="3">
									<property name="expressions" valueType="table">
										<object type="SQLExpressionPart" version="2">
											<property name="value" value="0" valueType="string"/>
										</object>
									</property>
								</object>
							</property>
						</object>
					</property>
					<property name="valueNullable" value="false" valueType="boolean"/>
					<property name="valueType" value="FLOAT" valueType="string"/>
				</object>
			</property>
		</object>
		<object type="Aggregation:mapping" version="7">
			<property name="field" valueType="object">
				<object type="Aggregation:localCalcFieldReference" version="7">
					<property name="value" valueType="url">Aggregation[this].calcFields["ttl_ntnl_amnt"{8f363408-3632-4e67-927e-377013e96404}]</property>
				</object>
			</property>
			<property name="fieldMapping" valueType="table">
				<object type="Aggregation:fieldMapping" version="7">
					<property name="model" valueType="object">
						<object type="DataModel:reference" version="3">
							<property name="value" valueType="url">DataModel["Portfolio[BA_CVA_Effective_Maturity_Floor].ModifyModel[BA_CVA_Effective_Maturity_Floor].Aggregation[BA_CVA_ID_Level]"{Portfolio[8a20e00f-68aa-42ef-b43d-39f6d318939a].ModifyModel[c4e85be9-e191-4a5d-8b55-248e2c70a23d].Aggregation[affbf276-adfa-40b4-81eb-96a8927869f4]}]</property>
						</object>
					</property>
					<property name="expression" valueType="table">
						<object type="DataModel:fieldReference" version="3">
							<property name="value" valueType="url">DataModel["Portfolio[BA_CVA_Effective_Maturity_Floor].ModifyModel[BA_CVA_Effective_Maturity_Floor].Aggregation[BA_CVA_ID_Level]"{Portfolio[8a20e00f-68aa-42ef-b43d-39f6d318939a].ModifyModel[c4e85be9-e191-4a5d-8b55-248e2c70a23d].Aggregation[affbf276-adfa-40b4-81eb-96a8927869f4]}].hierarchy["Aggregation"{affbf276-adfa-40b4-81eb-96a8927869f4}].dataSource.layout["ntnl_amnt"{7f110f79-769a-437f-b191-aa78a3c4bc61}]</property>
						</object>
					</property>
				</object>
			</property>
		</object>
		<object type="Aggregation:mapping" version="7">
			<property name="field" valueType="object">
				<object type="Aggregation:localCalcFieldReference" version="7">
					<property name="value" valueType="url">Aggregation[this].calcFields["ttl_ntnl_amnt_mtrty"{203513eb-57f4-4c40-b576-e8976e4a7e72}]</property>
				</object>
			</property>
			<property name="fieldMapping" valueType="table">
				<object type="Aggregation:fieldMapping" version="7">
					<property name="model" valueType="object">
						<object type="DataModel:reference" version="3">
							<property name="value" valueType="url">DataModel["Portfolio[BA_CVA_Effective_Maturity_Floor].ModifyModel[BA_CVA_Effective_Maturity_Floor].Aggregation[BA_CVA_ID_Level]"{Portfolio[8a20e00f-68aa-42ef-b43d-39f6d318939a].ModifyModel[c4e85be9-e191-4a5d-8b55-248e2c70a23d].Aggregation[affbf276-adfa-40b4-81eb-96a8927869f4]}]</property>
						</object>
					</property>
					<property name="expression" valueType="table">
						<object type="DataModel:fieldReference" version="3">
							<property name="value" valueType="url">DataModel["Portfolio[BA_CVA_Effective_Maturity_Floor].ModifyModel[BA_CVA_Effective_Maturity_Floor].Aggregation[BA_CVA_ID_Level]"{Portfolio[8a20e00f-68aa-42ef-b43d-39f6d318939a].ModifyModel[c4e85be9-e191-4a5d-8b55-248e2c70a23d].Aggregation[affbf276-adfa-40b4-81eb-96a8927869f4]}].hierarchy["Aggregation"{affbf276-adfa-40b4-81eb-96a8927869f4}].dataSource.layout["ntnl_amnt_mtrty"{ffea0d4b-51d5-4ce7-9155-4eb34bca7d6c}]</property>
						</object>
					</property>
				</object>
			</property>
		</object>
		<object type="Aggregation:mapping" version="7">
			<property name="field" valueType="object">
				<object type="Aggregation:localCalcFieldReference" version="7">
					<property name="value" valueType="url">Aggregation[this].calcFields["ttl_ead"{8ad722fc-b8f1-4418-b4f3-d8684bd7a913}]</property>
				</object>
			</property>
			<property name="fieldMapping" valueType="table">
				<object type="Aggregation:fieldMapping" version="7">
					<property name="model" valueType="object">
						<object type="DataModel:reference" version="3">
							<property name="value" valueType="url">DataModel["Portfolio[BA_CVA_Effective_Maturity_Floor].ModifyModel[BA_CVA_Effective_Maturity_Floor].Aggregation[BA_CVA_ID_Level]"{Portfolio[8a20e00f-68aa-42ef-b43d-39f6d318939a].ModifyModel[c4e85be9-e191-4a5d-8b55-248e2c70a23d].Aggregation[affbf276-adfa-40b4-81eb-96a8927869f4]}]</property>
						</object>
					</property>
					<property name="expression" valueType="table">
						<object type="DataModel:fieldReference" version="3">
							<property name="value" valueType="url">DataModel["Portfolio[BA_CVA_Effective_Maturity_Floor].ModifyModel[BA_CVA_Effective_Maturity_Floor].Aggregation[BA_CVA_ID_Level]"{Portfolio[8a20e00f-68aa-42ef-b43d-39f6d318939a].ModifyModel[c4e85be9-e191-4a5d-8b55-248e2c70a23d].Aggregation[affbf276-adfa-40b4-81eb-96a8927869f4]}].hierarchy["Aggregation"{affbf276-adfa-40b4-81eb-96a8927869f4}].dataSource.layout["ead"{fa40103a-0be9-4fdc-9613-2b8761b69846}]</property>
						</object>
					</property>
				</object>
			</property>
		</object>
		<object type="Aggregation:mapping" version="7">
			<property name="field" valueType="object">
				<object type="Aggregation:localCalcFieldReference" version="7">
					<property name="value" valueType="url">Aggregation[this].calcFields["cva_sprvsry_rw"{6a5258ab-f04f-4ee8-b5f6-dae8e6f3f995}]</property>
				</object>
			</property>
			<property name="fieldMapping" valueType="table">
				<object type="Aggregation:fieldMapping" version="7">
					<property name="model" valueType="object">
						<object type="DataModel:reference" version="3">
							<property name="value" valueType="url">DataModel["Portfolio[BA_CVA_Effective_Maturity_Floor].ModifyModel[BA_CVA_Effective_Maturity_Floor].Aggregation[BA_CVA_ID_Level]"{Portfolio[8a20e00f-68aa-42ef-b43d-39f6d318939a].ModifyModel[c4e85be9-e191-4a5d-8b55-248e2c70a23d].Aggregation[affbf276-adfa-40b4-81eb-96a8927869f4]}]</property>
						</object>
					</property>
					<property name="expression" valueType="table">
						<object type="DataModel:fieldReference" version="3">
							<property name="value" valueType="url">DataModel["Portfolio[BA_CVA_Effective_Maturity_Floor].ModifyModel[BA_CVA_Effective_Maturity_Floor].Aggregation[BA_CVA_ID_Level]"{Portfolio[8a20e00f-68aa-42ef-b43d-39f6d318939a].ModifyModel[c4e85be9-e191-4a5d-8b55-248e2c70a23d].Aggregation[affbf276-adfa-40b4-81eb-96a8927869f4]}].hierarchy["Aggregation"{affbf276-adfa-40b4-81eb-96a8927869f4}].dataSource.layout["cva_sprvsry_rw"{c9cc9304-6344-4b53-bd2c-0490e17fede9}]</property>
						</object>
					</property>
				</object>
			</property>
		</object>
		<object type="Aggregation:mapping" version="7">
			<property name="field" valueType="object">
				<object type="Aggregation:localCalcFieldReference" version="7">
					<property name="value" valueType="url">Aggregation[this].calcFields["alpha"{91403146-1455-487d-a692-dae72863b37b}]</property>
				</object>
			</property>
			<property name="fieldMapping" valueType="table">
				<object type="Aggregation:fieldMapping" version="7">
					<property name="model" valueType="object">
						<object type="DataModel:reference" version="3">
							<property name="value" valueType="url">DataModel["Portfolio[BA_CVA_Effective_Maturity_Floor].ModifyModel[BA_CVA_Effective_Maturity_Floor].Aggregation[BA_CVA_ID_Level]"{Portfolio[8a20e00f-68aa-42ef-b43d-39f6d318939a].ModifyModel[c4e85be9-e191-4a5d-8b55-248e2c70a23d].Aggregation[affbf276-adfa-40b4-81eb-96a8927869f4]}]</property>
						</object>
					</property>
					<property name="expression" valueType="table">
						<object type="DataModel:fieldReference" version="3">
							<property name="value" valueType="url">DataModel["Portfolio[BA_CVA_Effective_Maturity_Floor].ModifyModel[BA_CVA_Effective_Maturity_Floor].Aggregation[BA_CVA_ID_Level]"{Portfolio[8a20e00f-68aa-42ef-b43d-39f6d318939a].ModifyModel[c4e85be9-e191-4a5d-8b55-248e2c70a23d].Aggregation[affbf276-adfa-40b4-81eb-96a8927869f4]}].hierarchy["Aggregation"{affbf276-adfa-40b4-81eb-96a8927869f4}].dataSource.layout["alpha"{7028a277-36c8-4b36-8b57-b8855e674765}]</property>
						</object>
					</property>
				</object>
			</property>
		</object>
		<object type="Aggregation:mapping" version="7">
			<property name="field" valueType="object">
				<object type="Aggregation:localCalcFieldReference" version="7">
					<property name="value" valueType="url">Aggregation[this].calcFields["enm_cva_mthd"{71a8981e-e1ab-4193-b8e4-753225fe300f}]</property>
				</object>
			</property>
			<property name="fieldMapping" valueType="table">
				<object type="Aggregation:fieldMapping" version="7">
					<property name="model" valueType="object">
						<object type="DataModel:reference" version="3">
							<property name="value" valueType="url">DataModel["Portfolio[BA_CVA_Effective_Maturity_Floor].ModifyModel[BA_CVA_Effective_Maturity_Floor].Aggregation[BA_CVA_ID_Level]"{Portfolio[8a20e00f-68aa-42ef-b43d-39f6d318939a].ModifyModel[c4e85be9-e191-4a5d-8b55-248e2c70a23d].Aggregation[affbf276-adfa-40b4-81eb-96a8927869f4]}]</property>
						</object>
					</property>
					<property name="expression" valueType="table">
						<object type="DataModel:fieldReference" version="3">
							<property name="value" valueType="url">DataModel["Portfolio[BA_CVA_Effective_Maturity_Floor].ModifyModel[BA_CVA_Effective_Maturity_Floor].Aggregation[BA_CVA_ID_Level]"{Portfolio[8a20e00f-68aa-42ef-b43d-39f6d318939a].ModifyModel[c4e85be9-e191-4a5d-8b55-248e2c70a23d].Aggregation[affbf276-adfa-40b4-81eb-96a8927869f4]}].hierarchy["Aggregation"{affbf276-adfa-40b4-81eb-96a8927869f4}].dataSource.layout["enm_cva_mthd"{24b98f47-b18c-4262-90fe-1655875c98cf}]</property>
						</object>
					</property>
				</object>
			</property>
		</object>
		<object type="Aggregation:mapping" version="7">
			<property name="field" valueType="object">
				<object type="Aggregation:localCalcFieldReference" version="7">
					<property name="value" valueType="url">Aggregation[this].calcFields["ns_cva_effctv_mtrty_flr"{fb03379b-8831-457e-8f91-16c4de6c5eb6}]</property>
				</object>
			</property>
			<property name="fieldMapping" valueType="table">
				<object type="Aggregation:fieldMapping" version="7">
					<property name="model" valueType="object">
						<object type="DataModel:reference" version="3">
							<property name="value" valueType="url">DataModel["Portfolio[BA_CVA_Effective_Maturity_Floor].ModifyModel[BA_CVA_Effective_Maturity_Floor].Aggregation[BA_CVA_ID_Level]"{Portfolio[8a20e00f-68aa-42ef-b43d-39f6d318939a].ModifyModel[c4e85be9-e191-4a5d-8b55-248e2c70a23d].Aggregation[affbf276-adfa-40b4-81eb-96a8927869f4]}]</property>
						</object>
					</property>
					<property name="expression" valueType="table">
						<object type="SQLExpressionPart" version="2">
							<property name="value" value="CASE WHEN " valueType="string"/>
						</object>
						<object type="DataModel:fieldReference" version="3">
							<property name="value" valueType="url">DataModel["Portfolio[BA_CVA_Effective_Maturity_Floor].ModifyModel[BA_CVA_Effective_Maturity_Floor].Aggregation[BA_CVA_ID_Level]"{Portfolio[8a20e00f-68aa-42ef-b43d-39f6d318939a].ModifyModel[c4e85be9-e191-4a5d-8b55-248e2c70a23d].Aggregation[affbf276-adfa-40b4-81eb-96a8927869f4]}].hierarchy["Aggregation"{affbf276-adfa-40b4-81eb-96a8927869f4}].dataSource.layout["enm_pstn_clss"{c0d265c2-edd1-4e90-99ba-9a7298ffb290}]</property>
						</object>
						<object type="SQLExpressionPart" version="2">
							<property name="value" value=" IN ('DERIVATIVE', 'SFT', 'CRM') THEN " valueType="string"/>
						</object>
						<object type="DataModel:fieldReference" version="3">
							<property name="value" valueType="url">DataModel["Portfolio[BA_CVA_Effective_Maturity_Floor].ModifyModel[BA_CVA_Effective_Maturity_Floor].Aggregation[BA_CVA_ID_Level]"{Portfolio[8a20e00f-68aa-42ef-b43d-39f6d318939a].ModifyModel[c4e85be9-e191-4a5d-8b55-248e2c70a23d].Aggregation[affbf276-adfa-40b4-81eb-96a8927869f4]}].hierarchy["Portfolio[BA_CVA_Effective_Maturity_Floor]"{8a20e00f-68aa-42ef-b43d-39f6d318939a}].dataSource.layout["cva_effctv_mtrty_flr"{b873d579-a599-4db4-8225-91ee0c9947c6}]</property>
						</object>
						<object type="SQLExpressionPart" version="2">
							<property name="value" value=" END" valueType="string"/>
						</object>
					</property>
					<property name="valueNullable" value="false" valueType="boolean"/>
					<property name="valueType" value="FLOAT" valueType="string"/>
				</object>
			</property>
		</object>
		<object type="Aggregation:mapping" version="7">
			<property name="field" valueType="object">
				<object type="Aggregation:localCalcFieldReference" version="7">
					<property name="value" valueType="url">Aggregation[this].calcFields["entity_cntry"{3ed510a3-8afa-49fb-8d19-534141efb8ff}]</property>
				</object>
			</property>
			<property name="fieldMapping" valueType="table">
				<object type="Aggregation:fieldMapping" version="7">
					<property name="model" valueType="object">
						<object type="DataModel:reference" version="3">
							<property name="value" valueType="url">DataModel["Portfolio[BA_CVA_Effective_Maturity_Floor].ModifyModel[BA_CVA_Effective_Maturity_Floor].Aggregation[BA_CVA_ID_Level]"{Portfolio[8a20e00f-68aa-42ef-b43d-39f6d318939a].ModifyModel[c4e85be9-e191-4a5d-8b55-248e2c70a23d].Aggregation[affbf276-adfa-40b4-81eb-96a8927869f4]}]</property>
						</object>
					</property>
					<property name="expression" valueType="table">
						<object type="DataModel:fieldReference" version="3">
							<property name="value" valueType="url">DataModel["Portfolio[BA_CVA_Effective_Maturity_Floor].ModifyModel[BA_CVA_Effective_Maturity_Floor].Aggregation[BA_CVA_ID_Level]"{Portfolio[8a20e00f-68aa-42ef-b43d-39f6d318939a].ModifyModel[c4e85be9-e191-4a5d-8b55-248e2c70a23d].Aggregation[affbf276-adfa-40b4-81eb-96a8927869f4]}].hierarchy["Aggregation"{affbf276-adfa-40b4-81eb-96a8927869f4}].dataSource.layout["entity_cntry"{9246f10b-db82-4145-9835-62239f953281}]</property>
						</object>
					</property>
				</object>
			</property>
		</object>
	</property>
	<property name="storageType" value="CONTINUOUS_PARTITION" valueType="string"/>
	<property name="postTableCreationStatements" valueType="table"/>
	<property name="postAdjustmentTableCreationStatements" valueType="table"/>
	<property name="detailsAsKeys" value="true" valueType="boolean"/>
	<property name="dbSourceForResults" valueType="url">DBSource["POSTGRES"{7141b02a-a2bf-46bb-9ad0-fa1087f431e1}]</property>
	<property name="archivalProperties" valueType="object">
		<object type="ArchivalProperties" version="2">
			<property name="daily" value="false" valueType="boolean"/>
			<property name="weekly" value="false" valueType="boolean"/>
			<property name="monthly" value="false" valueType="boolean"/>
			<property name="quarterly" value="false" valueType="boolean"/>
			<property name="semiAnnually" value="false" valueType="boolean"/>
			<property name="annually" value="false" valueType="boolean"/>
			<property name="intraDay" value="false" valueType="boolean"/>
			<property name="userDefined" value="false" valueType="boolean"/>
		</object>
	</property>
	<property name="condition" valueType="tree">
		<objectNode type="Condition" version="3">
			<property name="isNegated" value="false" valueType="boolean"/>
			<property name="groupingOperator" value="AND" valueType="string"/>
			<children>
				<objectNode type="Condition:freehandExpression" version="3">
					<property name="expression" valueType="table">
						<object type="SQLPattern" version="3">
							<property name="name" value="isNull" valueType="string"/>
							<property name="parameters" valueType="table">
								<object type="SQLPattern:parameter" version="3">
									<property name="expressions" valueType="table">
										<object type="DataModel:fieldMap" version="3">
											<property name="map" valueType="table">
												<object type="DataModel:fieldReference" version="3">
													<property name="value" valueType="url">DataModel["Portfolio[BA_CVA_Effective_Maturity_Floor].ModifyModel[BA_CVA_Effective_Maturity_Floor].Aggregation[BA_CVA_ID_Level]"{Portfolio[8a20e00f-68aa-42ef-b43d-39f6d318939a].ModifyModel[c4e85be9-e191-4a5d-8b55-248e2c70a23d].Aggregation[affbf276-adfa-40b4-81eb-96a8927869f4]}].hierarchy["Aggregation"{affbf276-adfa-40b4-81eb-96a8927869f4}].dataSource.layout["id_nttng_agrmnt"{7061c658-43c6-4bc9-b341-276621308997}]</property>
												</object>
											</property>
										</object>
									</property>
								</object>
								<object type="SQLPattern:parameter" version="3">
									<property name="expressions" valueType="table">
										<object type="SQLExpressionPart" version="2">
											<property name="value" value="''" valueType="string"/>
										</object>
									</property>
								</object>
							</property>
						</object>
						<object type="SQLExpressionPart" version="2">
							<property name="value" value=" != ''" valueType="string"/>
						</object>
					</property>
				</objectNode>
			</children>
		</objectNode>
	</property>
	<property name="doNotAggregate" value="false" valueType="boolean"/>
	<property name="fourEyesCheck" value="false" valueType="boolean"/>
	<property name="trackDrilldownInformation" value="true" valueType="boolean"/>
	<property name="trackAllInstancesMode" value="NONE" valueType="string"/>
	<property name="computeStatistics" value="FOR_ALL_COLUMNS" valueType="string"/>
	<property name="instanceRebuildRestriction" value="AlterFullRebuild" valueType="string"/>
	<property name="allowExternalDataPermissions" value="false" valueType="boolean"/>
</object>