<object stamp="21bcbcab-cca3-4bff-ab5d-551a2c441b02_1741193296367" type="Aggregation" version="12">
	<property name="name" value="CVA_SFT_Materiality_Threshold_Ratio" valueType="string"/>
	<property name="description" value="" valueType="string"/>
	<property name="objectId" value="12cc506a-7598-4cce-9495-5d9c765b2d7b" valueType="string"/>
	<property name="branchId" value="fb18ae3e-901e-4791-a902-9192a922978e" valueType="string"/>
	<property name="models" valueType="table">
		<object type="ModelBasedTask:modelEntry" version="3">
			<property name="dataModel" valueType="url">DataModel["Aggregation[AA_CVA_Cube]"{Aggregation[6c078c94-77b9-468c-ba1b-fc30d85581cf]}]</property>
			<property name="instanceSelectionRule" valueType="object">
				<object type="InstanceSelectionRule" version="3">
					<property name="instanceDateRule" valueType="object">
						<object type="InstanceSelectionRule:rule" version="3">
							<property name="type" value="EQUAL" valueType="string"/>
						</object>
					</property>
					<property name="instanceKeyRules" valueType="table"/>
				</object>
			</property>
		</object>
		<object type="ModelBasedTask:modelEntry" version="3">
			<property name="dataModel" valueType="url">DataModel["Aggregation[BA_CVA_Cube]"{Aggregation[9ca3e85c-a5a3-4085-a4b4-78c0317ee52d]}]</property>
			<property name="instanceSelectionRule" valueType="object">
				<object type="InstanceSelectionRule" version="3">
					<property name="instanceDateRule" valueType="object">
						<object type="InstanceSelectionRule:rule" version="3">
							<property name="type" value="EQUAL" valueType="string"/>
						</object>
					</property>
					<property name="instanceKeyRules" valueType="table"/>
				</object>
			</property>
		</object>
		<object type="ModelBasedTask:modelEntry" version="3">
			<property name="dataModel" valueType="url">DataModel["ModifyModel[SA_CVA_Results].Aggregation[SA_CVA_Final_RiskCharge_Output_Cube]"{ModifyModel[903d7d2c-8b00-479b-b207-a21e263a1ac8].Aggregation[8fef9fa7-3af4-4e9e-b813-e75525cd1a5b]}]</property>
			<property name="instanceSelectionRule" valueType="object">
				<object type="InstanceSelectionRule" version="3">
					<property name="instanceDateRule" valueType="object">
						<object type="InstanceSelectionRule:rule" version="3">
							<property name="type" value="EQUAL" valueType="string"/>
						</object>
					</property>
					<property name="instanceKeyRules" valueType="table"/>
				</object>
			</property>
		</object>
		<object type="ModelBasedTask:modelEntry" version="3">
			<property name="dataModel" valueType="url">DataModel["credit_risk:shared_calcs:Aggregation[Consolidated_Other_Risk_Results_Inputs]"{201f0479-2022-4d17-9c7a-5114303566bc:015fe472-ce70-41e1-9583-ebf524ac86a8:Aggregation[e980a3aa-0b34-4ec2-aed9-f8478dc2aea7]}]</property>
			<property name="instanceSelectionRule" valueType="object">
				<object type="InstanceSelectionRule" version="3">
					<property name="instanceDateRule" valueType="object">
						<object type="InstanceSelectionRule:rule" version="3">
							<property name="type" value="EQUAL" valueType="string"/>
						</object>
					</property>
					<property name="instanceKeyRules" valueType="table"/>
				</object>
			</property>
		</object>
	</property>
	<property name="requiresAllModels" value="false" valueType="boolean"/>
	<property name="parameters" valueType="table"/>
	<property name="details" valueType="table">
		<object type="Aggregation:detail" version="6">
			<property name="name" value="entity" valueType="string"/>
			<property name="description" value="" valueType="string"/>
			<property name="id" value="f1ecee9d-a7b7-4d2f-ba27-92a129d4fc5b" valueType="string"/>
			<property name="overrideLookupInformation" value="false" valueType="boolean"/>
			<property name="displayFormat" value="" valueType="string"/>
			<property name="title" value="Entity" valueType="string"/>
			<property name="overrideNullable" value="DEFAULT" valueType="string"/>
		</object>
	</property>
	<property name="calcFields" valueType="table">
		<object type="Aggregation:calcField" version="7">
			<property name="name" value="ratio_nmrtr" valueType="string"/>
			<property name="description" value="" valueType="string"/>
			<property name="id" value="6fcb7f9e-9aba-4129-8904-3d4f779ccdea" valueType="string"/>
			<property name="aggrMethod" value="SUM" valueType="string"/>
			<property name="calcTotal" value="true" valueType="boolean"/>
			<property name="calcFormula" valueType="table"/>
			<property name="displayFormat" value="" valueType="string"/>
			<property name="overrideLookupInformation" value="false" valueType="boolean"/>
			<property name="title" value="Ratio's Numerator" valueType="string"/>
			<property name="overrideNullable" value="DEFAULT" valueType="string"/>
		</object>
		<object type="Aggregation:calcField" version="7">
			<property name="name" value="ratio_dnmntr" valueType="string"/>
			<property name="description" value="" valueType="string"/>
			<property name="id" value="1b54d68c-2ff3-4c7a-92ac-c9195a118af1" valueType="string"/>
			<property name="aggrMethod" value="SUM" valueType="string"/>
			<property name="calcTotal" value="true" valueType="boolean"/>
			<property name="calcFormula" valueType="table"/>
			<property name="displayFormat" value="" valueType="string"/>
			<property name="overrideLookupInformation" value="false" valueType="boolean"/>
			<property name="title" value="Ratio's Denominator" valueType="string"/>
			<property name="overrideNullable" value="DEFAULT" valueType="string"/>
		</object>
		<object type="Aggregation:calcField" version="7">
			<property name="name" value="cva_sft_mtrlty_thrshld" valueType="string"/>
			<property name="description" value="" valueType="string"/>
			<property name="id" value="27118c79-886c-4950-b148-2eff25c1e64e" valueType="string"/>
			<property name="aggrMethod" value="MAX" valueType="string"/>
			<property name="calcTotal" value="true" valueType="boolean"/>
			<property name="calcFormula" valueType="table"/>
			<property name="displayFormat" value="" valueType="string"/>
			<property name="overrideLookupInformation" value="false" valueType="boolean"/>
			<property name="title" value="CVA SFT Materiality Threshold" valueType="string"/>
			<property name="overrideNullable" value="DEFAULT" valueType="string"/>
		</object>
	</property>
	<property name="auxFields" valueType="table"/>
	<property name="syntheticFields" valueType="table">
		<object type="Aggregation:syntheticField" version="7">
			<property name="name" value="ratio" valueType="string"/>
			<property name="description" value="" valueType="string"/>
			<property name="id" value="0781626c-6d3f-4c7d-80e5-ae44a6d144b4" valueType="string"/>
			<property name="formula" valueType="table">
				<object type="SQLExpressionPart" version="2">
					<property name="value" value="CASE WHEN " valueType="string"/>
				</object>
				<object type="SQLPattern" version="3">
					<property name="name" value="isNull" valueType="string"/>
					<property name="parameters" valueType="table">
						<object type="SQLPattern:parameter" version="3">
							<property name="expressions" valueType="table">
								<object type="Aggregation:localCalcFieldReference" version="7">
									<property name="value" valueType="url">Aggregation[this].calcFields["ratio_dnmntr"{1b54d68c-2ff3-4c7a-92ac-c9195a118af1}]</property>
								</object>
							</property>
						</object>
						<object type="SQLPattern:parameter" version="3">
							<property name="expressions" valueType="table">
								<object type="SQLExpressionPart" version="2">
									<property name="value" value="0" valueType="string"/>
								</object>
							</property>
						</object>
					</property>
				</object>
				<object type="SQLExpressionPart" version="2">
					<property name="value" value=" = 0 THEN 0 ELSE " valueType="string"/>
				</object>
				<object type="Aggregation:localCalcFieldReference" version="7">
					<property name="value" valueType="url">Aggregation[this].calcFields["ratio_nmrtr"{6fcb7f9e-9aba-4129-8904-3d4f779ccdea}]</property>
				</object>
				<object type="SQLExpressionPart" version="2">
					<property name="value" value="/" valueType="string"/>
				</object>
				<object type="Aggregation:localCalcFieldReference" version="7">
					<property name="value" valueType="url">Aggregation[this].calcFields["ratio_dnmntr"{1b54d68c-2ff3-4c7a-92ac-c9195a118af1}]</property>
				</object>
				<object type="SQLExpressionPart" version="2">
					<property name="value" value=" END" valueType="string"/>
				</object>
			</property>
			<property name="calcTotal" value="true" valueType="boolean"/>
			<property name="valueType" value="FLOAT" valueType="string"/>
			<property name="valueNullable" value="false" valueType="boolean"/>
			<property name="title" value="Ratio" valueType="string"/>
			<property name="displayFormat" value="" valueType="string"/>
		</object>
	</property>
	<property name="additionalIndices" valueType="table"/>
	<property name="mappings" valueType="table">
		<object type="Aggregation:mapping" version="7">
			<property name="field" valueType="object">
				<object type="Aggregation:localDetailReference" version="7">
					<property name="value" valueType="url">Aggregation[this].details["entity"{f1ecee9d-a7b7-4d2f-ba27-92a129d4fc5b}]</property>
				</object>
			</property>
			<property name="fieldMapping" valueType="table">
				<object type="Aggregation:fieldMapping" version="7">
					<property name="model" valueType="object">
						<object type="DataModel:reference" version="3">
							<property name="value" valueType="url">DataModel["Aggregation[AA_CVA_Cube]"{Aggregation[6c078c94-77b9-468c-ba1b-fc30d85581cf]}]</property>
						</object>
					</property>
					<property name="expression" valueType="table">
						<object type="DataModel:fieldReference" version="3">
							<property name="value" valueType="url">DataModel["Aggregation[AA_CVA_Cube]"{Aggregation[6c078c94-77b9-468c-ba1b-fc30d85581cf]}].hierarchy["Aggregation"{6c078c94-77b9-468c-ba1b-fc30d85581cf}].dataSource.layout["entity"{bb049a9c-9526-44e9-bbcc-d978383f39f8}]</property>
						</object>
					</property>
				</object>
				<object type="Aggregation:fieldMapping" version="7">
					<property name="model" valueType="object">
						<object type="DataModel:reference" version="3">
							<property name="value" valueType="url">DataModel["Aggregation[BA_CVA_Cube]"{Aggregation[9ca3e85c-a5a3-4085-a4b4-78c0317ee52d]}]</property>
						</object>
					</property>
					<property name="expression" valueType="table">
						<object type="DataModel:fieldReference" version="3">
							<property name="value" valueType="url">DataModel["Aggregation[BA_CVA_Cube]"{Aggregation[9ca3e85c-a5a3-4085-a4b4-78c0317ee52d]}].hierarchy["Aggregation"{9ca3e85c-a5a3-4085-a4b4-78c0317ee52d}].dataSource.layout["entity"{145cdf1d-59fe-4d66-958f-7b49fd74917a}]</property>
						</object>
					</property>
				</object>
				<object type="Aggregation:fieldMapping" version="7">
					<property name="model" valueType="object">
						<object type="DataModel:reference" version="3">
							<property name="value" valueType="url">DataModel["ModifyModel[SA_CVA_Results].Aggregation[SA_CVA_Final_RiskCharge_Output_Cube]"{ModifyModel[903d7d2c-8b00-479b-b207-a21e263a1ac8].Aggregation[8fef9fa7-3af4-4e9e-b813-e75525cd1a5b]}]</property>
						</object>
					</property>
					<property name="expression" valueType="table">
						<object type="DataModel:fieldReference" version="3">
							<property name="value" valueType="url">DataModel["ModifyModel[SA_CVA_Results].Aggregation[SA_CVA_Final_RiskCharge_Output_Cube]"{ModifyModel[903d7d2c-8b00-479b-b207-a21e263a1ac8].Aggregation[8fef9fa7-3af4-4e9e-b813-e75525cd1a5b]}].hierarchy["Aggregation"{8fef9fa7-3af4-4e9e-b813-e75525cd1a5b}].dataSource.layout["entity"{6c85ead6-6294-4d83-b49f-2cad15f62c14}]</property>
						</object>
					</property>
				</object>
				<object type="Aggregation:fieldMapping" version="7">
					<property name="model" valueType="object">
						<object type="DataModel:reference" version="3">
							<property name="value" valueType="url">DataModel["credit_risk:shared_calcs:Aggregation[Consolidated_Other_Risk_Results_Inputs]"{201f0479-2022-4d17-9c7a-5114303566bc:015fe472-ce70-41e1-9583-ebf524ac86a8:Aggregation[e980a3aa-0b34-4ec2-aed9-f8478dc2aea7]}]</property>
						</object>
					</property>
					<property name="expression" valueType="table">
						<object type="DataModel:fieldReference" version="3">
							<property name="value" valueType="url">DataModel["credit_risk:shared_calcs:Aggregation[Consolidated_Other_Risk_Results_Inputs]"{201f0479-2022-4d17-9c7a-5114303566bc:015fe472-ce70-41e1-9583-ebf524ac86a8:Aggregation[e980a3aa-0b34-4ec2-aed9-f8478dc2aea7]}].hierarchy["Aggregation"{e980a3aa-0b34-4ec2-aed9-f8478dc2aea7}].dataSource.layout["entity"{57f230b2-f6c8-485b-a84f-81a2e5f71dd7}]</property>
						</object>
					</property>
				</object>
			</property>
		</object>
		<object type="Aggregation:mapping" version="7">
			<property name="field" valueType="object">
				<object type="Aggregation:localCalcFieldReference" version="7">
					<property name="value" valueType="url">Aggregation[this].calcFields["ratio_nmrtr"{6fcb7f9e-9aba-4129-8904-3d4f779ccdea}]</property>
				</object>
			</property>
			<property name="fieldMapping" valueType="table">
				<object type="Aggregation:fieldMapping" version="7">
					<property name="model" valueType="object">
						<object type="DataModel:reference" version="3">
							<property name="value" valueType="url">DataModel["Aggregation[AA_CVA_Cube]"{Aggregation[6c078c94-77b9-468c-ba1b-fc30d85581cf]}]</property>
						</object>
					</property>
					<property name="expression" valueType="table">
						<object type="SQLExpressionPart" version="2">
							<property name="value" value="CASE WHEN " valueType="string"/>
						</object>
						<object type="DataModel:fieldReference" version="3">
							<property name="value" valueType="url">DataModel["Aggregation[AA_CVA_Cube]"{Aggregation[6c078c94-77b9-468c-ba1b-fc30d85581cf]}].hierarchy["Aggregation"{6c078c94-77b9-468c-ba1b-fc30d85581cf}].dataSource.layout["run_type"{84feb99b-1d2a-48a0-a52d-676431c4c0a5}]</property>
						</object>
						<object type="SQLExpressionPart" version="2">
							<property name="value" value=" ='CVA_SFT_FV_ONLY' THEN  " valueType="string"/>
						</object>
						<object type="SQLPattern" version="3">
							<property name="name" value="isNull" valueType="string"/>
							<property name="parameters" valueType="table">
								<object type="SQLPattern:parameter" version="3">
									<property name="expressions" valueType="table">
										<object type="DataModel:fieldReference" version="3">
											<property name="value" valueType="url">DataModel["Aggregation[AA_CVA_Cube]"{Aggregation[6c078c94-77b9-468c-ba1b-fc30d85581cf]}].hierarchy["Aggregation"{6c078c94-77b9-468c-ba1b-fc30d85581cf}].dataSource.layout["ttl_aa_cva_rwa"{433611b3-40f8-40b3-8dc9-42925dbcbfe8}]</property>
										</object>
									</property>
								</object>
								<object type="SQLPattern:parameter" version="3">
									<property name="expressions" valueType="table">
										<object type="SQLExpressionPart" version="2">
											<property name="value" value="0" valueType="string"/>
										</object>
									</property>
								</object>
							</property>
						</object>
						<object type="SQLExpressionPart" version="2">
							<property name="value" value="/12.5 ELSE 0 END" valueType="string"/>
						</object>
					</property>
					<property name="valueNullable" value="false" valueType="boolean"/>
					<property name="valueType" value="FLOAT" valueType="string"/>
				</object>
				<object type="Aggregation:fieldMapping" version="7">
					<property name="model" valueType="object">
						<object type="DataModel:reference" version="3">
							<property name="value" valueType="url">DataModel["Aggregation[BA_CVA_Cube]"{Aggregation[9ca3e85c-a5a3-4085-a4b4-78c0317ee52d]}]</property>
						</object>
					</property>
					<property name="expression" valueType="table">
						<object type="SQLExpressionPart" version="2">
							<property name="value" value="CASE WHEN " valueType="string"/>
						</object>
						<object type="DataModel:fieldReference" version="3">
							<property name="value" valueType="url">DataModel["Aggregation[BA_CVA_Cube]"{Aggregation[9ca3e85c-a5a3-4085-a4b4-78c0317ee52d]}].hierarchy["Aggregation"{9ca3e85c-a5a3-4085-a4b4-78c0317ee52d}].dataSource.layout["run_type"{b7fc39f7-f129-4caa-b82c-27a5f3ea057b}]</property>
						</object>
						<object type="SQLExpressionPart" version="2">
							<property name="value" value=" ='CVA_SFT_FV_ONLY' THEN  " valueType="string"/>
						</object>
						<object type="SQLPattern" version="3">
							<property name="name" value="isNull" valueType="string"/>
							<property name="parameters" valueType="table">
								<object type="SQLPattern:parameter" version="3">
									<property name="expressions" valueType="table">
										<object type="DataModel:fieldReference" version="3">
											<property name="value" valueType="url">DataModel["Aggregation[BA_CVA_Cube]"{Aggregation[9ca3e85c-a5a3-4085-a4b4-78c0317ee52d]}].hierarchy["Aggregation"{9ca3e85c-a5a3-4085-a4b4-78c0317ee52d}].dataSource.layout["ba_cva_own_fnds_rqrmnt"{ee039c85-f763-4d76-acdc-0764d545b438}]</property>
										</object>
									</property>
								</object>
								<object type="SQLPattern:parameter" version="3">
									<property name="expressions" valueType="table">
										<object type="SQLExpressionPart" version="2">
											<property name="value" value="0" valueType="string"/>
										</object>
									</property>
								</object>
							</property>
						</object>
						<object type="SQLExpressionPart" version="2">
							<property name="value" value=" ELSE 0 END" valueType="string"/>
						</object>
					</property>
					<property name="valueNullable" value="false" valueType="boolean"/>
					<property name="valueType" value="FLOAT" valueType="string"/>
				</object>
				<object type="Aggregation:fieldMapping" version="7">
					<property name="model" valueType="object">
						<object type="DataModel:reference" version="3">
							<property name="value" valueType="url">DataModel["ModifyModel[SA_CVA_Results].Aggregation[SA_CVA_Final_RiskCharge_Output_Cube]"{ModifyModel[903d7d2c-8b00-479b-b207-a21e263a1ac8].Aggregation[8fef9fa7-3af4-4e9e-b813-e75525cd1a5b]}]</property>
						</object>
					</property>
					<property name="expression" valueType="table">
						<object type="SQLExpressionPart" version="2">
							<property name="value" value="0" valueType="string"/>
						</object>
					</property>
					<property name="valueNullable" value="false" valueType="boolean"/>
					<property name="valueType" value="FLOAT" valueType="string"/>
				</object>
				<object type="Aggregation:fieldMapping" version="7">
					<property name="model" valueType="object">
						<object type="DataModel:reference" version="3">
							<property name="value" valueType="url">DataModel["credit_risk:shared_calcs:Aggregation[Consolidated_Other_Risk_Results_Inputs]"{201f0479-2022-4d17-9c7a-5114303566bc:015fe472-ce70-41e1-9583-ebf524ac86a8:Aggregation[e980a3aa-0b34-4ec2-aed9-f8478dc2aea7]}]</property>
						</object>
					</property>
					<property name="expression" valueType="table">
						<object type="SQLExpressionPart" version="2">
							<property name="value" value="0" valueType="string"/>
						</object>
					</property>
					<property name="valueNullable" value="false" valueType="boolean"/>
					<property name="valueType" value="FLOAT" valueType="string"/>
				</object>
			</property>
		</object>
		<object type="Aggregation:mapping" version="7">
			<property name="field" valueType="object">
				<object type="Aggregation:localCalcFieldReference" version="7">
					<property name="value" valueType="url">Aggregation[this].calcFields["ratio_dnmntr"{1b54d68c-2ff3-4c7a-92ac-c9195a118af1}]</property>
				</object>
			</property>
			<property name="fieldMapping" valueType="table">
				<object type="Aggregation:fieldMapping" version="7">
					<property name="model" valueType="object">
						<object type="DataModel:reference" version="3">
							<property name="value" valueType="url">DataModel["Aggregation[AA_CVA_Cube]"{Aggregation[6c078c94-77b9-468c-ba1b-fc30d85581cf]}]</property>
						</object>
					</property>
					<property name="expression" valueType="table">
						<object type="SQLExpressionPart" version="2">
							<property name="value" value="CASE WHEN " valueType="string"/>
						</object>
						<object type="DataModel:fieldReference" version="3">
							<property name="value" valueType="url">DataModel["Aggregation[AA_CVA_Cube]"{Aggregation[6c078c94-77b9-468c-ba1b-fc30d85581cf]}].hierarchy["Aggregation"{6c078c94-77b9-468c-ba1b-fc30d85581cf}].dataSource.layout["run_type"{84feb99b-1d2a-48a0-a52d-676431c4c0a5}]</property>
						</object>
						<object type="SQLExpressionPart" version="2">
							<property name="value" value=" ='CVA_WTH_SFT_FV' THEN  " valueType="string"/>
						</object>
						<object type="SQLPattern" version="3">
							<property name="name" value="isNull" valueType="string"/>
							<property name="parameters" valueType="table">
								<object type="SQLPattern:parameter" version="3">
									<property name="expressions" valueType="table">
										<object type="DataModel:fieldReference" version="3">
											<property name="value" valueType="url">DataModel["Aggregation[AA_CVA_Cube]"{Aggregation[6c078c94-77b9-468c-ba1b-fc30d85581cf]}].hierarchy["Aggregation"{6c078c94-77b9-468c-ba1b-fc30d85581cf}].dataSource.layout["ttl_aa_cva_rwa"{433611b3-40f8-40b3-8dc9-42925dbcbfe8}]</property>
										</object>
									</property>
								</object>
								<object type="SQLPattern:parameter" version="3">
									<property name="expressions" valueType="table">
										<object type="SQLExpressionPart" version="2">
											<property name="value" value="0" valueType="string"/>
										</object>
									</property>
								</object>
							</property>
						</object>
						<object type="SQLExpressionPart" version="2">
							<property name="value" value="/12.5 ELSE 0 END" valueType="string"/>
						</object>
					</property>
					<property name="valueNullable" value="false" valueType="boolean"/>
					<property name="valueType" value="FLOAT" valueType="string"/>
				</object>
				<object type="Aggregation:fieldMapping" version="7">
					<property name="model" valueType="object">
						<object type="DataModel:reference" version="3">
							<property name="value" valueType="url">DataModel["Aggregation[BA_CVA_Cube]"{Aggregation[9ca3e85c-a5a3-4085-a4b4-78c0317ee52d]}]</property>
						</object>
					</property>
					<property name="expression" valueType="table">
						<object type="SQLExpressionPart" version="2">
							<property name="value" value="CASE WHEN " valueType="string"/>
						</object>
						<object type="DataModel:fieldReference" version="3">
							<property name="value" valueType="url">DataModel["Aggregation[BA_CVA_Cube]"{Aggregation[9ca3e85c-a5a3-4085-a4b4-78c0317ee52d]}].hierarchy["Aggregation"{9ca3e85c-a5a3-4085-a4b4-78c0317ee52d}].dataSource.layout["run_type"{b7fc39f7-f129-4caa-b82c-27a5f3ea057b}]</property>
						</object>
						<object type="SQLExpressionPart" version="2">
							<property name="value" value=" = 'CVA_WTH_SFT_FV' THEN " valueType="string"/>
						</object>
						<object type="SQLPattern" version="3">
							<property name="name" value="isNull" valueType="string"/>
							<property name="parameters" valueType="table">
								<object type="SQLPattern:parameter" version="3">
									<property name="expressions" valueType="table">
										<object type="DataModel:fieldReference" version="3">
											<property name="value" valueType="url">DataModel["Aggregation[BA_CVA_Cube]"{Aggregation[9ca3e85c-a5a3-4085-a4b4-78c0317ee52d]}].hierarchy["Aggregation"{9ca3e85c-a5a3-4085-a4b4-78c0317ee52d}].dataSource.layout["ba_cva_own_fnds_rqrmnt"{ee039c85-f763-4d76-acdc-0764d545b438}]</property>
										</object>
									</property>
								</object>
								<object type="SQLPattern:parameter" version="3">
									<property name="expressions" valueType="table">
										<object type="SQLExpressionPart" version="2">
											<property name="value" value="0" valueType="string"/>
										</object>
									</property>
								</object>
							</property>
						</object>
						<object type="SQLExpressionPart" version="2">
							<property name="value" value=" ELSE 0 END" valueType="string"/>
						</object>
					</property>
					<property name="valueNullable" value="false" valueType="boolean"/>
					<property name="valueType" value="FLOAT" valueType="string"/>
				</object>
				<object type="Aggregation:fieldMapping" version="7">
					<property name="model" valueType="object">
						<object type="DataModel:reference" version="3">
							<property name="value" valueType="url">DataModel["ModifyModel[SA_CVA_Results].Aggregation[SA_CVA_Final_RiskCharge_Output_Cube]"{ModifyModel[903d7d2c-8b00-479b-b207-a21e263a1ac8].Aggregation[8fef9fa7-3af4-4e9e-b813-e75525cd1a5b]}]</property>
						</object>
					</property>
					<property name="expression" valueType="table">
						<object type="SQLPattern" version="3">
							<property name="name" value="isNull" valueType="string"/>
							<property name="parameters" valueType="table">
								<object type="SQLPattern:parameter" version="3">
									<property name="expressions" valueType="table">
										<object type="DataModel:fieldReference" version="3">
											<property name="value" valueType="url">DataModel["ModifyModel[SA_CVA_Results].Aggregation[SA_CVA_Final_RiskCharge_Output_Cube]"{ModifyModel[903d7d2c-8b00-479b-b207-a21e263a1ac8].Aggregation[8fef9fa7-3af4-4e9e-b813-e75525cd1a5b]}].hierarchy["Aggregation"{8fef9fa7-3af4-4e9e-b813-e75525cd1a5b}].dataSource.layout["u_trea"{5d9e6d1d-94f3-4925-bddc-a4e544e66375}]</property>
										</object>
									</property>
								</object>
								<object type="SQLPattern:parameter" version="3">
									<property name="expressions" valueType="table">
										<object type="SQLExpressionPart" version="2">
											<property name="value" value="0" valueType="string"/>
										</object>
									</property>
								</object>
							</property>
						</object>
						<object type="SQLExpressionPart" version="2">
							<property name="value" value="/12.5" valueType="string"/>
						</object>
					</property>
					<property name="valueNullable" value="false" valueType="boolean"/>
					<property name="valueType" value="FLOAT" valueType="string"/>
				</object>
				<object type="Aggregation:fieldMapping" version="7">
					<property name="model" valueType="object">
						<object type="DataModel:reference" version="3">
							<property name="value" valueType="url">DataModel["credit_risk:shared_calcs:Aggregation[Consolidated_Other_Risk_Results_Inputs]"{201f0479-2022-4d17-9c7a-5114303566bc:015fe472-ce70-41e1-9583-ebf524ac86a8:Aggregation[e980a3aa-0b34-4ec2-aed9-f8478dc2aea7]}]</property>
						</object>
					</property>
					<property name="expression" valueType="table">
						<object type="SQLPattern" version="3">
							<property name="name" value="isNull" valueType="string"/>
							<property name="parameters" valueType="table">
								<object type="SQLPattern:parameter" version="3">
									<property name="expressions" valueType="table">
										<object type="DataModel:fieldReference" version="3">
											<property name="value" valueType="url">DataModel["credit_risk:shared_calcs:Aggregation[Consolidated_Other_Risk_Results_Inputs]"{201f0479-2022-4d17-9c7a-5114303566bc:015fe472-ce70-41e1-9583-ebf524ac86a8:Aggregation[e980a3aa-0b34-4ec2-aed9-f8478dc2aea7]}].hierarchy["Aggregation"{e980a3aa-0b34-4ec2-aed9-f8478dc2aea7}].dataSource.layout["u_trea_rpt"{1578f3b5-e0c1-4ccd-b8dd-1387a0ded031}]</property>
										</object>
									</property>
								</object>
								<object type="SQLPattern:parameter" version="3">
									<property name="expressions" valueType="table">
										<object type="SQLExpressionPart" version="2">
											<property name="value" value="0" valueType="string"/>
										</object>
									</property>
								</object>
							</property>
						</object>
						<object type="SQLExpressionPart" version="2">
							<property name="value" value="/12.5" valueType="string"/>
						</object>
					</property>
					<property name="valueNullable" value="false" valueType="boolean"/>
					<property name="valueType" value="FLOAT" valueType="string"/>
				</object>
			</property>
		</object>
		<object type="Aggregation:mapping" version="7">
			<property name="field" valueType="object">
				<object type="Aggregation:localCalcFieldReference" version="7">
					<property name="value" valueType="url">Aggregation[this].calcFields["cva_sft_mtrlty_thrshld"{27118c79-886c-4950-b148-2eff25c1e64e}]</property>
				</object>
			</property>
			<property name="fieldMapping" valueType="table">
				<object type="Aggregation:fieldMapping" version="7">
					<property name="model" valueType="object">
						<object type="DataModel:reference" version="3">
							<property name="value" valueType="url">DataModel["Aggregation[AA_CVA_Cube]"{Aggregation[6c078c94-77b9-468c-ba1b-fc30d85581cf]}]</property>
						</object>
					</property>
					<property name="expression" valueType="table">
						<object type="SQLPattern" version="3">
							<property name="name" value="isNull" valueType="string"/>
							<property name="parameters" valueType="table">
								<object type="SQLPattern:parameter" version="3">
									<property name="expressions" valueType="table">
										<object type="DataModel:fieldReference" version="3">
											<property name="value" valueType="url">DataModel["Aggregation[AA_CVA_Cube]"{Aggregation[6c078c94-77b9-468c-ba1b-fc30d85581cf]}].hierarchy["Aggregation"{6c078c94-77b9-468c-ba1b-fc30d85581cf}].dataSource.layout["ovrrd_cva_sft_mtrlty_thrshld"{3202e155-414f-4590-bf21-7d175e331888}]</property>
										</object>
									</property>
								</object>
								<object type="SQLPattern:parameter" version="3">
									<property name="expressions" valueType="table">
										<object type="SQLExpressionPart" version="2">
											<property name="value" value="0.01" valueType="string"/>
										</object>
									</property>
								</object>
							</property>
						</object>
					</property>
					<property name="valueNullable" value="false" valueType="boolean"/>
					<property name="valueType" value="FLOAT" valueType="string"/>
				</object>
				<object type="Aggregation:fieldMapping" version="7">
					<property name="model" valueType="object">
						<object type="DataModel:reference" version="3">
							<property name="value" valueType="url">DataModel["Aggregation[BA_CVA_Cube]"{Aggregation[9ca3e85c-a5a3-4085-a4b4-78c0317ee52d]}]</property>
						</object>
					</property>
					<property name="expression" valueType="table">
						<object type="SQLPattern" version="3">
							<property name="name" value="isNull" valueType="string"/>
							<property name="parameters" valueType="table">
								<object type="SQLPattern:parameter" version="3">
									<property name="expressions" valueType="table">
										<object type="DataModel:fieldReference" version="3">
											<property name="value" valueType="url">DataModel["Aggregation[BA_CVA_Cube]"{Aggregation[9ca3e85c-a5a3-4085-a4b4-78c0317ee52d]}].hierarchy["Aggregation"{9ca3e85c-a5a3-4085-a4b4-78c0317ee52d}].dataSource.layout["ovrrd_cva_sft_mtrlty_thrshld"{3d2bed8b-8fd2-440e-81f5-ae53d90636bf}]</property>
										</object>
									</property>
								</object>
								<object type="SQLPattern:parameter" version="3">
									<property name="expressions" valueType="table">
										<object type="SQLExpressionPart" version="2">
											<property name="value" value="0.01" valueType="string"/>
										</object>
									</property>
								</object>
							</property>
						</object>
					</property>
					<property name="valueNullable" value="false" valueType="boolean"/>
					<property name="valueType" value="FLOAT" valueType="string"/>
				</object>
				<object type="Aggregation:fieldMapping" version="7">
					<property name="model" valueType="object">
						<object type="DataModel:reference" version="3">
							<property name="value" valueType="url">DataModel["ModifyModel[SA_CVA_Results].Aggregation[SA_CVA_Final_RiskCharge_Output_Cube]"{ModifyModel[903d7d2c-8b00-479b-b207-a21e263a1ac8].Aggregation[8fef9fa7-3af4-4e9e-b813-e75525cd1a5b]}]</property>
						</object>
					</property>
					<property name="expression" valueType="table">
						<object type="SQLPattern" version="3">
							<property name="name" value="isNull" valueType="string"/>
							<property name="parameters" valueType="table">
								<object type="SQLPattern:parameter" version="3">
									<property name="expressions" valueType="table">
										<object type="DataModel:fieldReference" version="3">
											<property name="value" valueType="url">DataModel["ModifyModel[SA_CVA_Results].Aggregation[SA_CVA_Final_RiskCharge_Output_Cube]"{ModifyModel[903d7d2c-8b00-479b-b207-a21e263a1ac8].Aggregation[8fef9fa7-3af4-4e9e-b813-e75525cd1a5b]}].hierarchy["entity"{0627eca4-b63d-4dd0-b24b-0b9f4a5d88e8}].dataSource.layout["ovrrd_cva_sft_mtrlty_thrshld"{efb660ee-3d46-42b3-9a62-8f23189980a1}]</property>
										</object>
									</property>
								</object>
								<object type="SQLPattern:parameter" version="3">
									<property name="expressions" valueType="table">
										<object type="SQLExpressionPart" version="2">
											<property name="value" value="0.01" valueType="string"/>
										</object>
									</property>
								</object>
							</property>
						</object>
					</property>
					<property name="valueNullable" value="false" valueType="boolean"/>
					<property name="valueType" value="FLOAT" valueType="string"/>
				</object>
				<object type="Aggregation:fieldMapping" version="7">
					<property name="model" valueType="object">
						<object type="DataModel:reference" version="3">
							<property name="value" valueType="url">DataModel["credit_risk:shared_calcs:Aggregation[Consolidated_Other_Risk_Results_Inputs]"{201f0479-2022-4d17-9c7a-5114303566bc:015fe472-ce70-41e1-9583-ebf524ac86a8:Aggregation[e980a3aa-0b34-4ec2-aed9-f8478dc2aea7]}]</property>
						</object>
					</property>
					<property name="expression" valueType="table">
						<object type="SQLPattern" version="3">
							<property name="name" value="isNull" valueType="string"/>
							<property name="parameters" valueType="table">
								<object type="SQLPattern:parameter" version="3">
									<property name="expressions" valueType="table">
										<object type="DataModel:fieldReference" version="3">
											<property name="value" valueType="url">DataModel["credit_risk:shared_calcs:Aggregation[Consolidated_Other_Risk_Results_Inputs]"{201f0479-2022-4d17-9c7a-5114303566bc:015fe472-ce70-41e1-9583-ebf524ac86a8:Aggregation[e980a3aa-0b34-4ec2-aed9-f8478dc2aea7]}].hierarchy["Aggregation"{e980a3aa-0b34-4ec2-aed9-f8478dc2aea7}].dataSource.layout["ovrrd_cva_sft_mtrlty_thrshld"{2b64aa6b-40b3-4df9-bd1c-60b11e94d643}]</property>
										</object>
									</property>
								</object>
								<object type="SQLPattern:parameter" version="3">
									<property name="expressions" valueType="table">
										<object type="SQLExpressionPart" version="2">
											<property name="value" value="0.01" valueType="string"/>
										</object>
									</property>
								</object>
							</property>
						</object>
					</property>
					<property name="valueNullable" value="false" valueType="boolean"/>
					<property name="valueType" value="FLOAT" valueType="string"/>
				</object>
			</property>
		</object>
	</property>
	<property name="storageType" value="CONTINUOUS_PARTITION" valueType="string"/>
	<property name="postTableCreationStatements" valueType="table"/>
	<property name="postAdjustmentTableCreationStatements" valueType="table"/>
	<property name="detailsAsKeys" value="true" valueType="boolean"/>
	<property name="dbSourceForResults" valueType="url">DBSource["POSTGRES"{7141b02a-a2bf-46bb-9ad0-fa1087f431e1}]</property>
	<property name="archivalProperties" valueType="object">
		<object type="ArchivalProperties" version="2">
			<property name="daily" value="false" valueType="boolean"/>
			<property name="weekly" value="false" valueType="boolean"/>
			<property name="monthly" value="false" valueType="boolean"/>
			<property name="quarterly" value="false" valueType="boolean"/>
			<property name="semiAnnually" value="false" valueType="boolean"/>
			<property name="annually" value="false" valueType="boolean"/>
			<property name="intraDay" value="false" valueType="boolean"/>
			<property name="userDefined" value="false" valueType="boolean"/>
		</object>
	</property>
	<property name="condition" valueType="tree">
		<objectNode type="Condition" version="3">
			<property name="isNegated" value="false" valueType="boolean"/>
			<property name="groupingOperator" value="AND" valueType="string"/>
			<children>
				<objectNode type="Condition:shorthand" version="3">
					<property name="shorthand" valueType="url">Shorthand["CVA_SFT_Materiality_Threshold_Ratio"{449c5357-a964-4ffa-aec4-a4119fcba63a}]</property>
					<property name="operation" value="=" valueType="string"/>
				</objectNode>
			</children>
		</objectNode>
	</property>
	<property name="doNotAggregate" value="false" valueType="boolean"/>
	<property name="fourEyesCheck" value="false" valueType="boolean"/>
	<property name="trackDrilldownInformation" value="true" valueType="boolean"/>
	<property name="trackAllInstancesMode" value="NONE" valueType="string"/>
	<property name="computeStatistics" value="FOR_ALL_COLUMNS" valueType="string"/>
	<property name="instanceRebuildRestriction" value="AlterFullRebuild" valueType="string"/>
	<property name="allowExternalDataPermissions" value="true" valueType="boolean"/>
</object>