<object stamp="41e16ef4-338c-4ccb-8ede-b9114e7e0b13_1743001276259" type="ModifyModel" version="32">
	<property name="name" value="CRM_Collateral_Main_Category" valueType="string"/>
	<property name="description" value="CRM_Collateral" valueType="string"/>
	<property name="objectId" value="a71c3c49-fee7-4387-9453-08a41073a864" valueType="string"/>
	<property name="branchId" value="2d880ea3-e370-4c0a-b28c-032d0b3a287e" valueType="string"/>
	<property name="model" valueType="url">DataModel["credit_risk:Computation[CRM_LP_Solver].allocation"{aabb34d9-09a0-4e7b-9557-c0c39989a031:Computation[a68b3618-d39c-4f43-9b60-5bc48a4c449d].6b999b34-8f0f-45a5-933b-dcc0b48d2a80}]</property>
	<property name="modifications" valueType="tree">
		<objectNode type="ModifyModel:root" version="8">
			<property name="name" value="modificationsRoot" valueType="string"/>
			<property name="description" value="" valueType="string"/>
			<property name="id" value="modificationsRoot" valueType="string"/>
			<children>
				<objectNode type="ModifyModel:modification" version="20">
					<property name="name" value="root" valueType="string"/>
					<property name="description" value="" valueType="string"/>
					<property name="id" value="13792b95-5257-4155-9b2c-9904fbdc6dc8" valueType="string"/>
					<property name="existingNode" valueType="url">DataModel["credit_risk:Computation[CRM_LP_Solver].allocation"{aabb34d9-09a0-4e7b-9557-c0c39989a031:Computation[a68b3618-d39c-4f43-9b60-5bc48a4c449d].6b999b34-8f0f-45a5-933b-dcc0b48d2a80}].hierarchy["root"{7dc0f5ae-03a4-4dd6-88ab-703a1015c07a}]</property>
					<property name="mandatoryInJoin" value="false" valueType="boolean"/>
					<property name="additionalConstraint" valueType="table"/>
					<property name="additionalJoinExpression" valueType="table"/>
					<children>
						<objectNode type="ModifyModel:node" version="9">
							<property name="name" value="exposure" valueType="string"/>
							<property name="description" value="Resulting data source for aggregation PreAllocation_Exposure" valueType="string"/>
							<property name="id" value="1542e198-11e0-4e11-bc69-f5b39c39b251" valueType="string"/>
							<property name="dataSource" valueType="url">DataSource["credit_risk:Aggregation[PreAllocation_Exposure]"{aabb34d9-09a0-4e7b-9557-c0c39989a031:Aggregation[113850ba-0d81-4e85-b1c9-9ac3b8e35d80]}]</property>
							<property name="relationshipToParent" value="ONE_TO_ONE" valueType="string"/>
							<property name="mandatoryInJoin" value="false" valueType="boolean"/>
							<property name="additionalConstraint" valueType="table"/>
							<property name="additionalJoinExpression" valueType="table"/>
							<property name="instanceSelectionRule" valueType="object">
								<object type="InstanceSelectionRule" version="3">
									<property name="instanceDateRule" valueType="object">
										<object type="InstanceSelectionRule:rule" version="3">
											<property name="type" value="EQUAL" valueType="string"/>
										</object>
									</property>
									<property name="instanceKeyRules" valueType="table">
										<object type="InstanceSelectionRule:instanceKeyRule" version="3">
											<property name="type" value="EQUAL" valueType="string"/>
											<property name="instanceKeyName" value="v" valueType="string"/>
										</object>
										<object type="InstanceSelectionRule:instanceKeyRule" version="3">
											<property name="type" value="EQUAL" valueType="string"/>
											<property name="instanceKeyName" value="run_id" valueType="string"/>
										</object>
										<object type="InstanceSelectionRule:instanceKeyRule" version="3">
											<property name="type" value="EQUAL" valueType="string"/>
											<property name="instanceKeyName" value="scenarioKey" valueType="string"/>
										</object>
										<object type="InstanceSelectionRule:instanceKeyRule" version="3">
											<property name="type" value="EQUAL" valueType="string"/>
											<property name="instanceKeyName" value="run_type" valueType="string"/>
										</object>
									</property>
								</object>
							</property>
							<property name="join" valueType="table">
								<object type="DataModel:node:join" version="3">
									<property name="sourceField" valueType="url">DataSource["credit_risk:Aggregation[PreAllocation_Exposure]"{aabb34d9-09a0-4e7b-9557-c0c39989a031:Aggregation[113850ba-0d81-4e85-b1c9-9ac3b8e35d80]}].layout["id_expsr_unique"{a006cda4-7cb4-4e83-83d7-4dffb392c14f}]</property>
									<property name="parentField" valueType="url">DataSource["credit_risk:Computation[CRM_LP_Solver].alloc"{aabb34d9-09a0-4e7b-9557-c0c39989a031:Computation[a68b3618-d39c-4f43-9b60-5bc48a4c449d].1619fde8-9d7f-4090-a2e6-635ab60347a3}].layout["id_orgnl_expsr_unique"{id_orgnl_expsr_unique}]</property>
								</object>
								<object type="DataModel:node:join" version="3">
									<property name="sourceField" valueType="url">DataSource["credit_risk:Aggregation[PreAllocation_Exposure]"{aabb34d9-09a0-4e7b-9557-c0c39989a031:Aggregation[113850ba-0d81-4e85-b1c9-9ac3b8e35d80]}].layout["expsr_entity"{875bf02c-4018-47f1-b643-5531f539e010}]</property>
									<property name="parentField" valueType="url">DataSource["credit_risk:Computation[CRM_LP_Solver].alloc"{aabb34d9-09a0-4e7b-9557-c0c39989a031:Computation[a68b3618-d39c-4f43-9b60-5bc48a4c449d].1619fde8-9d7f-4090-a2e6-635ab60347a3}].layout["entity"{entity}]</property>
								</object>
							</property>
						</objectNode>
					</children>
				</objectNode>
				<objectNode type="ModifyModel:modification" version="20">
					<property name="name" value="Aggregation" valueType="string"/>
					<property name="description" value="" valueType="string"/>
					<property name="id" value="9cac52b6-248d-4b83-9775-7893efd6f8f0" valueType="string"/>
					<property name="existingNode" valueType="url">DataModel["credit_risk:Computation[CRM_LP_Solver].allocation"{aabb34d9-09a0-4e7b-9557-c0c39989a031:Computation[a68b3618-d39c-4f43-9b60-5bc48a4c449d].6b999b34-8f0f-45a5-933b-dcc0b48d2a80}].hierarchy["Aggregation"{9cac52b6-248d-4b83-9775-7893efd6f8f0}]</property>
					<property name="mandatoryInJoin" value="false" valueType="boolean"/>
					<property name="additionalConstraint" valueType="table"/>
					<property name="additionalJoinExpression" valueType="table"/>
					<children>
						<objectNode type="ModifyModel:node" version="9">
							<property name="name" value="inputs" valueType="string"/>
							<property name="description" value="Resulting data source for aggregation Consolidated_CR_Exposure_Inputs" valueType="string"/>
							<property name="id" value="031f0d6b-364f-453d-8e90-780255bc4074" valueType="string"/>
							<property name="dataSource" valueType="url">DataSource["credit_risk:shared_calcs:Aggregation[Consolidated_CR_Exposure_Inputs]"{aabb34d9-09a0-4e7b-9557-c0c39989a031:015fe472-ce70-41e1-9583-ebf524ac86a8:Aggregation[e656b996-3c81-4229-a299-6d0d56226654]}]</property>
							<property name="relationshipToParent" value="ONE_TO_ONE" valueType="string"/>
							<property name="mandatoryInJoin" value="false" valueType="boolean"/>
							<property name="additionalConstraint" valueType="table"/>
							<property name="additionalJoinExpression" valueType="table"/>
							<property name="instanceSelectionRule" valueType="object">
								<object type="InstanceSelectionRule" version="3">
									<property name="instanceDateRule" valueType="object">
										<object type="InstanceSelectionRule:rule" version="3">
											<property name="type" value="EQUAL" valueType="string"/>
										</object>
									</property>
									<property name="instanceKeyRules" valueType="table">
										<object type="InstanceSelectionRule:instanceKeyRule" version="3">
											<property name="type" value="EQUAL" valueType="string"/>
											<property name="instanceKeyName" value="v" valueType="string"/>
										</object>
										<object type="InstanceSelectionRule:instanceKeyRule" version="3">
											<property name="type" value="EQUAL" valueType="string"/>
											<property name="instanceKeyName" value="run_id" valueType="string"/>
										</object>
										<object type="InstanceSelectionRule:instanceKeyRule" version="3">
											<property name="type" value="EQUAL" valueType="string"/>
											<property name="instanceKeyName" value="scenarioKey" valueType="string"/>
										</object>
										<object type="InstanceSelectionRule:instanceKeyRule" version="3">
											<property name="type" value="EQUAL" valueType="string"/>
											<property name="instanceKeyName" value="run_type" valueType="string"/>
										</object>
									</property>
								</object>
							</property>
							<property name="join" valueType="table">
								<object type="DataModel:node:join" version="3">
									<property name="sourceField" valueType="url">DataSource["credit_risk:shared_calcs:Aggregation[Consolidated_CR_Exposure_Inputs]"{aabb34d9-09a0-4e7b-9557-c0c39989a031:015fe472-ce70-41e1-9583-ebf524ac86a8:Aggregation[e656b996-3c81-4229-a299-6d0d56226654]}].layout["entity"{6774a62e-c315-4490-bae4-2cbfb9891b45}]</property>
									<property name="parentField" valueType="url">DataSource["credit_risk:Aggregation[PreAllocation_Collateral]"{aabb34d9-09a0-4e7b-9557-c0c39989a031:Aggregation[9cac52b6-248d-4b83-9775-7893efd6f8f0]}].layout["clltrl_entity"{32005fa7-62c7-49ab-b369-cd570eddbdc7}]</property>
								</object>
								<object type="DataModel:node:join" version="3">
									<property name="sourceField" valueType="url">DataSource["credit_risk:shared_calcs:Aggregation[Consolidated_CR_Exposure_Inputs]"{aabb34d9-09a0-4e7b-9557-c0c39989a031:015fe472-ce70-41e1-9583-ebf524ac86a8:Aggregation[e656b996-3c81-4229-a299-6d0d56226654]}].layout["id_unique"{2e54731c-1a48-4165-9b7d-092b712bd570}]</property>
									<property name="parentField" valueType="url">DataSource["credit_risk:Aggregation[PreAllocation_Collateral]"{aabb34d9-09a0-4e7b-9557-c0c39989a031:Aggregation[9cac52b6-248d-4b83-9775-7893efd6f8f0]}].layout["id_clltrl_unique"{e73190c7-adc9-4b87-9ac1-cb45d791acf4}]</property>
								</object>
							</property>
						</objectNode>
					</children>
				</objectNode>
			</children>
		</objectNode>
	</property>
	<property name="instanceKeys" valueType="table"/>
	<property name="streamKeys" valueType="table"/>
</object>