<object stamp="b42a89dc-7f98-4f1c-bb12-39deeefc92cc_1724685795212" type="ModifyModel" version="32">
	<property name="name" value="Issuer_Risk_Positions" valueType="string"/>
	<property name="description" value="Issuer_Risk_Positions" valueType="string"/>
	<property name="objectId" value="13229384-c558-4aff-84e3-4e2036c8b997" valueType="string"/>
	<property name="branchId" value="2d880ea3-e370-4c0a-b28c-032d0b3a287e" valueType="string"/>
	<property name="model" valueType="url">DataModel["Netting[Issuer_Netting_Exemption].Netting[Issuer_Risk_Positions].Aggregation[Consolidated_Issuer_Exposure_Inputs]"{Netting[46ed0626-9e62-42a4-9636-22ec0922f67f].Netting[97830e6c-fb47-4b66-aa23-ce850a80ec79].Aggregation[6fe5f5df-3d4f-48ad-8e5b-45db4dc9e56c]}]</property>
	<property name="modifications" valueType="tree">
		<objectNode type="ModifyModel:root" version="8">
			<property name="name" value="modificationsRoot" valueType="string"/>
			<property name="description" value="" valueType="string"/>
			<property name="id" value="modificationsRoot" valueType="string"/>
			<children>
				<objectNode type="ModifyModel:modification" version="20">
					<property name="name" value="Netting[Issuer_Risk_Positions]" valueType="string"/>
					<property name="description" value="" valueType="string"/>
					<property name="id" value="97830e6c-fb47-4b66-aa23-ce850a80ec79" valueType="string"/>
					<property name="existingNode" valueType="url">DataModel["Netting[Issuer_Netting_Exemption].Netting[Issuer_Risk_Positions].Aggregation[Consolidated_Issuer_Exposure_Inputs]"{Netting[46ed0626-9e62-42a4-9636-22ec0922f67f].Netting[97830e6c-fb47-4b66-aa23-ce850a80ec79].Aggregation[6fe5f5df-3d4f-48ad-8e5b-45db4dc9e56c]}].hierarchy["Netting[Issuer_Risk_Positions]"{97830e6c-fb47-4b66-aa23-ce850a80ec79}]</property>
					<property name="mandatoryInJoin" value="false" valueType="boolean"/>
					<property name="additionalConstraint" valueType="table"/>
					<property name="additionalJoinExpression" valueType="table"/>
				</objectNode>
				<objectNode type="ModifyModel:modification" version="20">
					<property name="name" value="Aggregation" valueType="string"/>
					<property name="description" value="" valueType="string"/>
					<property name="id" value="6fe5f5df-3d4f-48ad-8e5b-45db4dc9e56c" valueType="string"/>
					<property name="existingNode" valueType="url">DataModel["Netting[Issuer_Netting_Exemption].Netting[Issuer_Risk_Positions].Aggregation[Consolidated_Issuer_Exposure_Inputs]"{Netting[46ed0626-9e62-42a4-9636-22ec0922f67f].Netting[97830e6c-fb47-4b66-aa23-ce850a80ec79].Aggregation[6fe5f5df-3d4f-48ad-8e5b-45db4dc9e56c]}].hierarchy["Aggregation"{6fe5f5df-3d4f-48ad-8e5b-45db4dc9e56c}]</property>
					<property name="mandatoryInJoin" value="false" valueType="boolean"/>
					<property name="additionalConstraint" valueType="table"/>
					<property name="additionalJoinExpression" valueType="table"/>
					<children>
						<objectNode type="ModifyModel:node" version="9">
							<property name="name" value="party_groups" valueType="string"/>
							<property name="description" value="Resulting data source for aggregation LE_GCCs" valueType="string"/>
							<property name="id" value="5284627e-e66e-469a-ba9a-13fd19f2b9c1" valueType="string"/>
							<property name="dataSource" valueType="url">DataSource["shared_calcs:Aggregation[LE_GCCs]"{f002e467-3b83-4fc0-bf1b-12f7986e9981:Aggregation[7392fb5d-de2e-4064-8552-c1530d611c52]}]</property>
							<property name="relationshipToParent" value="ONE_TO_ONE" valueType="string"/>
							<property name="mandatoryInJoin" value="true" valueType="boolean"/>
							<property name="additionalConstraint" valueType="table"/>
							<property name="additionalJoinExpression" valueType="table">
								<object type="ModifyModel:localFieldReference" version="3">
									<property name="value" valueType="url">ModifyModel[this].modifications["party_groups"{5284627e-e66e-469a-ba9a-13fd19f2b9c1}].dataSource.layout["id_prty"{2134ad54-acd3-4299-ae25-51b821e14bd8}]</property>
								</object>
								<object type="SQLExpressionPart" version="2">
									<property name="value" value=" = " valueType="string"/>
								</object>
								<object type="DataModel:fieldReference" version="3">
									<property name="value" valueType="url">DataModel["Netting[Issuer_Netting_Exemption].Netting[Issuer_Risk_Positions].Aggregation[Consolidated_Issuer_Exposure_Inputs]"{Netting[46ed0626-9e62-42a4-9636-22ec0922f67f].Netting[97830e6c-fb47-4b66-aa23-ce850a80ec79].Aggregation[6fe5f5df-3d4f-48ad-8e5b-45db4dc9e56c]}].hierarchy["Aggregation"{6fe5f5df-3d4f-48ad-8e5b-45db4dc9e56c}].dataSource.layout["id_issr"{a01f37a1-1c20-4a22-b39e-7858eda49bd5}]</property>
								</object>
							</property>
							<property name="instanceSelectionRule" valueType="object">
								<object type="InstanceSelectionRule" version="3">
									<property name="instanceDateRule" valueType="object">
										<object type="InstanceSelectionRule:rule" version="3">
											<property name="type" value="EQUAL" valueType="string"/>
										</object>
									</property>
									<property name="instanceKeyRules" valueType="table">
										<object type="InstanceSelectionRule:instanceKeyRule" version="3">
											<property name="type" value="EQUAL" valueType="string"/>
											<property name="instanceKeyName" value="v" valueType="string"/>
										</object>
										<object type="InstanceSelectionRule:instanceKeyRule" version="3">
											<property name="type" value="EQUAL" valueType="string"/>
											<property name="instanceKeyName" value="run_id" valueType="string"/>
										</object>
										<object type="InstanceSelectionRule:instanceKeyRule" version="3">
											<property name="type" value="EQUAL" valueType="string"/>
											<property name="instanceKeyName" value="run_type" valueType="string"/>
										</object>
										<object type="InstanceSelectionRule:instanceKeyRule" version="3">
											<property name="type" value="EQUAL" valueType="string"/>
											<property name="instanceKeyName" value="scenarioKey" valueType="string"/>
										</object>
									</property>
								</object>
							</property>
							<property name="join" valueType="table"/>
						</objectNode>
						<objectNode type="ModifyModel:node" version="9">
							<property name="name" value="party_groups_guarantor" valueType="string"/>
							<property name="description" value="Resulting data source for aggregation LE_GCCs" valueType="string"/>
							<property name="id" value="d9c63124-9cd7-4a27-9948-b6fdbbb1d61b" valueType="string"/>
							<property name="dataSource" valueType="url">DataSource["shared_calcs:Aggregation[LE_GCCs]"{f002e467-3b83-4fc0-bf1b-12f7986e9981:Aggregation[7392fb5d-de2e-4064-8552-c1530d611c52]}]</property>
							<property name="relationshipToParent" value="ONE_OR_ZERO_TO_ONE" valueType="string"/>
							<property name="mandatoryInJoin" value="false" valueType="boolean"/>
							<property name="additionalConstraint" valueType="table"/>
							<property name="additionalJoinExpression" valueType="table">
								<object type="ModifyModel:localFieldReference" version="3">
									<property name="value" valueType="url">ModifyModel[this].modifications["party_groups_guarantor"{d9c63124-9cd7-4a27-9948-b6fdbbb1d61b}].dataSource.layout["id_prty"{2134ad54-acd3-4299-ae25-51b821e14bd8}]</property>
								</object>
								<object type="SQLExpressionPart" version="2">
									<property name="value" value=" = " valueType="string"/>
								</object>
								<object type="DataModel:fieldReference" version="3">
									<property name="value" valueType="url">DataModel["Netting[Issuer_Netting_Exemption].Netting[Issuer_Risk_Positions].Aggregation[Consolidated_Issuer_Exposure_Inputs]"{Netting[46ed0626-9e62-42a4-9636-22ec0922f67f].Netting[97830e6c-fb47-4b66-aa23-ce850a80ec79].Aggregation[6fe5f5df-3d4f-48ad-8e5b-45db4dc9e56c]}].hierarchy["Aggregation"{6fe5f5df-3d4f-48ad-8e5b-45db4dc9e56c}].dataSource.layout["id_grntr"{446c072f-0942-42ff-b404-a0d15f8b6044}]</property>
								</object>
							</property>
							<property name="instanceSelectionRule" valueType="object">
								<object type="InstanceSelectionRule" version="3">
									<property name="instanceDateRule" valueType="object">
										<object type="InstanceSelectionRule:rule" version="3">
											<property name="type" value="EQUAL" valueType="string"/>
										</object>
									</property>
									<property name="instanceKeyRules" valueType="table">
										<object type="InstanceSelectionRule:instanceKeyRule" version="3">
											<property name="type" value="EQUAL" valueType="string"/>
											<property name="instanceKeyName" value="v" valueType="string"/>
										</object>
										<object type="InstanceSelectionRule:instanceKeyRule" version="3">
											<property name="type" value="EQUAL" valueType="string"/>
											<property name="instanceKeyName" value="run_id" valueType="string"/>
										</object>
										<object type="InstanceSelectionRule:instanceKeyRule" version="3">
											<property name="type" value="EQUAL" valueType="string"/>
											<property name="instanceKeyName" value="run_type" valueType="string"/>
										</object>
										<object type="InstanceSelectionRule:instanceKeyRule" version="3">
											<property name="type" value="EQUAL" valueType="string"/>
											<property name="instanceKeyName" value="scenarioKey" valueType="string"/>
										</object>
									</property>
								</object>
							</property>
							<property name="join" valueType="table"/>
						</objectNode>
					</children>
				</objectNode>
			</children>
		</objectNode>
	</property>
	<property name="instanceKeys" valueType="table"/>
	<property name="streamKeys" valueType="table"/>
</object>