<object stamp="e0ca729b-6bdd-49e4-b9e8-787abfd5ec06_1710924319286" type="ModifyModel" version="32">
	<property name="name" value="MNA_Collateral" valueType="string"/>
	<property name="description" value="MNA_Collateral" valueType="string"/>
	<property name="objectId" value="4a236be7-e0e2-43af-972f-02254fa084a1" valueType="string"/>
	<property name="branchId" value="2d880ea3-e370-4c0a-b28c-032d0b3a287e" valueType="string"/>
	<property name="model" valueType="url">DataModel["credit_risk:Aggregation[MNA_Collateral_Allocation_by_Netting_Agreement]"{aabb34d9-09a0-4e7b-9557-c0c39989a031:Aggregation[bcb50fdd-3e08-49c7-8e9a-fd48e9e210a4]}]</property>
	<property name="modifications" valueType="tree">
		<objectNode type="ModifyModel:root" version="8">
			<property name="name" value="modificationsRoot" valueType="string"/>
			<property name="description" value="" valueType="string"/>
			<property name="id" value="modificationsRoot" valueType="string"/>
			<children>
				<objectNode type="ModifyModel:modification" version="20">
					<property name="name" value="Aggregation" valueType="string"/>
					<property name="description" value="" valueType="string"/>
					<property name="id" value="bcb50fdd-3e08-49c7-8e9a-fd48e9e210a4" valueType="string"/>
					<property name="existingNode" valueType="url">DataModel["credit_risk:Aggregation[MNA_Collateral_Allocation_by_Netting_Agreement]"{aabb34d9-09a0-4e7b-9557-c0c39989a031:Aggregation[bcb50fdd-3e08-49c7-8e9a-fd48e9e210a4]}].hierarchy["Aggregation"{bcb50fdd-3e08-49c7-8e9a-fd48e9e210a4}]</property>
					<property name="mandatoryInJoin" value="false" valueType="boolean"/>
					<property name="additionalConstraint" valueType="table"/>
					<property name="additionalJoinExpression" valueType="table"/>
					<children>
						<objectNode type="ModifyModel:node" version="9">
							<property name="name" value="inputs" valueType="string"/>
							<property name="description" value="Resulting data source for aggregation Consolidated_CR_Exposure_Inputs" valueType="string"/>
							<property name="id" value="031f0d6b-364f-453d-8e90-780255bc4074" valueType="string"/>
							<property name="dataSource" valueType="url">DataSource["credit_risk:shared_calcs:Aggregation[Consolidated_CR_Exposure_Inputs]"{aabb34d9-09a0-4e7b-9557-c0c39989a031:015fe472-ce70-41e1-9583-ebf524ac86a8:Aggregation[e656b996-3c81-4229-a299-6d0d56226654]}]</property>
							<property name="relationshipToParent" value="ONE_TO_ONE" valueType="string"/>
							<property name="mandatoryInJoin" value="false" valueType="boolean"/>
							<property name="additionalConstraint" valueType="table"/>
							<property name="additionalJoinExpression" valueType="table"/>
							<property name="instanceSelectionRule" valueType="object">
								<object type="InstanceSelectionRule" version="3">
									<property name="instanceDateRule" valueType="object">
										<object type="InstanceSelectionRule:rule" version="3">
											<property name="type" value="EQUAL" valueType="string"/>
										</object>
									</property>
									<property name="instanceKeyRules" valueType="table">
										<object type="InstanceSelectionRule:instanceKeyRule" version="3">
											<property name="type" value="EQUAL" valueType="string"/>
											<property name="instanceKeyName" value="v" valueType="string"/>
										</object>
										<object type="InstanceSelectionRule:instanceKeyRule" version="3">
											<property name="type" value="EQUAL" valueType="string"/>
											<property name="instanceKeyName" value="run_id" valueType="string"/>
										</object>
										<object type="InstanceSelectionRule:instanceKeyRule" version="3">
											<property name="type" value="EQUAL" valueType="string"/>
											<property name="instanceKeyName" value="scenarioKey" valueType="string"/>
										</object>
										<object type="InstanceSelectionRule:instanceKeyRule" version="3">
											<property name="type" value="EQUAL" valueType="string"/>
											<property name="instanceKeyName" value="run_type" valueType="string"/>
										</object>
									</property>
								</object>
							</property>
							<property name="join" valueType="table">
								<object type="DataModel:node:join" version="3">
									<property name="sourceField" valueType="url">DataSource["credit_risk:shared_calcs:Aggregation[Consolidated_CR_Exposure_Inputs]"{aabb34d9-09a0-4e7b-9557-c0c39989a031:015fe472-ce70-41e1-9583-ebf524ac86a8:Aggregation[e656b996-3c81-4229-a299-6d0d56226654]}].layout["entity"{6774a62e-c315-4490-bae4-2cbfb9891b45}]</property>
									<property name="parentField" valueType="url">DataSource["credit_risk:Aggregation[MNA_Collateral_Allocation_by_Netting_Agreement]"{aabb34d9-09a0-4e7b-9557-c0c39989a031:Aggregation[bcb50fdd-3e08-49c7-8e9a-fd48e9e210a4]}].layout["entity"{1f4bcd10-8d5e-4fd9-80c8-aeee4e4e8e89}]</property>
								</object>
								<object type="DataModel:node:join" version="3">
									<property name="sourceField" valueType="url">DataSource["credit_risk:shared_calcs:Aggregation[Consolidated_CR_Exposure_Inputs]"{aabb34d9-09a0-4e7b-9557-c0c39989a031:015fe472-ce70-41e1-9583-ebf524ac86a8:Aggregation[e656b996-3c81-4229-a299-6d0d56226654]}].layout["id_nttng_agrmnt"{75994d04-37d5-4b2c-85ad-565a47c42689}]</property>
									<property name="parentField" valueType="url">DataSource["credit_risk:Aggregation[MNA_Collateral_Allocation_by_Netting_Agreement]"{aabb34d9-09a0-4e7b-9557-c0c39989a031:Aggregation[bcb50fdd-3e08-49c7-8e9a-fd48e9e210a4]}].layout["id_nttng_agrmnt"{4aae0b2a-4be9-4336-aba2-d33b76ae8247}]</property>
								</object>
								<object type="DataModel:node:join" version="3">
									<property name="sourceField" valueType="url">DataSource["credit_risk:shared_calcs:Aggregation[Consolidated_CR_Exposure_Inputs]"{aabb34d9-09a0-4e7b-9557-c0c39989a031:015fe472-ce70-41e1-9583-ebf524ac86a8:Aggregation[e656b996-3c81-4229-a299-6d0d56226654]}].layout["id_unique"{2e54731c-1a48-4165-9b7d-092b712bd570}]</property>
									<property name="parentField" valueType="url">DataSource["credit_risk:Aggregation[MNA_Collateral_Allocation_by_Netting_Agreement]"{aabb34d9-09a0-4e7b-9557-c0c39989a031:Aggregation[bcb50fdd-3e08-49c7-8e9a-fd48e9e210a4]}].layout["id_unique"{fd09d446-a38d-4a78-9524-e210378b691b}]</property>
								</object>
							</property>
						</objectNode>
					</children>
				</objectNode>
			</children>
		</objectNode>
	</property>
	<property name="instanceKeys" valueType="table"/>
	<property name="streamKeys" valueType="table"/>
</object>