<object stamp="dce6f489-9e01-4c08-80ed-cc8674751377_1734369267651" type="Netting" version="3">
	<property name="name" value="Short_GCC_Netting_Indirect_Long_vs_Direct_Short" valueType="string"/>
	<property name="description" value="" valueType="string"/>
	<property name="objectId" value="cf4f5e37-4288-4bf6-8bf8-1d318f612880" valueType="string"/>
	<property name="branchId" value="2d880ea3-e370-4c0a-b28c-032d0b3a287e" valueType="string"/>
	<property name="models" valueType="table">
		<object type="ModelBasedTask:modelEntry" version="3">
			<property name="dataModel" valueType="url">DataModel["Netting[Short_GCC_Netting_Direct_Long_vs_Indirect_Short].Netting[Short_GCC_Netting_Indirect_Long_vs_Indirect_Short].Aggregation[Short_GCC_Netting]"{Netting[4b7344fc-b7c2-45d4-bf9e-ede663a65deb].Netting[cea9c5b6-7ede-4422-b6d4-07be8004e5aa].Aggregation[21313e52-436d-4384-a0c9-414c4f03be97]}]</property>
			<property name="instanceSelectionRule" valueType="object">
				<object type="InstanceSelectionRule" version="3">
					<property name="instanceDateRule" valueType="object">
						<object type="InstanceSelectionRule:rule" version="3">
							<property name="type" value="EQUAL" valueType="string"/>
						</object>
					</property>
					<property name="instanceKeyRules" valueType="table"/>
				</object>
			</property>
		</object>
	</property>
	<property name="requiresAllModels" value="true" valueType="boolean"/>
	<property name="parameters" valueType="table"/>
	<property name="details" valueType="table">
		<object type="Netting:detail" version="2">
			<property name="name" value="id_ultmt_prnt" valueType="string"/>
			<property name="description" value="" valueType="string"/>
			<property name="id" value="4fb6bd07-b170-4056-b21e-928852736561" valueType="string"/>
			<property name="isExactMatch" value="true" valueType="boolean"/>
		</object>
		<object type="Netting:detail" version="2">
			<property name="name" value="is_grnt_amnt" valueType="string"/>
			<property name="description" value="" valueType="string"/>
			<property name="id" value="ca88c445-82da-4fc1-a169-43dd9a7f796e" valueType="string"/>
			<property name="isExactMatch" value="false" valueType="boolean"/>
		</object>
		<object type="Netting:detail" version="2">
			<property name="name" value="le_shrt_gcc_nttng_ind" valueType="string"/>
			<property name="description" value="" valueType="string"/>
			<property name="id" value="f03d96b7-c2ad-4ea1-883a-12f57966d9a8" valueType="string"/>
			<property name="isExactMatch" value="false" valueType="boolean"/>
		</object>
		<object type="Netting:detail" version="2">
			<property name="name" value="id_issr" valueType="string"/>
			<property name="description" value="" valueType="string"/>
			<property name="id" value="3f45eee5-24a0-49c2-a172-a55d47e3b3d2" valueType="string"/>
			<property name="isExactMatch" value="false" valueType="boolean"/>
		</object>
		<object type="Netting:detail" version="2">
			<property name="name" value="id_grntr" valueType="string"/>
			<property name="description" value="" valueType="string"/>
			<property name="id" value="876f693e-f00e-4848-85b5-158b9d435c69" valueType="string"/>
			<property name="isExactMatch" value="false" valueType="boolean"/>
		</object>
		<object type="Netting:detail" version="2">
			<property name="name" value="nttng_exmpt_ind" valueType="string"/>
			<property name="description" value="" valueType="string"/>
			<property name="id" value="6d2a6706-0262-4eeb-92ab-27fc32c46ad8" valueType="string"/>
			<property name="isExactMatch" value="false" valueType="boolean"/>
		</object>
	</property>
	<property name="calcFields" valueType="table">
		<object type="Netting:calcField" version="2">
			<property name="name" value="expsr_amnt" valueType="string"/>
			<property name="description" value="" valueType="string"/>
			<property name="id" value="ae6a8083-107b-4db4-80b3-7edcf4fa44c8" valueType="string"/>
		</object>
	</property>
	<property name="sorting" valueType="table">
		<object type="Netting:sortingField" version="3">
			<property name="name" value="expsr_shrt" valueType="string"/>
			<property name="description" value="Short Exposure Amount" valueType="string"/>
			<property name="id" value="6854aaf0-c5a5-445e-9ae0-105a847944b6" valueType="string"/>
			<property name="order" value="Descending" valueType="string"/>
			<property name="applicableTo" value="Negative" valueType="string"/>
		</object>
		<object type="Netting:sortingField" version="3">
			<property name="name" value="expsr_amnt_lng" valueType="string"/>
			<property name="description" value="Long Exposure Amount" valueType="string"/>
			<property name="id" value="982c3e9e-25b9-4a74-9ae3-6e71c71ab9d9" valueType="string"/>
			<property name="order" value="Descending" valueType="string"/>
			<property name="applicableTo" value="Positive" valueType="string"/>
		</object>
		<object type="Netting:sortingField" version="3">
			<property name="name" value="id_unique" valueType="string"/>
			<property name="description" value="Unique ID" valueType="string"/>
			<property name="id" value="327a614b-3976-4dda-8c8d-73b547db501d" valueType="string"/>
			<property name="order" value="Descending" valueType="string"/>
			<property name="applicableTo" value="All" valueType="string"/>
		</object>
	</property>
	<property name="removeNettedRecords" value="false" valueType="boolean"/>
	<property name="prepareJournal" value="false" valueType="boolean"/>
	<property name="mappings" valueType="table">
		<object type="Netting:mapping" version="2">
			<property name="field" valueType="object">
				<object type="Netting:localDetailReference" version="1">
					<property name="value" valueType="url">Netting[this].details["id_ultmt_prnt"{4fb6bd07-b170-4056-b21e-928852736561}]</property>
				</object>
			</property>
			<property name="fieldMapping" valueType="table">
				<object type="Netting:fieldMapping" version="2">
					<property name="model" valueType="object">
						<object type="DataModel:reference" version="3">
							<property name="value" valueType="url">DataModel["Netting[Short_GCC_Netting_Direct_Long_vs_Indirect_Short].Netting[Short_GCC_Netting_Indirect_Long_vs_Indirect_Short].Aggregation[Short_GCC_Netting]"{Netting[4b7344fc-b7c2-45d4-bf9e-ede663a65deb].Netting[cea9c5b6-7ede-4422-b6d4-07be8004e5aa].Aggregation[21313e52-436d-4384-a0c9-414c4f03be97]}]</property>
						</object>
					</property>
					<property name="expression" valueType="table">
						<object type="DataModel:fieldReference" version="3">
							<property name="value" valueType="url">DataModel["Netting[Short_GCC_Netting_Direct_Long_vs_Indirect_Short].Netting[Short_GCC_Netting_Indirect_Long_vs_Indirect_Short].Aggregation[Short_GCC_Netting]"{Netting[4b7344fc-b7c2-45d4-bf9e-ede663a65deb].Netting[cea9c5b6-7ede-4422-b6d4-07be8004e5aa].Aggregation[21313e52-436d-4384-a0c9-414c4f03be97]}].hierarchy["Aggregation"{21313e52-436d-4384-a0c9-414c4f03be97}].dataSource.layout["id_ultmt_prnt"{1d9a3ab0-9357-47d7-bd7b-23616cc9b2dd}]</property>
						</object>
					</property>
				</object>
			</property>
		</object>
		<object type="Netting:mapping" version="2">
			<property name="field" valueType="object">
				<object type="Netting:localDetailReference" version="1">
					<property name="value" valueType="url">Netting[this].details["is_grnt_amnt"{ca88c445-82da-4fc1-a169-43dd9a7f796e}]</property>
				</object>
			</property>
			<property name="fieldMapping" valueType="table">
				<object type="Netting:fieldMapping" version="2">
					<property name="model" valueType="object">
						<object type="DataModel:reference" version="3">
							<property name="value" valueType="url">DataModel["Netting[Short_GCC_Netting_Direct_Long_vs_Indirect_Short].Netting[Short_GCC_Netting_Indirect_Long_vs_Indirect_Short].Aggregation[Short_GCC_Netting]"{Netting[4b7344fc-b7c2-45d4-bf9e-ede663a65deb].Netting[cea9c5b6-7ede-4422-b6d4-07be8004e5aa].Aggregation[21313e52-436d-4384-a0c9-414c4f03be97]}]</property>
						</object>
					</property>
					<property name="expression" valueType="table">
						<object type="DataModel:fieldReference" version="3">
							<property name="value" valueType="url">DataModel["Netting[Short_GCC_Netting_Direct_Long_vs_Indirect_Short].Netting[Short_GCC_Netting_Indirect_Long_vs_Indirect_Short].Aggregation[Short_GCC_Netting]"{Netting[4b7344fc-b7c2-45d4-bf9e-ede663a65deb].Netting[cea9c5b6-7ede-4422-b6d4-07be8004e5aa].Aggregation[21313e52-436d-4384-a0c9-414c4f03be97]}].hierarchy["Aggregation"{21313e52-436d-4384-a0c9-414c4f03be97}].dataSource.layout["is_grnt_amnt"{02a92483-5569-44a7-914e-a06646caf4cc}]</property>
						</object>
					</property>
				</object>
			</property>
		</object>
		<object type="Netting:mapping" version="2">
			<property name="field" valueType="object">
				<object type="Netting:localDetailReference" version="1">
					<property name="value" valueType="url">Netting[this].details["le_shrt_gcc_nttng_ind"{f03d96b7-c2ad-4ea1-883a-12f57966d9a8}]</property>
				</object>
			</property>
			<property name="fieldMapping" valueType="table">
				<object type="Netting:fieldMapping" version="2">
					<property name="model" valueType="object">
						<object type="DataModel:reference" version="3">
							<property name="value" valueType="url">DataModel["Netting[Short_GCC_Netting_Direct_Long_vs_Indirect_Short].Netting[Short_GCC_Netting_Indirect_Long_vs_Indirect_Short].Aggregation[Short_GCC_Netting]"{Netting[4b7344fc-b7c2-45d4-bf9e-ede663a65deb].Netting[cea9c5b6-7ede-4422-b6d4-07be8004e5aa].Aggregation[21313e52-436d-4384-a0c9-414c4f03be97]}]</property>
						</object>
					</property>
					<property name="expression" valueType="table">
						<object type="DataModel:fieldReference" version="3">
							<property name="value" valueType="url">DataModel["Netting[Short_GCC_Netting_Direct_Long_vs_Indirect_Short].Netting[Short_GCC_Netting_Indirect_Long_vs_Indirect_Short].Aggregation[Short_GCC_Netting]"{Netting[4b7344fc-b7c2-45d4-bf9e-ede663a65deb].Netting[cea9c5b6-7ede-4422-b6d4-07be8004e5aa].Aggregation[21313e52-436d-4384-a0c9-414c4f03be97]}].hierarchy["Aggregation"{21313e52-436d-4384-a0c9-414c4f03be97}].dataSource.layout["le_shrt_gcc_nttng_ind"{7af9e4e1-0332-4d2b-abfb-117191e3e404}]</property>
						</object>
					</property>
				</object>
			</property>
		</object>
		<object type="Netting:mapping" version="2">
			<property name="field" valueType="object">
				<object type="Netting:localDetailReference" version="1">
					<property name="value" valueType="url">Netting[this].details["id_issr"{3f45eee5-24a0-49c2-a172-a55d47e3b3d2}]</property>
				</object>
			</property>
			<property name="fieldMapping" valueType="table">
				<object type="Netting:fieldMapping" version="2">
					<property name="model" valueType="object">
						<object type="DataModel:reference" version="3">
							<property name="value" valueType="url">DataModel["Netting[Short_GCC_Netting_Direct_Long_vs_Indirect_Short].Netting[Short_GCC_Netting_Indirect_Long_vs_Indirect_Short].Aggregation[Short_GCC_Netting]"{Netting[4b7344fc-b7c2-45d4-bf9e-ede663a65deb].Netting[cea9c5b6-7ede-4422-b6d4-07be8004e5aa].Aggregation[21313e52-436d-4384-a0c9-414c4f03be97]}]</property>
						</object>
					</property>
					<property name="expression" valueType="table">
						<object type="DataModel:fieldReference" version="3">
							<property name="value" valueType="url">DataModel["Netting[Short_GCC_Netting_Direct_Long_vs_Indirect_Short].Netting[Short_GCC_Netting_Indirect_Long_vs_Indirect_Short].Aggregation[Short_GCC_Netting]"{Netting[4b7344fc-b7c2-45d4-bf9e-ede663a65deb].Netting[cea9c5b6-7ede-4422-b6d4-07be8004e5aa].Aggregation[21313e52-436d-4384-a0c9-414c4f03be97]}].hierarchy["Aggregation"{21313e52-436d-4384-a0c9-414c4f03be97}].dataSource.layout["id_issr"{24fa0d25-3081-4ef2-9bd5-dc943929ded4}]</property>
						</object>
					</property>
				</object>
			</property>
		</object>
		<object type="Netting:mapping" version="2">
			<property name="field" valueType="object">
				<object type="Netting:localDetailReference" version="1">
					<property name="value" valueType="url">Netting[this].details["id_grntr"{876f693e-f00e-4848-85b5-158b9d435c69}]</property>
				</object>
			</property>
			<property name="fieldMapping" valueType="table">
				<object type="Netting:fieldMapping" version="2">
					<property name="model" valueType="object">
						<object type="DataModel:reference" version="3">
							<property name="value" valueType="url">DataModel["Netting[Short_GCC_Netting_Direct_Long_vs_Indirect_Short].Netting[Short_GCC_Netting_Indirect_Long_vs_Indirect_Short].Aggregation[Short_GCC_Netting]"{Netting[4b7344fc-b7c2-45d4-bf9e-ede663a65deb].Netting[cea9c5b6-7ede-4422-b6d4-07be8004e5aa].Aggregation[21313e52-436d-4384-a0c9-414c4f03be97]}]</property>
						</object>
					</property>
					<property name="expression" valueType="table">
						<object type="DataModel:fieldReference" version="3">
							<property name="value" valueType="url">DataModel["Netting[Short_GCC_Netting_Direct_Long_vs_Indirect_Short].Netting[Short_GCC_Netting_Indirect_Long_vs_Indirect_Short].Aggregation[Short_GCC_Netting]"{Netting[4b7344fc-b7c2-45d4-bf9e-ede663a65deb].Netting[cea9c5b6-7ede-4422-b6d4-07be8004e5aa].Aggregation[21313e52-436d-4384-a0c9-414c4f03be97]}].hierarchy["Aggregation"{21313e52-436d-4384-a0c9-414c4f03be97}].dataSource.layout["id_grntr"{ec872e37-d428-4a8a-af52-25c420684f32}]</property>
						</object>
					</property>
				</object>
			</property>
		</object>
		<object type="Netting:mapping" version="2">
			<property name="field" valueType="object">
				<object type="Netting:localDetailReference" version="1">
					<property name="value" valueType="url">Netting[this].details["nttng_exmpt_ind"{6d2a6706-0262-4eeb-92ab-27fc32c46ad8}]</property>
				</object>
			</property>
			<property name="fieldMapping" valueType="table">
				<object type="Netting:fieldMapping" version="2">
					<property name="model" valueType="object">
						<object type="DataModel:reference" version="3">
							<property name="value" valueType="url">DataModel["Netting[Short_GCC_Netting_Direct_Long_vs_Indirect_Short].Netting[Short_GCC_Netting_Indirect_Long_vs_Indirect_Short].Aggregation[Short_GCC_Netting]"{Netting[4b7344fc-b7c2-45d4-bf9e-ede663a65deb].Netting[cea9c5b6-7ede-4422-b6d4-07be8004e5aa].Aggregation[21313e52-436d-4384-a0c9-414c4f03be97]}]</property>
						</object>
					</property>
					<property name="expression" valueType="table">
						<object type="DataModel:fieldReference" version="3">
							<property name="value" valueType="url">DataModel["Netting[Short_GCC_Netting_Direct_Long_vs_Indirect_Short].Netting[Short_GCC_Netting_Indirect_Long_vs_Indirect_Short].Aggregation[Short_GCC_Netting]"{Netting[4b7344fc-b7c2-45d4-bf9e-ede663a65deb].Netting[cea9c5b6-7ede-4422-b6d4-07be8004e5aa].Aggregation[21313e52-436d-4384-a0c9-414c4f03be97]}].hierarchy["Aggregation"{21313e52-436d-4384-a0c9-414c4f03be97}].dataSource.layout["nttng_exmpt_ind"{53bdaa75-cd44-4a4a-8b1e-dc6c32f4f648}]</property>
						</object>
					</property>
				</object>
			</property>
		</object>
		<object type="Netting:mapping" version="2">
			<property name="field" valueType="object">
				<object type="Netting:localCalcFieldReference" version="1">
					<property name="value" valueType="url">Netting[this].calcFields["expsr_amnt"{ae6a8083-107b-4db4-80b3-7edcf4fa44c8}]</property>
				</object>
			</property>
			<property name="fieldMapping" valueType="table">
				<object type="Netting:fieldMapping" version="2">
					<property name="model" valueType="object">
						<object type="DataModel:reference" version="3">
							<property name="value" valueType="url">DataModel["Netting[Short_GCC_Netting_Direct_Long_vs_Indirect_Short].Netting[Short_GCC_Netting_Indirect_Long_vs_Indirect_Short].Aggregation[Short_GCC_Netting]"{Netting[4b7344fc-b7c2-45d4-bf9e-ede663a65deb].Netting[cea9c5b6-7ede-4422-b6d4-07be8004e5aa].Aggregation[21313e52-436d-4384-a0c9-414c4f03be97]}]</property>
						</object>
					</property>
					<property name="expression" valueType="table">
						<object type="DataModel:fieldReference" version="3">
							<property name="value" valueType="url">DataModel["Netting[Short_GCC_Netting_Direct_Long_vs_Indirect_Short].Netting[Short_GCC_Netting_Indirect_Long_vs_Indirect_Short].Aggregation[Short_GCC_Netting]"{Netting[4b7344fc-b7c2-45d4-bf9e-ede663a65deb].Netting[cea9c5b6-7ede-4422-b6d4-07be8004e5aa].Aggregation[21313e52-436d-4384-a0c9-414c4f03be97]}].hierarchy["Netting[Short_GCC_Netting_Direct_Long_vs_Indirect_Short]"{4b7344fc-b7c2-45d4-bf9e-ede663a65deb}].dataSource.layout["expsr_amnt"{ae6a8083-107b-4db4-80b3-7edcf4fa44c8}]</property>
						</object>
					</property>
				</object>
			</property>
		</object>
		<object type="Netting:mapping" version="2">
			<property name="field" valueType="object">
				<object type="Netting:localSortingFieldReference" version="1">
					<property name="value" valueType="url">Netting[this].sorting["expsr_shrt"{6854aaf0-c5a5-445e-9ae0-105a847944b6}]</property>
				</object>
			</property>
			<property name="fieldMapping" valueType="table">
				<object type="Netting:fieldMapping" version="2">
					<property name="model" valueType="object">
						<object type="DataModel:reference" version="3">
							<property name="value" valueType="url">DataModel["Netting[Short_GCC_Netting_Direct_Long_vs_Indirect_Short].Netting[Short_GCC_Netting_Indirect_Long_vs_Indirect_Short].Aggregation[Short_GCC_Netting]"{Netting[4b7344fc-b7c2-45d4-bf9e-ede663a65deb].Netting[cea9c5b6-7ede-4422-b6d4-07be8004e5aa].Aggregation[21313e52-436d-4384-a0c9-414c4f03be97]}]</property>
						</object>
					</property>
					<property name="expression" valueType="table">
						<object type="SQLExpressionPart" version="2">
							<property name="value" value="CASE WHEN " valueType="string"/>
						</object>
						<object type="DataModel:fieldReference" version="3">
							<property name="value" valueType="url">DataModel["Netting[Short_GCC_Netting_Direct_Long_vs_Indirect_Short].Netting[Short_GCC_Netting_Indirect_Long_vs_Indirect_Short].Aggregation[Short_GCC_Netting]"{Netting[4b7344fc-b7c2-45d4-bf9e-ede663a65deb].Netting[cea9c5b6-7ede-4422-b6d4-07be8004e5aa].Aggregation[21313e52-436d-4384-a0c9-414c4f03be97]}].hierarchy["Netting[Short_GCC_Netting_Direct_Long_vs_Indirect_Short]"{4b7344fc-b7c2-45d4-bf9e-ede663a65deb}].dataSource.layout["expsr_amnt"{ae6a8083-107b-4db4-80b3-7edcf4fa44c8}]</property>
						</object>
						<object type="SQLExpressionPart" version="2">
							<property name="value" value=" &lt;0 THEN abs(" valueType="string"/>
						</object>
						<object type="DataModel:fieldReference" version="3">
							<property name="value" valueType="url">DataModel["Netting[Short_GCC_Netting_Direct_Long_vs_Indirect_Short].Netting[Short_GCC_Netting_Indirect_Long_vs_Indirect_Short].Aggregation[Short_GCC_Netting]"{Netting[4b7344fc-b7c2-45d4-bf9e-ede663a65deb].Netting[cea9c5b6-7ede-4422-b6d4-07be8004e5aa].Aggregation[21313e52-436d-4384-a0c9-414c4f03be97]}].hierarchy["Netting[Short_GCC_Netting_Direct_Long_vs_Indirect_Short]"{4b7344fc-b7c2-45d4-bf9e-ede663a65deb}].dataSource.layout["expsr_amnt"{ae6a8083-107b-4db4-80b3-7edcf4fa44c8}]</property>
						</object>
						<object type="SQLExpressionPart" version="2">
							<property name="value" value=")  END" valueType="string"/>
						</object>
					</property>
					<property name="valueNullable" value="false" valueType="boolean"/>
					<property name="valueType" value="FLOAT" valueType="string"/>
				</object>
			</property>
		</object>
		<object type="Netting:mapping" version="2">
			<property name="field" valueType="object">
				<object type="Netting:localSortingFieldReference" version="1">
					<property name="value" valueType="url">Netting[this].sorting["expsr_amnt_lng"{982c3e9e-25b9-4a74-9ae3-6e71c71ab9d9}]</property>
				</object>
			</property>
			<property name="fieldMapping" valueType="table">
				<object type="Netting:fieldMapping" version="2">
					<property name="model" valueType="object">
						<object type="DataModel:reference" version="3">
							<property name="value" valueType="url">DataModel["Netting[Short_GCC_Netting_Direct_Long_vs_Indirect_Short].Netting[Short_GCC_Netting_Indirect_Long_vs_Indirect_Short].Aggregation[Short_GCC_Netting]"{Netting[4b7344fc-b7c2-45d4-bf9e-ede663a65deb].Netting[cea9c5b6-7ede-4422-b6d4-07be8004e5aa].Aggregation[21313e52-436d-4384-a0c9-414c4f03be97]}]</property>
						</object>
					</property>
					<property name="expression" valueType="table">
						<object type="SQLExpressionPart" version="2">
							<property name="value" value="CASE WHEN " valueType="string"/>
						</object>
						<object type="DataModel:fieldReference" version="3">
							<property name="value" valueType="url">DataModel["Netting[Short_GCC_Netting_Direct_Long_vs_Indirect_Short].Netting[Short_GCC_Netting_Indirect_Long_vs_Indirect_Short].Aggregation[Short_GCC_Netting]"{Netting[4b7344fc-b7c2-45d4-bf9e-ede663a65deb].Netting[cea9c5b6-7ede-4422-b6d4-07be8004e5aa].Aggregation[21313e52-436d-4384-a0c9-414c4f03be97]}].hierarchy["Netting[Short_GCC_Netting_Direct_Long_vs_Indirect_Short]"{4b7344fc-b7c2-45d4-bf9e-ede663a65deb}].dataSource.layout["expsr_amnt"{ae6a8083-107b-4db4-80b3-7edcf4fa44c8}]</property>
						</object>
						<object type="SQLExpressionPart" version="2">
							<property name="value" value="  >0 THEN " valueType="string"/>
						</object>
						<object type="DataModel:fieldReference" version="3">
							<property name="value" valueType="url">DataModel["Netting[Short_GCC_Netting_Direct_Long_vs_Indirect_Short].Netting[Short_GCC_Netting_Indirect_Long_vs_Indirect_Short].Aggregation[Short_GCC_Netting]"{Netting[4b7344fc-b7c2-45d4-bf9e-ede663a65deb].Netting[cea9c5b6-7ede-4422-b6d4-07be8004e5aa].Aggregation[21313e52-436d-4384-a0c9-414c4f03be97]}].hierarchy["Netting[Short_GCC_Netting_Direct_Long_vs_Indirect_Short]"{4b7344fc-b7c2-45d4-bf9e-ede663a65deb}].dataSource.layout["expsr_amnt"{ae6a8083-107b-4db4-80b3-7edcf4fa44c8}]</property>
						</object>
						<object type="SQLExpressionPart" version="2">
							<property name="value" value="  END" valueType="string"/>
						</object>
					</property>
					<property name="valueNullable" value="false" valueType="boolean"/>
					<property name="valueType" value="FLOAT" valueType="string"/>
				</object>
			</property>
		</object>
		<object type="Netting:mapping" version="2">
			<property name="field" valueType="object">
				<object type="Netting:localSortingFieldReference" version="1">
					<property name="value" valueType="url">Netting[this].sorting["id_unique"{327a614b-3976-4dda-8c8d-73b547db501d}]</property>
				</object>
			</property>
			<property name="fieldMapping" valueType="table">
				<object type="Netting:fieldMapping" version="2">
					<property name="model" valueType="object">
						<object type="DataModel:reference" version="3">
							<property name="value" valueType="url">DataModel["Netting[Short_GCC_Netting_Direct_Long_vs_Indirect_Short].Netting[Short_GCC_Netting_Indirect_Long_vs_Indirect_Short].Aggregation[Short_GCC_Netting]"{Netting[4b7344fc-b7c2-45d4-bf9e-ede663a65deb].Netting[cea9c5b6-7ede-4422-b6d4-07be8004e5aa].Aggregation[21313e52-436d-4384-a0c9-414c4f03be97]}]</property>
						</object>
					</property>
					<property name="expression" valueType="table">
						<object type="DataModel:fieldReference" version="3">
							<property name="value" valueType="url">DataModel["Netting[Short_GCC_Netting_Direct_Long_vs_Indirect_Short].Netting[Short_GCC_Netting_Indirect_Long_vs_Indirect_Short].Aggregation[Short_GCC_Netting]"{Netting[4b7344fc-b7c2-45d4-bf9e-ede663a65deb].Netting[cea9c5b6-7ede-4422-b6d4-07be8004e5aa].Aggregation[21313e52-436d-4384-a0c9-414c4f03be97]}].hierarchy["Netting[Short_GCC_Netting_Direct_Long_vs_Indirect_Short]"{4b7344fc-b7c2-45d4-bf9e-ede663a65deb}].dataSource.layout["id_unique"{a4ebd754-0722-4dbe-8553-a182673dd80f}]</property>
						</object>
					</property>
				</object>
			</property>
		</object>
	</property>
	<property name="storageType" value="CONTINUOUS_PARTITION" valueType="string"/>
	<property name="dbSourceForResults" valueType="url">DBSource["POSTGRES"{7141b02a-a2bf-46bb-9ad0-fa1087f431e1}]</property>
	<property name="archivalProperties" valueType="object">
		<object type="ArchivalProperties" version="2">
			<property name="daily" value="false" valueType="boolean"/>
			<property name="weekly" value="false" valueType="boolean"/>
			<property name="monthly" value="false" valueType="boolean"/>
			<property name="quarterly" value="false" valueType="boolean"/>
			<property name="semiAnnually" value="false" valueType="boolean"/>
			<property name="annually" value="false" valueType="boolean"/>
			<property name="intraDay" value="false" valueType="boolean"/>
			<property name="userDefined" value="false" valueType="boolean"/>
		</object>
	</property>
	<property name="condition" valueType="tree">
		<objectNode type="Condition" version="3">
			<property name="isNegated" value="false" valueType="boolean"/>
			<property name="groupingOperator" value="AND" valueType="string"/>
			<children>
				<objectNode type="Condition:singularConcrete" version="3">
					<property name="field" valueType="object">
						<object type="Netting:numberedLocalDetailReference" version="1">
							<property name="value" valueType="url">Netting[this].details["is_grnt_amnt"{ca88c445-82da-4fc1-a169-43dd9a7f796e}]</property>
							<property name="fieldNumber" value="1" valueType="integer"/>
						</object>
					</property>
					<property name="operation" value="=" valueType="string"/>
					<property name="value" value="Y" valueType="string"/>
				</objectNode>
				<objectNode type="Condition:singularConcrete" version="3">
					<property name="field" valueType="object">
						<object type="Netting:numberedLocalDetailReference" version="1">
							<property name="value" valueType="url">Netting[this].details["is_grnt_amnt"{ca88c445-82da-4fc1-a169-43dd9a7f796e}]</property>
							<property name="fieldNumber" value="2" valueType="integer"/>
						</object>
					</property>
					<property name="operation" value="!=" valueType="string"/>
					<property name="value" value="Y" valueType="string"/>
				</objectNode>
				<objectNode type="Condition:singularConcrete" version="3">
					<property name="field" valueType="object">
						<object type="Netting:numberedLocalDetailReference" version="1">
							<property name="value" valueType="url">Netting[this].details["le_shrt_gcc_nttng_ind"{f03d96b7-c2ad-4ea1-883a-12f57966d9a8}]</property>
							<property name="fieldNumber" value="1" valueType="integer"/>
						</object>
					</property>
					<property name="operation" value="!=" valueType="string"/>
					<property name="value" value="Y" valueType="string"/>
				</objectNode>
				<objectNode type="Condition:singularConcrete" version="3">
					<property name="field" valueType="object">
						<object type="Netting:numberedLocalDetailReference" version="1">
							<property name="value" valueType="url">Netting[this].details["le_shrt_gcc_nttng_ind"{f03d96b7-c2ad-4ea1-883a-12f57966d9a8}]</property>
							<property name="fieldNumber" value="2" valueType="integer"/>
						</object>
					</property>
					<property name="operation" value="=" valueType="string"/>
					<property name="value" value="Y" valueType="string"/>
				</objectNode>
				<objectNode type="Condition:freehandExpression" version="3">
					<property name="expression" valueType="table">
						<object type="Netting:numberedLocalDetailReference" version="1">
							<property name="value" valueType="url">Netting[this].details["id_grntr"{876f693e-f00e-4848-85b5-158b9d435c69}]</property>
							<property name="fieldNumber" value="1" valueType="integer"/>
						</object>
						<object type="SQLExpressionPart" version="2">
							<property name="value" value=" = " valueType="string"/>
						</object>
						<object type="Netting:numberedLocalDetailReference" version="1">
							<property name="value" valueType="url">Netting[this].details["id_issr"{3f45eee5-24a0-49c2-a172-a55d47e3b3d2}]</property>
							<property name="fieldNumber" value="2" valueType="integer"/>
						</object>
					</property>
				</objectNode>
				<objectNode type="Condition:freehandExpression" version="3">
					<property name="expression" valueType="table">
						<object type="Netting:numberedLocalDetailReference" version="1">
							<property name="value" valueType="url">Netting[this].details["nttng_exmpt_ind"{6d2a6706-0262-4eeb-92ab-27fc32c46ad8}]</property>
							<property name="fieldNumber" value="1" valueType="integer"/>
						</object>
						<object type="SQLExpressionPart" version="2">
							<property name="value" value=" = " valueType="string"/>
						</object>
						<object type="Netting:numberedLocalDetailReference" version="1">
							<property name="value" valueType="url">Netting[this].details["nttng_exmpt_ind"{6d2a6706-0262-4eeb-92ab-27fc32c46ad8}]</property>
							<property name="fieldNumber" value="2" valueType="integer"/>
						</object>
					</property>
				</objectNode>
			</children>
		</objectNode>
	</property>
	<property name="makeAsOfDateColumnNullable" value="false" valueType="boolean"/>
	<property name="computeStatistics" value="FOR_ALL_COLUMNS" valueType="string"/>
	<property name="doublePrecisionInFile" value="3" valueType="integer"/>
	<property name="instanceRebuildRestriction" value="AlterFullRebuild" valueType="string"/>
	<property name="allowExternalDataPermissions" value="true" valueType="boolean"/>
</object>