<object stamp="9fee1a9d-b3cd-4525-bde7-a1f64e5e664d_1708507121040" type="Aggregation" version="12">
	<property name="name" value="Delta_Commodity" valueType="string"/>
	<property name="description" value="" valueType="string"/>
	<property name="objectId" value="446474a4-7238-49a7-a1c5-fb1279f7dbda" valueType="string"/>
	<property name="branchId" value="abd5d443-df6a-4329-a4bc-71fc002f8fcf" valueType="string"/>
	<property name="comment" value="Article 358 " valueType="string"/>
	<property name="models" valueType="table">
		<object type="ModelBasedTask:modelEntry" version="3">
			<property name="dataModel" valueType="url">DataModel["Aggregation[Consolidated_Commodity_Inputs]"{Aggregation[36eb4b8f-e291-4bbf-b96f-caaa9fae5626]}]</property>
			<property name="instanceSelectionRule" valueType="object">
				<object type="InstanceSelectionRule" version="3">
					<property name="instanceDateRule" valueType="object">
						<object type="InstanceSelectionRule:rule" version="3">
							<property name="type" value="EQUAL" valueType="string"/>
						</object>
					</property>
					<property name="instanceKeyRules" valueType="table"/>
				</object>
			</property>
		</object>
	</property>
	<property name="requiresAllModels" value="true" valueType="boolean"/>
	<property name="parameters" valueType="table"/>
	<property name="details" valueType="table">
		<object type="Aggregation:detail" version="6">
			<property name="name" value="entity" valueType="string"/>
			<property name="description" value="" valueType="string"/>
			<property name="id" value="838432bc-729c-43fb-a345-6360e4c12070" valueType="string"/>
			<property name="overrideLookupInformation" value="false" valueType="boolean"/>
			<property name="displayFormat" value="" valueType="string"/>
			<property name="title" value="Entity" valueType="string"/>
			<property name="overrideNullable" value="DEFAULT" valueType="string"/>
		</object>
		<object type="Aggregation:detail" version="6">
			<property name="name" value="id_unique" valueType="string"/>
			<property name="description" value="" valueType="string"/>
			<property name="id" value="63e9d17e-b6c6-440f-8a5e-8838882aea2a" valueType="string"/>
			<property name="overrideLookupInformation" value="false" valueType="boolean"/>
			<property name="displayFormat" value="" valueType="string"/>
			<property name="title" value="Unique ID" valueType="string"/>
			<property name="overrideNullable" value="DEFAULT" valueType="string"/>
		</object>
		<object type="Aggregation:detail" version="6">
			<property name="name" value="id_nttng_grp" valueType="string"/>
			<property name="description" value="" valueType="string"/>
			<property name="id" value="bfa253a7-d919-4d9e-8cc3-1ecea68cd163" valueType="string"/>
			<property name="overrideLookupInformation" value="false" valueType="boolean"/>
			<property name="displayFormat" value="" valueType="string"/>
			<property name="title" value="Netting Group ID" valueType="string"/>
			<property name="overrideNullable" value="DEFAULT" valueType="string"/>
		</object>
		<object type="Aggregation:detail" version="6">
			<property name="name" value="id_comm" valueType="string"/>
			<property name="description" value="" valueType="string"/>
			<property name="id" value="1eed248f-1079-4184-ad9a-40768331ea0e" valueType="string"/>
			<property name="overrideLookupInformation" value="false" valueType="boolean"/>
			<property name="displayFormat" value="" valueType="string"/>
			<property name="title" value="Commodity ID" valueType="string"/>
			<property name="overrideNullable" value="DEFAULT" valueType="string"/>
		</object>
		<object type="Aggregation:detail" version="6">
			<property name="name" value="legal_entity" valueType="string"/>
			<property name="description" value="" valueType="string"/>
			<property name="id" value="9134bfc1-ac23-4946-8ebb-4e10c6634d92" valueType="string"/>
			<property name="overrideLookupInformation" value="false" valueType="boolean"/>
			<property name="displayFormat" value="" valueType="string"/>
			<property name="title" value="Legal Entity" valueType="string"/>
			<property name="overrideNullable" value="DEFAULT" valueType="string"/>
		</object>
	</property>
	<property name="calcFields" valueType="table">
		<object type="Aggregation:calcField" version="7">
			<property name="name" value="enm_optn_mthd" valueType="string"/>
			<property name="description" value="" valueType="string"/>
			<property name="id" value="582b1652-1366-41a6-9a59-f993cbb4c9c3" valueType="string"/>
			<property name="aggrMethod" value="MAX" valueType="string"/>
			<property name="calcTotal" value="false" valueType="boolean"/>
			<property name="calcFormula" valueType="table"/>
			<property name="displayFormat" value="" valueType="string"/>
			<property name="overrideLookupInformation" value="false" valueType="boolean"/>
			<property name="title" value="Options Method" valueType="string"/>
			<property name="overrideNullable" value="DEFAULT" valueType="string"/>
		</object>
		<object type="Aggregation:calcField" version="7">
			<property name="name" value="enm_optn_typ" valueType="string"/>
			<property name="description" value="" valueType="string"/>
			<property name="id" value="844b0150-b4a2-463d-8989-30b356966f7e" valueType="string"/>
			<property name="aggrMethod" value="MAX" valueType="string"/>
			<property name="calcTotal" value="false" valueType="boolean"/>
			<property name="calcFormula" valueType="table"/>
			<property name="displayFormat" value="" valueType="string"/>
			<property name="overrideLookupInformation" value="false" valueType="boolean"/>
			<property name="title" value="Options Type" valueType="string"/>
			<property name="overrideNullable" value="DEFAULT" valueType="string"/>
		</object>
		<object type="Aggregation:calcField" version="7">
			<property name="name" value="optn_delta" valueType="string"/>
			<property name="description" value="" valueType="string"/>
			<property name="id" value="99b074be-9612-4344-8fa2-116b4991c59b" valueType="string"/>
			<property name="aggrMethod" value="MAX" valueType="string"/>
			<property name="calcTotal" value="false" valueType="boolean"/>
			<property name="calcFormula" valueType="table"/>
			<property name="displayFormat" value="" valueType="string"/>
			<property name="overrideLookupInformation" value="false" valueType="boolean"/>
			<property name="title" value="Options Delta" valueType="string"/>
			<property name="overrideNullable" value="DEFAULT" valueType="string"/>
		</object>
		<object type="Aggregation:calcField" version="7">
			<property name="name" value="delta_wghtd_qntty" valueType="string"/>
			<property name="description" value="" valueType="string"/>
			<property name="id" value="31f40ffb-d4a4-466c-97b7-4a28f1b8c779" valueType="string"/>
			<property name="aggrMethod" value="MAX" valueType="string"/>
			<property name="calcTotal" value="false" valueType="boolean"/>
			<property name="calcFormula" valueType="table"/>
			<property name="displayFormat" value="" valueType="string"/>
			<property name="overrideLookupInformation" value="false" valueType="boolean"/>
			<property name="title" value="Delta Weighted Quantity" valueType="string"/>
			<property name="overrideNullable" value="DEFAULT" valueType="string"/>
		</object>
		<object type="Aggregation:calcField" version="7">
			<property name="name" value="qntty" valueType="string"/>
			<property name="description" value="" valueType="string"/>
			<property name="id" value="c5211a40-1a6e-4ea5-bdbd-0b8d5ce22c31" valueType="string"/>
			<property name="aggrMethod" value="MAX" valueType="string"/>
			<property name="calcTotal" value="false" valueType="boolean"/>
			<property name="calcFormula" valueType="table"/>
			<property name="displayFormat" value="" valueType="string"/>
			<property name="overrideLookupInformation" value="false" valueType="boolean"/>
			<property name="title" value="Quantity" valueType="string"/>
			<property name="overrideNullable" value="DEFAULT" valueType="string"/>
		</object>
		<object type="Aggregation:calcField" version="7">
			<property name="name" value="cntrct_unts" valueType="string"/>
			<property name="description" value="" valueType="string"/>
			<property name="id" value="1ce2f0ea-c59e-4d93-9b0f-233b34ee82ed" valueType="string"/>
			<property name="aggrMethod" value="MAX" valueType="string"/>
			<property name="calcTotal" value="false" valueType="boolean"/>
			<property name="calcFormula" valueType="table"/>
			<property name="displayFormat" value="" valueType="string"/>
			<property name="overrideLookupInformation" value="false" valueType="boolean"/>
			<property name="title" value="Contract Units" valueType="string"/>
			<property name="overrideNullable" value="DEFAULT" valueType="string"/>
		</object>
		<object type="Aggregation:calcField" version="7">
			<property name="name" value="decompose_ind" valueType="string"/>
			<property name="description" value="" valueType="string"/>
			<property name="id" value="ea1068de-b90c-4b8f-aa68-b46684eb9782" valueType="string"/>
			<property name="aggrMethod" value="MAX" valueType="string"/>
			<property name="calcTotal" value="false" valueType="boolean"/>
			<property name="calcFormula" valueType="table"/>
			<property name="displayFormat" value="" valueType="string"/>
			<property name="overrideLookupInformation" value="false" valueType="boolean"/>
			<property name="title" value="Decompose Indicator" valueType="string"/>
			<property name="overrideNullable" value="DEFAULT" valueType="string"/>
		</object>
		<object type="Aggregation:calcField" version="7">
			<property name="name" value="indx_ind" valueType="string"/>
			<property name="description" value="" valueType="string"/>
			<property name="id" value="e82bcc15-3e11-4372-af19-6b15a1d8496d" valueType="string"/>
			<property name="aggrMethod" value="MAX" valueType="string"/>
			<property name="calcTotal" value="false" valueType="boolean"/>
			<property name="calcFormula" valueType="table"/>
			<property name="displayFormat" value="" valueType="string"/>
			<property name="overrideLookupInformation" value="false" valueType="boolean"/>
			<property name="title" value="Index ID" valueType="string"/>
			<property name="overrideNullable" value="DEFAULT" valueType="string"/>
		</object>
		<object type="Aggregation:calcField" version="7">
			<property name="name" value="bid_prc" valueType="string"/>
			<property name="description" value="" valueType="string"/>
			<property name="id" value="682176be-3ed1-4f3d-bf1e-6a572216e8f4" valueType="string"/>
			<property name="aggrMethod" value="MAX" valueType="string"/>
			<property name="calcTotal" value="false" valueType="boolean"/>
			<property name="calcFormula" valueType="table"/>
			<property name="displayFormat" value="" valueType="string"/>
			<property name="overrideLookupInformation" value="false" valueType="boolean"/>
			<property name="title" value="Bid Price" valueType="string"/>
			<property name="overrideNullable" value="DEFAULT" valueType="string"/>
		</object>
		<object type="Aggregation:calcField" version="7">
			<property name="name" value="offr_prc" valueType="string"/>
			<property name="description" value="" valueType="string"/>
			<property name="id" value="c0f74e3e-27b6-4d26-8706-4da99900405a" valueType="string"/>
			<property name="aggrMethod" value="MAX" valueType="string"/>
			<property name="calcTotal" value="false" valueType="boolean"/>
			<property name="calcFormula" valueType="table"/>
			<property name="displayFormat" value="" valueType="string"/>
			<property name="overrideLookupInformation" value="false" valueType="boolean"/>
			<property name="title" value="Offer Price" valueType="string"/>
			<property name="overrideNullable" value="DEFAULT" valueType="string"/>
		</object>
		<object type="Aggregation:calcField" version="7">
			<property name="name" value="spt_prc" valueType="string"/>
			<property name="description" value="" valueType="string"/>
			<property name="id" value="0d2f0b66-cef3-4a27-9070-94386c792866" valueType="string"/>
			<property name="aggrMethod" value="MAX" valueType="string"/>
			<property name="calcTotal" value="false" valueType="boolean"/>
			<property name="calcFormula" valueType="table">
				<object type="SQLExpressionPart" version="2">
					<property name="value" value="(" valueType="string"/>
				</object>
				<object type="SQLPattern" version="3">
					<property name="name" value="isNull" valueType="string"/>
					<property name="parameters" valueType="table">
						<object type="SQLPattern:parameter" version="3">
							<property name="expressions" valueType="table">
								<object type="Aggregation:localCalcFieldReference" version="7">
									<property name="value" valueType="url">Aggregation[this].calcFields["bid_prc"{682176be-3ed1-4f3d-bf1e-6a572216e8f4}]</property>
								</object>
							</property>
						</object>
						<object type="SQLPattern:parameter" version="3">
							<property name="expressions" valueType="table">
								<object type="SQLExpressionPart" version="2">
									<property name="value" value="0" valueType="string"/>
								</object>
							</property>
						</object>
					</property>
				</object>
				<object type="SQLExpressionPart" version="2">
					<property name="value" value=" + " valueType="string"/>
				</object>
				<object type="SQLPattern" version="3">
					<property name="name" value="isNull" valueType="string"/>
					<property name="parameters" valueType="table">
						<object type="SQLPattern:parameter" version="3">
							<property name="expressions" valueType="table">
								<object type="Aggregation:localCalcFieldReference" version="7">
									<property name="value" valueType="url">Aggregation[this].calcFields["offr_prc"{c0f74e3e-27b6-4d26-8706-4da99900405a}]</property>
								</object>
							</property>
						</object>
						<object type="SQLPattern:parameter" version="3">
							<property name="expressions" valueType="table">
								<object type="SQLExpressionPart" version="2">
									<property name="value" value="0" valueType="string"/>
								</object>
							</property>
						</object>
					</property>
				</object>
				<object type="SQLExpressionPart" version="2">
					<property name="value" value=")/2" valueType="string"/>
				</object>
			</property>
			<property name="valueType" value="FLOAT" valueType="string"/>
			<property name="valueNullable" value="false" valueType="boolean"/>
			<property name="displayFormat" value="" valueType="string"/>
			<property name="overrideLookupInformation" value="false" valueType="boolean"/>
			<property name="title" value="Spot Price" valueType="string"/>
			<property name="overrideNullable" value="DEFAULT" valueType="string"/>
		</object>
		<object type="Aggregation:calcField" version="7">
			<property name="name" value="le_decompose_ind" valueType="string"/>
			<property name="description" value="" valueType="string"/>
			<property name="id" value="521d68e8-0e41-440b-a07a-b64b69246d5b" valueType="string"/>
			<property name="aggrMethod" value="MAX" valueType="string"/>
			<property name="calcTotal" value="false" valueType="boolean"/>
			<property name="calcFormula" valueType="table"/>
			<property name="displayFormat" value="" valueType="string"/>
			<property name="overrideLookupInformation" value="false" valueType="boolean"/>
			<property name="title" value="Large Exposures Decompose Indicator" valueType="string"/>
			<property name="overrideNullable" value="DEFAULT" valueType="string"/>
		</object>
	</property>
	<property name="auxFields" valueType="table"/>
	<property name="syntheticFields" valueType="table"/>
	<property name="additionalIndices" valueType="table"/>
	<property name="mappings" valueType="table">
		<object type="Aggregation:mapping" version="7">
			<property name="field" valueType="object">
				<object type="Aggregation:localDetailReference" version="7">
					<property name="value" valueType="url">Aggregation[this].details["entity"{838432bc-729c-43fb-a345-6360e4c12070}]</property>
				</object>
			</property>
			<property name="fieldMapping" valueType="table">
				<object type="Aggregation:fieldMapping" version="7">
					<property name="model" valueType="object">
						<object type="DataModel:reference" version="3">
							<property name="value" valueType="url">DataModel["Aggregation[Consolidated_Commodity_Inputs]"{Aggregation[36eb4b8f-e291-4bbf-b96f-caaa9fae5626]}]</property>
						</object>
					</property>
					<property name="expression" valueType="table">
						<object type="DataModel:fieldReference" version="3">
							<property name="value" valueType="url">DataModel["Aggregation[Consolidated_Commodity_Inputs]"{Aggregation[36eb4b8f-e291-4bbf-b96f-caaa9fae5626]}].hierarchy["Aggregation"{36eb4b8f-e291-4bbf-b96f-caaa9fae5626}].dataSource.layout["entity"{3ba76b76-97c6-48a1-a06b-feb3a5bb3ab7}]</property>
						</object>
					</property>
				</object>
			</property>
		</object>
		<object type="Aggregation:mapping" version="7">
			<property name="field" valueType="object">
				<object type="Aggregation:localDetailReference" version="7">
					<property name="value" valueType="url">Aggregation[this].details["id_unique"{63e9d17e-b6c6-440f-8a5e-8838882aea2a}]</property>
				</object>
			</property>
			<property name="fieldMapping" valueType="table">
				<object type="Aggregation:fieldMapping" version="7">
					<property name="model" valueType="object">
						<object type="DataModel:reference" version="3">
							<property name="value" valueType="url">DataModel["Aggregation[Consolidated_Commodity_Inputs]"{Aggregation[36eb4b8f-e291-4bbf-b96f-caaa9fae5626]}]</property>
						</object>
					</property>
					<property name="expression" valueType="table">
						<object type="DataModel:fieldReference" version="3">
							<property name="value" valueType="url">DataModel["Aggregation[Consolidated_Commodity_Inputs]"{Aggregation[36eb4b8f-e291-4bbf-b96f-caaa9fae5626]}].hierarchy["Aggregation"{36eb4b8f-e291-4bbf-b96f-caaa9fae5626}].dataSource.layout["id_unique"{d6b8806b-5a4c-4f6d-a444-f22765c21e41}]</property>
						</object>
					</property>
				</object>
			</property>
		</object>
		<object type="Aggregation:mapping" version="7">
			<property name="field" valueType="object">
				<object type="Aggregation:localDetailReference" version="7">
					<property name="value" valueType="url">Aggregation[this].details["id_nttng_grp"{bfa253a7-d919-4d9e-8cc3-1ecea68cd163}]</property>
				</object>
			</property>
			<property name="fieldMapping" valueType="table">
				<object type="Aggregation:fieldMapping" version="7">
					<property name="model" valueType="object">
						<object type="DataModel:reference" version="3">
							<property name="value" valueType="url">DataModel["Aggregation[Consolidated_Commodity_Inputs]"{Aggregation[36eb4b8f-e291-4bbf-b96f-caaa9fae5626]}]</property>
						</object>
					</property>
					<property name="expression" valueType="table">
						<object type="DataModel:fieldReference" version="3">
							<property name="value" valueType="url">DataModel["Aggregation[Consolidated_Commodity_Inputs]"{Aggregation[36eb4b8f-e291-4bbf-b96f-caaa9fae5626]}].hierarchy["Aggregation"{36eb4b8f-e291-4bbf-b96f-caaa9fae5626}].dataSource.layout["id_nttng_grp"{c58d9b29-56fb-4213-8d35-ee4ea634f96d}]</property>
						</object>
					</property>
				</object>
			</property>
		</object>
		<object type="Aggregation:mapping" version="7">
			<property name="field" valueType="object">
				<object type="Aggregation:localDetailReference" version="7">
					<property name="value" valueType="url">Aggregation[this].details["id_comm"{1eed248f-1079-4184-ad9a-40768331ea0e}]</property>
				</object>
			</property>
			<property name="fieldMapping" valueType="table">
				<object type="Aggregation:fieldMapping" version="7">
					<property name="model" valueType="object">
						<object type="DataModel:reference" version="3">
							<property name="value" valueType="url">DataModel["Aggregation[Consolidated_Commodity_Inputs]"{Aggregation[36eb4b8f-e291-4bbf-b96f-caaa9fae5626]}]</property>
						</object>
					</property>
					<property name="expression" valueType="table">
						<object type="DataModel:fieldReference" version="3">
							<property name="value" valueType="url">DataModel["Aggregation[Consolidated_Commodity_Inputs]"{Aggregation[36eb4b8f-e291-4bbf-b96f-caaa9fae5626]}].hierarchy["Aggregation"{36eb4b8f-e291-4bbf-b96f-caaa9fae5626}].dataSource.layout["id_comm"{b0af1bb9-449f-4b0a-bba9-e6abad879b3c}]</property>
						</object>
					</property>
				</object>
			</property>
		</object>
		<object type="Aggregation:mapping" version="7">
			<property name="field" valueType="object">
				<object type="Aggregation:localDetailReference" version="7">
					<property name="value" valueType="url">Aggregation[this].details["legal_entity"{9134bfc1-ac23-4946-8ebb-4e10c6634d92}]</property>
				</object>
			</property>
			<property name="fieldMapping" valueType="table">
				<object type="Aggregation:fieldMapping" version="7">
					<property name="model" valueType="object">
						<object type="DataModel:reference" version="3">
							<property name="value" valueType="url">DataModel["Aggregation[Consolidated_Commodity_Inputs]"{Aggregation[36eb4b8f-e291-4bbf-b96f-caaa9fae5626]}]</property>
						</object>
					</property>
					<property name="expression" valueType="table">
						<object type="DataModel:fieldReference" version="3">
							<property name="value" valueType="url">DataModel["Aggregation[Consolidated_Commodity_Inputs]"{Aggregation[36eb4b8f-e291-4bbf-b96f-caaa9fae5626]}].hierarchy["Aggregation"{36eb4b8f-e291-4bbf-b96f-caaa9fae5626}].dataSource.layout["legal_entity"{218f61b3-e9ed-4824-b738-1ff9ca5d193c}]</property>
						</object>
					</property>
				</object>
			</property>
		</object>
		<object type="Aggregation:mapping" version="7">
			<property name="field" valueType="object">
				<object type="Aggregation:localCalcFieldReference" version="7">
					<property name="value" valueType="url">Aggregation[this].calcFields["enm_optn_mthd"{582b1652-1366-41a6-9a59-f993cbb4c9c3}]</property>
				</object>
			</property>
			<property name="fieldMapping" valueType="table">
				<object type="Aggregation:fieldMapping" version="7">
					<property name="model" valueType="object">
						<object type="DataModel:reference" version="3">
							<property name="value" valueType="url">DataModel["Aggregation[Consolidated_Commodity_Inputs]"{Aggregation[36eb4b8f-e291-4bbf-b96f-caaa9fae5626]}]</property>
						</object>
					</property>
					<property name="expression" valueType="table">
						<object type="DataModel:fieldReference" version="3">
							<property name="value" valueType="url">DataModel["Aggregation[Consolidated_Commodity_Inputs]"{Aggregation[36eb4b8f-e291-4bbf-b96f-caaa9fae5626]}].hierarchy["Aggregation"{36eb4b8f-e291-4bbf-b96f-caaa9fae5626}].dataSource.layout["enm_optn_mthd"{909b4626-1f17-4db1-b16c-b1efdf25b4bc}]</property>
						</object>
					</property>
				</object>
			</property>
		</object>
		<object type="Aggregation:mapping" version="7">
			<property name="field" valueType="object">
				<object type="Aggregation:localCalcFieldReference" version="7">
					<property name="value" valueType="url">Aggregation[this].calcFields["enm_optn_typ"{844b0150-b4a2-463d-8989-30b356966f7e}]</property>
				</object>
			</property>
			<property name="fieldMapping" valueType="table">
				<object type="Aggregation:fieldMapping" version="7">
					<property name="model" valueType="object">
						<object type="DataModel:reference" version="3">
							<property name="value" valueType="url">DataModel["Aggregation[Consolidated_Commodity_Inputs]"{Aggregation[36eb4b8f-e291-4bbf-b96f-caaa9fae5626]}]</property>
						</object>
					</property>
					<property name="expression" valueType="table">
						<object type="DataModel:fieldReference" version="3">
							<property name="value" valueType="url">DataModel["Aggregation[Consolidated_Commodity_Inputs]"{Aggregation[36eb4b8f-e291-4bbf-b96f-caaa9fae5626]}].hierarchy["Aggregation"{36eb4b8f-e291-4bbf-b96f-caaa9fae5626}].dataSource.layout["enm_optn_typ"{0c005a6e-9bbf-494e-aba2-a24b309043bf}]</property>
						</object>
					</property>
				</object>
			</property>
		</object>
		<object type="Aggregation:mapping" version="7">
			<property name="field" valueType="object">
				<object type="Aggregation:localCalcFieldReference" version="7">
					<property name="value" valueType="url">Aggregation[this].calcFields["optn_delta"{99b074be-9612-4344-8fa2-116b4991c59b}]</property>
				</object>
			</property>
			<property name="fieldMapping" valueType="table">
				<object type="Aggregation:fieldMapping" version="7">
					<property name="model" valueType="object">
						<object type="DataModel:reference" version="3">
							<property name="value" valueType="url">DataModel["Aggregation[Consolidated_Commodity_Inputs]"{Aggregation[36eb4b8f-e291-4bbf-b96f-caaa9fae5626]}]</property>
						</object>
					</property>
					<property name="expression" valueType="table">
						<object type="DataModel:fieldReference" version="3">
							<property name="value" valueType="url">DataModel["Aggregation[Consolidated_Commodity_Inputs]"{Aggregation[36eb4b8f-e291-4bbf-b96f-caaa9fae5626]}].hierarchy["Aggregation"{36eb4b8f-e291-4bbf-b96f-caaa9fae5626}].dataSource.layout["optn_delta"{41c189c4-118c-4e63-b4d3-326514b9b49c}]</property>
						</object>
					</property>
				</object>
			</property>
		</object>
		<object type="Aggregation:mapping" version="7">
			<property name="field" valueType="object">
				<object type="Aggregation:localCalcFieldReference" version="7">
					<property name="value" valueType="url">Aggregation[this].calcFields["delta_wghtd_qntty"{31f40ffb-d4a4-466c-97b7-4a28f1b8c779}]</property>
				</object>
			</property>
			<property name="fieldMapping" valueType="table">
				<object type="Aggregation:fieldMapping" version="7">
					<property name="model" valueType="object">
						<object type="DataModel:reference" version="3">
							<property name="value" valueType="url">DataModel["Aggregation[Consolidated_Commodity_Inputs]"{Aggregation[36eb4b8f-e291-4bbf-b96f-caaa9fae5626]}]</property>
						</object>
					</property>
					<property name="expression" valueType="table">
						<object type="DataModel:fieldReference" version="3">
							<property name="value" valueType="url">DataModel["Aggregation[Consolidated_Commodity_Inputs]"{Aggregation[36eb4b8f-e291-4bbf-b96f-caaa9fae5626]}].hierarchy["Aggregation"{36eb4b8f-e291-4bbf-b96f-caaa9fae5626}].dataSource.layout["qntty"{444340cf-29b5-4198-8f5f-450f4e01a42d}]</property>
						</object>
						<object type="SQLExpressionPart" version="2">
							<property name="value" value=" * " valueType="string"/>
						</object>
						<object type="SQLPattern" version="3">
							<property name="name" value="isNull" valueType="string"/>
							<property name="parameters" valueType="table">
								<object type="SQLPattern:parameter" version="3">
									<property name="expressions" valueType="table">
										<object type="DataModel:fieldReference" version="3">
											<property name="value" valueType="url">DataModel["Aggregation[Consolidated_Commodity_Inputs]"{Aggregation[36eb4b8f-e291-4bbf-b96f-caaa9fae5626]}].hierarchy["Aggregation"{36eb4b8f-e291-4bbf-b96f-caaa9fae5626}].dataSource.layout["cntrct_unts"{9cb4310e-e6e8-4220-8453-bf199eb3c510}]</property>
										</object>
									</property>
								</object>
								<object type="SQLPattern:parameter" version="3">
									<property name="expressions" valueType="table">
										<object type="SQLExpressionPart" version="2">
											<property name="value" value="1" valueType="string"/>
										</object>
									</property>
								</object>
							</property>
						</object>
						<object type="SQLExpressionPart" version="2">
							<property name="value" value="* " valueType="string"/>
						</object>
						<object type="DataModel:fieldReference" version="3">
							<property name="value" valueType="url">DataModel["Aggregation[Consolidated_Commodity_Inputs]"{Aggregation[36eb4b8f-e291-4bbf-b96f-caaa9fae5626]}].hierarchy["Aggregation"{36eb4b8f-e291-4bbf-b96f-caaa9fae5626}].dataSource.layout["optn_delta"{41c189c4-118c-4e63-b4d3-326514b9b49c}]</property>
						</object>
					</property>
					<property name="valueNullable" value="false" valueType="boolean"/>
					<property name="valueType" value="FLOAT" valueType="string"/>
				</object>
			</property>
		</object>
		<object type="Aggregation:mapping" version="7">
			<property name="field" valueType="object">
				<object type="Aggregation:localCalcFieldReference" version="7">
					<property name="value" valueType="url">Aggregation[this].calcFields["qntty"{c5211a40-1a6e-4ea5-bdbd-0b8d5ce22c31}]</property>
				</object>
			</property>
			<property name="fieldMapping" valueType="table">
				<object type="Aggregation:fieldMapping" version="7">
					<property name="model" valueType="object">
						<object type="DataModel:reference" version="3">
							<property name="value" valueType="url">DataModel["Aggregation[Consolidated_Commodity_Inputs]"{Aggregation[36eb4b8f-e291-4bbf-b96f-caaa9fae5626]}]</property>
						</object>
					</property>
					<property name="expression" valueType="table">
						<object type="DataModel:fieldReference" version="3">
							<property name="value" valueType="url">DataModel["Aggregation[Consolidated_Commodity_Inputs]"{Aggregation[36eb4b8f-e291-4bbf-b96f-caaa9fae5626]}].hierarchy["Aggregation"{36eb4b8f-e291-4bbf-b96f-caaa9fae5626}].dataSource.layout["qntty"{444340cf-29b5-4198-8f5f-450f4e01a42d}]</property>
						</object>
					</property>
				</object>
			</property>
		</object>
		<object type="Aggregation:mapping" version="7">
			<property name="field" valueType="object">
				<object type="Aggregation:localCalcFieldReference" version="7">
					<property name="value" valueType="url">Aggregation[this].calcFields["cntrct_unts"{1ce2f0ea-c59e-4d93-9b0f-233b34ee82ed}]</property>
				</object>
			</property>
			<property name="fieldMapping" valueType="table">
				<object type="Aggregation:fieldMapping" version="7">
					<property name="model" valueType="object">
						<object type="DataModel:reference" version="3">
							<property name="value" valueType="url">DataModel["Aggregation[Consolidated_Commodity_Inputs]"{Aggregation[36eb4b8f-e291-4bbf-b96f-caaa9fae5626]}]</property>
						</object>
					</property>
					<property name="expression" valueType="table">
						<object type="DataModel:fieldReference" version="3">
							<property name="value" valueType="url">DataModel["Aggregation[Consolidated_Commodity_Inputs]"{Aggregation[36eb4b8f-e291-4bbf-b96f-caaa9fae5626]}].hierarchy["Aggregation"{36eb4b8f-e291-4bbf-b96f-caaa9fae5626}].dataSource.layout["cntrct_unts"{9cb4310e-e6e8-4220-8453-bf199eb3c510}]</property>
						</object>
					</property>
				</object>
			</property>
		</object>
		<object type="Aggregation:mapping" version="7">
			<property name="field" valueType="object">
				<object type="Aggregation:localCalcFieldReference" version="7">
					<property name="value" valueType="url">Aggregation[this].calcFields["decompose_ind"{ea1068de-b90c-4b8f-aa68-b46684eb9782}]</property>
				</object>
			</property>
			<property name="fieldMapping" valueType="table">
				<object type="Aggregation:fieldMapping" version="7">
					<property name="model" valueType="object">
						<object type="DataModel:reference" version="3">
							<property name="value" valueType="url">DataModel["Aggregation[Consolidated_Commodity_Inputs]"{Aggregation[36eb4b8f-e291-4bbf-b96f-caaa9fae5626]}]</property>
						</object>
					</property>
					<property name="expression" valueType="table">
						<object type="DataModel:fieldReference" version="3">
							<property name="value" valueType="url">DataModel["Aggregation[Consolidated_Commodity_Inputs]"{Aggregation[36eb4b8f-e291-4bbf-b96f-caaa9fae5626]}].hierarchy["Aggregation"{36eb4b8f-e291-4bbf-b96f-caaa9fae5626}].dataSource.layout["decompose_ind"{eaa1cd38-d657-40b9-bbcb-7ad891d70f1b}]</property>
						</object>
					</property>
				</object>
			</property>
		</object>
		<object type="Aggregation:mapping" version="7">
			<property name="field" valueType="object">
				<object type="Aggregation:localCalcFieldReference" version="7">
					<property name="value" valueType="url">Aggregation[this].calcFields["indx_ind"{e82bcc15-3e11-4372-af19-6b15a1d8496d}]</property>
				</object>
			</property>
			<property name="fieldMapping" valueType="table">
				<object type="Aggregation:fieldMapping" version="7">
					<property name="model" valueType="object">
						<object type="DataModel:reference" version="3">
							<property name="value" valueType="url">DataModel["Aggregation[Consolidated_Commodity_Inputs]"{Aggregation[36eb4b8f-e291-4bbf-b96f-caaa9fae5626]}]</property>
						</object>
					</property>
					<property name="expression" valueType="table">
						<object type="DataModel:fieldReference" version="3">
							<property name="value" valueType="url">DataModel["Aggregation[Consolidated_Commodity_Inputs]"{Aggregation[36eb4b8f-e291-4bbf-b96f-caaa9fae5626]}].hierarchy["Aggregation"{36eb4b8f-e291-4bbf-b96f-caaa9fae5626}].dataSource.layout["indx_ind"{1d4988ca-3840-43d8-bf5d-46aa7d5c44a6}]</property>
						</object>
					</property>
				</object>
			</property>
		</object>
		<object type="Aggregation:mapping" version="7">
			<property name="field" valueType="object">
				<object type="Aggregation:localCalcFieldReference" version="7">
					<property name="value" valueType="url">Aggregation[this].calcFields["bid_prc"{682176be-3ed1-4f3d-bf1e-6a572216e8f4}]</property>
				</object>
			</property>
			<property name="fieldMapping" valueType="table">
				<object type="Aggregation:fieldMapping" version="7">
					<property name="model" valueType="object">
						<object type="DataModel:reference" version="3">
							<property name="value" valueType="url">DataModel["Aggregation[Consolidated_Commodity_Inputs]"{Aggregation[36eb4b8f-e291-4bbf-b96f-caaa9fae5626]}]</property>
						</object>
					</property>
					<property name="expression" valueType="table">
						<object type="DataModel:fieldReference" version="3">
							<property name="value" valueType="url">DataModel["Aggregation[Consolidated_Commodity_Inputs]"{Aggregation[36eb4b8f-e291-4bbf-b96f-caaa9fae5626]}].hierarchy["Aggregation"{36eb4b8f-e291-4bbf-b96f-caaa9fae5626}].dataSource.layout["bid_prc_rpt"{0e16ad5c-16f0-4b23-9745-c0d63f89aaf1}]</property>
						</object>
					</property>
				</object>
			</property>
		</object>
		<object type="Aggregation:mapping" version="7">
			<property name="field" valueType="object">
				<object type="Aggregation:localCalcFieldReference" version="7">
					<property name="value" valueType="url">Aggregation[this].calcFields["offr_prc"{c0f74e3e-27b6-4d26-8706-4da99900405a}]</property>
				</object>
			</property>
			<property name="fieldMapping" valueType="table">
				<object type="Aggregation:fieldMapping" version="7">
					<property name="model" valueType="object">
						<object type="DataModel:reference" version="3">
							<property name="value" valueType="url">DataModel["Aggregation[Consolidated_Commodity_Inputs]"{Aggregation[36eb4b8f-e291-4bbf-b96f-caaa9fae5626]}]</property>
						</object>
					</property>
					<property name="expression" valueType="table">
						<object type="DataModel:fieldReference" version="3">
							<property name="value" valueType="url">DataModel["Aggregation[Consolidated_Commodity_Inputs]"{Aggregation[36eb4b8f-e291-4bbf-b96f-caaa9fae5626]}].hierarchy["Aggregation"{36eb4b8f-e291-4bbf-b96f-caaa9fae5626}].dataSource.layout["offr_prc_rpt"{8b4a58f6-5bcd-4514-9cec-5834557e12ca}]</property>
						</object>
					</property>
				</object>
			</property>
		</object>
		<object type="Aggregation:mapping" version="7">
			<property name="field" valueType="object">
				<object type="Aggregation:localCalcFieldReference" version="7">
					<property name="value" valueType="url">Aggregation[this].calcFields["le_decompose_ind"{521d68e8-0e41-440b-a07a-b64b69246d5b}]</property>
				</object>
			</property>
			<property name="fieldMapping" valueType="table">
				<object type="Aggregation:fieldMapping" version="7">
					<property name="model" valueType="object">
						<object type="DataModel:reference" version="3">
							<property name="value" valueType="url">DataModel["Aggregation[Consolidated_Commodity_Inputs]"{Aggregation[36eb4b8f-e291-4bbf-b96f-caaa9fae5626]}]</property>
						</object>
					</property>
					<property name="expression" valueType="table">
						<object type="DataModel:fieldReference" version="3">
							<property name="value" valueType="url">DataModel["Aggregation[Consolidated_Commodity_Inputs]"{Aggregation[36eb4b8f-e291-4bbf-b96f-caaa9fae5626]}].hierarchy["Aggregation"{36eb4b8f-e291-4bbf-b96f-caaa9fae5626}].dataSource.layout["le_decompose_ind"{068c5335-b198-4ffd-8df4-dcbebfb4b60f}]</property>
						</object>
					</property>
				</object>
			</property>
		</object>
	</property>
	<property name="storageType" value="CONTINUOUS_PARTITION" valueType="string"/>
	<property name="postTableCreationStatements" valueType="table"/>
	<property name="postAdjustmentTableCreationStatements" valueType="table"/>
	<property name="detailsAsKeys" value="true" valueType="boolean"/>
	<property name="dbSourceForResults" valueType="url">DBSource["POSTGRES"{7141b02a-a2bf-46bb-9ad0-fa1087f431e1}]</property>
	<property name="archivalProperties" valueType="object">
		<object type="ArchivalProperties" version="2">
			<property name="daily" value="false" valueType="boolean"/>
			<property name="weekly" value="false" valueType="boolean"/>
			<property name="monthly" value="false" valueType="boolean"/>
			<property name="quarterly" value="false" valueType="boolean"/>
			<property name="semiAnnually" value="false" valueType="boolean"/>
			<property name="annually" value="false" valueType="boolean"/>
			<property name="intraDay" value="false" valueType="boolean"/>
			<property name="userDefined" value="false" valueType="boolean"/>
		</object>
	</property>
	<property name="condition" valueType="tree">
		<objectNode type="Condition" version="3">
			<property name="isNegated" value="false" valueType="boolean"/>
			<property name="groupingOperator" value="OR" valueType="string"/>
			<children>
				<objectNode type="Condition:singularExpression" version="3">
					<property name="field" valueType="object">
						<object type="DataModel:fieldMap" version="3">
							<property name="map" valueType="table">
								<object type="DataModel:fieldReference" version="3">
									<property name="value" valueType="url">DataModel["Aggregation[Consolidated_Commodity_Inputs]"{Aggregation[36eb4b8f-e291-4bbf-b96f-caaa9fae5626]}].hierarchy["Aggregation"{36eb4b8f-e291-4bbf-b96f-caaa9fae5626}].dataSource.layout["enm_optn_typ"{0c005a6e-9bbf-494e-aba2-a24b309043bf}]</property>
								</object>
							</property>
						</object>
					</property>
					<property name="operation" value="IS NOT" valueType="string"/>
					<property name="expression" valueType="table">
						<object type="SQLExpressionPart" version="2">
							<property name="value" value="NULL" valueType="string"/>
						</object>
					</property>
				</objectNode>
				<objectNode type="Condition:list" version="3">
					<property name="field" valueType="object">
						<object type="DataModel:fieldMap" version="3">
							<property name="map" valueType="table">
								<object type="DataModel:fieldReference" version="3">
									<property name="value" valueType="url">DataModel["Aggregation[Consolidated_Commodity_Inputs]"{Aggregation[36eb4b8f-e291-4bbf-b96f-caaa9fae5626]}].hierarchy["Aggregation"{36eb4b8f-e291-4bbf-b96f-caaa9fae5626}].dataSource.layout["enm_optn_mthd"{909b4626-1f17-4db1-b16c-b1efdf25b4bc}]</property>
								</object>
							</property>
						</object>
					</property>
					<property name="operation" value="IN" valueType="string"/>
					<property name="values" valueType="table">
						<object type="Condition:list:value" version="3">
							<property name="value" value="SIMPLIFIED_ART_3_4" valueType="string"/>
						</object>
						<object type="Condition:list:value" version="3">
							<property name="value" value="SIMPLIFIED_ART_3_5" valueType="string"/>
						</object>
						<object type="Condition:list:value" version="3">
							<property name="value" value="SIMPLIFIED_ART_3_3" valueType="string"/>
						</object>
						<object type="Condition:list:value" version="3">
							<property name="value" value="SCENARIO" valueType="string"/>
						</object>
					</property>
				</objectNode>
			</children>
		</objectNode>
	</property>
	<property name="doNotAggregate" value="true" valueType="boolean"/>
	<property name="useUnionAll" value="false" valueType="boolean"/>
	<property name="fourEyesCheck" value="false" valueType="boolean"/>
	<property name="trackDrilldownInformation" value="true" valueType="boolean"/>
	<property name="trackAllInstancesMode" value="NONE" valueType="string"/>
	<property name="computeStatistics" value="FOR_ALL_COLUMNS" valueType="string"/>
	<property name="instanceRebuildRestriction" value="AlterFullRebuild" valueType="string"/>
	<property name="allowExternalDataPermissions" value="false" valueType="boolean"/>
</object>