<object stamp="9b9a83f0-6618-41cb-b04e-b6d70acb92a4_1717075901754" type="Aggregation" version="12">
	<property name="name" value="IFI_Reporting" valueType="string"/>
	<property name="description" value="" valueType="string"/>
	<property name="objectId" value="e0b50042-d8bb-4271-a499-ac1f5227d23f" valueType="string"/>
	<property name="branchId" value="abd5d443-df6a-4329-a4bc-71fc002f8fcf" valueType="string"/>
	<property name="models" valueType="table">
		<object type="ModelBasedTask:modelEntry" version="3">
			<property name="dataModel" valueType="url">DataModel["Aggregation[IFI_Net_Long_Short]"{Aggregation[285d5790-0dc0-4f03-a96b-5d17244cc6f1]}]</property>
			<property name="instanceSelectionRule" valueType="object">
				<object type="InstanceSelectionRule" version="3">
					<property name="instanceDateRule" valueType="object">
						<object type="InstanceSelectionRule:rule" version="3">
							<property name="type" value="EQUAL" valueType="string"/>
						</object>
					</property>
					<property name="instanceKeyRules" valueType="table"/>
				</object>
			</property>
		</object>
	</property>
	<property name="requiresAllModels" value="true" valueType="boolean"/>
	<property name="parameters" valueType="table"/>
	<property name="details" valueType="table">
		<object type="Aggregation:detail" version="6">
			<property name="name" value="entity" valueType="string"/>
			<property name="description" value="" valueType="string"/>
			<property name="id" value="09968a93-accd-49ac-a336-c53bf06a8ced" valueType="string"/>
			<property name="overrideLookupInformation" value="false" valueType="boolean"/>
			<property name="displayFormat" value="" valueType="string"/>
			<property name="title" value="Entity" valueType="string"/>
			<property name="overrideNullable" value="DEFAULT" valueType="string"/>
		</object>
		<object type="Aggregation:detail" version="6">
			<property name="name" value="enm_cptl_tier" valueType="string"/>
			<property name="description" value="" valueType="string"/>
			<property name="id" value="207c63af-2738-47e8-a817-fd9532ca79fe" valueType="string"/>
			<property name="overrideLookupInformation" value="false" valueType="boolean"/>
			<property name="displayFormat" value="" valueType="string"/>
			<property name="title" value="Capital Tier" valueType="string"/>
			<property name="overrideNullable" value="DEFAULT" valueType="string"/>
		</object>
		<object type="Aggregation:detail" version="6">
			<property name="name" value="enm_invstmnt_typ" valueType="string"/>
			<property name="description" value="" valueType="string"/>
			<property name="id" value="653659ea-ccf1-4303-8680-f70ad853bd4d" valueType="string"/>
			<property name="overrideLookupInformation" value="false" valueType="boolean"/>
			<property name="displayFormat" value="" valueType="string"/>
			<property name="title" value="Investment Type" valueType="string"/>
			<property name="overrideNullable" value="DEFAULT" valueType="string"/>
		</object>
		<object type="Aggregation:detail" version="6">
			<property name="name" value="sifi_nsifi_ind" valueType="string"/>
			<property name="description" value="" valueType="string"/>
			<property name="id" value="95440f7d-79e1-45eb-b10f-d5308c934ca3" valueType="string"/>
			<property name="overrideLookupInformation" value="false" valueType="boolean"/>
			<property name="displayFormat" value="" valueType="string"/>
			<property name="title" value="SIFI/NSIFI Indicator" valueType="string"/>
			<property name="overrideNullable" value="DEFAULT" valueType="string"/>
		</object>
	</property>
	<property name="calcFields" valueType="table">
		<object type="Aggregation:calcField" version="7">
			<property name="name" value="net_amnt" valueType="string"/>
			<property name="description" value="" valueType="string"/>
			<property name="id" value="be08580c-a615-4e3d-8547-7e64a3d79e8d" valueType="string"/>
			<property name="aggrMethod" value="SUM" valueType="string"/>
			<property name="calcTotal" value="true" valueType="boolean"/>
			<property name="calcFormula" valueType="table"/>
			<property name="displayFormat" value="" valueType="string"/>
			<property name="overrideLookupInformation" value="false" valueType="boolean"/>
			<property name="title" value="Net Amount" valueType="string"/>
			<property name="overrideNullable" value="DEFAULT" valueType="string"/>
		</object>
		<object type="Aggregation:calcField" version="7">
			<property name="name" value="gross_amnt" valueType="string"/>
			<property name="description" value="" valueType="string"/>
			<property name="id" value="7f12cc9d-39e6-4b86-93bb-d927bf8723a6" valueType="string"/>
			<property name="aggrMethod" value="SUM" valueType="string"/>
			<property name="calcTotal" value="true" valueType="boolean"/>
			<property name="calcFormula" valueType="table"/>
			<property name="displayFormat" value="" valueType="string"/>
			<property name="overrideLookupInformation" value="false" valueType="boolean"/>
			<property name="title" value="Gross Amount" valueType="string"/>
			<property name="overrideNullable" value="DEFAULT" valueType="string"/>
		</object>
	</property>
	<property name="auxFields" valueType="table"/>
	<property name="syntheticFields" valueType="table"/>
	<property name="additionalIndices" valueType="table"/>
	<property name="mappings" valueType="table">
		<object type="Aggregation:mapping" version="7">
			<property name="field" valueType="object">
				<object type="Aggregation:localDetailReference" version="7">
					<property name="value" valueType="url">Aggregation[this].details["entity"{09968a93-accd-49ac-a336-c53bf06a8ced}]</property>
				</object>
			</property>
			<property name="fieldMapping" valueType="table">
				<object type="Aggregation:fieldMapping" version="7">
					<property name="model" valueType="object">
						<object type="DataModel:reference" version="3">
							<property name="value" valueType="url">DataModel["Aggregation[IFI_Net_Long_Short]"{Aggregation[285d5790-0dc0-4f03-a96b-5d17244cc6f1]}]</property>
						</object>
					</property>
					<property name="expression" valueType="table">
						<object type="DataModel:fieldReference" version="3">
							<property name="value" valueType="url">DataModel["Aggregation[IFI_Net_Long_Short]"{Aggregation[285d5790-0dc0-4f03-a96b-5d17244cc6f1]}].hierarchy["Aggregation"{285d5790-0dc0-4f03-a96b-5d17244cc6f1}].dataSource.layout["entity"{f0360c5e-4933-4cb9-9f83-d61a33778ddf}]</property>
						</object>
					</property>
				</object>
			</property>
		</object>
		<object type="Aggregation:mapping" version="7">
			<property name="field" valueType="object">
				<object type="Aggregation:localDetailReference" version="7">
					<property name="value" valueType="url">Aggregation[this].details["enm_cptl_tier"{207c63af-2738-47e8-a817-fd9532ca79fe}]</property>
				</object>
			</property>
			<property name="fieldMapping" valueType="table">
				<object type="Aggregation:fieldMapping" version="7">
					<property name="model" valueType="object">
						<object type="DataModel:reference" version="3">
							<property name="value" valueType="url">DataModel["Aggregation[IFI_Net_Long_Short]"{Aggregation[285d5790-0dc0-4f03-a96b-5d17244cc6f1]}]</property>
						</object>
					</property>
					<property name="expression" valueType="table">
						<object type="DataModel:fieldReference" version="3">
							<property name="value" valueType="url">DataModel["Aggregation[IFI_Net_Long_Short]"{Aggregation[285d5790-0dc0-4f03-a96b-5d17244cc6f1]}].hierarchy["Aggregation"{285d5790-0dc0-4f03-a96b-5d17244cc6f1}].dataSource.layout["enm_cptl_tier"{63d55b19-732f-4652-992c-3cd6fdbccd64}]</property>
						</object>
					</property>
				</object>
			</property>
		</object>
		<object type="Aggregation:mapping" version="7">
			<property name="field" valueType="object">
				<object type="Aggregation:localDetailReference" version="7">
					<property name="value" valueType="url">Aggregation[this].details["enm_invstmnt_typ"{653659ea-ccf1-4303-8680-f70ad853bd4d}]</property>
				</object>
			</property>
			<property name="fieldMapping" valueType="table">
				<object type="Aggregation:fieldMapping" version="7">
					<property name="model" valueType="object">
						<object type="DataModel:reference" version="3">
							<property name="value" valueType="url">DataModel["Aggregation[IFI_Net_Long_Short]"{Aggregation[285d5790-0dc0-4f03-a96b-5d17244cc6f1]}]</property>
						</object>
					</property>
					<property name="expression" valueType="table">
						<object type="DataModel:fieldReference" version="3">
							<property name="value" valueType="url">DataModel["Aggregation[IFI_Net_Long_Short]"{Aggregation[285d5790-0dc0-4f03-a96b-5d17244cc6f1]}].hierarchy["Aggregation"{285d5790-0dc0-4f03-a96b-5d17244cc6f1}].dataSource.layout["enm_invstmnt_typ"{25f5c82c-fd8d-44c0-af9f-a2a2032d408c}]</property>
						</object>
					</property>
				</object>
			</property>
		</object>
		<object type="Aggregation:mapping" version="7">
			<property name="field" valueType="object">
				<object type="Aggregation:localDetailReference" version="7">
					<property name="value" valueType="url">Aggregation[this].details["sifi_nsifi_ind"{95440f7d-79e1-45eb-b10f-d5308c934ca3}]</property>
				</object>
			</property>
			<property name="fieldMapping" valueType="table">
				<object type="Aggregation:fieldMapping" version="7">
					<property name="model" valueType="object">
						<object type="DataModel:reference" version="3">
							<property name="value" valueType="url">DataModel["Aggregation[IFI_Net_Long_Short]"{Aggregation[285d5790-0dc0-4f03-a96b-5d17244cc6f1]}]</property>
						</object>
					</property>
					<property name="expression" valueType="table">
						<object type="DataModel:fieldReference" version="3">
							<property name="value" valueType="url">DataModel["Aggregation[IFI_Net_Long_Short]"{Aggregation[285d5790-0dc0-4f03-a96b-5d17244cc6f1]}].hierarchy["Aggregation"{285d5790-0dc0-4f03-a96b-5d17244cc6f1}].dataSource.layout["sifi_nsifi_ind"{beccd326-7e89-45ad-a5b7-cffe0725efe3}]</property>
						</object>
					</property>
				</object>
			</property>
		</object>
		<object type="Aggregation:mapping" version="7">
			<property name="field" valueType="object">
				<object type="Aggregation:localCalcFieldReference" version="7">
					<property name="value" valueType="url">Aggregation[this].calcFields["net_amnt"{be08580c-a615-4e3d-8547-7e64a3d79e8d}]</property>
				</object>
			</property>
			<property name="fieldMapping" valueType="table">
				<object type="Aggregation:fieldMapping" version="7">
					<property name="model" valueType="object">
						<object type="DataModel:reference" version="3">
							<property name="value" valueType="url">DataModel["Aggregation[IFI_Net_Long_Short]"{Aggregation[285d5790-0dc0-4f03-a96b-5d17244cc6f1]}]</property>
						</object>
					</property>
					<property name="expression" valueType="table">
						<object type="DataModel:fieldReference" version="3">
							<property name="value" valueType="url">DataModel["Aggregation[IFI_Net_Long_Short]"{Aggregation[285d5790-0dc0-4f03-a96b-5d17244cc6f1]}].hierarchy["Aggregation"{285d5790-0dc0-4f03-a96b-5d17244cc6f1}].dataSource.layout["rmnng_amnt_lng"{7e7e3c89-4e9d-4e70-b0b7-7587cd0b7dcd}]</property>
						</object>
					</property>
				</object>
			</property>
		</object>
		<object type="Aggregation:mapping" version="7">
			<property name="field" valueType="object">
				<object type="Aggregation:localCalcFieldReference" version="7">
					<property name="value" valueType="url">Aggregation[this].calcFields["gross_amnt"{7f12cc9d-39e6-4b86-93bb-d927bf8723a6}]</property>
				</object>
			</property>
			<property name="fieldMapping" valueType="table">
				<object type="Aggregation:fieldMapping" version="7">
					<property name="model" valueType="object">
						<object type="DataModel:reference" version="3">
							<property name="value" valueType="url">DataModel["Aggregation[IFI_Net_Long_Short]"{Aggregation[285d5790-0dc0-4f03-a96b-5d17244cc6f1]}]</property>
						</object>
					</property>
					<property name="expression" valueType="table">
						<object type="DataModel:fieldReference" version="3">
							<property name="value" valueType="url">DataModel["Aggregation[IFI_Net_Long_Short]"{Aggregation[285d5790-0dc0-4f03-a96b-5d17244cc6f1]}].hierarchy["Aggregation"{285d5790-0dc0-4f03-a96b-5d17244cc6f1}].dataSource.layout["ttl_amnt_lng"{bb83b37b-f9da-4c46-8dd5-8117a294f31b}]</property>
						</object>
					</property>
				</object>
			</property>
		</object>
	</property>
	<property name="storageType" value="CONTINUOUS_PARTITION" valueType="string"/>
	<property name="postTableCreationStatements" valueType="table"/>
	<property name="postAdjustmentTableCreationStatements" valueType="table"/>
	<property name="detailsAsKeys" value="true" valueType="boolean"/>
	<property name="dbSourceForResults" valueType="url">DBSource["POSTGRES"{7141b02a-a2bf-46bb-9ad0-fa1087f431e1}]</property>
	<property name="archivalProperties" valueType="object">
		<object type="ArchivalProperties" version="2">
			<property name="daily" value="false" valueType="boolean"/>
			<property name="weekly" value="false" valueType="boolean"/>
			<property name="monthly" value="false" valueType="boolean"/>
			<property name="quarterly" value="false" valueType="boolean"/>
			<property name="semiAnnually" value="false" valueType="boolean"/>
			<property name="annually" value="false" valueType="boolean"/>
			<property name="intraDay" value="false" valueType="boolean"/>
			<property name="userDefined" value="false" valueType="boolean"/>
		</object>
	</property>
	<property name="condition" valueType="tree">
		<objectNode type="Condition" version="3">
			<property name="isNegated" value="false" valueType="boolean"/>
			<property name="groupingOperator" value="AND" valueType="string"/>
			<children>
				<objectNode type="Condition:singularConcrete" version="3">
					<property name="field" valueType="object">
						<object type="DataModel:fieldMap" version="3">
							<property name="map" valueType="table">
								<object type="DataModel:fieldReference" version="3">
									<property name="value" valueType="url">DataModel["Aggregation[IFI_Net_Long_Short]"{Aggregation[285d5790-0dc0-4f03-a96b-5d17244cc6f1]}].hierarchy["Aggregation"{285d5790-0dc0-4f03-a96b-5d17244cc6f1}].dataSource.layout["lng_shrt_pstn_ind"{6b116367-49ba-4ecc-8ecd-51a048689ff5}]</property>
								</object>
							</property>
						</object>
					</property>
					<property name="operation" value="=" valueType="string"/>
					<property name="value" value="Y" valueType="string"/>
				</objectNode>
				<objectNode type="Condition:freehandExpression" version="3">
					<property name="expression" valueType="table">
						<object type="SQLPattern" version="3">
							<property name="name" value="isNull" valueType="string"/>
							<property name="parameters" valueType="table">
								<object type="SQLPattern:parameter" version="3">
									<property name="expressions" valueType="table">
										<object type="DataModel:fieldMap" version="3">
											<property name="map" valueType="table">
												<object type="DataModel:fieldReference" version="3">
													<property name="value" valueType="url">DataModel["Aggregation[IFI_Net_Long_Short]"{Aggregation[285d5790-0dc0-4f03-a96b-5d17244cc6f1]}].hierarchy["Aggregation"{285d5790-0dc0-4f03-a96b-5d17244cc6f1}].dataSource.layout["frtb_pstn_ind"{48655197-ca16-4925-aedb-bbbff486f1fd}]</property>
												</object>
											</property>
										</object>
									</property>
								</object>
								<object type="SQLPattern:parameter" version="3">
									<property name="expressions" valueType="table">
										<object type="SQLExpressionPart" version="2">
											<property name="value" value="'N'" valueType="string"/>
										</object>
									</property>
								</object>
							</property>
						</object>
						<object type="SQLExpressionPart" version="2">
							<property name="value" value=" != 'Y'" valueType="string"/>
						</object>
					</property>
				</objectNode>
			</children>
		</objectNode>
	</property>
	<property name="doNotAggregate" value="false" valueType="boolean"/>
	<property name="fourEyesCheck" value="false" valueType="boolean"/>
	<property name="trackDrilldownInformation" value="true" valueType="boolean"/>
	<property name="trackAllInstancesMode" value="NONE" valueType="string"/>
	<property name="computeStatistics" value="FOR_ALL_COLUMNS" valueType="string"/>
	<property name="instanceRebuildRestriction" value="AlterFullRebuild" valueType="string"/>
	<property name="allowExternalDataPermissions" value="true" valueType="boolean"/>
</object>