<object stamp="746566a8-ad51-4996-969a-4c8fe0f2d2ba_1730796993833" type="Aggregation" version="12">
	<property name="name" value="IFI_Output_Cube" valueType="string"/>
	<property name="description" value="IFI_Output_Cube" valueType="string"/>
	<property name="objectId" value="a1da1ea6-3ce0-42e4-abe6-fe36792dccb9" valueType="string"/>
	<property name="branchId" value="abd5d443-df6a-4329-a4bc-71fc002f8fcf" valueType="string"/>
	<property name="models" valueType="table">
		<object type="ModelBasedTask:modelEntry" version="3">
			<property name="dataModel" valueType="url">DataModel["IFI_Reporting"{b8fde8e7-3e4b-4bb5-a07e-066a49b593c5}]</property>
			<property name="instanceSelectionRule" valueType="object">
				<object type="InstanceSelectionRule" version="3">
					<property name="instanceDateRule" valueType="object">
						<object type="InstanceSelectionRule:rule" version="3">
							<property name="type" value="EQUAL" valueType="string"/>
						</object>
					</property>
					<property name="instanceKeyRules" valueType="table"/>
				</object>
			</property>
		</object>
	</property>
	<property name="requiresAllModels" value="true" valueType="boolean"/>
	<property name="parameters" valueType="table"/>
	<property name="details" valueType="table">
		<object type="Aggregation:detail" version="6">
			<property name="name" value="entity" valueType="string"/>
			<property name="description" value="" valueType="string"/>
			<property name="id" value="dcbb2371-e65b-4caa-984b-a2fcd1ed6272" valueType="string"/>
			<property name="overrideLookupInformation" value="false" valueType="boolean"/>
			<property name="displayFormat" value="" valueType="string"/>
			<property name="title" value="Entity" valueType="string"/>
			<property name="overrideNullable" value="DEFAULT" valueType="string"/>
		</object>
		<object type="Aggregation:detail" version="6">
			<property name="name" value="id_ifi_trc" valueType="string"/>
			<property name="description" value="" valueType="string"/>
			<property name="id" value="0299824e-77eb-4d02-ba77-7a780f464f59" valueType="string"/>
			<property name="overrideLookupInformation" value="false" valueType="boolean"/>
			<property name="displayFormat" value="" valueType="string"/>
			<property name="title" value="IFI Tracer Key" valueType="string"/>
			<property name="overrideNullable" value="DEFAULT" valueType="string"/>
		</object>
		<object type="Aggregation:detail" version="6">
			<property name="name" value="enm_cptl_tier" valueType="string"/>
			<property name="description" value="" valueType="string"/>
			<property name="id" value="3b069a13-559c-4cba-8f26-dadf5a3259ea" valueType="string"/>
			<property name="overrideLookupInformation" value="false" valueType="boolean"/>
			<property name="displayFormat" value="" valueType="string"/>
			<property name="title" value="Capital Tier" valueType="string"/>
			<property name="overrideNullable" value="DEFAULT" valueType="string"/>
		</object>
		<object type="Aggregation:detail" version="6">
			<property name="name" value="enm_invstmnt_typ" valueType="string"/>
			<property name="description" value="" valueType="string"/>
			<property name="id" value="32afd0d8-a64e-4358-b401-d0704ccdf83b" valueType="string"/>
			<property name="overrideLookupInformation" value="false" valueType="boolean"/>
			<property name="displayFormat" value="" valueType="string"/>
			<property name="title" value="Investment Type" valueType="string"/>
			<property name="overrideNullable" value="DEFAULT" valueType="string"/>
		</object>
		<object type="Aggregation:detail" version="6">
			<property name="name" value="sifi_nsifi_ind" valueType="string"/>
			<property name="description" value="" valueType="string"/>
			<property name="id" value="bac330d1-0b63-4c15-889e-e448bc07ae29" valueType="string"/>
			<property name="overrideLookupInformation" value="false" valueType="boolean"/>
			<property name="displayFormat" value="" valueType="string"/>
			<property name="title" value="SIFI/NSIFI Indicator" valueType="string"/>
			<property name="overrideNullable" value="DEFAULT" valueType="string"/>
		</object>
	</property>
	<property name="calcFields" valueType="table">
		<object type="Aggregation:calcField" version="7">
			<property name="name" value="net_amnt" valueType="string"/>
			<property name="description" value="" valueType="string"/>
			<property name="id" value="02fd7713-77cc-4b16-824f-ec5cb428b8c4" valueType="string"/>
			<property name="aggrMethod" value="MAX" valueType="string"/>
			<property name="calcTotal" value="false" valueType="boolean"/>
			<property name="calcFormula" valueType="table"/>
			<property name="displayFormat" value="" valueType="string"/>
			<property name="overrideLookupInformation" value="false" valueType="boolean"/>
			<property name="title" value="Net Amount" valueType="string"/>
			<property name="overrideNullable" value="DEFAULT" valueType="string"/>
		</object>
		<object type="Aggregation:calcField" version="7">
			<property name="name" value="grss_amnt" valueType="string"/>
			<property name="description" value="" valueType="string"/>
			<property name="id" value="4d7d4e71-94f3-4bd7-8abb-1a615df6da89" valueType="string"/>
			<property name="aggrMethod" value="MAX" valueType="string"/>
			<property name="calcTotal" value="false" valueType="boolean"/>
			<property name="calcFormula" valueType="table"/>
			<property name="displayFormat" value="" valueType="string"/>
			<property name="overrideLookupInformation" value="false" valueType="boolean"/>
			<property name="title" value="Gross Amount" valueType="string"/>
			<property name="overrideNullable" value="DEFAULT" valueType="string"/>
		</object>
	</property>
	<property name="auxFields" valueType="table"/>
	<property name="syntheticFields" valueType="table"/>
	<property name="additionalIndices" valueType="table"/>
	<property name="mappings" valueType="table">
		<object type="Aggregation:mapping" version="7">
			<property name="field" valueType="object">
				<object type="Aggregation:localDetailReference" version="7">
					<property name="value" valueType="url">Aggregation[this].details["entity"{dcbb2371-e65b-4caa-984b-a2fcd1ed6272}]</property>
				</object>
			</property>
			<property name="fieldMapping" valueType="table">
				<object type="Aggregation:fieldMapping" version="7">
					<property name="model" valueType="object">
						<object type="DataModel:reference" version="3">
							<property name="value" valueType="url">DataModel["IFI_Reporting"{b8fde8e7-3e4b-4bb5-a07e-066a49b593c5}]</property>
						</object>
					</property>
					<property name="expression" valueType="table">
						<object type="DataModel:fieldReference" version="3">
							<property name="value" valueType="url">DataModel["IFI_Reporting"{b8fde8e7-3e4b-4bb5-a07e-066a49b593c5}].hierarchy["root"{6e539434-f574-4f16-bc4e-5a830308b7cc}].dataSource.layout["entity"{09968a93-accd-49ac-a336-c53bf06a8ced}]</property>
						</object>
					</property>
				</object>
			</property>
		</object>
		<object type="Aggregation:mapping" version="7">
			<property name="field" valueType="object">
				<object type="Aggregation:localDetailReference" version="7">
					<property name="value" valueType="url">Aggregation[this].details["id_ifi_trc"{0299824e-77eb-4d02-ba77-7a780f464f59}]</property>
				</object>
			</property>
			<property name="fieldMapping" valueType="table">
				<object type="Aggregation:fieldMapping" version="7">
					<property name="model" valueType="object">
						<object type="DataModel:reference" version="3">
							<property name="value" valueType="url">DataModel["IFI_Reporting"{b8fde8e7-3e4b-4bb5-a07e-066a49b593c5}]</property>
						</object>
					</property>
					<property name="expression" valueType="table">
						<object type="DataModel:fieldReference" version="3">
							<property name="value" valueType="url">DataModel["IFI_Reporting"{b8fde8e7-3e4b-4bb5-a07e-066a49b593c5}].hierarchy["root"{6e539434-f574-4f16-bc4e-5a830308b7cc}].dataSource.layout["entity"{09968a93-accd-49ac-a336-c53bf06a8ced}]</property>
						</object>
						<object type="SQLExpressionPart" version="2">
							<property name="value" value=" " valueType="string"/>
						</object>
						<object type="SQLConstant" version="2">
							<property name="name" value="CONCAT_STR" valueType="string"/>
						</object>
						<object type="SQLExpressionPart" version="2">
							<property name="value" value=" '_' " valueType="string"/>
						</object>
						<object type="SQLConstant" version="2">
							<property name="name" value="CONCAT_STR" valueType="string"/>
						</object>
						<object type="SQLExpressionPart" version="2">
							<property name="value" value=" " valueType="string"/>
						</object>
						<object type="DataModel:fieldReference" version="3">
							<property name="value" valueType="url">DataModel["IFI_Reporting"{b8fde8e7-3e4b-4bb5-a07e-066a49b593c5}].hierarchy["root"{6e539434-f574-4f16-bc4e-5a830308b7cc}].dataSource.layout["enm_cptl_tier"{207c63af-2738-47e8-a817-fd9532ca79fe}]</property>
						</object>
						<object type="SQLExpressionPart" version="2">
							<property name="value" value=" " valueType="string"/>
						</object>
						<object type="SQLConstant" version="2">
							<property name="name" value="CONCAT_STR" valueType="string"/>
						</object>
						<object type="SQLExpressionPart" version="2">
							<property name="value" value=" '_' " valueType="string"/>
						</object>
						<object type="SQLConstant" version="2">
							<property name="name" value="CONCAT_STR" valueType="string"/>
						</object>
						<object type="SQLExpressionPart" version="2">
							<property name="value" value=" " valueType="string"/>
						</object>
						<object type="DataModel:fieldReference" version="3">
							<property name="value" valueType="url">DataModel["IFI_Reporting"{b8fde8e7-3e4b-4bb5-a07e-066a49b593c5}].hierarchy["root"{6e539434-f574-4f16-bc4e-5a830308b7cc}].dataSource.layout["enm_invstmnt_typ"{653659ea-ccf1-4303-8680-f70ad853bd4d}]</property>
						</object>
						<object type="SQLExpressionPart" version="2">
							<property name="value" value=" " valueType="string"/>
						</object>
						<object type="SQLConstant" version="2">
							<property name="name" value="CONCAT_STR" valueType="string"/>
						</object>
						<object type="SQLExpressionPart" version="2">
							<property name="value" value="'_' " valueType="string"/>
						</object>
						<object type="SQLConstant" version="2">
							<property name="name" value="CONCAT_STR" valueType="string"/>
						</object>
						<object type="SQLExpressionPart" version="2">
							<property name="value" value=" " valueType="string"/>
						</object>
						<object type="DataModel:fieldReference" version="3">
							<property name="value" valueType="url">DataModel["IFI_Reporting"{b8fde8e7-3e4b-4bb5-a07e-066a49b593c5}].hierarchy["root"{6e539434-f574-4f16-bc4e-5a830308b7cc}].dataSource.layout["sifi_nsifi_ind"{95440f7d-79e1-45eb-b10f-d5308c934ca3}]</property>
						</object>
					</property>
					<property name="valueSize" value="310" valueType="integer"/>
					<property name="valueNullable" value="false" valueType="boolean"/>
					<property name="valueType" value="VARCHAR" valueType="string"/>
				</object>
			</property>
		</object>
		<object type="Aggregation:mapping" version="7">
			<property name="field" valueType="object">
				<object type="Aggregation:localDetailReference" version="7">
					<property name="value" valueType="url">Aggregation[this].details["enm_cptl_tier"{3b069a13-559c-4cba-8f26-dadf5a3259ea}]</property>
				</object>
			</property>
			<property name="fieldMapping" valueType="table">
				<object type="Aggregation:fieldMapping" version="7">
					<property name="model" valueType="object">
						<object type="DataModel:reference" version="3">
							<property name="value" valueType="url">DataModel["IFI_Reporting"{b8fde8e7-3e4b-4bb5-a07e-066a49b593c5}]</property>
						</object>
					</property>
					<property name="expression" valueType="table">
						<object type="DataModel:fieldReference" version="3">
							<property name="value" valueType="url">DataModel["IFI_Reporting"{b8fde8e7-3e4b-4bb5-a07e-066a49b593c5}].hierarchy["root"{6e539434-f574-4f16-bc4e-5a830308b7cc}].dataSource.layout["enm_cptl_tier"{207c63af-2738-47e8-a817-fd9532ca79fe}]</property>
						</object>
					</property>
				</object>
			</property>
		</object>
		<object type="Aggregation:mapping" version="7">
			<property name="field" valueType="object">
				<object type="Aggregation:localDetailReference" version="7">
					<property name="value" valueType="url">Aggregation[this].details["enm_invstmnt_typ"{32afd0d8-a64e-4358-b401-d0704ccdf83b}]</property>
				</object>
			</property>
			<property name="fieldMapping" valueType="table">
				<object type="Aggregation:fieldMapping" version="7">
					<property name="model" valueType="object">
						<object type="DataModel:reference" version="3">
							<property name="value" valueType="url">DataModel["IFI_Reporting"{b8fde8e7-3e4b-4bb5-a07e-066a49b593c5}]</property>
						</object>
					</property>
					<property name="expression" valueType="table">
						<object type="DataModel:fieldReference" version="3">
							<property name="value" valueType="url">DataModel["IFI_Reporting"{b8fde8e7-3e4b-4bb5-a07e-066a49b593c5}].hierarchy["root"{6e539434-f574-4f16-bc4e-5a830308b7cc}].dataSource.layout["enm_invstmnt_typ"{653659ea-ccf1-4303-8680-f70ad853bd4d}]</property>
						</object>
					</property>
				</object>
			</property>
		</object>
		<object type="Aggregation:mapping" version="7">
			<property name="field" valueType="object">
				<object type="Aggregation:localDetailReference" version="7">
					<property name="value" valueType="url">Aggregation[this].details["sifi_nsifi_ind"{bac330d1-0b63-4c15-889e-e448bc07ae29}]</property>
				</object>
			</property>
			<property name="fieldMapping" valueType="table">
				<object type="Aggregation:fieldMapping" version="7">
					<property name="model" valueType="object">
						<object type="DataModel:reference" version="3">
							<property name="value" valueType="url">DataModel["IFI_Reporting"{b8fde8e7-3e4b-4bb5-a07e-066a49b593c5}]</property>
						</object>
					</property>
					<property name="expression" valueType="table">
						<object type="DataModel:fieldReference" version="3">
							<property name="value" valueType="url">DataModel["IFI_Reporting"{b8fde8e7-3e4b-4bb5-a07e-066a49b593c5}].hierarchy["root"{6e539434-f574-4f16-bc4e-5a830308b7cc}].dataSource.layout["sifi_nsifi_ind"{95440f7d-79e1-45eb-b10f-d5308c934ca3}]</property>
						</object>
					</property>
				</object>
			</property>
		</object>
		<object type="Aggregation:mapping" version="7">
			<property name="field" valueType="object">
				<object type="Aggregation:localCalcFieldReference" version="7">
					<property name="value" valueType="url">Aggregation[this].calcFields["net_amnt"{02fd7713-77cc-4b16-824f-ec5cb428b8c4}]</property>
				</object>
			</property>
			<property name="fieldMapping" valueType="table">
				<object type="Aggregation:fieldMapping" version="7">
					<property name="model" valueType="object">
						<object type="DataModel:reference" version="3">
							<property name="value" valueType="url">DataModel["IFI_Reporting"{b8fde8e7-3e4b-4bb5-a07e-066a49b593c5}]</property>
						</object>
					</property>
					<property name="expression" valueType="table">
						<object type="DataModel:fieldReference" version="3">
							<property name="value" valueType="url">DataModel["IFI_Reporting"{b8fde8e7-3e4b-4bb5-a07e-066a49b593c5}].hierarchy["root"{6e539434-f574-4f16-bc4e-5a830308b7cc}].dataSource.layout["net_amnt"{be08580c-a615-4e3d-8547-7e64a3d79e8d}]</property>
						</object>
					</property>
				</object>
			</property>
		</object>
		<object type="Aggregation:mapping" version="7">
			<property name="field" valueType="object">
				<object type="Aggregation:localCalcFieldReference" version="7">
					<property name="value" valueType="url">Aggregation[this].calcFields["grss_amnt"{4d7d4e71-94f3-4bd7-8abb-1a615df6da89}]</property>
				</object>
			</property>
			<property name="fieldMapping" valueType="table">
				<object type="Aggregation:fieldMapping" version="7">
					<property name="model" valueType="object">
						<object type="DataModel:reference" version="3">
							<property name="value" valueType="url">DataModel["IFI_Reporting"{b8fde8e7-3e4b-4bb5-a07e-066a49b593c5}]</property>
						</object>
					</property>
					<property name="expression" valueType="table">
						<object type="DataModel:fieldReference" version="3">
							<property name="value" valueType="url">DataModel["IFI_Reporting"{b8fde8e7-3e4b-4bb5-a07e-066a49b593c5}].hierarchy["root"{6e539434-f574-4f16-bc4e-5a830308b7cc}].dataSource.layout["gross_amnt"{7f12cc9d-39e6-4b86-93bb-d927bf8723a6}]</property>
						</object>
					</property>
				</object>
			</property>
		</object>
	</property>
	<property name="storageType" value="CONTINUOUS_PARTITION" valueType="string"/>
	<property name="postTableCreationStatements" valueType="table"/>
	<property name="postAdjustmentTableCreationStatements" valueType="table"/>
	<property name="detailsAsKeys" value="true" valueType="boolean"/>
	<property name="dbSourceForResults" valueType="url">DBSource["POSTGRES"{7141b02a-a2bf-46bb-9ad0-fa1087f431e1}]</property>
	<property name="archivalProperties" valueType="object">
		<object type="ArchivalProperties" version="2">
			<property name="daily" value="false" valueType="boolean"/>
			<property name="weekly" value="false" valueType="boolean"/>
			<property name="monthly" value="false" valueType="boolean"/>
			<property name="quarterly" value="false" valueType="boolean"/>
			<property name="semiAnnually" value="false" valueType="boolean"/>
			<property name="annually" value="false" valueType="boolean"/>
			<property name="intraDay" value="false" valueType="boolean"/>
			<property name="userDefined" value="false" valueType="boolean"/>
		</object>
	</property>
	<property name="condition" valueType="tree">
		<objectNode type="Condition" version="3">
			<property name="isNegated" value="false" valueType="boolean"/>
			<property name="groupingOperator" value="AND" valueType="string"/>
		</objectNode>
	</property>
	<property name="doNotAggregate" value="true" valueType="boolean"/>
	<property name="useUnionAll" value="false" valueType="boolean"/>
	<property name="fourEyesCheck" value="false" valueType="boolean"/>
	<property name="trackDrilldownInformation" value="true" valueType="boolean"/>
	<property name="trackAllInstancesMode" value="NONE" valueType="string"/>
	<property name="computeStatistics" value="FOR_ALL_COLUMNS" valueType="string"/>
	<property name="instanceRebuildRestriction" value="AlterFullRebuild" valueType="string"/>
	<property name="allowExternalDataPermissions" value="true" valueType="boolean"/>
</object>