<object stamp="c10f27d3-1ef5-4012-af10-b402fb3f8d7b_1726252088552" type="DataSource" version="18">
	<property name="name" value="Large_Exposures_Calc_Inputs_Sample" valueType="string"/>
	<property name="description" value="Large_Exposures_Calc_Inputs_Sample" valueType="string"/>
	<property name="objectId" value="c49ae137-54c1-4acf-868f-7044b3018bfc" valueType="string"/>
	<property name="branchId" value="1703b133-5e84-4cd7-b314-b77863c0078f" valueType="string"/>
	<property name="hosting" value="INTERNAL" valueType="string"/>
	<property name="dbSource" valueType="url">DBSource["POSTGRES"{7141b02a-a2bf-46bb-9ad0-fa1087f431e1}]</property>
	<property name="loader" valueType="url">DataSourceLoader["load_file"{load_file}]</property>
	<property name="defaultVisibilityInModel" value="true" valueType="boolean"/>
	<property name="dataStructure" value="FLAT" valueType="string"/>
	<property name="layout" valueType="table">
		<object type="DataSource:field" version="5">
			<property name="name" value="id_unique" valueType="string"/>
			<property name="description" value="" valueType="string"/>
			<property name="id" value="d7881da1-3638-4ec3-9e05-0981950e20b2" valueType="string"/>
			<property name="title" value="Unique ID" valueType="string"/>
			<property name="type" value="VARCHAR" valueType="string"/>
			<property name="size" value="200" valueType="integer"/>
			<property name="allowNulls" value="false" valueType="boolean"/>
			<property name="allowDefault" value="false" valueType="boolean"/>
			<property name="isAutoUniqueId" value="false" valueType="boolean"/>
			<property name="syntheticContent" valueType="table"/>
			<property name="lookupSource" valueType="url"/>
			<property name="parentFields" valueType="table"/>
			<property name="aggregatedFunction" value="" valueType="string"/>
			<property name="isCountFieldFor" valueType="url"/>
			<property name="producingMap" valueType="table"/>
			<property name="displayFormat" value="" valueType="string"/>
			<property name="showSubtotal" value="false" valueType="boolean"/>
			<property name="isHidden" value="false" valueType="boolean"/>
		</object>
		<object type="DataSource:field" version="5">
			<property name="name" value="org_unit" valueType="string"/>
			<property name="description" value="" valueType="string"/>
			<property name="id" value="3bd47bca-4718-425e-911e-3ecde6604a77" valueType="string"/>
			<property name="title" value="Organisational Unit" valueType="string"/>
			<property name="type" value="VARCHAR" valueType="string"/>
			<property name="size" value="100" valueType="integer"/>
			<property name="allowNulls" value="false" valueType="boolean"/>
			<property name="allowDefault" value="false" valueType="boolean"/>
			<property name="isAutoUniqueId" value="false" valueType="boolean"/>
			<property name="syntheticContent" valueType="table"/>
			<property name="lookupSource" valueType="url"/>
			<property name="parentFields" valueType="table"/>
			<property name="aggregatedFunction" value="" valueType="string"/>
			<property name="isCountFieldFor" valueType="url"/>
			<property name="producingMap" valueType="table"/>
			<property name="displayFormat" value="" valueType="string"/>
			<property name="showSubtotal" value="false" valueType="boolean"/>
			<property name="isHidden" value="false" valueType="boolean"/>
		</object>
		<object type="DataSource:field" version="5">
			<property name="name" value="ccy_dnmntn" valueType="string"/>
			<property name="description" value="" valueType="string"/>
			<property name="id" value="51ccc2b9-fdf6-40bb-80e2-e40378d130a5" valueType="string"/>
			<property name="title" value="Currency of Denomination" valueType="string"/>
			<property name="type" value="VARCHAR" valueType="string"/>
			<property name="size" value="100" valueType="integer"/>
			<property name="allowNulls" value="true" valueType="boolean"/>
			<property name="allowDefault" value="false" valueType="boolean"/>
			<property name="isAutoUniqueId" value="false" valueType="boolean"/>
			<property name="syntheticContent" valueType="table"/>
			<property name="lookupSource" valueType="url"/>
			<property name="parentFields" valueType="table"/>
			<property name="aggregatedFunction" value="" valueType="string"/>
			<property name="isCountFieldFor" valueType="url"/>
			<property name="producingMap" valueType="table"/>
			<property name="displayFormat" value="" valueType="string"/>
			<property name="showSubtotal" value="false" valueType="boolean"/>
			<property name="isHidden" value="false" valueType="boolean"/>
		</object>
		<object type="DataSource:field" version="5">
			<property name="name" value="id_prty" valueType="string"/>
			<property name="description" value="" valueType="string"/>
			<property name="id" value="2f9c087e-f8ca-47ad-aed4-b98cb568b811" valueType="string"/>
			<property name="title" value="Counterparty/Issuer ID" valueType="string"/>
			<property name="type" value="VARCHAR" valueType="string"/>
			<property name="size" value="200" valueType="integer"/>
			<property name="allowNulls" value="true" valueType="boolean"/>
			<property name="allowDefault" value="false" valueType="boolean"/>
			<property name="isAutoUniqueId" value="false" valueType="boolean"/>
			<property name="syntheticContent" valueType="table"/>
			<property name="lookupSource" valueType="url"/>
			<property name="parentFields" valueType="table"/>
			<property name="aggregatedFunction" value="" valueType="string"/>
			<property name="isCountFieldFor" valueType="url"/>
			<property name="producingMap" valueType="table"/>
			<property name="displayFormat" value="" valueType="string"/>
			<property name="showSubtotal" value="false" valueType="boolean"/>
			<property name="isHidden" value="false" valueType="boolean"/>
		</object>
		<object type="DataSource:field" version="5">
			<property name="name" value="cntrprty_org_unit" valueType="string"/>
			<property name="description" value="" valueType="string"/>
			<property name="id" value="81d2a573-b0e6-4bfa-b57a-d9a4b7a1a007" valueType="string"/>
			<property name="title" value="Counterparty Organisational Unit" valueType="string"/>
			<property name="type" value="VARCHAR" valueType="string"/>
			<property name="size" value="100" valueType="integer"/>
			<property name="allowNulls" value="true" valueType="boolean"/>
			<property name="allowDefault" value="false" valueType="boolean"/>
			<property name="isAutoUniqueId" value="false" valueType="boolean"/>
			<property name="syntheticContent" valueType="table"/>
			<property name="lookupSource" valueType="url"/>
			<property name="parentFields" valueType="table"/>
			<property name="aggregatedFunction" value="" valueType="string"/>
			<property name="isCountFieldFor" valueType="url"/>
			<property name="producingMap" valueType="table"/>
			<property name="displayFormat" value="" valueType="string"/>
			<property name="showSubtotal" value="false" valueType="boolean"/>
			<property name="isHidden" value="false" valueType="boolean"/>
		</object>
		<object type="DataSource:field" version="5">
			<property name="name" value="expsr_vl" valueType="string"/>
			<property name="description" value="" valueType="string"/>
			<property name="id" value="82f66f7e-f953-4585-b493-79c499e72c43" valueType="string"/>
			<property name="title" value="Exposure Value" valueType="string"/>
			<property name="type" value="FLOAT" valueType="string"/>
			<property name="allowNulls" value="false" valueType="boolean"/>
			<property name="allowDefault" value="false" valueType="boolean"/>
			<property name="syntheticContent" valueType="table"/>
			<property name="lookupSource" valueType="url"/>
			<property name="parentFields" valueType="table"/>
			<property name="aggregatedFunction" value="" valueType="string"/>
			<property name="isCountFieldFor" valueType="url"/>
			<property name="producingMap" valueType="table"/>
			<property name="displayFormat" value="" valueType="string"/>
			<property name="showSubtotal" value="false" valueType="boolean"/>
			<property name="isHidden" value="false" valueType="boolean"/>
		</object>
		<object type="DataSource:field" version="5">
			<property name="name" value="gross_expsr_vl" valueType="string"/>
			<property name="description" value="" valueType="string"/>
			<property name="id" value="55f5e1fd-42cf-4804-9da5-f9b4dbafb2c2" valueType="string"/>
			<property name="title" value="Gross Exposure Value" valueType="string"/>
			<property name="type" value="FLOAT" valueType="string"/>
			<property name="allowNulls" value="false" valueType="boolean"/>
			<property name="allowDefault" value="false" valueType="boolean"/>
			<property name="syntheticContent" valueType="table"/>
			<property name="lookupSource" valueType="url"/>
			<property name="parentFields" valueType="table"/>
			<property name="aggregatedFunction" value="" valueType="string"/>
			<property name="isCountFieldFor" valueType="url"/>
			<property name="producingMap" valueType="table"/>
			<property name="displayFormat" value="" valueType="string"/>
			<property name="showSubtotal" value="false" valueType="boolean"/>
			<property name="isHidden" value="false" valueType="boolean"/>
		</object>
		<object type="DataSource:field" version="5">
			<property name="name" value="vl_adj_provsns" valueType="string"/>
			<property name="description" value="" valueType="string"/>
			<property name="id" value="72edebdb-b809-4ca0-b5a4-dd0b392d2d79" valueType="string"/>
			<property name="title" value="[COREP] Value Adjustments and Provisions on Original Exposure" valueType="string"/>
			<property name="type" value="FLOAT" valueType="string"/>
			<property name="allowNulls" value="true" valueType="boolean"/>
			<property name="allowDefault" value="false" valueType="boolean"/>
			<property name="syntheticContent" valueType="table"/>
			<property name="lookupSource" valueType="url"/>
			<property name="parentFields" valueType="table"/>
			<property name="aggregatedFunction" value="" valueType="string"/>
			<property name="isCountFieldFor" valueType="url"/>
			<property name="producingMap" valueType="table"/>
			<property name="displayFormat" value="" valueType="string"/>
			<property name="showSubtotal" value="false" valueType="boolean"/>
			<property name="isHidden" value="false" valueType="boolean"/>
		</object>
		<object type="DataSource:field" version="5">
			<property name="name" value="grnt_amnt_ind" valueType="string"/>
			<property name="description" value="" valueType="string"/>
			<property name="id" value="e34ac94e-70fa-4c7e-8851-4f9e87e6df54" valueType="string"/>
			<property name="title" value="Guarantee Amount Indicator" valueType="string"/>
			<property name="type" value="VARCHAR" valueType="string"/>
			<property name="size" value="1" valueType="integer"/>
			<property name="allowNulls" value="true" valueType="boolean"/>
			<property name="allowDefault" value="false" valueType="boolean"/>
			<property name="isAutoUniqueId" value="false" valueType="boolean"/>
			<property name="syntheticContent" valueType="table"/>
			<property name="lookupSource" valueType="url"/>
			<property name="parentFields" valueType="table"/>
			<property name="aggregatedFunction" value="" valueType="string"/>
			<property name="isCountFieldFor" valueType="url"/>
			<property name="producingMap" valueType="table"/>
			<property name="displayFormat" value="" valueType="string"/>
			<property name="showSubtotal" value="false" valueType="boolean"/>
			<property name="isHidden" value="false" valueType="boolean"/>
		</object>
		<object type="DataSource:field" version="5">
			<property name="name" value="fndd_crm_amnt_appld" valueType="string"/>
			<property name="description" value="" valueType="string"/>
			<property name="id" value="2c848aba-00b7-48e9-97e1-2a5df17b1d39" valueType="string"/>
			<property name="title" value="Funded CRM Amount Applied" valueType="string"/>
			<property name="type" value="FLOAT" valueType="string"/>
			<property name="allowNulls" value="true" valueType="boolean"/>
			<property name="allowDefault" value="false" valueType="boolean"/>
			<property name="syntheticContent" valueType="table"/>
			<property name="lookupSource" valueType="url"/>
			<property name="parentFields" valueType="table"/>
			<property name="aggregatedFunction" value="" valueType="string"/>
			<property name="isCountFieldFor" valueType="url"/>
			<property name="producingMap" valueType="table"/>
			<property name="displayFormat" value="" valueType="string"/>
			<property name="showSubtotal" value="false" valueType="boolean"/>
			<property name="isHidden" value="false" valueType="boolean"/>
		</object>
		<object type="DataSource:field" version="5">
			<property name="name" value="sbtttn_crm_amnt_appld" valueType="string"/>
			<property name="description" value="" valueType="string"/>
			<property name="id" value="d03215ce-21c5-459f-8dca-4cedd567861a" valueType="string"/>
			<property name="title" value="Substitution CRM Amount Applied" valueType="string"/>
			<property name="type" value="FLOAT" valueType="string"/>
			<property name="allowNulls" value="true" valueType="boolean"/>
			<property name="allowDefault" value="false" valueType="boolean"/>
			<property name="syntheticContent" valueType="table"/>
			<property name="lookupSource" valueType="url"/>
			<property name="parentFields" valueType="table"/>
			<property name="aggregatedFunction" value="" valueType="string"/>
			<property name="isCountFieldFor" valueType="url"/>
			<property name="producingMap" valueType="table"/>
			<property name="displayFormat" value="" valueType="string"/>
			<property name="showSubtotal" value="false" valueType="boolean"/>
			<property name="isHidden" value="false" valueType="boolean"/>
		</object>
		<object type="DataSource:field" version="5">
			<property name="name" value="enm_use_prty_rtng_typ" valueType="string"/>
			<property name="description" value="" valueType="string"/>
			<property name="id" value="fc1fd4f3-2e34-4423-a173-74fea4dbfafe" valueType="string"/>
			<property name="title" value="Use Party Rating Indicator" valueType="string"/>
			<property name="type" value="VARCHAR" valueType="string"/>
			<property name="size" value="100" valueType="integer"/>
			<property name="allowNulls" value="true" valueType="boolean"/>
			<property name="allowDefault" value="false" valueType="boolean"/>
			<property name="isAutoUniqueId" value="false" valueType="boolean"/>
			<property name="syntheticContent" valueType="table"/>
			<property name="lookupSource" valueType="url"/>
			<property name="parentFields" valueType="table"/>
			<property name="aggregatedFunction" value="" valueType="string"/>
			<property name="isCountFieldFor" valueType="url"/>
			<property name="producingMap" valueType="table"/>
			<property name="displayFormat" value="" valueType="string"/>
			<property name="showSubtotal" value="false" valueType="boolean"/>
			<property name="isHidden" value="false" valueType="boolean"/>
		</object>
		<object type="DataSource:field" version="5">
			<property name="name" value="ovrrd_enm_instr_cqs_lt" valueType="string"/>
			<property name="description" value="" valueType="string"/>
			<property name="id" value="52228027-bb3f-4f56-88f2-fb6678d3b27d" valueType="string"/>
			<property name="title" value="Override Instrument CQS LT" valueType="string"/>
			<property name="type" value="INTEGER" valueType="string"/>
			<property name="allowNulls" value="true" valueType="boolean"/>
			<property name="allowDefault" value="false" valueType="boolean"/>
			<property name="syntheticContent" valueType="table"/>
			<property name="lookupSource" valueType="url"/>
			<property name="parentFields" valueType="table"/>
			<property name="aggregatedFunction" value="" valueType="string"/>
			<property name="isCountFieldFor" valueType="url"/>
			<property name="producingMap" valueType="table"/>
			<property name="displayFormat" value="" valueType="string"/>
			<property name="showSubtotal" value="false" valueType="boolean"/>
			<property name="isHidden" value="false" valueType="boolean"/>
		</object>
		<object type="DataSource:field" version="5">
			<property name="name" value="ovrrd_enm_instr_cqs_st" valueType="string"/>
			<property name="description" value="" valueType="string"/>
			<property name="id" value="46bb9ae2-90f7-47d7-b0b9-961a07f4bef4" valueType="string"/>
			<property name="title" value="Override Instrument CQS ST" valueType="string"/>
			<property name="type" value="INTEGER" valueType="string"/>
			<property name="allowNulls" value="true" valueType="boolean"/>
			<property name="allowDefault" value="false" valueType="boolean"/>
			<property name="syntheticContent" valueType="table"/>
			<property name="lookupSource" valueType="url"/>
			<property name="parentFields" valueType="table"/>
			<property name="aggregatedFunction" value="" valueType="string"/>
			<property name="isCountFieldFor" valueType="url"/>
			<property name="producingMap" valueType="table"/>
			<property name="displayFormat" value="" valueType="string"/>
			<property name="showSubtotal" value="false" valueType="boolean"/>
			<property name="isHidden" value="false" valueType="boolean"/>
		</object>
		<object type="DataSource:field" version="5">
			<property name="name" value="enm_trdng_bnkng" valueType="string"/>
			<property name="description" value="" valueType="string"/>
			<property name="id" value="410f3d06-672b-4ec2-b765-39ec4844ba81" valueType="string"/>
			<property name="title" value="Trading/Banking Book" valueType="string"/>
			<property name="type" value="VARCHAR" valueType="string"/>
			<property name="size" value="100" valueType="integer"/>
			<property name="allowNulls" value="true" valueType="boolean"/>
			<property name="allowDefault" value="false" valueType="boolean"/>
			<property name="isAutoUniqueId" value="false" valueType="boolean"/>
			<property name="syntheticContent" valueType="table"/>
			<property name="lookupSource" valueType="url"/>
			<property name="parentFields" valueType="table"/>
			<property name="aggregatedFunction" value="" valueType="string"/>
			<property name="isCountFieldFor" valueType="url"/>
			<property name="producingMap" valueType="table"/>
			<property name="displayFormat" value="" valueType="string"/>
			<property name="showSubtotal" value="false" valueType="boolean"/>
			<property name="isHidden" value="false" valueType="boolean"/>
		</object>
		<object type="DataSource:field" version="5">
			<property name="name" value="dt_strt" valueType="string"/>
			<property name="description" value="" valueType="string"/>
			<property name="id" value="20dde685-d3ca-4259-891b-6361e666ae3d" valueType="string"/>
			<property name="title" value="Start Date" valueType="string"/>
			<property name="type" value="DATE" valueType="string"/>
			<property name="allowNulls" value="true" valueType="boolean"/>
			<property name="allowDefault" value="false" valueType="boolean"/>
			<property name="syntheticContent" valueType="table"/>
			<property name="lookupSource" valueType="url"/>
			<property name="parentFields" valueType="table"/>
			<property name="aggregatedFunction" value="" valueType="string"/>
			<property name="isCountFieldFor" valueType="url"/>
			<property name="producingMap" valueType="table"/>
			<property name="displayFormat" value="" valueType="string"/>
			<property name="showSubtotal" value="false" valueType="boolean"/>
			<property name="isHidden" value="false" valueType="boolean"/>
		</object>
		<object type="DataSource:field" version="5">
			<property name="name" value="dt_mtrty" valueType="string"/>
			<property name="description" value="" valueType="string"/>
			<property name="id" value="54cd675c-c0f7-4a92-93e8-e4e3733ed972" valueType="string"/>
			<property name="title" value="Maturity Date" valueType="string"/>
			<property name="type" value="DATE" valueType="string"/>
			<property name="allowNulls" value="true" valueType="boolean"/>
			<property name="allowDefault" value="false" valueType="boolean"/>
			<property name="syntheticContent" valueType="table"/>
			<property name="lookupSource" valueType="url"/>
			<property name="parentFields" valueType="table"/>
			<property name="aggregatedFunction" value="" valueType="string"/>
			<property name="isCountFieldFor" valueType="url"/>
			<property name="producingMap" valueType="table"/>
			<property name="displayFormat" value="" valueType="string"/>
			<property name="showSubtotal" value="false" valueType="boolean"/>
			<property name="isHidden" value="false" valueType="boolean"/>
		</object>
		<object type="DataSource:field" version="5">
			<property name="name" value="ovrrd_rsdl_mtrty_mnths" valueType="string"/>
			<property name="description" value="" valueType="string"/>
			<property name="id" value="835fb2c8-74e8-480a-9fbd-1300801af3cf" valueType="string"/>
			<property name="title" value="Override Residual Maturity (Months)" valueType="string"/>
			<property name="type" value="FLOAT" valueType="string"/>
			<property name="allowNulls" value="true" valueType="boolean"/>
			<property name="allowDefault" value="false" valueType="boolean"/>
			<property name="syntheticContent" valueType="table"/>
			<property name="lookupSource" valueType="url"/>
			<property name="parentFields" valueType="table"/>
			<property name="aggregatedFunction" value="" valueType="string"/>
			<property name="isCountFieldFor" valueType="url"/>
			<property name="producingMap" valueType="table"/>
			<property name="displayFormat" value="" valueType="string"/>
			<property name="showSubtotal" value="false" valueType="boolean"/>
			<property name="isHidden" value="false" valueType="boolean"/>
		</object>
		<object type="DataSource:field" version="5">
			<property name="name" value="ovrrd_orgnl_mtrty_mnths" valueType="string"/>
			<property name="description" value="" valueType="string"/>
			<property name="id" value="f572f4ef-fc31-498b-a3f1-d422a0006400" valueType="string"/>
			<property name="title" value="Override Original Maturity (Months)" valueType="string"/>
			<property name="type" value="FLOAT" valueType="string"/>
			<property name="allowNulls" value="true" valueType="boolean"/>
			<property name="allowDefault" value="false" valueType="boolean"/>
			<property name="syntheticContent" valueType="table"/>
			<property name="lookupSource" valueType="url"/>
			<property name="parentFields" valueType="table"/>
			<property name="aggregatedFunction" value="" valueType="string"/>
			<property name="isCountFieldFor" valueType="url"/>
			<property name="producingMap" valueType="table"/>
			<property name="displayFormat" value="" valueType="string"/>
			<property name="showSubtotal" value="false" valueType="boolean"/>
			<property name="isHidden" value="false" valueType="boolean"/>
		</object>
		<object type="DataSource:field" version="5">
			<property name="name" value="dmstc_ccy_ind" valueType="string"/>
			<property name="description" value="" valueType="string"/>
			<property name="id" value="6a342eaf-a365-4e4b-ba1b-80966b374035" valueType="string"/>
			<property name="title" value="Domestic Currency Indicator" valueType="string"/>
			<property name="type" value="VARCHAR" valueType="string"/>
			<property name="size" value="1" valueType="integer"/>
			<property name="allowNulls" value="true" valueType="boolean"/>
			<property name="allowDefault" value="false" valueType="boolean"/>
			<property name="isAutoUniqueId" value="false" valueType="boolean"/>
			<property name="syntheticContent" valueType="table"/>
			<property name="lookupSource" valueType="url"/>
			<property name="parentFields" valueType="table"/>
			<property name="aggregatedFunction" value="" valueType="string"/>
			<property name="isCountFieldFor" valueType="url"/>
			<property name="producingMap" valueType="table"/>
			<property name="displayFormat" value="" valueType="string"/>
			<property name="showSubtotal" value="false" valueType="boolean"/>
			<property name="isHidden" value="false" valueType="boolean"/>
		</object>
		<object type="DataSource:field" version="5">
			<property name="name" value="ovrrd_sa_rw" valueType="string"/>
			<property name="description" value="" valueType="string"/>
			<property name="id" value="97d03a7f-9a6a-44a1-bcac-83683f57cfe5" valueType="string"/>
			<property name="title" value="Override SA RW" valueType="string"/>
			<property name="type" value="FLOAT" valueType="string"/>
			<property name="allowNulls" value="true" valueType="boolean"/>
			<property name="allowDefault" value="false" valueType="boolean"/>
			<property name="syntheticContent" valueType="table"/>
			<property name="lookupSource" valueType="url"/>
			<property name="parentFields" valueType="table"/>
			<property name="aggregatedFunction" value="" valueType="string"/>
			<property name="isCountFieldFor" valueType="url"/>
			<property name="producingMap" valueType="table"/>
			<property name="displayFormat" value="" valueType="string"/>
			<property name="showSubtotal" value="false" valueType="boolean"/>
			<property name="isHidden" value="false" valueType="boolean"/>
		</object>
		<object type="DataSource:field" version="5">
			<property name="name" value="enm_ccp_trd_typ" valueType="string"/>
			<property name="description" value="" valueType="string"/>
			<property name="id" value="039c791d-3330-4f94-9676-36ef603d8d85" valueType="string"/>
			<property name="title" value="CCP Trade Type" valueType="string"/>
			<property name="type" value="VARCHAR" valueType="string"/>
			<property name="size" value="100" valueType="integer"/>
			<property name="allowNulls" value="true" valueType="boolean"/>
			<property name="allowDefault" value="false" valueType="boolean"/>
			<property name="isAutoUniqueId" value="false" valueType="boolean"/>
			<property name="syntheticContent" valueType="table"/>
			<property name="lookupSource" valueType="url"/>
			<property name="parentFields" valueType="table"/>
			<property name="aggregatedFunction" value="" valueType="string"/>
			<property name="isCountFieldFor" valueType="url"/>
			<property name="producingMap" valueType="table"/>
			<property name="displayFormat" value="" valueType="string"/>
			<property name="showSubtotal" value="false" valueType="boolean"/>
			<property name="isHidden" value="false" valueType="boolean"/>
		</object>
		<object type="DataSource:field" version="5">
			<property name="name" value="enm_le_main_ctgry" valueType="string"/>
			<property name="description" value="" valueType="string"/>
			<property name="id" value="4510d25a-860a-4979-a5c0-34a3e8b1d66b" valueType="string"/>
			<property name="title" value="LE Main Category" valueType="string"/>
			<property name="type" value="VARCHAR" valueType="string"/>
			<property name="size" value="100" valueType="integer"/>
			<property name="allowNulls" value="true" valueType="boolean"/>
			<property name="allowDefault" value="false" valueType="boolean"/>
			<property name="isAutoUniqueId" value="false" valueType="boolean"/>
			<property name="syntheticContent" valueType="table"/>
			<property name="lookupSource" valueType="url"/>
			<property name="parentFields" valueType="table"/>
			<property name="aggregatedFunction" value="" valueType="string"/>
			<property name="isCountFieldFor" valueType="url"/>
			<property name="producingMap" valueType="table"/>
			<property name="displayFormat" value="" valueType="string"/>
			<property name="showSubtotal" value="false" valueType="boolean"/>
			<property name="isHidden" value="false" valueType="boolean"/>
		</object>
		<object type="DataSource:field" version="5">
			<property name="name" value="expsr_undrlyng_assts_ind" valueType="string"/>
			<property name="description" value="" valueType="string"/>
			<property name="id" value="5a341fd9-708e-4a6f-8279-042b1288d583" valueType="string"/>
			<property name="title" value="Exposure to Underlying Assets Indicator" valueType="string"/>
			<property name="type" value="VARCHAR" valueType="string"/>
			<property name="size" value="1" valueType="integer"/>
			<property name="allowNulls" value="true" valueType="boolean"/>
			<property name="allowDefault" value="false" valueType="boolean"/>
			<property name="isAutoUniqueId" value="false" valueType="boolean"/>
			<property name="syntheticContent" valueType="table"/>
			<property name="lookupSource" valueType="url"/>
			<property name="parentFields" valueType="table"/>
			<property name="aggregatedFunction" value="" valueType="string"/>
			<property name="isCountFieldFor" valueType="url"/>
			<property name="producingMap" valueType="table"/>
			<property name="displayFormat" value="" valueType="string"/>
			<property name="showSubtotal" value="false" valueType="boolean"/>
			<property name="isHidden" value="false" valueType="boolean"/>
		</object>
		<object type="DataSource:field" version="5">
			<property name="name" value="inpt_typ" valueType="string"/>
			<property name="description" value="" valueType="string"/>
			<property name="id" value="a53ff886-8349-451a-b82f-2419c1491005" valueType="string"/>
			<property name="title" value="Input Type" valueType="string"/>
			<property name="type" value="VARCHAR" valueType="string"/>
			<property name="size" value="100" valueType="integer"/>
			<property name="allowNulls" value="true" valueType="boolean"/>
			<property name="allowDefault" value="false" valueType="boolean"/>
			<property name="isAutoUniqueId" value="false" valueType="boolean"/>
			<property name="syntheticContent" valueType="table"/>
			<property name="lookupSource" valueType="url"/>
			<property name="parentFields" valueType="table"/>
			<property name="aggregatedFunction" value="" valueType="string"/>
			<property name="isCountFieldFor" valueType="url"/>
			<property name="producingMap" valueType="table"/>
			<property name="displayFormat" value="" valueType="string"/>
			<property name="showSubtotal" value="false" valueType="boolean"/>
			<property name="isHidden" value="false" valueType="boolean"/>
		</object>
		<object type="DataSource:field" version="5">
			<property name="name" value="le_excld_ind" valueType="string"/>
			<property name="description" value="" valueType="string"/>
			<property name="id" value="ca7abfb5-c4cf-491e-a20a-06956288ce0f" valueType="string"/>
			<property name="title" value="LE Exclude Indicator" valueType="string"/>
			<property name="type" value="VARCHAR" valueType="string"/>
			<property name="size" value="1" valueType="integer"/>
			<property name="allowNulls" value="true" valueType="boolean"/>
			<property name="allowDefault" value="false" valueType="boolean"/>
			<property name="isAutoUniqueId" value="false" valueType="boolean"/>
			<property name="syntheticContent" valueType="table"/>
			<property name="lookupSource" valueType="url"/>
			<property name="parentFields" valueType="table"/>
			<property name="aggregatedFunction" value="" valueType="string"/>
			<property name="isCountFieldFor" valueType="url"/>
			<property name="producingMap" valueType="table"/>
			<property name="displayFormat" value="" valueType="string"/>
			<property name="showSubtotal" value="false" valueType="boolean"/>
			<property name="isHidden" value="false" valueType="boolean"/>
		</object>
		<object type="DataSource:field" version="5">
			<property name="name" value="le_exmpt_ind" valueType="string"/>
			<property name="description" value="" valueType="string"/>
			<property name="id" value="ec47a3b5-ef68-4c3b-aef8-fa3d74cda1a4" valueType="string"/>
			<property name="title" value="LE Exempt Indicator" valueType="string"/>
			<property name="type" value="VARCHAR" valueType="string"/>
			<property name="size" value="1" valueType="integer"/>
			<property name="allowNulls" value="true" valueType="boolean"/>
			<property name="allowDefault" value="false" valueType="boolean"/>
			<property name="isAutoUniqueId" value="false" valueType="boolean"/>
			<property name="syntheticContent" valueType="table"/>
			<property name="lookupSource" valueType="url"/>
			<property name="parentFields" valueType="table"/>
			<property name="aggregatedFunction" value="" valueType="string"/>
			<property name="isCountFieldFor" valueType="url"/>
			<property name="producingMap" valueType="table"/>
			<property name="displayFormat" value="" valueType="string"/>
			<property name="showSubtotal" value="false" valueType="boolean"/>
			<property name="isHidden" value="false" valueType="boolean"/>
		</object>
		<object type="DataSource:field" version="5">
			<property name="name" value="le_exmpt_mrtgg_amnt" valueType="string"/>
			<property name="description" value="" valueType="string"/>
			<property name="id" value="f38f19bc-c33d-4cfc-a293-15855f9364f8" valueType="string"/>
			<property name="title" value="LE Exempt Mortgage Amount" valueType="string"/>
			<property name="type" value="FLOAT" valueType="string"/>
			<property name="allowNulls" value="true" valueType="boolean"/>
			<property name="allowDefault" value="false" valueType="boolean"/>
			<property name="syntheticContent" valueType="table"/>
			<property name="lookupSource" valueType="url"/>
			<property name="parentFields" valueType="table"/>
			<property name="aggregatedFunction" value="" valueType="string"/>
			<property name="isCountFieldFor" valueType="url"/>
			<property name="producingMap" valueType="table"/>
			<property name="displayFormat" value="" valueType="string"/>
			<property name="showSubtotal" value="false" valueType="boolean"/>
			<property name="isHidden" value="false" valueType="boolean"/>
		</object>
		<object type="DataSource:field" version="5">
			<property name="name" value="orgnl_ccy_code" valueType="string"/>
			<property name="description" value="" valueType="string"/>
			<property name="id" value="f11d0852-8a96-43e9-ac9a-11cd6676ef6c" valueType="string"/>
			<property name="title" value="Original Currency Code" valueType="string"/>
			<property name="type" value="VARCHAR" valueType="string"/>
			<property name="size" value="100" valueType="integer"/>
			<property name="allowNulls" value="true" valueType="boolean"/>
			<property name="allowDefault" value="false" valueType="boolean"/>
			<property name="isAutoUniqueId" value="false" valueType="boolean"/>
			<property name="syntheticContent" valueType="table"/>
			<property name="lookupSource" valueType="url"/>
			<property name="parentFields" valueType="table"/>
			<property name="aggregatedFunction" value="" valueType="string"/>
			<property name="isCountFieldFor" valueType="url"/>
			<property name="producingMap" valueType="table"/>
			<property name="displayFormat" value="" valueType="string"/>
			<property name="showSubtotal" value="false" valueType="boolean"/>
			<property name="isHidden" value="false" valueType="boolean"/>
		</object>
		<object type="DataSource:field" version="5">
			<property name="name" value="instr_sbrdntd_ind" valueType="string"/>
			<property name="description" value="" valueType="string"/>
			<property name="id" value="3251803a-079e-42aa-aae5-06309da180cb" valueType="string"/>
			<property name="title" value="Instrument Subordinated Indicator" valueType="string"/>
			<property name="type" value="VARCHAR" valueType="string"/>
			<property name="size" value="1" valueType="integer"/>
			<property name="allowNulls" value="true" valueType="boolean"/>
			<property name="allowDefault" value="false" valueType="boolean"/>
			<property name="isAutoUniqueId" value="false" valueType="boolean"/>
			<property name="syntheticContent" valueType="table"/>
			<property name="lookupSource" valueType="url"/>
			<property name="parentFields" valueType="table"/>
			<property name="aggregatedFunction" value="" valueType="string"/>
			<property name="isCountFieldFor" valueType="url"/>
			<property name="producingMap" valueType="table"/>
			<property name="displayFormat" value="" valueType="string"/>
			<property name="showSubtotal" value="false" valueType="boolean"/>
			<property name="isHidden" value="false" valueType="boolean"/>
		</object>
		<object type="DataSource:field" version="5">
			<property name="name" value="spcfc_rsk_wghtng" valueType="string"/>
			<property name="description" value="" valueType="string"/>
			<property name="id" value="e9a0e9c2-673b-4f47-9431-3846f15f6719" valueType="string"/>
			<property name="title" value="Specific Risk Weighting" valueType="string"/>
			<property name="type" value="FLOAT" valueType="string"/>
			<property name="allowNulls" value="true" valueType="boolean"/>
			<property name="allowDefault" value="false" valueType="boolean"/>
			<property name="syntheticContent" valueType="table"/>
			<property name="lookupSource" valueType="url"/>
			<property name="parentFields" valueType="table"/>
			<property name="aggregatedFunction" value="" valueType="string"/>
			<property name="isCountFieldFor" valueType="url"/>
			<property name="producingMap" valueType="table"/>
			<property name="displayFormat" value="" valueType="string"/>
			<property name="showSubtotal" value="false" valueType="boolean"/>
			<property name="isHidden" value="false" valueType="boolean"/>
		</object>
		<object type="DataSource:field" version="5">
			<property name="name" value="enm_ccp_role_typ" valueType="string"/>
			<property name="description" value="" valueType="string"/>
			<property name="id" value="bbb28764-ae6f-4c06-8ac5-5bd043d70f4b" valueType="string"/>
			<property name="title" value="CCP Role Type" valueType="string"/>
			<property name="type" value="VARCHAR" valueType="string"/>
			<property name="size" value="100" valueType="integer"/>
			<property name="allowNulls" value="true" valueType="boolean"/>
			<property name="allowDefault" value="false" valueType="boolean"/>
			<property name="isAutoUniqueId" value="false" valueType="boolean"/>
			<property name="syntheticContent" valueType="table"/>
			<property name="lookupSource" valueType="url"/>
			<property name="parentFields" valueType="table"/>
			<property name="aggregatedFunction" value="" valueType="string"/>
			<property name="isCountFieldFor" valueType="url"/>
			<property name="producingMap" valueType="table"/>
			<property name="displayFormat" value="" valueType="string"/>
			<property name="showSubtotal" value="false" valueType="boolean"/>
			<property name="isHidden" value="false" valueType="boolean"/>
		</object>
		<object type="DataSource:field" version="5">
			<property name="name" value="id_indrct_ccp_cntrprty" valueType="string"/>
			<property name="description" value="" valueType="string"/>
			<property name="id" value="8a6b4604-b6f8-40ec-ad96-650a843183d8" valueType="string"/>
			<property name="title" value="Indirect CCP Counterparty ID" valueType="string"/>
			<property name="type" value="VARCHAR" valueType="string"/>
			<property name="size" value="200" valueType="integer"/>
			<property name="allowNulls" value="true" valueType="boolean"/>
			<property name="allowDefault" value="false" valueType="boolean"/>
			<property name="isAutoUniqueId" value="false" valueType="boolean"/>
			<property name="syntheticContent" valueType="table"/>
			<property name="lookupSource" valueType="url"/>
			<property name="parentFields" valueType="table"/>
			<property name="aggregatedFunction" value="" valueType="string"/>
			<property name="isCountFieldFor" valueType="url"/>
			<property name="producingMap" valueType="table"/>
			<property name="displayFormat" value="" valueType="string"/>
			<property name="showSubtotal" value="false" valueType="boolean"/>
			<property name="isHidden" value="false" valueType="boolean"/>
		</object>
		<object type="DataSource:field" version="5">
			<property name="name" value="enm_uk_corp_unrtd_grd" valueType="string"/>
			<property name="description" value="" valueType="string"/>
			<property name="id" value="3ec5a8f7-b2cb-4d5e-8b01-8c250f707785" valueType="string"/>
			<property name="title" value="UK Corporate Unrated Grade" valueType="string"/>
			<property name="type" value="VARCHAR" valueType="string"/>
			<property name="size" value="20" valueType="integer"/>
			<property name="allowNulls" value="true" valueType="boolean"/>
			<property name="allowDefault" value="false" valueType="boolean"/>
			<property name="isAutoUniqueId" value="false" valueType="boolean"/>
			<property name="syntheticContent" valueType="table"/>
			<property name="lookupSource" valueType="url"/>
			<property name="parentFields" valueType="table"/>
			<property name="aggregatedFunction" value="" valueType="string"/>
			<property name="isCountFieldFor" valueType="url"/>
			<property name="producingMap" valueType="table"/>
			<property name="displayFormat" value="" valueType="string"/>
			<property name="showSubtotal" value="false" valueType="boolean"/>
			<property name="isHidden" value="false" valueType="boolean"/>
		</object>
		<object type="DataSource:field" version="5">
			<property name="name" value="stndrdsd_run_ind" valueType="string"/>
			<property name="description" value="" valueType="string"/>
			<property name="id" value="d17bb6d5-e97b-462c-8594-7084b9258ed6" valueType="string"/>
			<property name="title" value="Standardised Run Indicator" valueType="string"/>
			<property name="type" value="VARCHAR" valueType="string"/>
			<property name="size" value="1" valueType="integer"/>
			<property name="allowNulls" value="true" valueType="boolean"/>
			<property name="allowDefault" value="false" valueType="boolean"/>
			<property name="isAutoUniqueId" value="false" valueType="boolean"/>
			<property name="syntheticContent" valueType="table"/>
			<property name="lookupSource" valueType="url"/>
			<property name="parentFields" valueType="table"/>
			<property name="aggregatedFunction" value="" valueType="string"/>
			<property name="isCountFieldFor" valueType="url"/>
			<property name="producingMap" valueType="table"/>
			<property name="displayFormat" value="" valueType="string"/>
			<property name="showSubtotal" value="false" valueType="boolean"/>
			<property name="isHidden" value="false" valueType="boolean"/>
		</object>
		<object type="DataSource:field" version="5">
			<property name="name" value="enm_mr_typ" valueType="string"/>
			<property name="description" value="" valueType="string"/>
			<property name="id" value="f15d404e-a48b-4ca8-8d5a-26eff0e13f2a" valueType="string"/>
			<property name="title" value="MR Type" valueType="string"/>
			<property name="type" value="VARCHAR" valueType="string"/>
			<property name="size" value="100" valueType="integer"/>
			<property name="allowNulls" value="true" valueType="boolean"/>
			<property name="allowDefault" value="false" valueType="boolean"/>
			<property name="isAutoUniqueId" value="false" valueType="boolean"/>
			<property name="syntheticContent" valueType="table"/>
			<property name="lookupSource" valueType="url"/>
			<property name="parentFields" valueType="table"/>
			<property name="aggregatedFunction" value="" valueType="string"/>
			<property name="isCountFieldFor" valueType="url"/>
			<property name="producingMap" valueType="table"/>
			<property name="displayFormat" value="" valueType="string"/>
			<property name="showSubtotal" value="false" valueType="boolean"/>
			<property name="isHidden" value="false" valueType="boolean"/>
		</object>
		<object type="DataSource:field" version="5">
			<property name="name" value="lrg_exp_cstm_1" valueType="string"/>
			<property name="description" value="" valueType="string"/>
			<property name="id" value="86077375-87c9-48b3-af6e-74793f1f8c58" valueType="string"/>
			<property name="title" value="Large Exposures Custom 1" valueType="string"/>
			<property name="type" value="VARCHAR" valueType="string"/>
			<property name="size" value="250" valueType="integer"/>
			<property name="allowNulls" value="true" valueType="boolean"/>
			<property name="allowDefault" value="false" valueType="boolean"/>
			<property name="isAutoUniqueId" value="false" valueType="boolean"/>
			<property name="syntheticContent" valueType="table"/>
			<property name="lookupSource" valueType="url"/>
			<property name="parentFields" valueType="table"/>
			<property name="aggregatedFunction" value="" valueType="string"/>
			<property name="isCountFieldFor" valueType="url"/>
			<property name="producingMap" valueType="table"/>
			<property name="displayFormat" value="" valueType="string"/>
			<property name="showSubtotal" value="false" valueType="boolean"/>
			<property name="isHidden" value="false" valueType="boolean"/>
		</object>
		<object type="DataSource:field" version="5">
			<property name="name" value="lrg_exp_cstm_2" valueType="string"/>
			<property name="description" value="" valueType="string"/>
			<property name="id" value="03e74ed5-03bc-4c2b-8e6d-231a1a183c7e" valueType="string"/>
			<property name="title" value="Large Exposures Custom 2" valueType="string"/>
			<property name="type" value="VARCHAR" valueType="string"/>
			<property name="size" value="250" valueType="integer"/>
			<property name="allowNulls" value="true" valueType="boolean"/>
			<property name="allowDefault" value="false" valueType="boolean"/>
			<property name="isAutoUniqueId" value="false" valueType="boolean"/>
			<property name="syntheticContent" valueType="table"/>
			<property name="lookupSource" valueType="url"/>
			<property name="parentFields" valueType="table"/>
			<property name="aggregatedFunction" value="" valueType="string"/>
			<property name="isCountFieldFor" valueType="url"/>
			<property name="producingMap" valueType="table"/>
			<property name="displayFormat" value="" valueType="string"/>
			<property name="showSubtotal" value="false" valueType="boolean"/>
			<property name="isHidden" value="false" valueType="boolean"/>
		</object>
		<object type="DataSource:field" version="5">
			<property name="name" value="lrg_exp_cstm_3" valueType="string"/>
			<property name="description" value="" valueType="string"/>
			<property name="id" value="27eff374-2ac7-4e65-ad86-24c5e4015da9" valueType="string"/>
			<property name="title" value="Large Exposures Custom 3" valueType="string"/>
			<property name="type" value="VARCHAR" valueType="string"/>
			<property name="size" value="250" valueType="integer"/>
			<property name="allowNulls" value="true" valueType="boolean"/>
			<property name="allowDefault" value="false" valueType="boolean"/>
			<property name="isAutoUniqueId" value="false" valueType="boolean"/>
			<property name="syntheticContent" valueType="table"/>
			<property name="lookupSource" valueType="url"/>
			<property name="parentFields" valueType="table"/>
			<property name="aggregatedFunction" value="" valueType="string"/>
			<property name="isCountFieldFor" valueType="url"/>
			<property name="producingMap" valueType="table"/>
			<property name="displayFormat" value="" valueType="string"/>
			<property name="showSubtotal" value="false" valueType="boolean"/>
			<property name="isHidden" value="false" valueType="boolean"/>
		</object>
		<object type="DataSource:field" version="5">
			<property name="name" value="lrg_exp_cstm_4" valueType="string"/>
			<property name="description" value="" valueType="string"/>
			<property name="id" value="8d618a06-635c-4350-ae8f-6e114517153d" valueType="string"/>
			<property name="title" value="Large Exposures Custom 4" valueType="string"/>
			<property name="type" value="VARCHAR" valueType="string"/>
			<property name="size" value="250" valueType="integer"/>
			<property name="allowNulls" value="true" valueType="boolean"/>
			<property name="allowDefault" value="false" valueType="boolean"/>
			<property name="isAutoUniqueId" value="false" valueType="boolean"/>
			<property name="syntheticContent" valueType="table"/>
			<property name="lookupSource" valueType="url"/>
			<property name="parentFields" valueType="table"/>
			<property name="aggregatedFunction" value="" valueType="string"/>
			<property name="isCountFieldFor" valueType="url"/>
			<property name="producingMap" valueType="table"/>
			<property name="displayFormat" value="" valueType="string"/>
			<property name="showSubtotal" value="false" valueType="boolean"/>
			<property name="isHidden" value="false" valueType="boolean"/>
		</object>
		<object type="DataSource:field" version="5">
			<property name="name" value="lrg_exp_cstm_5" valueType="string"/>
			<property name="description" value="" valueType="string"/>
			<property name="id" value="022eb8bb-6a45-48a3-a83b-55e83f07834b" valueType="string"/>
			<property name="title" value="Large Exposures Custom 5" valueType="string"/>
			<property name="type" value="VARCHAR" valueType="string"/>
			<property name="size" value="250" valueType="integer"/>
			<property name="allowNulls" value="true" valueType="boolean"/>
			<property name="allowDefault" value="false" valueType="boolean"/>
			<property name="isAutoUniqueId" value="false" valueType="boolean"/>
			<property name="syntheticContent" valueType="table"/>
			<property name="lookupSource" valueType="url"/>
			<property name="parentFields" valueType="table"/>
			<property name="aggregatedFunction" value="" valueType="string"/>
			<property name="isCountFieldFor" valueType="url"/>
			<property name="producingMap" valueType="table"/>
			<property name="displayFormat" value="" valueType="string"/>
			<property name="showSubtotal" value="false" valueType="boolean"/>
			<property name="isHidden" value="false" valueType="boolean"/>
		</object>
	</property>
	<property name="keyFields" valueType="table">
		<object type="DataSource:localFieldReference" version="3">
			<property name="value" valueType="url">DataSource[this].layout["id_unique"{d7881da1-3638-4ec3-9e05-0981950e20b2}]</property>
		</object>
		<object type="DataSource:localFieldReference" version="3">
			<property name="value" valueType="url">DataSource[this].layout["org_unit"{3bd47bca-4718-425e-911e-3ecde6604a77}]</property>
		</object>
	</property>
	<property name="index" valueType="table"/>
	<property name="createIndexOnKeyFields" value="true" valueType="boolean"/>
	<property name="indexOnKeyFieldsClustered" value="true" valueType="boolean"/>
	<property name="storageType" value="SEGMENTED" valueType="string"/>
	<property name="internalSourceTablePrefix" value="le_" valueType="string"/>
	<property name="instanceKeys" valueType="table">
		<object type="InstanceKey" version="2">
			<property name="name" value="v" valueType="string"/>
			<property name="description" value="Version" valueType="string"/>
			<property name="type" value="VARCHAR" valueType="string"/>
			<property name="size" value="50" valueType="integer"/>
			<property name="defaultInstanceKeyValueFormula" value="" valueType="string"/>
		</object>
	</property>
	<property name="loaderConfigFields" valueType="table">
		<object type="DataSource:loaderConfigField" version="3">
			<property name="sourceField" valueType="url">DataSource[this].layout["id_unique"{d7881da1-3638-4ec3-9e05-0981950e20b2}]</property>
			<property name="origColumn" value="1" valueType="string"/>
			<property name="format" value="" valueType="string"/>
		</object>
		<object type="DataSource:loaderConfigField" version="3">
			<property name="sourceField" valueType="url">DataSource[this].layout["org_unit"{3bd47bca-4718-425e-911e-3ecde6604a77}]</property>
			<property name="origColumn" value="2" valueType="string"/>
			<property name="format" value="" valueType="string"/>
		</object>
		<object type="DataSource:loaderConfigField" version="3">
			<property name="sourceField" valueType="url">DataSource[this].layout["ccy_dnmntn"{51ccc2b9-fdf6-40bb-80e2-e40378d130a5}]</property>
			<property name="origColumn" value="3" valueType="string"/>
			<property name="format" value="" valueType="string"/>
		</object>
		<object type="DataSource:loaderConfigField" version="3">
			<property name="sourceField" valueType="url">DataSource[this].layout["id_prty"{2f9c087e-f8ca-47ad-aed4-b98cb568b811}]</property>
			<property name="origColumn" value="4" valueType="string"/>
			<property name="format" value="" valueType="string"/>
		</object>
		<object type="DataSource:loaderConfigField" version="3">
			<property name="sourceField" valueType="url">DataSource[this].layout["cntrprty_org_unit"{81d2a573-b0e6-4bfa-b57a-d9a4b7a1a007}]</property>
			<property name="origColumn" value="5" valueType="string"/>
			<property name="format" value="" valueType="string"/>
		</object>
		<object type="DataSource:loaderConfigField" version="3">
			<property name="sourceField" valueType="url">DataSource[this].layout["expsr_vl"{82f66f7e-f953-4585-b493-79c499e72c43}]</property>
			<property name="origColumn" value="6" valueType="string"/>
			<property name="format" value="" valueType="string"/>
		</object>
		<object type="DataSource:loaderConfigField" version="3">
			<property name="sourceField" valueType="url">DataSource[this].layout["gross_expsr_vl"{55f5e1fd-42cf-4804-9da5-f9b4dbafb2c2}]</property>
			<property name="origColumn" value="7" valueType="string"/>
			<property name="format" value="" valueType="string"/>
		</object>
		<object type="DataSource:loaderConfigField" version="3">
			<property name="sourceField" valueType="url">DataSource[this].layout["vl_adj_provsns"{72edebdb-b809-4ca0-b5a4-dd0b392d2d79}]</property>
			<property name="origColumn" value="8" valueType="string"/>
			<property name="format" value="" valueType="string"/>
		</object>
		<object type="DataSource:loaderConfigField" version="3">
			<property name="sourceField" valueType="url">DataSource[this].layout["grnt_amnt_ind"{e34ac94e-70fa-4c7e-8851-4f9e87e6df54}]</property>
			<property name="origColumn" value="9" valueType="string"/>
			<property name="format" value="" valueType="string"/>
		</object>
		<object type="DataSource:loaderConfigField" version="3">
			<property name="sourceField" valueType="url">DataSource[this].layout["fndd_crm_amnt_appld"{2c848aba-00b7-48e9-97e1-2a5df17b1d39}]</property>
			<property name="origColumn" value="10" valueType="string"/>
			<property name="format" value="" valueType="string"/>
		</object>
		<object type="DataSource:loaderConfigField" version="3">
			<property name="sourceField" valueType="url">DataSource[this].layout["sbtttn_crm_amnt_appld"{d03215ce-21c5-459f-8dca-4cedd567861a}]</property>
			<property name="origColumn" value="11" valueType="string"/>
			<property name="format" value="" valueType="string"/>
		</object>
		<object type="DataSource:loaderConfigField" version="3">
			<property name="sourceField" valueType="url">DataSource[this].layout["enm_use_prty_rtng_typ"{fc1fd4f3-2e34-4423-a173-74fea4dbfafe}]</property>
			<property name="origColumn" value="12" valueType="string"/>
			<property name="format" value="" valueType="string"/>
		</object>
		<object type="DataSource:loaderConfigField" version="3">
			<property name="sourceField" valueType="url">DataSource[this].layout["ovrrd_enm_instr_cqs_lt"{52228027-bb3f-4f56-88f2-fb6678d3b27d}]</property>
			<property name="origColumn" value="13" valueType="string"/>
			<property name="format" value="" valueType="string"/>
		</object>
		<object type="DataSource:loaderConfigField" version="3">
			<property name="sourceField" valueType="url">DataSource[this].layout["ovrrd_enm_instr_cqs_st"{46bb9ae2-90f7-47d7-b0b9-961a07f4bef4}]</property>
			<property name="origColumn" value="14" valueType="string"/>
			<property name="format" value="" valueType="string"/>
		</object>
		<object type="DataSource:loaderConfigField" version="3">
			<property name="sourceField" valueType="url">DataSource[this].layout["enm_trdng_bnkng"{410f3d06-672b-4ec2-b765-39ec4844ba81}]</property>
			<property name="origColumn" value="15" valueType="string"/>
			<property name="format" value="" valueType="string"/>
		</object>
		<object type="DataSource:loaderConfigField" version="3">
			<property name="sourceField" valueType="url">DataSource[this].layout["dt_strt"{20dde685-d3ca-4259-891b-6361e666ae3d}]</property>
			<property name="origColumn" value="16" valueType="string"/>
			<property name="format" value="YYYY-MM-DD" valueType="string"/>
		</object>
		<object type="DataSource:loaderConfigField" version="3">
			<property name="sourceField" valueType="url">DataSource[this].layout["dt_mtrty"{54cd675c-c0f7-4a92-93e8-e4e3733ed972}]</property>
			<property name="origColumn" value="17" valueType="string"/>
			<property name="format" value="YYYY-MM-DD" valueType="string"/>
		</object>
		<object type="DataSource:loaderConfigField" version="3">
			<property name="sourceField" valueType="url">DataSource[this].layout["ovrrd_rsdl_mtrty_mnths"{835fb2c8-74e8-480a-9fbd-1300801af3cf}]</property>
			<property name="origColumn" value="18" valueType="string"/>
			<property name="format" value="" valueType="string"/>
		</object>
		<object type="DataSource:loaderConfigField" version="3">
			<property name="sourceField" valueType="url">DataSource[this].layout["ovrrd_orgnl_mtrty_mnths"{f572f4ef-fc31-498b-a3f1-d422a0006400}]</property>
			<property name="origColumn" value="19" valueType="string"/>
			<property name="format" value="" valueType="string"/>
		</object>
		<object type="DataSource:loaderConfigField" version="3">
			<property name="sourceField" valueType="url">DataSource[this].layout["dmstc_ccy_ind"{6a342eaf-a365-4e4b-ba1b-80966b374035}]</property>
			<property name="origColumn" value="20" valueType="string"/>
			<property name="format" value="" valueType="string"/>
		</object>
		<object type="DataSource:loaderConfigField" version="3">
			<property name="sourceField" valueType="url">DataSource[this].layout["ovrrd_sa_rw"{97d03a7f-9a6a-44a1-bcac-83683f57cfe5}]</property>
			<property name="origColumn" value="21" valueType="string"/>
			<property name="format" value="" valueType="string"/>
		</object>
		<object type="DataSource:loaderConfigField" version="3">
			<property name="sourceField" valueType="url">DataSource[this].layout["enm_ccp_trd_typ"{039c791d-3330-4f94-9676-36ef603d8d85}]</property>
			<property name="origColumn" value="22" valueType="string"/>
			<property name="format" value="" valueType="string"/>
		</object>
		<object type="DataSource:loaderConfigField" version="3">
			<property name="sourceField" valueType="url">DataSource[this].layout["enm_le_main_ctgry"{4510d25a-860a-4979-a5c0-34a3e8b1d66b}]</property>
			<property name="origColumn" value="23" valueType="string"/>
			<property name="format" value="" valueType="string"/>
		</object>
		<object type="DataSource:loaderConfigField" version="3">
			<property name="sourceField" valueType="url">DataSource[this].layout["expsr_undrlyng_assts_ind"{5a341fd9-708e-4a6f-8279-042b1288d583}]</property>
			<property name="origColumn" value="24" valueType="string"/>
			<property name="format" value="" valueType="string"/>
		</object>
		<object type="DataSource:loaderConfigField" version="3">
			<property name="sourceField" valueType="url">DataSource[this].layout["inpt_typ"{a53ff886-8349-451a-b82f-2419c1491005}]</property>
			<property name="origColumn" value="25" valueType="string"/>
			<property name="format" value="" valueType="string"/>
		</object>
		<object type="DataSource:loaderConfigField" version="3">
			<property name="sourceField" valueType="url">DataSource[this].layout["le_excld_ind"{ca7abfb5-c4cf-491e-a20a-06956288ce0f}]</property>
			<property name="origColumn" value="26" valueType="string"/>
			<property name="format" value="" valueType="string"/>
		</object>
		<object type="DataSource:loaderConfigField" version="3">
			<property name="sourceField" valueType="url">DataSource[this].layout["le_exmpt_ind"{ec47a3b5-ef68-4c3b-aef8-fa3d74cda1a4}]</property>
			<property name="origColumn" value="27" valueType="string"/>
			<property name="format" value="" valueType="string"/>
		</object>
		<object type="DataSource:loaderConfigField" version="3">
			<property name="sourceField" valueType="url">DataSource[this].layout["le_exmpt_mrtgg_amnt"{f38f19bc-c33d-4cfc-a293-15855f9364f8}]</property>
			<property name="origColumn" value="28" valueType="string"/>
			<property name="format" value="" valueType="string"/>
		</object>
		<object type="DataSource:loaderConfigField" version="3">
			<property name="sourceField" valueType="url">DataSource[this].layout["orgnl_ccy_code"{f11d0852-8a96-43e9-ac9a-11cd6676ef6c}]</property>
			<property name="origColumn" value="29" valueType="string"/>
			<property name="format" value="" valueType="string"/>
		</object>
		<object type="DataSource:loaderConfigField" version="3">
			<property name="sourceField" valueType="url">DataSource[this].layout["instr_sbrdntd_ind"{3251803a-079e-42aa-aae5-06309da180cb}]</property>
			<property name="origColumn" value="30" valueType="string"/>
			<property name="format" value="" valueType="string"/>
		</object>
		<object type="DataSource:loaderConfigField" version="3">
			<property name="sourceField" valueType="url">DataSource[this].layout["spcfc_rsk_wghtng"{e9a0e9c2-673b-4f47-9431-3846f15f6719}]</property>
			<property name="origColumn" value="31" valueType="string"/>
			<property name="format" value="" valueType="string"/>
		</object>
		<object type="DataSource:loaderConfigField" version="3">
			<property name="sourceField" valueType="url">DataSource[this].layout["enm_ccp_role_typ"{bbb28764-ae6f-4c06-8ac5-5bd043d70f4b}]</property>
			<property name="origColumn" value="32" valueType="string"/>
			<property name="format" value="" valueType="string"/>
		</object>
		<object type="DataSource:loaderConfigField" version="3">
			<property name="sourceField" valueType="url">DataSource[this].layout["id_indrct_ccp_cntrprty"{8a6b4604-b6f8-40ec-ad96-650a843183d8}]</property>
			<property name="origColumn" value="33" valueType="string"/>
			<property name="format" value="" valueType="string"/>
		</object>
		<object type="DataSource:loaderConfigField" version="3">
			<property name="sourceField" valueType="url">DataSource[this].layout["enm_uk_corp_unrtd_grd"{3ec5a8f7-b2cb-4d5e-8b01-8c250f707785}]</property>
			<property name="origColumn" value="34" valueType="string"/>
			<property name="format" value="" valueType="string"/>
		</object>
		<object type="DataSource:loaderConfigField" version="3">
			<property name="sourceField" valueType="url">DataSource[this].layout["stndrdsd_run_ind"{d17bb6d5-e97b-462c-8594-7084b9258ed6}]</property>
			<property name="origColumn" value="35" valueType="string"/>
			<property name="format" value="" valueType="string"/>
		</object>
		<object type="DataSource:loaderConfigField" version="3">
			<property name="sourceField" valueType="url">DataSource[this].layout["enm_mr_typ"{f15d404e-a48b-4ca8-8d5a-26eff0e13f2a}]</property>
			<property name="origColumn" value="36" valueType="string"/>
			<property name="format" value="" valueType="string"/>
		</object>
		<object type="DataSource:loaderConfigField" version="3">
			<property name="sourceField" valueType="url">DataSource[this].layout["lrg_exp_cstm_1"{86077375-87c9-48b3-af6e-74793f1f8c58}]</property>
			<property name="origColumn" value="37" valueType="string"/>
			<property name="format" value="" valueType="string"/>
		</object>
		<object type="DataSource:loaderConfigField" version="3">
			<property name="sourceField" valueType="url">DataSource[this].layout["lrg_exp_cstm_2"{03e74ed5-03bc-4c2b-8e6d-231a1a183c7e}]</property>
			<property name="origColumn" value="38" valueType="string"/>
			<property name="format" value="" valueType="string"/>
		</object>
		<object type="DataSource:loaderConfigField" version="3">
			<property name="sourceField" valueType="url">DataSource[this].layout["lrg_exp_cstm_3"{27eff374-2ac7-4e65-ad86-24c5e4015da9}]</property>
			<property name="origColumn" value="39" valueType="string"/>
			<property name="format" value="" valueType="string"/>
		</object>
		<object type="DataSource:loaderConfigField" version="3">
			<property name="sourceField" valueType="url">DataSource[this].layout["lrg_exp_cstm_4"{8d618a06-635c-4350-ae8f-6e114517153d}]</property>
			<property name="origColumn" value="40" valueType="string"/>
			<property name="format" value="" valueType="string"/>
		</object>
		<object type="DataSource:loaderConfigField" version="3">
			<property name="sourceField" valueType="url">DataSource[this].layout["lrg_exp_cstm_5"{022eb8bb-6a45-48a3-a83b-55e83f07834b}]</property>
			<property name="origColumn" value="41" valueType="string"/>
			<property name="format" value="" valueType="string"/>
		</object>
	</property>
	<property name="loaderActions" valueType="table">
		<object type="LoaderAction:actionStatement" version="4">
			<property name="id" value="b1b0b240-a4f3-408d-a4b5-c885753ef274" valueType="string"/>
			<property name="statement" valueType="table">
				<object type="SQLExpressionPart" version="2">
					<property name="value" value="UPDATE " valueType="string"/>
				</object>
				<object type="SQLConstant" version="2">
					<property name="name" value="table_name" valueType="string"/>
				</object>
				<object type="SQLExpressionPart" version="2">
					<property name="value" value=" set enm_use_prty_rtng_typ='PARTY_RATING' where enm_use_prty_rtng_typ='Y'" valueType="string"/>
				</object>
			</property>
		</object>
	</property>
	<property name="postTableCreationStatements" valueType="table"/>
	<property name="postAdjustmentTableCreationStatements" valueType="table"/>
	<property name="dataLoadVariables" valueType="table"/>
	<property name="computeStatistics" value="NONE" valueType="string"/>
	<property name="reapplyAdjustmentsAfterDataLoad" value="false" valueType="boolean"/>
	<property name="archivalProperties" valueType="object">
		<object type="ArchivalProperties" version="2">
			<property name="daily" value="false" valueType="boolean"/>
			<property name="weekly" value="false" valueType="boolean"/>
			<property name="monthly" value="false" valueType="boolean"/>
			<property name="quarterly" value="false" valueType="boolean"/>
			<property name="semiAnnually" value="false" valueType="boolean"/>
			<property name="annually" value="false" valueType="boolean"/>
			<property name="intraDay" value="false" valueType="boolean"/>
			<property name="userDefined" value="false" valueType="boolean"/>
		</object>
	</property>
	<property name="validations" valueType="table"/>
	<property name="fileFormat" value="DELIMITED" valueType="string"/>
	<property name="delimiter" value="\t" valueType="string"/>
	<property name="skipRows" value="1" valueType="integer"/>
	<property name="newlineConversion" value="none" valueType="string"/>
	<property name="targetEncoding" value="" valueType="string"/>
	<property name="convertEncoding" value="false" valueType="boolean"/>
	<property name="trailingNullCols" value="true" valueType="boolean"/>
	<property name="columnHeadersFromFile" value="false" valueType="boolean"/>
	<property name="parameterIsNotAFile" value="false" valueType="boolean"/>
	<property name="codeWillCreateFile" value="false" valueType="boolean"/>
	<property name="loaderPreprocessCode" value="" valueType="string"/>
	<property name="fourEyesCheck" value="false" valueType="boolean"/>
	<property name="readOnlyAdjustment" value="false" valueType="boolean"/>
	<property name="keepTableContent" value="false" valueType="boolean"/>
	<property name="loadSheetName" value="Large_Exposures_Calc_Inputs" valueType="string"/>
	<property name="maxErrors" value="2147483647" valueType="integer"/>
	<property name="doNotFailIfRejected" value="false" valueType="boolean"/>
	<property name="freezeLevel" value="1" valueType="integer"/>
	<property name="instanceRebuildRestriction" value="AlterFullRebuild" valueType="string"/>
</object>