<object stamp="5d1b1499-72f2-47fa-9f34-32f1aaf21fe3_1692786106169" type="DataSource" version="18">
	<property name="name" value="SEC_Reporting_DD_Sample" valueType="string"/>
	<property name="description" value="SEC_Reporting_DD" valueType="string"/>
	<property name="objectId" value="b191889f-f1e9-4c22-96e0-f6695f7ffa66" valueType="string"/>
	<property name="branchId" value="1703b133-5e84-4cd7-b314-b77863c0078f" valueType="string"/>
	<property name="hosting" value="INTERNAL" valueType="string"/>
	<property name="dbSource" valueType="url">DBSource["POSTGRES"{7141b02a-a2bf-46bb-9ad0-fa1087f431e1}]</property>
	<property name="loader" valueType="url">DataSourceLoader["load_file"{load_file}]</property>
	<property name="defaultVisibilityInModel" value="true" valueType="boolean"/>
	<property name="dataStructure" value="FLAT" valueType="string"/>
	<property name="layout" valueType="table">
		<object type="DataSource:field" version="5">
			<property name="name" value="entity" valueType="string"/>
			<property name="description" value="" valueType="string"/>
			<property name="id" value="9627018a-b8d9-4874-8f3c-33d15b62ff28" valueType="string"/>
			<property name="title" value="Entity ID" valueType="string"/>
			<property name="type" value="VARCHAR" valueType="string"/>
			<property name="size" value="100" valueType="integer"/>
			<property name="allowNulls" value="false" valueType="boolean"/>
			<property name="allowDefault" value="false" valueType="boolean"/>
			<property name="isAutoUniqueId" value="false" valueType="boolean"/>
			<property name="syntheticContent" valueType="table"/>
			<property name="lookupSource" valueType="url"/>
			<property name="parentFields" valueType="table"/>
			<property name="aggregatedFunction" value="" valueType="string"/>
			<property name="isCountFieldFor" valueType="url"/>
			<property name="producingMap" valueType="table"/>
			<property name="displayFormat" value="" valueType="string"/>
			<property name="showSubtotal" value="false" valueType="boolean"/>
			<property name="isHidden" value="false" valueType="boolean"/>
		</object>
		<object type="DataSource:field" version="5">
			<property name="name" value="id_unique" valueType="string"/>
			<property name="description" value="" valueType="string"/>
			<property name="id" value="898faa52-0981-4a76-b07e-5029d888448b" valueType="string"/>
			<property name="title" value="Unique ID" valueType="string"/>
			<property name="type" value="VARCHAR" valueType="string"/>
			<property name="size" value="100" valueType="integer"/>
			<property name="allowNulls" value="false" valueType="boolean"/>
			<property name="allowDefault" value="false" valueType="boolean"/>
			<property name="isAutoUniqueId" value="false" valueType="boolean"/>
			<property name="syntheticContent" valueType="table"/>
			<property name="lookupSource" valueType="url"/>
			<property name="parentFields" valueType="table"/>
			<property name="aggregatedFunction" value="" valueType="string"/>
			<property name="isCountFieldFor" valueType="url"/>
			<property name="producingMap" valueType="table"/>
			<property name="displayFormat" value="" valueType="string"/>
			<property name="showSubtotal" value="false" valueType="boolean"/>
			<property name="isHidden" value="false" valueType="boolean"/>
		</object>
		<object type="DataSource:field" version="5">
			<property name="name" value="id_scrtstn" valueType="string"/>
			<property name="description" value="" valueType="string"/>
			<property name="id" value="57738d82-c982-47a6-9665-c6788a1748d8" valueType="string"/>
			<property name="title" value="Securitisation ID" valueType="string"/>
			<property name="type" value="VARCHAR" valueType="string"/>
			<property name="size" value="100" valueType="integer"/>
			<property name="allowNulls" value="true" valueType="boolean"/>
			<property name="allowDefault" value="false" valueType="boolean"/>
			<property name="isAutoUniqueId" value="false" valueType="boolean"/>
			<property name="syntheticContent" valueType="table"/>
			<property name="lookupSource" valueType="url"/>
			<property name="parentFields" valueType="table"/>
			<property name="aggregatedFunction" value="" valueType="string"/>
			<property name="isCountFieldFor" valueType="url"/>
			<property name="producingMap" valueType="table"/>
			<property name="displayFormat" value="" valueType="string"/>
			<property name="showSubtotal" value="false" valueType="boolean"/>
			<property name="isHidden" value="false" valueType="boolean"/>
		</object>
		<object type="DataSource:field" version="5">
			<property name="name" value="ttl_amnt_scrtstn_expsrs_orgntd" valueType="string"/>
			<property name="description" value="" valueType="string"/>
			<property name="id" value="1428c25b-ebe2-48f4-b802-ce35fb3e40d6" valueType="string"/>
			<property name="title" value="Total Securitisation Exposures Originated" valueType="string"/>
			<property name="type" value="FLOAT" valueType="string"/>
			<property name="allowNulls" value="true" valueType="boolean"/>
			<property name="allowDefault" value="false" valueType="boolean"/>
			<property name="syntheticContent" valueType="table"/>
			<property name="lookupSource" valueType="url"/>
			<property name="parentFields" valueType="table"/>
			<property name="aggregatedFunction" value="" valueType="string"/>
			<property name="isCountFieldFor" valueType="url"/>
			<property name="producingMap" valueType="table"/>
			<property name="displayFormat" value="" valueType="string"/>
			<property name="showSubtotal" value="false" valueType="boolean"/>
			<property name="isHidden" value="false" valueType="boolean"/>
		</object>
		<object type="DataSource:field" version="5">
			<property name="name" value="enm_role_scrtstn_prcss" valueType="string"/>
			<property name="description" value="" valueType="string"/>
			<property name="id" value="1f58bb22-68db-4b47-947e-0a0becd45de1" valueType="string"/>
			<property name="title" value="Role in Securitisation Process" valueType="string"/>
			<property name="type" value="VARCHAR" valueType="string"/>
			<property name="size" value="100" valueType="integer"/>
			<property name="allowNulls" value="true" valueType="boolean"/>
			<property name="allowDefault" value="false" valueType="boolean"/>
			<property name="isAutoUniqueId" value="false" valueType="boolean"/>
			<property name="syntheticContent" valueType="table"/>
			<property name="lookupSource" valueType="url"/>
			<property name="parentFields" valueType="table"/>
			<property name="aggregatedFunction" value="" valueType="string"/>
			<property name="isCountFieldFor" valueType="url"/>
			<property name="producingMap" valueType="table"/>
			<property name="displayFormat" value="" valueType="string"/>
			<property name="showSubtotal" value="false" valueType="boolean"/>
			<property name="isHidden" value="false" valueType="boolean"/>
		</object>
		<object type="DataSource:field" version="5">
			<property name="name" value="on_bs_ind" valueType="string"/>
			<property name="description" value="" valueType="string"/>
			<property name="id" value="a4582b32-9ba3-4a06-9406-94456fe40c77" valueType="string"/>
			<property name="title" value="On Balance Sheet Indicator" valueType="string"/>
			<property name="type" value="VARCHAR" valueType="string"/>
			<property name="size" value="1" valueType="integer"/>
			<property name="allowNulls" value="true" valueType="boolean"/>
			<property name="allowDefault" value="false" valueType="boolean"/>
			<property name="isAutoUniqueId" value="false" valueType="boolean"/>
			<property name="syntheticContent" valueType="table"/>
			<property name="lookupSource" valueType="url"/>
			<property name="parentFields" valueType="table"/>
			<property name="aggregatedFunction" value="" valueType="string"/>
			<property name="isCountFieldFor" valueType="url"/>
			<property name="producingMap" valueType="table"/>
			<property name="displayFormat" value="" valueType="string"/>
			<property name="showSubtotal" value="false" valueType="boolean"/>
			<property name="isHidden" value="false" valueType="boolean"/>
		</object>
		<object type="DataSource:field" version="5">
			<property name="name" value="enm_scrtstn_rscrtstn" valueType="string"/>
			<property name="description" value="" valueType="string"/>
			<property name="id" value="beebf23a-9302-4f89-8774-ea1c4122ce45" valueType="string"/>
			<property name="title" value="Securitisation / Resecuritisation Indicator" valueType="string"/>
			<property name="type" value="VARCHAR" valueType="string"/>
			<property name="size" value="100" valueType="integer"/>
			<property name="allowNulls" value="true" valueType="boolean"/>
			<property name="allowDefault" value="false" valueType="boolean"/>
			<property name="isAutoUniqueId" value="false" valueType="boolean"/>
			<property name="syntheticContent" valueType="table"/>
			<property name="lookupSource" valueType="url"/>
			<property name="parentFields" valueType="table"/>
			<property name="aggregatedFunction" value="" valueType="string"/>
			<property name="isCountFieldFor" valueType="url"/>
			<property name="producingMap" valueType="table"/>
			<property name="displayFormat" value="" valueType="string"/>
			<property name="showSubtotal" value="false" valueType="boolean"/>
			<property name="isHidden" value="false" valueType="boolean"/>
		</object>
		<object type="DataSource:field" version="5">
			<property name="name" value="dffrnttd_cptl_trtmnt_ind" valueType="string"/>
			<property name="description" value="" valueType="string"/>
			<property name="id" value="f0a27a9d-c9b3-4c52-a54e-e3a23b4a3cae" valueType="string"/>
			<property name="title" value="Diifferentiated Capital Treatment Indicator" valueType="string"/>
			<property name="type" value="VARCHAR" valueType="string"/>
			<property name="size" value="1" valueType="integer"/>
			<property name="allowNulls" value="true" valueType="boolean"/>
			<property name="allowDefault" value="false" valueType="boolean"/>
			<property name="isAutoUniqueId" value="false" valueType="boolean"/>
			<property name="syntheticContent" valueType="table"/>
			<property name="lookupSource" valueType="url"/>
			<property name="parentFields" valueType="table"/>
			<property name="aggregatedFunction" value="" valueType="string"/>
			<property name="isCountFieldFor" valueType="url"/>
			<property name="producingMap" valueType="table"/>
			<property name="displayFormat" value="" valueType="string"/>
			<property name="showSubtotal" value="false" valueType="boolean"/>
			<property name="isHidden" value="false" valueType="boolean"/>
		</object>
		<object type="DataSource:field" version="5">
			<property name="name" value="enm_qlfyng_dffrnttd_cptl" valueType="string"/>
			<property name="description" value="" valueType="string"/>
			<property name="id" value="4566633e-37ff-4fd8-8a7d-eac2396af91a" valueType="string"/>
			<property name="title" value="Qualifying Reason for Differentiated Capital Treatment" valueType="string"/>
			<property name="type" value="VARCHAR" valueType="string"/>
			<property name="size" value="100" valueType="integer"/>
			<property name="allowNulls" value="true" valueType="boolean"/>
			<property name="allowDefault" value="false" valueType="boolean"/>
			<property name="isAutoUniqueId" value="false" valueType="boolean"/>
			<property name="syntheticContent" valueType="table"/>
			<property name="lookupSource" valueType="url"/>
			<property name="parentFields" valueType="table"/>
			<property name="aggregatedFunction" value="" valueType="string"/>
			<property name="isCountFieldFor" valueType="url"/>
			<property name="producingMap" valueType="table"/>
			<property name="displayFormat" value="" valueType="string"/>
			<property name="showSubtotal" value="false" valueType="boolean"/>
			<property name="isHidden" value="false" valueType="boolean"/>
		</object>
		<object type="DataSource:field" version="5">
			<property name="name" value="snr_pstn_ind" valueType="string"/>
			<property name="description" value="" valueType="string"/>
			<property name="id" value="5660dc43-1481-4d30-b737-da9fb9981893" valueType="string"/>
			<property name="title" value="Senior Position Indicator" valueType="string"/>
			<property name="type" value="VARCHAR" valueType="string"/>
			<property name="size" value="1" valueType="integer"/>
			<property name="allowNulls" value="true" valueType="boolean"/>
			<property name="allowDefault" value="false" valueType="boolean"/>
			<property name="isAutoUniqueId" value="false" valueType="boolean"/>
			<property name="syntheticContent" valueType="table"/>
			<property name="lookupSource" valueType="url"/>
			<property name="parentFields" valueType="table"/>
			<property name="aggregatedFunction" value="" valueType="string"/>
			<property name="isCountFieldFor" valueType="url"/>
			<property name="producingMap" valueType="table"/>
			<property name="displayFormat" value="" valueType="string"/>
			<property name="showSubtotal" value="false" valueType="boolean"/>
			<property name="isHidden" value="false" valueType="boolean"/>
		</object>
		<object type="DataSource:field" version="5">
			<property name="name" value="enm_npe_scrtstn_typ" valueType="string"/>
			<property name="description" value="" valueType="string"/>
			<property name="id" value="a0560721-4cd5-4dea-8df6-6ce20dcbe827" valueType="string"/>
			<property name="title" value="NPE Securitisation Type" valueType="string"/>
			<property name="type" value="VARCHAR" valueType="string"/>
			<property name="size" value="100" valueType="integer"/>
			<property name="allowNulls" value="true" valueType="boolean"/>
			<property name="allowDefault" value="false" valueType="boolean"/>
			<property name="isAutoUniqueId" value="false" valueType="boolean"/>
			<property name="syntheticContent" valueType="table"/>
			<property name="lookupSource" valueType="url"/>
			<property name="parentFields" valueType="table"/>
			<property name="aggregatedFunction" value="" valueType="string"/>
			<property name="isCountFieldFor" valueType="url"/>
			<property name="producingMap" valueType="table"/>
			<property name="displayFormat" value="" valueType="string"/>
			<property name="showSubtotal" value="false" valueType="boolean"/>
			<property name="isHidden" value="false" valueType="boolean"/>
		</object>
		<object type="DataSource:field" version="5">
			<property name="name" value="cr_sec_cstm_1" valueType="string"/>
			<property name="description" value="" valueType="string"/>
			<property name="id" value="c490afa6-7d88-4240-8bd3-c1e082373410" valueType="string"/>
			<property name="title" value="CR Sec Custom 1" valueType="string"/>
			<property name="type" value="VARCHAR" valueType="string"/>
			<property name="size" value="250" valueType="integer"/>
			<property name="allowNulls" value="true" valueType="boolean"/>
			<property name="allowDefault" value="false" valueType="boolean"/>
			<property name="isAutoUniqueId" value="false" valueType="boolean"/>
			<property name="syntheticContent" valueType="table"/>
			<property name="lookupSource" valueType="url"/>
			<property name="parentFields" valueType="table"/>
			<property name="aggregatedFunction" value="" valueType="string"/>
			<property name="isCountFieldFor" valueType="url"/>
			<property name="producingMap" valueType="table"/>
			<property name="displayFormat" value="" valueType="string"/>
			<property name="showSubtotal" value="false" valueType="boolean"/>
			<property name="isHidden" value="false" valueType="boolean"/>
		</object>
		<object type="DataSource:field" version="5">
			<property name="name" value="cr_sec_cstm_2" valueType="string"/>
			<property name="description" value="" valueType="string"/>
			<property name="id" value="d4f7704e-54a0-4910-95d2-d84f486c1992" valueType="string"/>
			<property name="title" value="CR Sec Custom 2" valueType="string"/>
			<property name="type" value="VARCHAR" valueType="string"/>
			<property name="size" value="250" valueType="integer"/>
			<property name="allowNulls" value="true" valueType="boolean"/>
			<property name="allowDefault" value="false" valueType="boolean"/>
			<property name="isAutoUniqueId" value="false" valueType="boolean"/>
			<property name="syntheticContent" valueType="table"/>
			<property name="lookupSource" valueType="url"/>
			<property name="parentFields" valueType="table"/>
			<property name="aggregatedFunction" value="" valueType="string"/>
			<property name="isCountFieldFor" valueType="url"/>
			<property name="producingMap" valueType="table"/>
			<property name="displayFormat" value="" valueType="string"/>
			<property name="showSubtotal" value="false" valueType="boolean"/>
			<property name="isHidden" value="false" valueType="boolean"/>
		</object>
		<object type="DataSource:field" version="5">
			<property name="name" value="cr_sec_cstm_3" valueType="string"/>
			<property name="description" value="" valueType="string"/>
			<property name="id" value="17a62dc8-6c01-4dce-91e6-4d42e8b5b215" valueType="string"/>
			<property name="title" value="CR Sec Custom 3" valueType="string"/>
			<property name="type" value="VARCHAR" valueType="string"/>
			<property name="size" value="250" valueType="integer"/>
			<property name="allowNulls" value="true" valueType="boolean"/>
			<property name="allowDefault" value="false" valueType="boolean"/>
			<property name="isAutoUniqueId" value="false" valueType="boolean"/>
			<property name="syntheticContent" valueType="table"/>
			<property name="lookupSource" valueType="url"/>
			<property name="parentFields" valueType="table"/>
			<property name="aggregatedFunction" value="" valueType="string"/>
			<property name="isCountFieldFor" valueType="url"/>
			<property name="producingMap" valueType="table"/>
			<property name="displayFormat" value="" valueType="string"/>
			<property name="showSubtotal" value="false" valueType="boolean"/>
			<property name="isHidden" value="false" valueType="boolean"/>
		</object>
		<object type="DataSource:field" version="5">
			<property name="name" value="cr_sec_cstm_4" valueType="string"/>
			<property name="description" value="" valueType="string"/>
			<property name="id" value="65419771-7da6-4a9b-b25d-1b4d2dbe00b6" valueType="string"/>
			<property name="title" value="CR Sec Custom 4" valueType="string"/>
			<property name="type" value="VARCHAR" valueType="string"/>
			<property name="size" value="250" valueType="integer"/>
			<property name="allowNulls" value="true" valueType="boolean"/>
			<property name="allowDefault" value="false" valueType="boolean"/>
			<property name="isAutoUniqueId" value="false" valueType="boolean"/>
			<property name="syntheticContent" valueType="table"/>
			<property name="lookupSource" valueType="url"/>
			<property name="parentFields" valueType="table"/>
			<property name="aggregatedFunction" value="" valueType="string"/>
			<property name="isCountFieldFor" valueType="url"/>
			<property name="producingMap" valueType="table"/>
			<property name="displayFormat" value="" valueType="string"/>
			<property name="showSubtotal" value="false" valueType="boolean"/>
			<property name="isHidden" value="false" valueType="boolean"/>
		</object>
		<object type="DataSource:field" version="5">
			<property name="name" value="cr_sec_cstm_5" valueType="string"/>
			<property name="description" value="" valueType="string"/>
			<property name="id" value="a2767915-dc65-477e-9f9b-cf3ffc90beb7" valueType="string"/>
			<property name="title" value="CR Sec Custom 5" valueType="string"/>
			<property name="type" value="VARCHAR" valueType="string"/>
			<property name="size" value="250" valueType="integer"/>
			<property name="allowNulls" value="true" valueType="boolean"/>
			<property name="allowDefault" value="false" valueType="boolean"/>
			<property name="isAutoUniqueId" value="false" valueType="boolean"/>
			<property name="syntheticContent" valueType="table"/>
			<property name="lookupSource" valueType="url"/>
			<property name="parentFields" valueType="table"/>
			<property name="aggregatedFunction" value="" valueType="string"/>
			<property name="isCountFieldFor" valueType="url"/>
			<property name="producingMap" valueType="table"/>
			<property name="displayFormat" value="" valueType="string"/>
			<property name="showSubtotal" value="false" valueType="boolean"/>
			<property name="isHidden" value="false" valueType="boolean"/>
		</object>
	</property>
	<property name="keyFields" valueType="table">
		<object type="DataSource:localFieldReference" version="3">
			<property name="value" valueType="url">DataSource[this].layout["id_unique"{898faa52-0981-4a76-b07e-5029d888448b}]</property>
		</object>
		<object type="DataSource:localFieldReference" version="3">
			<property name="value" valueType="url">DataSource[this].layout["entity"{9627018a-b8d9-4874-8f3c-33d15b62ff28}]</property>
		</object>
	</property>
	<property name="index" valueType="table"/>
	<property name="createIndexOnKeyFields" value="true" valueType="boolean"/>
	<property name="indexOnKeyFieldsClustered" value="true" valueType="boolean"/>
	<property name="storageType" value="SEGMENTED" valueType="string"/>
	<property name="internalSourceTablePrefix" value="CR_SEC_" valueType="string"/>
	<property name="instanceKeys" valueType="table">
		<object type="InstanceKey" version="2">
			<property name="name" value="v" valueType="string"/>
			<property name="description" value="Version" valueType="string"/>
			<property name="type" value="VARCHAR" valueType="string"/>
			<property name="size" value="100" valueType="integer"/>
			<property name="defaultInstanceKeyValueFormula" value="" valueType="string"/>
		</object>
		<object type="InstanceKey" version="2">
			<property name="name" value="run_id" valueType="string"/>
			<property name="description" value="Run ID" valueType="string"/>
			<property name="type" value="VARCHAR" valueType="string"/>
			<property name="size" value="100" valueType="integer"/>
			<property name="defaultInstanceKeyValueFormula" value="" valueType="string"/>
		</object>
	</property>
	<property name="loaderConfigFields" valueType="table">
		<object type="DataSource:loaderConfigField" version="3">
			<property name="sourceField" valueType="url">DataSource[this].layout["entity"{9627018a-b8d9-4874-8f3c-33d15b62ff28}]</property>
			<property name="origColumn" value="1" valueType="string"/>
			<property name="format" value="" valueType="string"/>
		</object>
		<object type="DataSource:loaderConfigField" version="3">
			<property name="sourceField" valueType="url">DataSource[this].layout["id_unique"{898faa52-0981-4a76-b07e-5029d888448b}]</property>
			<property name="origColumn" value="2" valueType="string"/>
			<property name="format" value="" valueType="string"/>
		</object>
		<object type="DataSource:loaderConfigField" version="3">
			<property name="sourceField" valueType="url">DataSource[this].layout["id_scrtstn"{57738d82-c982-47a6-9665-c6788a1748d8}]</property>
			<property name="origColumn" value="3" valueType="string"/>
			<property name="format" value="" valueType="string"/>
		</object>
		<object type="DataSource:loaderConfigField" version="3">
			<property name="sourceField" valueType="url">DataSource[this].layout["ttl_amnt_scrtstn_expsrs_orgntd"{1428c25b-ebe2-48f4-b802-ce35fb3e40d6}]</property>
			<property name="origColumn" value="4" valueType="string"/>
			<property name="format" value="" valueType="string"/>
		</object>
		<object type="DataSource:loaderConfigField" version="3">
			<property name="sourceField" valueType="url">DataSource[this].layout["enm_role_scrtstn_prcss"{1f58bb22-68db-4b47-947e-0a0becd45de1}]</property>
			<property name="origColumn" value="5" valueType="string"/>
			<property name="format" value="" valueType="string"/>
		</object>
		<object type="DataSource:loaderConfigField" version="3">
			<property name="sourceField" valueType="url">DataSource[this].layout["on_bs_ind"{a4582b32-9ba3-4a06-9406-94456fe40c77}]</property>
			<property name="origColumn" value="6" valueType="string"/>
			<property name="format" value="" valueType="string"/>
		</object>
		<object type="DataSource:loaderConfigField" version="3">
			<property name="sourceField" valueType="url">DataSource[this].layout["enm_scrtstn_rscrtstn"{beebf23a-9302-4f89-8774-ea1c4122ce45}]</property>
			<property name="origColumn" value="7" valueType="string"/>
			<property name="format" value="" valueType="string"/>
		</object>
		<object type="DataSource:loaderConfigField" version="3">
			<property name="sourceField" valueType="url">DataSource[this].layout["dffrnttd_cptl_trtmnt_ind"{f0a27a9d-c9b3-4c52-a54e-e3a23b4a3cae}]</property>
			<property name="origColumn" value="8" valueType="string"/>
			<property name="format" value="" valueType="string"/>
		</object>
		<object type="DataSource:loaderConfigField" version="3">
			<property name="sourceField" valueType="url">DataSource[this].layout["enm_qlfyng_dffrnttd_cptl"{4566633e-37ff-4fd8-8a7d-eac2396af91a}]</property>
			<property name="origColumn" value="9" valueType="string"/>
			<property name="format" value="" valueType="string"/>
		</object>
		<object type="DataSource:loaderConfigField" version="3">
			<property name="sourceField" valueType="url">DataSource[this].layout["snr_pstn_ind"{5660dc43-1481-4d30-b737-da9fb9981893}]</property>
			<property name="origColumn" value="10" valueType="string"/>
			<property name="format" value="" valueType="string"/>
		</object>
		<object type="DataSource:loaderConfigField" version="3">
			<property name="sourceField" valueType="url">DataSource[this].layout["enm_npe_scrtstn_typ"{a0560721-4cd5-4dea-8df6-6ce20dcbe827}]</property>
			<property name="origColumn" value="11" valueType="string"/>
			<property name="format" value="" valueType="string"/>
		</object>
		<object type="DataSource:loaderConfigField" version="3">
			<property name="sourceField" valueType="url">DataSource[this].layout["cr_sec_cstm_1"{c490afa6-7d88-4240-8bd3-c1e082373410}]</property>
			<property name="origColumn" value="12" valueType="string"/>
			<property name="format" value="" valueType="string"/>
		</object>
		<object type="DataSource:loaderConfigField" version="3">
			<property name="sourceField" valueType="url">DataSource[this].layout["cr_sec_cstm_2"{d4f7704e-54a0-4910-95d2-d84f486c1992}]</property>
			<property name="origColumn" value="13" valueType="string"/>
			<property name="format" value="" valueType="string"/>
		</object>
		<object type="DataSource:loaderConfigField" version="3">
			<property name="sourceField" valueType="url">DataSource[this].layout["cr_sec_cstm_3"{17a62dc8-6c01-4dce-91e6-4d42e8b5b215}]</property>
			<property name="origColumn" value="14" valueType="string"/>
			<property name="format" value="" valueType="string"/>
		</object>
		<object type="DataSource:loaderConfigField" version="3">
			<property name="sourceField" valueType="url">DataSource[this].layout["cr_sec_cstm_4"{65419771-7da6-4a9b-b25d-1b4d2dbe00b6}]</property>
			<property name="origColumn" value="15" valueType="string"/>
			<property name="format" value="" valueType="string"/>
		</object>
		<object type="DataSource:loaderConfigField" version="3">
			<property name="sourceField" valueType="url">DataSource[this].layout["cr_sec_cstm_5"{a2767915-dc65-477e-9f9b-cf3ffc90beb7}]</property>
			<property name="origColumn" value="16" valueType="string"/>
			<property name="format" value="" valueType="string"/>
		</object>
	</property>
	<property name="loaderActions" valueType="table"/>
	<property name="postTableCreationStatements" valueType="table"/>
	<property name="postAdjustmentTableCreationStatements" valueType="table"/>
	<property name="dataLoadVariables" valueType="table"/>
	<property name="computeStatistics" value="NONE" valueType="string"/>
	<property name="reapplyAdjustmentsAfterDataLoad" value="false" valueType="boolean"/>
	<property name="archivalProperties" valueType="object">
		<object type="ArchivalProperties" version="2">
			<property name="daily" value="false" valueType="boolean"/>
			<property name="weekly" value="false" valueType="boolean"/>
			<property name="monthly" value="false" valueType="boolean"/>
			<property name="quarterly" value="false" valueType="boolean"/>
			<property name="semiAnnually" value="false" valueType="boolean"/>
			<property name="annually" value="false" valueType="boolean"/>
			<property name="intraDay" value="false" valueType="boolean"/>
			<property name="userDefined" value="false" valueType="boolean"/>
		</object>
	</property>
	<property name="validations" valueType="table"/>
	<property name="fileFormat" value="DELIMITED" valueType="string"/>
	<property name="delimiter" value="\t" valueType="string"/>
	<property name="skipRows" value="1" valueType="integer"/>
	<property name="newlineConversion" value="none" valueType="string"/>
	<property name="targetEncoding" value="" valueType="string"/>
	<property name="convertEncoding" value="false" valueType="boolean"/>
	<property name="trailingNullCols" value="true" valueType="boolean"/>
	<property name="columnHeadersFromFile" value="false" valueType="boolean"/>
	<property name="parameterIsNotAFile" value="false" valueType="boolean"/>
	<property name="codeWillCreateFile" value="false" valueType="boolean"/>
	<property name="loaderPreprocessCode" value="" valueType="string"/>
	<property name="fourEyesCheck" value="false" valueType="boolean"/>
	<property name="readOnlyAdjustment" value="false" valueType="boolean"/>
	<property name="keepTableContent" value="false" valueType="boolean"/>
	<property name="loadSheetName" value="SEC_Reporting_DD" valueType="string"/>
	<property name="maxErrors" value="2147483647" valueType="integer"/>
	<property name="doNotFailIfRejected" value="false" valueType="boolean"/>
	<property name="freezeLevel" value="1" valueType="integer"/>
	<property name="instanceRebuildRestriction" value="AlterFullRebuild" valueType="string"/>
</object>