<object stamp="7baad925-0ec2-482b-a5a4-96f3744a80e6_1719553732820" type="DataSource" version="18">
	<property name="name" value="Tri_Party_Limit_Calc_Inputs_Sample" valueType="string"/>
	<property name="description" value="Tri_Party_Limit_Calc_Inputs_Sample" valueType="string"/>
	<property name="objectId" value="15d72b89-4b0a-47f5-994b-ce1085f3a8e4" valueType="string"/>
	<property name="branchId" value="1703b133-5e84-4cd7-b314-b77863c0078f" valueType="string"/>
	<property name="hosting" value="INTERNAL" valueType="string"/>
	<property name="dbSource" valueType="url">DBSource["POSTGRES"{7141b02a-a2bf-46bb-9ad0-fa1087f431e1}]</property>
	<property name="loader" valueType="url">DataSourceLoader["load_file"{load_file}]</property>
	<property name="defaultVisibilityInModel" value="true" valueType="boolean"/>
	<property name="dataStructure" value="FLAT" valueType="string"/>
	<property name="layout" valueType="table">
		<object type="DataSource:field" version="5">
			<property name="name" value="id_unique" valueType="string"/>
			<property name="description" value="" valueType="string"/>
			<property name="id" value="961c83ab-6667-413d-8f02-bcf5491ba3b0" valueType="string"/>
			<property name="title" value="Unique ID" valueType="string"/>
			<property name="type" value="VARCHAR" valueType="string"/>
			<property name="size" value="200" valueType="integer"/>
			<property name="allowNulls" value="false" valueType="boolean"/>
			<property name="allowDefault" value="false" valueType="boolean"/>
			<property name="isAutoUniqueId" value="false" valueType="boolean"/>
			<property name="syntheticContent" valueType="table"/>
			<property name="lookupSource" valueType="url"/>
			<property name="parentFields" valueType="table"/>
			<property name="aggregatedFunction" value="" valueType="string"/>
			<property name="isCountFieldFor" valueType="url"/>
			<property name="producingMap" valueType="table"/>
			<property name="displayFormat" value="" valueType="string"/>
			<property name="showSubtotal" value="false" valueType="boolean"/>
			<property name="isHidden" value="false" valueType="boolean"/>
		</object>
		<object type="DataSource:field" version="5">
			<property name="name" value="org_unit" valueType="string"/>
			<property name="description" value="" valueType="string"/>
			<property name="id" value="40e755a8-053b-4ebb-bea0-121e2dba902d" valueType="string"/>
			<property name="title" value="Organisational Unit" valueType="string"/>
			<property name="type" value="VARCHAR" valueType="string"/>
			<property name="size" value="100" valueType="integer"/>
			<property name="allowNulls" value="false" valueType="boolean"/>
			<property name="allowDefault" value="false" valueType="boolean"/>
			<property name="isAutoUniqueId" value="false" valueType="boolean"/>
			<property name="syntheticContent" valueType="table"/>
			<property name="lookupSource" valueType="url"/>
			<property name="parentFields" valueType="table"/>
			<property name="aggregatedFunction" value="" valueType="string"/>
			<property name="isCountFieldFor" valueType="url"/>
			<property name="producingMap" valueType="table"/>
			<property name="displayFormat" value="" valueType="string"/>
			<property name="showSubtotal" value="false" valueType="boolean"/>
			<property name="isHidden" value="false" valueType="boolean"/>
		</object>
		<object type="DataSource:field" version="5">
			<property name="name" value="ccy_dnmntn" valueType="string"/>
			<property name="description" value="" valueType="string"/>
			<property name="id" value="a83a50ae-6c15-43fa-b51e-4efb347fb653" valueType="string"/>
			<property name="title" value="Currency of Denomination" valueType="string"/>
			<property name="type" value="VARCHAR" valueType="string"/>
			<property name="size" value="100" valueType="integer"/>
			<property name="allowNulls" value="true" valueType="boolean"/>
			<property name="allowDefault" value="false" valueType="boolean"/>
			<property name="isAutoUniqueId" value="false" valueType="boolean"/>
			<property name="syntheticContent" valueType="table"/>
			<property name="lookupSource" valueType="url"/>
			<property name="parentFields" valueType="table"/>
			<property name="aggregatedFunction" value="" valueType="string"/>
			<property name="isCountFieldFor" valueType="url"/>
			<property name="producingMap" valueType="table"/>
			<property name="displayFormat" value="" valueType="string"/>
			<property name="showSubtotal" value="false" valueType="boolean"/>
			<property name="isHidden" value="false" valueType="boolean"/>
		</object>
		<object type="DataSource:field" version="5">
			<property name="name" value="id_issr" valueType="string"/>
			<property name="description" value="" valueType="string"/>
			<property name="id" value="d4dd5076-2bf9-44b6-9764-c17f84be1790" valueType="string"/>
			<property name="title" value="Issuer ID" valueType="string"/>
			<property name="type" value="VARCHAR" valueType="string"/>
			<property name="size" value="200" valueType="integer"/>
			<property name="allowNulls" value="false" valueType="boolean"/>
			<property name="allowDefault" value="false" valueType="boolean"/>
			<property name="isAutoUniqueId" value="false" valueType="boolean"/>
			<property name="syntheticContent" valueType="table"/>
			<property name="lookupSource" valueType="url"/>
			<property name="parentFields" valueType="table"/>
			<property name="aggregatedFunction" value="" valueType="string"/>
			<property name="isCountFieldFor" valueType="url"/>
			<property name="producingMap" valueType="table"/>
			<property name="displayFormat" value="" valueType="string"/>
			<property name="showSubtotal" value="false" valueType="boolean"/>
			<property name="isHidden" value="false" valueType="boolean"/>
		</object>
		<object type="DataSource:field" version="5">
			<property name="name" value="id_trprty_agnt" valueType="string"/>
			<property name="description" value="" valueType="string"/>
			<property name="id" value="3200dc95-bf52-4fcd-908b-e09a59546316" valueType="string"/>
			<property name="title" value="Tri party agent id" valueType="string"/>
			<property name="type" value="VARCHAR" valueType="string"/>
			<property name="size" value="200" valueType="integer"/>
			<property name="allowNulls" value="true" valueType="boolean"/>
			<property name="allowDefault" value="false" valueType="boolean"/>
			<property name="isAutoUniqueId" value="false" valueType="boolean"/>
			<property name="syntheticContent" valueType="table"/>
			<property name="lookupSource" valueType="url"/>
			<property name="parentFields" valueType="table"/>
			<property name="aggregatedFunction" value="" valueType="string"/>
			<property name="isCountFieldFor" valueType="url"/>
			<property name="producingMap" valueType="table"/>
			<property name="displayFormat" value="" valueType="string"/>
			<property name="showSubtotal" value="false" valueType="boolean"/>
			<property name="isHidden" value="false" valueType="boolean"/>
		</object>
		<object type="DataSource:field" version="5">
			<property name="name" value="trprty_clltrl_issr_lmt" valueType="string"/>
			<property name="description" value="" valueType="string"/>
			<property name="id" value="8b016fc5-9979-41d3-af92-f10c493c6a52" valueType="string"/>
			<property name="title" value="Tri Party Collateral Issuer Limit" valueType="string"/>
			<property name="type" value="FLOAT" valueType="string"/>
			<property name="allowNulls" value="false" valueType="boolean"/>
			<property name="allowDefault" value="false" valueType="boolean"/>
			<property name="syntheticContent" valueType="table"/>
			<property name="lookupSource" valueType="url"/>
			<property name="parentFields" valueType="table"/>
			<property name="aggregatedFunction" value="" valueType="string"/>
			<property name="isCountFieldFor" valueType="url"/>
			<property name="producingMap" valueType="table"/>
			<property name="displayFormat" value="" valueType="string"/>
			<property name="showSubtotal" value="false" valueType="boolean"/>
			<property name="isHidden" value="false" valueType="boolean"/>
		</object>
		<object type="DataSource:field" version="5">
			<property name="name" value="enm_clltrl_clss" valueType="string"/>
			<property name="description" value="" valueType="string"/>
			<property name="id" value="86736f38-272c-4908-9bfa-f3dc568eabe0" valueType="string"/>
			<property name="title" value="Collateral Class" valueType="string"/>
			<property name="type" value="VARCHAR" valueType="string"/>
			<property name="size" value="100" valueType="integer"/>
			<property name="allowNulls" value="true" valueType="boolean"/>
			<property name="allowDefault" value="false" valueType="boolean"/>
			<property name="isAutoUniqueId" value="false" valueType="boolean"/>
			<property name="syntheticContent" valueType="table"/>
			<property name="lookupSource" valueType="url"/>
			<property name="parentFields" valueType="table"/>
			<property name="aggregatedFunction" value="" valueType="string"/>
			<property name="isCountFieldFor" valueType="url"/>
			<property name="producingMap" valueType="table"/>
			<property name="displayFormat" value="" valueType="string"/>
			<property name="showSubtotal" value="false" valueType="boolean"/>
			<property name="isHidden" value="false" valueType="boolean"/>
		</object>
		<object type="DataSource:field" version="5">
			<property name="name" value="enm_use_prty_rtng_typ" valueType="string"/>
			<property name="description" value="" valueType="string"/>
			<property name="id" value="85bf8073-29e6-44bf-999c-f10d164b6019" valueType="string"/>
			<property name="title" value="Use Party Rating Indicator" valueType="string"/>
			<property name="type" value="VARCHAR" valueType="string"/>
			<property name="size" value="100" valueType="integer"/>
			<property name="allowNulls" value="true" valueType="boolean"/>
			<property name="allowDefault" value="false" valueType="boolean"/>
			<property name="isAutoUniqueId" value="false" valueType="boolean"/>
			<property name="syntheticContent" valueType="table"/>
			<property name="lookupSource" valueType="url"/>
			<property name="parentFields" valueType="table"/>
			<property name="aggregatedFunction" value="" valueType="string"/>
			<property name="isCountFieldFor" valueType="url"/>
			<property name="producingMap" valueType="table"/>
			<property name="displayFormat" value="" valueType="string"/>
			<property name="showSubtotal" value="false" valueType="boolean"/>
			<property name="isHidden" value="false" valueType="boolean"/>
		</object>
		<object type="DataSource:field" version="5">
			<property name="name" value="ovrrd_enm_instr_cqs_lt" valueType="string"/>
			<property name="description" value="" valueType="string"/>
			<property name="id" value="2bc37d3a-e6b3-44d3-a6c1-974dff7196bb" valueType="string"/>
			<property name="title" value="Override Instrument CQS LT" valueType="string"/>
			<property name="type" value="INTEGER" valueType="string"/>
			<property name="allowNulls" value="true" valueType="boolean"/>
			<property name="allowDefault" value="false" valueType="boolean"/>
			<property name="syntheticContent" valueType="table"/>
			<property name="lookupSource" valueType="url"/>
			<property name="parentFields" valueType="table"/>
			<property name="aggregatedFunction" value="" valueType="string"/>
			<property name="isCountFieldFor" valueType="url"/>
			<property name="producingMap" valueType="table"/>
			<property name="displayFormat" value="" valueType="string"/>
			<property name="showSubtotal" value="false" valueType="boolean"/>
			<property name="isHidden" value="false" valueType="boolean"/>
		</object>
		<object type="DataSource:field" version="5">
			<property name="name" value="ovrrd_enm_instr_cqs_st" valueType="string"/>
			<property name="description" value="" valueType="string"/>
			<property name="id" value="a96e461d-1577-4347-97d6-47275583bd00" valueType="string"/>
			<property name="title" value="Override Instrument CQS ST" valueType="string"/>
			<property name="type" value="INTEGER" valueType="string"/>
			<property name="allowNulls" value="true" valueType="boolean"/>
			<property name="allowDefault" value="false" valueType="boolean"/>
			<property name="syntheticContent" valueType="table"/>
			<property name="lookupSource" valueType="url"/>
			<property name="parentFields" valueType="table"/>
			<property name="aggregatedFunction" value="" valueType="string"/>
			<property name="isCountFieldFor" valueType="url"/>
			<property name="producingMap" valueType="table"/>
			<property name="displayFormat" value="" valueType="string"/>
			<property name="showSubtotal" value="false" valueType="boolean"/>
			<property name="isHidden" value="false" valueType="boolean"/>
		</object>
		<object type="DataSource:field" version="5">
			<property name="name" value="dt_strt" valueType="string"/>
			<property name="description" value="" valueType="string"/>
			<property name="id" value="7c4e4df5-ce64-47bd-812f-206fdb4eec2c" valueType="string"/>
			<property name="title" value="Start Date" valueType="string"/>
			<property name="type" value="DATE" valueType="string"/>
			<property name="allowNulls" value="true" valueType="boolean"/>
			<property name="allowDefault" value="false" valueType="boolean"/>
			<property name="syntheticContent" valueType="table"/>
			<property name="lookupSource" valueType="url"/>
			<property name="parentFields" valueType="table"/>
			<property name="aggregatedFunction" value="" valueType="string"/>
			<property name="isCountFieldFor" valueType="url"/>
			<property name="producingMap" valueType="table"/>
			<property name="displayFormat" value="" valueType="string"/>
			<property name="showSubtotal" value="false" valueType="boolean"/>
			<property name="isHidden" value="false" valueType="boolean"/>
		</object>
		<object type="DataSource:field" version="5">
			<property name="name" value="dt_mtrty" valueType="string"/>
			<property name="description" value="" valueType="string"/>
			<property name="id" value="dd487807-23f9-45f3-a47f-2f2d292d4742" valueType="string"/>
			<property name="title" value="Maturity Date" valueType="string"/>
			<property name="type" value="DATE" valueType="string"/>
			<property name="allowNulls" value="true" valueType="boolean"/>
			<property name="allowDefault" value="false" valueType="boolean"/>
			<property name="syntheticContent" valueType="table"/>
			<property name="lookupSource" valueType="url"/>
			<property name="parentFields" valueType="table"/>
			<property name="aggregatedFunction" value="" valueType="string"/>
			<property name="isCountFieldFor" valueType="url"/>
			<property name="producingMap" valueType="table"/>
			<property name="displayFormat" value="" valueType="string"/>
			<property name="showSubtotal" value="false" valueType="boolean"/>
			<property name="isHidden" value="false" valueType="boolean"/>
		</object>
		<object type="DataSource:field" version="5">
			<property name="name" value="ovrrd_rsdl_mtrty_mnths" valueType="string"/>
			<property name="description" value="" valueType="string"/>
			<property name="id" value="d56dbee2-d0ad-4e92-a6e3-377bc382b3c4" valueType="string"/>
			<property name="title" value="Override Residual Maturity (Months)" valueType="string"/>
			<property name="type" value="FLOAT" valueType="string"/>
			<property name="allowNulls" value="true" valueType="boolean"/>
			<property name="allowDefault" value="false" valueType="boolean"/>
			<property name="syntheticContent" valueType="table"/>
			<property name="lookupSource" valueType="url"/>
			<property name="parentFields" valueType="table"/>
			<property name="aggregatedFunction" value="" valueType="string"/>
			<property name="isCountFieldFor" valueType="url"/>
			<property name="producingMap" valueType="table"/>
			<property name="displayFormat" value="" valueType="string"/>
			<property name="showSubtotal" value="false" valueType="boolean"/>
			<property name="isHidden" value="false" valueType="boolean"/>
		</object>
		<object type="DataSource:field" version="5">
			<property name="name" value="ovrrd_orgnl_mtrty_mnths" valueType="string"/>
			<property name="description" value="" valueType="string"/>
			<property name="id" value="072c8fe9-0dbb-40a6-9415-f4fbd3eb6273" valueType="string"/>
			<property name="title" value="Override Original Maturity (Months)" valueType="string"/>
			<property name="type" value="FLOAT" valueType="string"/>
			<property name="allowNulls" value="true" valueType="boolean"/>
			<property name="allowDefault" value="false" valueType="boolean"/>
			<property name="syntheticContent" valueType="table"/>
			<property name="lookupSource" valueType="url"/>
			<property name="parentFields" valueType="table"/>
			<property name="aggregatedFunction" value="" valueType="string"/>
			<property name="isCountFieldFor" valueType="url"/>
			<property name="producingMap" valueType="table"/>
			<property name="displayFormat" value="" valueType="string"/>
			<property name="showSubtotal" value="false" valueType="boolean"/>
			<property name="isHidden" value="false" valueType="boolean"/>
		</object>
		<object type="DataSource:field" version="5">
			<property name="name" value="dmstc_ccy_ind" valueType="string"/>
			<property name="description" value="" valueType="string"/>
			<property name="id" value="39af8644-c8ce-48d6-9962-084977119aef" valueType="string"/>
			<property name="title" value="Domestic Currency Indicator" valueType="string"/>
			<property name="type" value="VARCHAR" valueType="string"/>
			<property name="size" value="1" valueType="integer"/>
			<property name="allowNulls" value="true" valueType="boolean"/>
			<property name="allowDefault" value="false" valueType="boolean"/>
			<property name="isAutoUniqueId" value="false" valueType="boolean"/>
			<property name="syntheticContent" valueType="table"/>
			<property name="lookupSource" valueType="url"/>
			<property name="parentFields" valueType="table"/>
			<property name="aggregatedFunction" value="" valueType="string"/>
			<property name="isCountFieldFor" valueType="url"/>
			<property name="producingMap" valueType="table"/>
			<property name="displayFormat" value="" valueType="string"/>
			<property name="showSubtotal" value="false" valueType="boolean"/>
			<property name="isHidden" value="false" valueType="boolean"/>
		</object>
		<object type="DataSource:field" version="5">
			<property name="name" value="ovrrd_sa_rw" valueType="string"/>
			<property name="description" value="" valueType="string"/>
			<property name="id" value="2aa74f3e-785b-4e3f-912e-7a4165e6d273" valueType="string"/>
			<property name="title" value="Override SA RW" valueType="string"/>
			<property name="type" value="FLOAT" valueType="string"/>
			<property name="allowNulls" value="true" valueType="boolean"/>
			<property name="allowDefault" value="false" valueType="boolean"/>
			<property name="syntheticContent" valueType="table"/>
			<property name="lookupSource" valueType="url"/>
			<property name="parentFields" valueType="table"/>
			<property name="aggregatedFunction" value="" valueType="string"/>
			<property name="isCountFieldFor" valueType="url"/>
			<property name="producingMap" valueType="table"/>
			<property name="displayFormat" value="" valueType="string"/>
			<property name="showSubtotal" value="false" valueType="boolean"/>
			<property name="isHidden" value="false" valueType="boolean"/>
		</object>
		<object type="DataSource:field" version="5">
			<property name="name" value="enm_le_main_ctgry" valueType="string"/>
			<property name="description" value="" valueType="string"/>
			<property name="id" value="5e285f63-bc8d-4417-9bc8-99057517d1fa" valueType="string"/>
			<property name="title" value="LE Main Category" valueType="string"/>
			<property name="type" value="VARCHAR" valueType="string"/>
			<property name="size" value="100" valueType="integer"/>
			<property name="allowNulls" value="true" valueType="boolean"/>
			<property name="allowDefault" value="false" valueType="boolean"/>
			<property name="isAutoUniqueId" value="false" valueType="boolean"/>
			<property name="syntheticContent" valueType="table"/>
			<property name="lookupSource" valueType="url"/>
			<property name="parentFields" valueType="table"/>
			<property name="aggregatedFunction" value="" valueType="string"/>
			<property name="isCountFieldFor" valueType="url"/>
			<property name="producingMap" valueType="table"/>
			<property name="displayFormat" value="" valueType="string"/>
			<property name="showSubtotal" value="false" valueType="boolean"/>
			<property name="isHidden" value="false" valueType="boolean"/>
		</object>
		<object type="DataSource:field" version="5">
			<property name="name" value="instr_sbrdntd_ind" valueType="string"/>
			<property name="description" value="" valueType="string"/>
			<property name="id" value="2e80839b-4edc-4ed2-bddb-68d66fe7b96a" valueType="string"/>
			<property name="title" value="Instrument Subordinated Indicator" valueType="string"/>
			<property name="type" value="VARCHAR" valueType="string"/>
			<property name="size" value="1" valueType="integer"/>
			<property name="allowNulls" value="true" valueType="boolean"/>
			<property name="allowDefault" value="false" valueType="boolean"/>
			<property name="isAutoUniqueId" value="false" valueType="boolean"/>
			<property name="syntheticContent" valueType="table"/>
			<property name="lookupSource" valueType="url"/>
			<property name="parentFields" valueType="table"/>
			<property name="aggregatedFunction" value="" valueType="string"/>
			<property name="isCountFieldFor" valueType="url"/>
			<property name="producingMap" valueType="table"/>
			<property name="displayFormat" value="" valueType="string"/>
			<property name="showSubtotal" value="false" valueType="boolean"/>
			<property name="isHidden" value="false" valueType="boolean"/>
		</object>
		<object type="DataSource:field" version="5">
			<property name="name" value="expsr_undrlyng_assts_ind" valueType="string"/>
			<property name="description" value="" valueType="string"/>
			<property name="id" value="7749fcc6-3aa6-427d-b522-26a6067b4d39" valueType="string"/>
			<property name="title" value="Exposure to Underlying Assets Indicator" valueType="string"/>
			<property name="type" value="VARCHAR" valueType="string"/>
			<property name="size" value="1" valueType="integer"/>
			<property name="allowNulls" value="true" valueType="boolean"/>
			<property name="allowDefault" value="false" valueType="boolean"/>
			<property name="isAutoUniqueId" value="false" valueType="boolean"/>
			<property name="syntheticContent" valueType="table"/>
			<property name="lookupSource" valueType="url"/>
			<property name="parentFields" valueType="table"/>
			<property name="aggregatedFunction" value="" valueType="string"/>
			<property name="isCountFieldFor" valueType="url"/>
			<property name="producingMap" valueType="table"/>
			<property name="displayFormat" value="" valueType="string"/>
			<property name="showSubtotal" value="false" valueType="boolean"/>
			<property name="isHidden" value="false" valueType="boolean"/>
		</object>
		<object type="DataSource:field" version="5">
			<property name="name" value="le_excld_ind" valueType="string"/>
			<property name="description" value="" valueType="string"/>
			<property name="id" value="a0e22980-9a92-477d-89bd-6fb8a6c919c5" valueType="string"/>
			<property name="title" value="LE Exclude Indicator" valueType="string"/>
			<property name="type" value="VARCHAR" valueType="string"/>
			<property name="size" value="1" valueType="integer"/>
			<property name="allowNulls" value="true" valueType="boolean"/>
			<property name="allowDefault" value="false" valueType="boolean"/>
			<property name="isAutoUniqueId" value="false" valueType="boolean"/>
			<property name="syntheticContent" valueType="table"/>
			<property name="lookupSource" valueType="url"/>
			<property name="parentFields" valueType="table"/>
			<property name="aggregatedFunction" value="" valueType="string"/>
			<property name="isCountFieldFor" valueType="url"/>
			<property name="producingMap" valueType="table"/>
			<property name="displayFormat" value="" valueType="string"/>
			<property name="showSubtotal" value="false" valueType="boolean"/>
			<property name="isHidden" value="false" valueType="boolean"/>
		</object>
		<object type="DataSource:field" version="5">
			<property name="name" value="enm_trdng_bnkng" valueType="string"/>
			<property name="description" value="" valueType="string"/>
			<property name="id" value="caafcef0-3ce0-4126-a2ce-9932dd5457a1" valueType="string"/>
			<property name="title" value="Trading/Banking Book" valueType="string"/>
			<property name="type" value="VARCHAR" valueType="string"/>
			<property name="size" value="1" valueType="integer"/>
			<property name="allowNulls" value="true" valueType="boolean"/>
			<property name="allowDefault" value="false" valueType="boolean"/>
			<property name="isAutoUniqueId" value="false" valueType="boolean"/>
			<property name="syntheticContent" valueType="table"/>
			<property name="lookupSource" valueType="url"/>
			<property name="parentFields" valueType="table"/>
			<property name="aggregatedFunction" value="" valueType="string"/>
			<property name="isCountFieldFor" valueType="url"/>
			<property name="producingMap" valueType="table"/>
			<property name="displayFormat" value="" valueType="string"/>
			<property name="showSubtotal" value="false" valueType="boolean"/>
			<property name="isHidden" value="false" valueType="boolean"/>
		</object>
		<object type="DataSource:field" version="5">
			<property name="name" value="le_exmpt_ind" valueType="string"/>
			<property name="description" value="" valueType="string"/>
			<property name="id" value="83e7509d-b9a9-4223-8677-e073d3a0ae07" valueType="string"/>
			<property name="title" value="LE Exempt Indicator" valueType="string"/>
			<property name="type" value="VARCHAR" valueType="string"/>
			<property name="size" value="1" valueType="integer"/>
			<property name="allowNulls" value="true" valueType="boolean"/>
			<property name="allowDefault" value="false" valueType="boolean"/>
			<property name="isAutoUniqueId" value="false" valueType="boolean"/>
			<property name="syntheticContent" valueType="table"/>
			<property name="lookupSource" valueType="url"/>
			<property name="parentFields" valueType="table"/>
			<property name="aggregatedFunction" value="" valueType="string"/>
			<property name="isCountFieldFor" valueType="url"/>
			<property name="producingMap" valueType="table"/>
			<property name="displayFormat" value="" valueType="string"/>
			<property name="showSubtotal" value="false" valueType="boolean"/>
			<property name="isHidden" value="false" valueType="boolean"/>
		</object>
		<object type="DataSource:field" version="5">
			<property name="name" value="orgnl_ccy_code" valueType="string"/>
			<property name="description" value="" valueType="string"/>
			<property name="id" value="e48e274b-e9e7-467f-beaa-a3d64f36f129" valueType="string"/>
			<property name="title" value="Original Currency Code" valueType="string"/>
			<property name="type" value="VARCHAR" valueType="string"/>
			<property name="size" value="100" valueType="integer"/>
			<property name="allowNulls" value="true" valueType="boolean"/>
			<property name="allowDefault" value="false" valueType="boolean"/>
			<property name="isAutoUniqueId" value="false" valueType="boolean"/>
			<property name="syntheticContent" valueType="table"/>
			<property name="lookupSource" valueType="url"/>
			<property name="parentFields" valueType="table"/>
			<property name="aggregatedFunction" value="" valueType="string"/>
			<property name="isCountFieldFor" valueType="url"/>
			<property name="producingMap" valueType="table"/>
			<property name="displayFormat" value="" valueType="string"/>
			<property name="showSubtotal" value="false" valueType="boolean"/>
			<property name="isHidden" value="false" valueType="boolean"/>
		</object>
		<object type="DataSource:field" version="5">
			<property name="name" value="enm_sa_rw_mthd" valueType="string"/>
			<property name="description" value="" valueType="string"/>
			<property name="id" value="c660a966-1304-45d2-8680-fd23d8c58eeb" valueType="string"/>
			<property name="title" value="SA Risk Weight Method" valueType="string"/>
			<property name="type" value="VARCHAR" valueType="string"/>
			<property name="size" value="100" valueType="integer"/>
			<property name="allowNulls" value="true" valueType="boolean"/>
			<property name="allowDefault" value="false" valueType="boolean"/>
			<property name="isAutoUniqueId" value="false" valueType="boolean"/>
			<property name="syntheticContent" valueType="table"/>
			<property name="lookupSource" valueType="url"/>
			<property name="parentFields" valueType="table"/>
			<property name="aggregatedFunction" value="" valueType="string"/>
			<property name="isCountFieldFor" valueType="url"/>
			<property name="producingMap" valueType="table"/>
			<property name="displayFormat" value="" valueType="string"/>
			<property name="showSubtotal" value="false" valueType="boolean"/>
			<property name="isHidden" value="false" valueType="boolean"/>
		</object>
		<object type="DataSource:field" version="5">
			<property name="name" value="ovrrd_enm_cqs_sbgrp_lt" valueType="string"/>
			<property name="description" value="" valueType="string"/>
			<property name="id" value="8e77df1c-88cd-4dcb-a83b-2753be61339e" valueType="string"/>
			<property name="title" value="CQS Subgroup LT" valueType="string"/>
			<property name="type" value="INTEGER" valueType="string"/>
			<property name="allowNulls" value="true" valueType="boolean"/>
			<property name="allowDefault" value="false" valueType="boolean"/>
			<property name="syntheticContent" valueType="table"/>
			<property name="lookupSource" valueType="url"/>
			<property name="parentFields" valueType="table"/>
			<property name="aggregatedFunction" value="" valueType="string"/>
			<property name="isCountFieldFor" valueType="url"/>
			<property name="producingMap" valueType="table"/>
			<property name="displayFormat" value="" valueType="string"/>
			<property name="showSubtotal" value="false" valueType="boolean"/>
			<property name="isHidden" value="false" valueType="boolean"/>
		</object>
		<object type="DataSource:field" version="5">
			<property name="name" value="ovrrd_enm_cqs_sbgrp_st" valueType="string"/>
			<property name="description" value="" valueType="string"/>
			<property name="id" value="f92ba6de-8b25-405e-be3d-69e94bde4704" valueType="string"/>
			<property name="title" value="CQS Subgroup ST" valueType="string"/>
			<property name="type" value="INTEGER" valueType="string"/>
			<property name="allowNulls" value="true" valueType="boolean"/>
			<property name="allowDefault" value="false" valueType="boolean"/>
			<property name="syntheticContent" valueType="table"/>
			<property name="lookupSource" valueType="url"/>
			<property name="parentFields" valueType="table"/>
			<property name="aggregatedFunction" value="" valueType="string"/>
			<property name="isCountFieldFor" valueType="url"/>
			<property name="producingMap" valueType="table"/>
			<property name="displayFormat" value="" valueType="string"/>
			<property name="showSubtotal" value="false" valueType="boolean"/>
			<property name="isHidden" value="false" valueType="boolean"/>
		</object>
		<object type="DataSource:field" version="5">
			<property name="name" value="sts_ind" valueType="string"/>
			<property name="description" value="" valueType="string"/>
			<property name="id" value="a477fae4-4c8e-48a4-a732-6473796af1bf" valueType="string"/>
			<property name="title" value="STS Indicator" valueType="string"/>
			<property name="type" value="VARCHAR" valueType="string"/>
			<property name="size" value="1" valueType="integer"/>
			<property name="allowNulls" value="true" valueType="boolean"/>
			<property name="allowDefault" value="false" valueType="boolean"/>
			<property name="isAutoUniqueId" value="false" valueType="boolean"/>
			<property name="syntheticContent" valueType="table"/>
			<property name="lookupSource" valueType="url"/>
			<property name="parentFields" valueType="table"/>
			<property name="aggregatedFunction" value="" valueType="string"/>
			<property name="isCountFieldFor" valueType="url"/>
			<property name="producingMap" valueType="table"/>
			<property name="displayFormat" value="" valueType="string"/>
			<property name="showSubtotal" value="false" valueType="boolean"/>
			<property name="isHidden" value="false" valueType="boolean"/>
		</object>
		<object type="DataSource:field" version="5">
			<property name="name" value="scrtstn_ksa" valueType="string"/>
			<property name="description" value="" valueType="string"/>
			<property name="id" value="4fe1ac96-3ce9-4a41-9b99-b58bc388bed0" valueType="string"/>
			<property name="title" value="KSA - Capital Charge of Underlying Pool" valueType="string"/>
			<property name="type" value="FLOAT" valueType="string"/>
			<property name="allowNulls" value="true" valueType="boolean"/>
			<property name="allowDefault" value="false" valueType="boolean"/>
			<property name="syntheticContent" valueType="table"/>
			<property name="lookupSource" valueType="url"/>
			<property name="parentFields" valueType="table"/>
			<property name="aggregatedFunction" value="" valueType="string"/>
			<property name="isCountFieldFor" valueType="url"/>
			<property name="producingMap" valueType="table"/>
			<property name="displayFormat" value="" valueType="string"/>
			<property name="showSubtotal" value="false" valueType="boolean"/>
			<property name="isHidden" value="false" valueType="boolean"/>
		</object>
		<object type="DataSource:field" version="5">
			<property name="name" value="dlnqncy_w" valueType="string"/>
			<property name="description" value="" valueType="string"/>
			<property name="id" value="2f90c4c0-0564-47df-898f-c6c023243a20" valueType="string"/>
			<property name="title" value="W Factor - % Underlying Exposures in Delinquency" valueType="string"/>
			<property name="type" value="FLOAT" valueType="string"/>
			<property name="allowNulls" value="true" valueType="boolean"/>
			<property name="allowDefault" value="false" valueType="boolean"/>
			<property name="syntheticContent" valueType="table"/>
			<property name="lookupSource" valueType="url"/>
			<property name="parentFields" valueType="table"/>
			<property name="aggregatedFunction" value="" valueType="string"/>
			<property name="isCountFieldFor" valueType="url"/>
			<property name="producingMap" valueType="table"/>
			<property name="displayFormat" value="" valueType="string"/>
			<property name="showSubtotal" value="false" valueType="boolean"/>
			<property name="isHidden" value="false" valueType="boolean"/>
		</object>
		<object type="DataSource:field" version="5">
			<property name="name" value="enm_dlnqncy_unkwn_prcnt" valueType="string"/>
			<property name="description" value="" valueType="string"/>
			<property name="id" value="de6db7b8-e193-4c14-99a6-2cf05388d4f6" valueType="string"/>
			<property name="title" value="% Underlying Exposures with Unknown Delinquency Status" valueType="string"/>
			<property name="type" value="VARCHAR" valueType="string"/>
			<property name="size" value="100" valueType="integer"/>
			<property name="allowNulls" value="true" valueType="boolean"/>
			<property name="allowDefault" value="false" valueType="boolean"/>
			<property name="isAutoUniqueId" value="false" valueType="boolean"/>
			<property name="syntheticContent" valueType="table"/>
			<property name="lookupSource" valueType="url"/>
			<property name="parentFields" valueType="table"/>
			<property name="aggregatedFunction" value="" valueType="string"/>
			<property name="isCountFieldFor" valueType="url"/>
			<property name="producingMap" valueType="table"/>
			<property name="displayFormat" value="" valueType="string"/>
			<property name="showSubtotal" value="false" valueType="boolean"/>
			<property name="isHidden" value="false" valueType="boolean"/>
		</object>
		<object type="DataSource:field" version="5">
			<property name="name" value="ovrrd_ka" valueType="string"/>
			<property name="description" value="" valueType="string"/>
			<property name="id" value="e79c9b54-d83b-4b67-9ac0-b517c01cbf15" valueType="string"/>
			<property name="title" value="KA - Override Value for KA" valueType="string"/>
			<property name="type" value="FLOAT" valueType="string"/>
			<property name="allowNulls" value="true" valueType="boolean"/>
			<property name="allowDefault" value="false" valueType="boolean"/>
			<property name="syntheticContent" valueType="table"/>
			<property name="lookupSource" valueType="url"/>
			<property name="parentFields" valueType="table"/>
			<property name="aggregatedFunction" value="" valueType="string"/>
			<property name="isCountFieldFor" valueType="url"/>
			<property name="producingMap" valueType="table"/>
			<property name="displayFormat" value="" valueType="string"/>
			<property name="showSubtotal" value="false" valueType="boolean"/>
			<property name="isHidden" value="false" valueType="boolean"/>
		</object>
		<object type="DataSource:field" version="5">
			<property name="name" value="enm_scrtstn_rscrtstn" valueType="string"/>
			<property name="description" value="" valueType="string"/>
			<property name="id" value="7f0586f0-a808-47bc-9c4b-23cb281f92d8" valueType="string"/>
			<property name="title" value="Securitisation/Resecuritisation" valueType="string"/>
			<property name="type" value="VARCHAR" valueType="string"/>
			<property name="size" value="100" valueType="integer"/>
			<property name="allowNulls" value="true" valueType="boolean"/>
			<property name="allowDefault" value="false" valueType="boolean"/>
			<property name="isAutoUniqueId" value="false" valueType="boolean"/>
			<property name="syntheticContent" valueType="table"/>
			<property name="lookupSource" valueType="url"/>
			<property name="parentFields" valueType="table"/>
			<property name="aggregatedFunction" value="" valueType="string"/>
			<property name="isCountFieldFor" valueType="url"/>
			<property name="producingMap" valueType="table"/>
			<property name="displayFormat" value="" valueType="string"/>
			<property name="showSubtotal" value="false" valueType="boolean"/>
			<property name="isHidden" value="false" valueType="boolean"/>
		</object>
		<object type="DataSource:field" version="5">
			<property name="name" value="enm_role_scrtstn_prcss" valueType="string"/>
			<property name="description" value="" valueType="string"/>
			<property name="id" value="14aff6b6-eeeb-46c9-9a65-c1a3e4e53c5d" valueType="string"/>
			<property name="title" value="Role in Securitisation Process" valueType="string"/>
			<property name="type" value="VARCHAR" valueType="string"/>
			<property name="size" value="100" valueType="integer"/>
			<property name="allowNulls" value="true" valueType="boolean"/>
			<property name="allowDefault" value="false" valueType="boolean"/>
			<property name="isAutoUniqueId" value="false" valueType="boolean"/>
			<property name="syntheticContent" valueType="table"/>
			<property name="lookupSource" valueType="url"/>
			<property name="parentFields" valueType="table"/>
			<property name="aggregatedFunction" value="" valueType="string"/>
			<property name="isCountFieldFor" valueType="url"/>
			<property name="producingMap" valueType="table"/>
			<property name="displayFormat" value="" valueType="string"/>
			<property name="showSubtotal" value="false" valueType="boolean"/>
			<property name="isHidden" value="false" valueType="boolean"/>
		</object>
		<object type="DataSource:field" version="5">
			<property name="name" value="id_scrtstn" valueType="string"/>
			<property name="description" value="" valueType="string"/>
			<property name="id" value="dd0ba01e-babf-4ac7-a4c5-095c02769ac3" valueType="string"/>
			<property name="title" value="Securitisation ID" valueType="string"/>
			<property name="type" value="VARCHAR" valueType="string"/>
			<property name="size" value="100" valueType="integer"/>
			<property name="allowNulls" value="true" valueType="boolean"/>
			<property name="allowDefault" value="false" valueType="boolean"/>
			<property name="isAutoUniqueId" value="false" valueType="boolean"/>
			<property name="syntheticContent" valueType="table"/>
			<property name="lookupSource" valueType="url"/>
			<property name="parentFields" valueType="table"/>
			<property name="aggregatedFunction" value="" valueType="string"/>
			<property name="isCountFieldFor" valueType="url"/>
			<property name="producingMap" valueType="table"/>
			<property name="displayFormat" value="" valueType="string"/>
			<property name="showSubtotal" value="false" valueType="boolean"/>
			<property name="isHidden" value="false" valueType="boolean"/>
		</object>
		<object type="DataSource:field" version="5">
			<property name="name" value="addtnl_sa_rw" valueType="string"/>
			<property name="description" value="" valueType="string"/>
			<property name="id" value="005af099-191b-43a5-b0e4-37589234ead5" valueType="string"/>
			<property name="title" value="Additional SA RW" valueType="string"/>
			<property name="type" value="FLOAT" valueType="string"/>
			<property name="allowNulls" value="true" valueType="boolean"/>
			<property name="allowDefault" value="false" valueType="boolean"/>
			<property name="syntheticContent" valueType="table"/>
			<property name="lookupSource" valueType="url"/>
			<property name="parentFields" valueType="table"/>
			<property name="aggregatedFunction" value="" valueType="string"/>
			<property name="isCountFieldFor" valueType="url"/>
			<property name="producingMap" valueType="table"/>
			<property name="displayFormat" value="" valueType="string"/>
			<property name="showSubtotal" value="false" valueType="boolean"/>
			<property name="isHidden" value="false" valueType="boolean"/>
		</object>
		<object type="DataSource:field" version="5">
			<property name="name" value="attchmnt_pnt" valueType="string"/>
			<property name="description" value="" valueType="string"/>
			<property name="id" value="7516e266-6dac-4e06-b0cd-b26c9f61d8d8" valueType="string"/>
			<property name="title" value="Attachment Point" valueType="string"/>
			<property name="type" value="FLOAT" valueType="string"/>
			<property name="allowNulls" value="true" valueType="boolean"/>
			<property name="allowDefault" value="false" valueType="boolean"/>
			<property name="syntheticContent" valueType="table"/>
			<property name="lookupSource" valueType="url"/>
			<property name="parentFields" valueType="table"/>
			<property name="aggregatedFunction" value="" valueType="string"/>
			<property name="isCountFieldFor" valueType="url"/>
			<property name="producingMap" valueType="table"/>
			<property name="displayFormat" value="" valueType="string"/>
			<property name="showSubtotal" value="false" valueType="boolean"/>
			<property name="isHidden" value="false" valueType="boolean"/>
		</object>
		<object type="DataSource:field" version="5">
			<property name="name" value="dtchmnt_pnt" valueType="string"/>
			<property name="description" value="" valueType="string"/>
			<property name="id" value="ae1bad64-9d24-4b7d-b077-62cd69e4151b" valueType="string"/>
			<property name="title" value="Detachment Point" valueType="string"/>
			<property name="type" value="FLOAT" valueType="string"/>
			<property name="allowNulls" value="true" valueType="boolean"/>
			<property name="allowDefault" value="false" valueType="boolean"/>
			<property name="syntheticContent" valueType="table"/>
			<property name="lookupSource" valueType="url"/>
			<property name="parentFields" valueType="table"/>
			<property name="aggregatedFunction" value="" valueType="string"/>
			<property name="isCountFieldFor" valueType="url"/>
			<property name="producingMap" valueType="table"/>
			<property name="displayFormat" value="" valueType="string"/>
			<property name="showSubtotal" value="false" valueType="boolean"/>
			<property name="isHidden" value="false" valueType="boolean"/>
		</object>
		<object type="DataSource:field" version="5">
			<property name="name" value="enm_mtrty_mthd" valueType="string"/>
			<property name="description" value="" valueType="string"/>
			<property name="id" value="e0d8c957-45e4-460b-b093-8d3244e1aa9a" valueType="string"/>
			<property name="title" value="Maturity Method" valueType="string"/>
			<property name="type" value="VARCHAR" valueType="string"/>
			<property name="size" value="100" valueType="integer"/>
			<property name="allowNulls" value="true" valueType="boolean"/>
			<property name="allowDefault" value="false" valueType="boolean"/>
			<property name="isAutoUniqueId" value="false" valueType="boolean"/>
			<property name="syntheticContent" valueType="table"/>
			<property name="lookupSource" valueType="url"/>
			<property name="parentFields" valueType="table"/>
			<property name="aggregatedFunction" value="" valueType="string"/>
			<property name="isCountFieldFor" valueType="url"/>
			<property name="producingMap" valueType="table"/>
			<property name="displayFormat" value="" valueType="string"/>
			<property name="showSubtotal" value="false" valueType="boolean"/>
			<property name="isHidden" value="false" valueType="boolean"/>
		</object>
		<object type="DataSource:field" version="5">
			<property name="name" value="trnch_avg_mtrty" valueType="string"/>
			<property name="description" value="" valueType="string"/>
			<property name="id" value="0ea46bcc-1cbc-4a80-8bfe-874614309038" valueType="string"/>
			<property name="title" value="Tranche Average Maturity" valueType="string"/>
			<property name="type" value="FLOAT" valueType="string"/>
			<property name="allowNulls" value="true" valueType="boolean"/>
			<property name="allowDefault" value="false" valueType="boolean"/>
			<property name="syntheticContent" valueType="table"/>
			<property name="lookupSource" valueType="url"/>
			<property name="parentFields" valueType="table"/>
			<property name="aggregatedFunction" value="" valueType="string"/>
			<property name="isCountFieldFor" valueType="url"/>
			<property name="producingMap" valueType="table"/>
			<property name="displayFormat" value="" valueType="string"/>
			<property name="showSubtotal" value="false" valueType="boolean"/>
			<property name="isHidden" value="false" valueType="boolean"/>
		</object>
		<object type="DataSource:field" version="5">
			<property name="name" value="dt_trnch_mtrty" valueType="string"/>
			<property name="description" value="" valueType="string"/>
			<property name="id" value="42058680-5c68-4379-b1f4-d907c3a3f2b1" valueType="string"/>
			<property name="title" value="Tranche Maturity Date" valueType="string"/>
			<property name="type" value="DATE" valueType="string"/>
			<property name="allowNulls" value="true" valueType="boolean"/>
			<property name="allowDefault" value="false" valueType="boolean"/>
			<property name="syntheticContent" valueType="table"/>
			<property name="lookupSource" valueType="url"/>
			<property name="parentFields" valueType="table"/>
			<property name="aggregatedFunction" value="" valueType="string"/>
			<property name="isCountFieldFor" valueType="url"/>
			<property name="producingMap" valueType="table"/>
			<property name="displayFormat" value="" valueType="string"/>
			<property name="showSubtotal" value="false" valueType="boolean"/>
			<property name="isHidden" value="false" valueType="boolean"/>
		</object>
		<object type="DataSource:field" version="5">
			<property name="name" value="enm_trnch_snrty" valueType="string"/>
			<property name="description" value="" valueType="string"/>
			<property name="id" value="7c231d9f-4284-42e6-88a2-39ee9644d863" valueType="string"/>
			<property name="title" value="Tranche Seniority" valueType="string"/>
			<property name="type" value="VARCHAR" valueType="string"/>
			<property name="size" value="100" valueType="integer"/>
			<property name="allowNulls" value="true" valueType="boolean"/>
			<property name="allowDefault" value="false" valueType="boolean"/>
			<property name="isAutoUniqueId" value="false" valueType="boolean"/>
			<property name="syntheticContent" valueType="table"/>
			<property name="lookupSource" valueType="url"/>
			<property name="parentFields" valueType="table"/>
			<property name="aggregatedFunction" value="" valueType="string"/>
			<property name="isCountFieldFor" valueType="url"/>
			<property name="producingMap" valueType="table"/>
			<property name="displayFormat" value="" valueType="string"/>
			<property name="showSubtotal" value="false" valueType="boolean"/>
			<property name="isHidden" value="false" valueType="boolean"/>
		</object>
		<object type="DataSource:field" version="5">
			<property name="name" value="enm_scrtstn_typ" valueType="string"/>
			<property name="description" value="" valueType="string"/>
			<property name="id" value="270670a7-38e7-4c50-a2a7-61fd3c435992" valueType="string"/>
			<property name="title" value="Securitisation Type" valueType="string"/>
			<property name="type" value="VARCHAR" valueType="string"/>
			<property name="size" value="100" valueType="integer"/>
			<property name="allowNulls" value="true" valueType="boolean"/>
			<property name="allowDefault" value="false" valueType="boolean"/>
			<property name="isAutoUniqueId" value="false" valueType="boolean"/>
			<property name="syntheticContent" valueType="table"/>
			<property name="lookupSource" valueType="url"/>
			<property name="parentFields" valueType="table"/>
			<property name="aggregatedFunction" value="" valueType="string"/>
			<property name="isCountFieldFor" valueType="url"/>
			<property name="producingMap" valueType="table"/>
			<property name="displayFormat" value="" valueType="string"/>
			<property name="showSubtotal" value="false" valueType="boolean"/>
			<property name="isHidden" value="false" valueType="boolean"/>
		</object>
		<object type="DataSource:field" version="5">
			<property name="name" value="enm_qlfyng_dffrnttd_cptl" valueType="string"/>
			<property name="description" value="" valueType="string"/>
			<property name="id" value="41ee21ab-8457-4352-bd73-5b99749616c7" valueType="string"/>
			<property name="title" value="Qualifying for Differentiated Capital Treatment" valueType="string"/>
			<property name="type" value="VARCHAR" valueType="string"/>
			<property name="size" value="100" valueType="integer"/>
			<property name="allowNulls" value="true" valueType="boolean"/>
			<property name="allowDefault" value="false" valueType="boolean"/>
			<property name="isAutoUniqueId" value="false" valueType="boolean"/>
			<property name="syntheticContent" valueType="table"/>
			<property name="lookupSource" valueType="url"/>
			<property name="parentFields" valueType="table"/>
			<property name="aggregatedFunction" value="" valueType="string"/>
			<property name="isCountFieldFor" valueType="url"/>
			<property name="producingMap" valueType="table"/>
			<property name="displayFormat" value="" valueType="string"/>
			<property name="showSubtotal" value="false" valueType="boolean"/>
			<property name="isHidden" value="false" valueType="boolean"/>
		</object>
		<object type="DataSource:field" version="5">
			<property name="name" value="sgnfcnt_rsk_trnsfr_ind" valueType="string"/>
			<property name="description" value="" valueType="string"/>
			<property name="id" value="7060ca18-4720-4255-b10c-453c2fa6571d" valueType="string"/>
			<property name="title" value="Significant Risk Transfer Indicator" valueType="string"/>
			<property name="type" value="VARCHAR" valueType="string"/>
			<property name="size" value="1" valueType="integer"/>
			<property name="allowNulls" value="true" valueType="boolean"/>
			<property name="allowDefault" value="false" valueType="boolean"/>
			<property name="isAutoUniqueId" value="false" valueType="boolean"/>
			<property name="syntheticContent" valueType="table"/>
			<property name="lookupSource" valueType="url"/>
			<property name="parentFields" valueType="table"/>
			<property name="aggregatedFunction" value="" valueType="string"/>
			<property name="isCountFieldFor" valueType="url"/>
			<property name="producingMap" valueType="table"/>
			<property name="displayFormat" value="" valueType="string"/>
			<property name="showSubtotal" value="false" valueType="boolean"/>
			<property name="isHidden" value="false" valueType="boolean"/>
		</object>
		<object type="DataSource:field" version="5">
			<property name="name" value="wghtd_avg_undrlyng_rw" valueType="string"/>
			<property name="description" value="" valueType="string"/>
			<property name="id" value="a5cbeeef-f4bd-43f6-b5ce-8c5930cf6d86" valueType="string"/>
			<property name="title" value="Weighted Average Underlying Risk Weight" valueType="string"/>
			<property name="type" value="FLOAT" valueType="string"/>
			<property name="allowNulls" value="true" valueType="boolean"/>
			<property name="allowDefault" value="false" valueType="boolean"/>
			<property name="syntheticContent" valueType="table"/>
			<property name="lookupSource" valueType="url"/>
			<property name="parentFields" valueType="table"/>
			<property name="aggregatedFunction" value="" valueType="string"/>
			<property name="isCountFieldFor" valueType="url"/>
			<property name="producingMap" valueType="table"/>
			<property name="displayFormat" value="" valueType="string"/>
			<property name="showSubtotal" value="false" valueType="boolean"/>
			<property name="isHidden" value="false" valueType="boolean"/>
		</object>
		<object type="DataSource:field" version="5">
			<property name="name" value="enm_npe_scrtstn_typ" valueType="string"/>
			<property name="description" value="" valueType="string"/>
			<property name="id" value="e301a0f0-1d2e-4d56-a52b-9acfda862962" valueType="string"/>
			<property name="title" value="NPE Securitisation Type" valueType="string"/>
			<property name="type" value="VARCHAR" valueType="string"/>
			<property name="size" value="20" valueType="integer"/>
			<property name="allowNulls" value="true" valueType="boolean"/>
			<property name="allowDefault" value="false" valueType="boolean"/>
			<property name="isAutoUniqueId" value="false" valueType="boolean"/>
			<property name="syntheticContent" valueType="table"/>
			<property name="lookupSource" valueType="url"/>
			<property name="parentFields" valueType="table"/>
			<property name="aggregatedFunction" value="" valueType="string"/>
			<property name="isCountFieldFor" valueType="url"/>
			<property name="producingMap" valueType="table"/>
			<property name="displayFormat" value="" valueType="string"/>
			<property name="showSubtotal" value="false" valueType="boolean"/>
			<property name="isHidden" value="false" valueType="boolean"/>
		</object>
		<object type="DataSource:field" version="5">
			<property name="name" value="instrmnt_chrctstcs_eqts_ind" valueType="string"/>
			<property name="description" value="" valueType="string"/>
			<property name="id" value="d6e2d5ba-c081-4d75-a544-18f6699ae58d" valueType="string"/>
			<property name="title" value="Instruments With The Characteristics Of Equities Indicator" valueType="string"/>
			<property name="type" value="VARCHAR" valueType="string"/>
			<property name="size" value="1" valueType="integer"/>
			<property name="allowNulls" value="true" valueType="boolean"/>
			<property name="allowDefault" value="false" valueType="boolean"/>
			<property name="isAutoUniqueId" value="false" valueType="boolean"/>
			<property name="syntheticContent" valueType="table"/>
			<property name="lookupSource" valueType="url"/>
			<property name="parentFields" valueType="table"/>
			<property name="aggregatedFunction" value="" valueType="string"/>
			<property name="isCountFieldFor" valueType="url"/>
			<property name="producingMap" valueType="table"/>
			<property name="displayFormat" value="" valueType="string"/>
			<property name="showSubtotal" value="false" valueType="boolean"/>
			<property name="isHidden" value="false" valueType="boolean"/>
		</object>
		<object type="DataSource:field" version="5">
			<property name="name" value="spcltv_invstmnt_ind" valueType="string"/>
			<property name="description" value="" valueType="string"/>
			<property name="id" value="acd513a2-00ef-461e-af2c-80427393d5ef" valueType="string"/>
			<property name="title" value="Speculative Investment Indicator" valueType="string"/>
			<property name="type" value="VARCHAR" valueType="string"/>
			<property name="size" value="1" valueType="integer"/>
			<property name="allowNulls" value="true" valueType="boolean"/>
			<property name="allowDefault" value="false" valueType="boolean"/>
			<property name="isAutoUniqueId" value="false" valueType="boolean"/>
			<property name="syntheticContent" valueType="table"/>
			<property name="lookupSource" valueType="url"/>
			<property name="parentFields" valueType="table"/>
			<property name="aggregatedFunction" value="" valueType="string"/>
			<property name="isCountFieldFor" valueType="url"/>
			<property name="producingMap" valueType="table"/>
			<property name="displayFormat" value="" valueType="string"/>
			<property name="showSubtotal" value="false" valueType="boolean"/>
			<property name="isHidden" value="false" valueType="boolean"/>
		</object>
		<object type="DataSource:field" version="5">
			<property name="name" value="vntr_cptl_invstmnt_ind" valueType="string"/>
			<property name="description" value="" valueType="string"/>
			<property name="id" value="1bc76c82-797f-4120-a14d-033be34d119b" valueType="string"/>
			<property name="title" value="Venture Capital Investment Indicator" valueType="string"/>
			<property name="type" value="VARCHAR" valueType="string"/>
			<property name="size" value="1" valueType="integer"/>
			<property name="allowNulls" value="true" valueType="boolean"/>
			<property name="allowDefault" value="false" valueType="boolean"/>
			<property name="isAutoUniqueId" value="false" valueType="boolean"/>
			<property name="syntheticContent" valueType="table"/>
			<property name="lookupSource" valueType="url"/>
			<property name="parentFields" valueType="table"/>
			<property name="aggregatedFunction" value="" valueType="string"/>
			<property name="isCountFieldFor" valueType="url"/>
			<property name="producingMap" valueType="table"/>
			<property name="displayFormat" value="" valueType="string"/>
			<property name="showSubtotal" value="false" valueType="boolean"/>
			<property name="isHidden" value="false" valueType="boolean"/>
		</object>
		<object type="DataSource:field" version="5">
			<property name="name" value="lgsltv_prgrmm_ind" valueType="string"/>
			<property name="description" value="" valueType="string"/>
			<property name="id" value="b13c90c2-4a23-4669-bf52-a7a7eeed8bc1" valueType="string"/>
			<property name="title" value="Legislative Programme Indicator" valueType="string"/>
			<property name="type" value="VARCHAR" valueType="string"/>
			<property name="size" value="1" valueType="integer"/>
			<property name="allowNulls" value="true" valueType="boolean"/>
			<property name="allowDefault" value="false" valueType="boolean"/>
			<property name="isAutoUniqueId" value="false" valueType="boolean"/>
			<property name="syntheticContent" valueType="table"/>
			<property name="lookupSource" valueType="url"/>
			<property name="parentFields" valueType="table"/>
			<property name="aggregatedFunction" value="" valueType="string"/>
			<property name="isCountFieldFor" valueType="url"/>
			<property name="producingMap" valueType="table"/>
			<property name="displayFormat" value="" valueType="string"/>
			<property name="showSubtotal" value="false" valueType="boolean"/>
			<property name="isHidden" value="false" valueType="boolean"/>
		</object>
		<object type="DataSource:field" version="5">
			<property name="name" value="dbt_rstrctr_hldng_ind" valueType="string"/>
			<property name="description" value="" valueType="string"/>
			<property name="id" value="620e61c1-9e55-4422-9695-1e7f5427175a" valueType="string"/>
			<property name="title" value="Debt Restructure Holding Indicator" valueType="string"/>
			<property name="type" value="VARCHAR" valueType="string"/>
			<property name="size" value="1" valueType="integer"/>
			<property name="allowNulls" value="true" valueType="boolean"/>
			<property name="allowDefault" value="false" valueType="boolean"/>
			<property name="isAutoUniqueId" value="false" valueType="boolean"/>
			<property name="syntheticContent" valueType="table"/>
			<property name="lookupSource" valueType="url"/>
			<property name="parentFields" valueType="table"/>
			<property name="aggregatedFunction" value="" valueType="string"/>
			<property name="isCountFieldFor" valueType="url"/>
			<property name="producingMap" valueType="table"/>
			<property name="displayFormat" value="" valueType="string"/>
			<property name="showSubtotal" value="false" valueType="boolean"/>
			<property name="isHidden" value="false" valueType="boolean"/>
		</object>
		<object type="DataSource:field" version="5">
			<property name="name" value="enm_uk_corp_unrtd_grd" valueType="string"/>
			<property name="description" value="" valueType="string"/>
			<property name="id" value="d0ac2375-f5ed-4f51-bbd8-2386367b7142" valueType="string"/>
			<property name="title" value="UK Corporate Unrated Grade" valueType="string"/>
			<property name="type" value="VARCHAR" valueType="string"/>
			<property name="size" value="20" valueType="integer"/>
			<property name="allowNulls" value="true" valueType="boolean"/>
			<property name="allowDefault" value="false" valueType="boolean"/>
			<property name="isAutoUniqueId" value="false" valueType="boolean"/>
			<property name="syntheticContent" valueType="table"/>
			<property name="lookupSource" valueType="url"/>
			<property name="parentFields" valueType="table"/>
			<property name="aggregatedFunction" value="" valueType="string"/>
			<property name="isCountFieldFor" valueType="url"/>
			<property name="producingMap" valueType="table"/>
			<property name="displayFormat" value="" valueType="string"/>
			<property name="showSubtotal" value="false" valueType="boolean"/>
			<property name="isHidden" value="false" valueType="boolean"/>
		</object>
		<object type="DataSource:field" version="5">
			<property name="name" value="trnstnl_prvsn_lgcy_eqty_rw_ind" valueType="string"/>
			<property name="description" value="" valueType="string"/>
			<property name="id" value="e73f8ba8-5f8c-40c7-b354-ea66f90ce041" valueType="string"/>
			<property name="title" value="Transitional Provision Legacy Equity Risk Weights Indicator" valueType="string"/>
			<property name="type" value="VARCHAR" valueType="string"/>
			<property name="size" value="1" valueType="integer"/>
			<property name="allowNulls" value="true" valueType="boolean"/>
			<property name="allowDefault" value="false" valueType="boolean"/>
			<property name="isAutoUniqueId" value="false" valueType="boolean"/>
			<property name="syntheticContent" valueType="table"/>
			<property name="lookupSource" valueType="url"/>
			<property name="parentFields" valueType="table"/>
			<property name="aggregatedFunction" value="" valueType="string"/>
			<property name="isCountFieldFor" valueType="url"/>
			<property name="producingMap" valueType="table"/>
			<property name="displayFormat" value="" valueType="string"/>
			<property name="showSubtotal" value="false" valueType="boolean"/>
			<property name="isHidden" value="false" valueType="boolean"/>
		</object>
		<object type="DataSource:field" version="5">
			<property name="name" value="lgcy_eqty_rw" valueType="string"/>
			<property name="description" value="" valueType="string"/>
			<property name="id" value="3de1d306-d078-4aca-9771-0e0a46ff52d9" valueType="string"/>
			<property name="title" value="Legacy Equity Risk Weight" valueType="string"/>
			<property name="type" value="FLOAT" valueType="string"/>
			<property name="allowNulls" value="true" valueType="boolean"/>
			<property name="allowDefault" value="false" valueType="boolean"/>
			<property name="syntheticContent" valueType="table"/>
			<property name="lookupSource" valueType="url"/>
			<property name="parentFields" valueType="table"/>
			<property name="aggregatedFunction" value="" valueType="string"/>
			<property name="isCountFieldFor" valueType="url"/>
			<property name="producingMap" valueType="table"/>
			<property name="displayFormat" value="" valueType="string"/>
			<property name="showSubtotal" value="false" valueType="boolean"/>
			<property name="isHidden" value="false" valueType="boolean"/>
		</object>
		<object type="DataSource:field" version="5">
			<property name="name" value="lmt_cstm_1" valueType="string"/>
			<property name="description" value="" valueType="string"/>
			<property name="id" value="80397aaf-aab8-4880-8313-ce9a3ba78192" valueType="string"/>
			<property name="title" value="Limit Custom 1" valueType="string"/>
			<property name="type" value="VARCHAR" valueType="string"/>
			<property name="size" value="250" valueType="integer"/>
			<property name="allowNulls" value="true" valueType="boolean"/>
			<property name="allowDefault" value="false" valueType="boolean"/>
			<property name="isAutoUniqueId" value="false" valueType="boolean"/>
			<property name="syntheticContent" valueType="table"/>
			<property name="lookupSource" valueType="url"/>
			<property name="parentFields" valueType="table"/>
			<property name="aggregatedFunction" value="" valueType="string"/>
			<property name="isCountFieldFor" valueType="url"/>
			<property name="producingMap" valueType="table"/>
			<property name="displayFormat" value="" valueType="string"/>
			<property name="showSubtotal" value="false" valueType="boolean"/>
			<property name="isHidden" value="false" valueType="boolean"/>
		</object>
		<object type="DataSource:field" version="5">
			<property name="name" value="lmt_cstm_2" valueType="string"/>
			<property name="description" value="" valueType="string"/>
			<property name="id" value="193991b0-705b-4c2f-914a-d9c4523f5691" valueType="string"/>
			<property name="title" value="Limit Custom 2" valueType="string"/>
			<property name="type" value="VARCHAR" valueType="string"/>
			<property name="size" value="250" valueType="integer"/>
			<property name="allowNulls" value="true" valueType="boolean"/>
			<property name="allowDefault" value="false" valueType="boolean"/>
			<property name="isAutoUniqueId" value="false" valueType="boolean"/>
			<property name="syntheticContent" valueType="table"/>
			<property name="lookupSource" valueType="url"/>
			<property name="parentFields" valueType="table"/>
			<property name="aggregatedFunction" value="" valueType="string"/>
			<property name="isCountFieldFor" valueType="url"/>
			<property name="producingMap" valueType="table"/>
			<property name="displayFormat" value="" valueType="string"/>
			<property name="showSubtotal" value="false" valueType="boolean"/>
			<property name="isHidden" value="false" valueType="boolean"/>
		</object>
		<object type="DataSource:field" version="5">
			<property name="name" value="lmt_cstm_3" valueType="string"/>
			<property name="description" value="" valueType="string"/>
			<property name="id" value="9ea23641-3761-4df8-bbc9-4f3e821eb79d" valueType="string"/>
			<property name="title" value="Limit Custom 3" valueType="string"/>
			<property name="type" value="VARCHAR" valueType="string"/>
			<property name="size" value="250" valueType="integer"/>
			<property name="allowNulls" value="true" valueType="boolean"/>
			<property name="allowDefault" value="false" valueType="boolean"/>
			<property name="isAutoUniqueId" value="false" valueType="boolean"/>
			<property name="syntheticContent" valueType="table"/>
			<property name="lookupSource" valueType="url"/>
			<property name="parentFields" valueType="table"/>
			<property name="aggregatedFunction" value="" valueType="string"/>
			<property name="isCountFieldFor" valueType="url"/>
			<property name="producingMap" valueType="table"/>
			<property name="displayFormat" value="" valueType="string"/>
			<property name="showSubtotal" value="false" valueType="boolean"/>
			<property name="isHidden" value="false" valueType="boolean"/>
		</object>
		<object type="DataSource:field" version="5">
			<property name="name" value="lmt_cstm_4" valueType="string"/>
			<property name="description" value="" valueType="string"/>
			<property name="id" value="9371881b-8bec-499c-a0d0-a3de477de846" valueType="string"/>
			<property name="title" value="Limit Custom 4" valueType="string"/>
			<property name="type" value="VARCHAR" valueType="string"/>
			<property name="size" value="250" valueType="integer"/>
			<property name="allowNulls" value="true" valueType="boolean"/>
			<property name="allowDefault" value="false" valueType="boolean"/>
			<property name="isAutoUniqueId" value="false" valueType="boolean"/>
			<property name="syntheticContent" valueType="table"/>
			<property name="lookupSource" valueType="url"/>
			<property name="parentFields" valueType="table"/>
			<property name="aggregatedFunction" value="" valueType="string"/>
			<property name="isCountFieldFor" valueType="url"/>
			<property name="producingMap" valueType="table"/>
			<property name="displayFormat" value="" valueType="string"/>
			<property name="showSubtotal" value="false" valueType="boolean"/>
			<property name="isHidden" value="false" valueType="boolean"/>
		</object>
		<object type="DataSource:field" version="5">
			<property name="name" value="lmt_cstm_5" valueType="string"/>
			<property name="description" value="" valueType="string"/>
			<property name="id" value="f2fbe856-e2c0-4401-b5fa-c0b02462be7c" valueType="string"/>
			<property name="title" value="Limit Custom 5" valueType="string"/>
			<property name="type" value="VARCHAR" valueType="string"/>
			<property name="size" value="250" valueType="integer"/>
			<property name="allowNulls" value="true" valueType="boolean"/>
			<property name="allowDefault" value="false" valueType="boolean"/>
			<property name="isAutoUniqueId" value="false" valueType="boolean"/>
			<property name="syntheticContent" valueType="table"/>
			<property name="lookupSource" valueType="url"/>
			<property name="parentFields" valueType="table"/>
			<property name="aggregatedFunction" value="" valueType="string"/>
			<property name="isCountFieldFor" valueType="url"/>
			<property name="producingMap" valueType="table"/>
			<property name="displayFormat" value="" valueType="string"/>
			<property name="showSubtotal" value="false" valueType="boolean"/>
			<property name="isHidden" value="false" valueType="boolean"/>
		</object>
	</property>
	<property name="keyFields" valueType="table">
		<object type="DataSource:localFieldReference" version="3">
			<property name="value" valueType="url">DataSource[this].layout["id_unique"{961c83ab-6667-413d-8f02-bcf5491ba3b0}]</property>
		</object>
	</property>
	<property name="index" valueType="table"/>
	<property name="createIndexOnKeyFields" value="true" valueType="boolean"/>
	<property name="indexOnKeyFieldsClustered" value="true" valueType="boolean"/>
	<property name="storageType" value="SEGMENTED" valueType="string"/>
	<property name="internalSourceTablePrefix" value="le_" valueType="string"/>
	<property name="instanceKeys" valueType="table">
		<object type="InstanceKey" version="2">
			<property name="name" value="v" valueType="string"/>
			<property name="description" value="Version" valueType="string"/>
			<property name="type" value="VARCHAR" valueType="string"/>
			<property name="size" value="50" valueType="integer"/>
			<property name="defaultInstanceKeyValueFormula" value="" valueType="string"/>
		</object>
	</property>
	<property name="loaderConfigFields" valueType="table">
		<object type="DataSource:loaderConfigField" version="3">
			<property name="sourceField" valueType="url">DataSource[this].layout["id_unique"{961c83ab-6667-413d-8f02-bcf5491ba3b0}]</property>
			<property name="origColumn" value="1" valueType="string"/>
			<property name="format" value="" valueType="string"/>
		</object>
		<object type="DataSource:loaderConfigField" version="3">
			<property name="sourceField" valueType="url">DataSource[this].layout["org_unit"{40e755a8-053b-4ebb-bea0-121e2dba902d}]</property>
			<property name="origColumn" value="2" valueType="string"/>
			<property name="format" value="" valueType="string"/>
		</object>
		<object type="DataSource:loaderConfigField" version="3">
			<property name="sourceField" valueType="url">DataSource[this].layout["ccy_dnmntn"{a83a50ae-6c15-43fa-b51e-4efb347fb653}]</property>
			<property name="origColumn" value="3" valueType="string"/>
			<property name="format" value="" valueType="string"/>
		</object>
		<object type="DataSource:loaderConfigField" version="3">
			<property name="sourceField" valueType="url">DataSource[this].layout["id_issr"{d4dd5076-2bf9-44b6-9764-c17f84be1790}]</property>
			<property name="origColumn" value="4" valueType="string"/>
			<property name="format" value="" valueType="string"/>
		</object>
		<object type="DataSource:loaderConfigField" version="3">
			<property name="sourceField" valueType="url">DataSource[this].layout["id_trprty_agnt"{3200dc95-bf52-4fcd-908b-e09a59546316}]</property>
			<property name="origColumn" value="5" valueType="string"/>
			<property name="format" value="" valueType="string"/>
		</object>
		<object type="DataSource:loaderConfigField" version="3">
			<property name="sourceField" valueType="url">DataSource[this].layout["trprty_clltrl_issr_lmt"{8b016fc5-9979-41d3-af92-f10c493c6a52}]</property>
			<property name="origColumn" value="6" valueType="string"/>
			<property name="format" value="" valueType="string"/>
		</object>
		<object type="DataSource:loaderConfigField" version="3">
			<property name="sourceField" valueType="url">DataSource[this].layout["enm_clltrl_clss"{86736f38-272c-4908-9bfa-f3dc568eabe0}]</property>
			<property name="origColumn" value="7" valueType="string"/>
			<property name="format" value="" valueType="string"/>
		</object>
		<object type="DataSource:loaderConfigField" version="3">
			<property name="sourceField" valueType="url">DataSource[this].layout["enm_use_prty_rtng_typ"{85bf8073-29e6-44bf-999c-f10d164b6019}]</property>
			<property name="origColumn" value="8" valueType="string"/>
			<property name="format" value="" valueType="string"/>
		</object>
		<object type="DataSource:loaderConfigField" version="3">
			<property name="sourceField" valueType="url">DataSource[this].layout["ovrrd_enm_instr_cqs_lt"{2bc37d3a-e6b3-44d3-a6c1-974dff7196bb}]</property>
			<property name="origColumn" value="9" valueType="string"/>
			<property name="format" value="" valueType="string"/>
		</object>
		<object type="DataSource:loaderConfigField" version="3">
			<property name="sourceField" valueType="url">DataSource[this].layout["ovrrd_enm_instr_cqs_st"{a96e461d-1577-4347-97d6-47275583bd00}]</property>
			<property name="origColumn" value="10" valueType="string"/>
			<property name="format" value="" valueType="string"/>
		</object>
		<object type="DataSource:loaderConfigField" version="3">
			<property name="sourceField" valueType="url">DataSource[this].layout["dt_strt"{7c4e4df5-ce64-47bd-812f-206fdb4eec2c}]</property>
			<property name="origColumn" value="11" valueType="string"/>
			<property name="format" value="YYYY-MM-DD" valueType="string"/>
		</object>
		<object type="DataSource:loaderConfigField" version="3">
			<property name="sourceField" valueType="url">DataSource[this].layout["dt_mtrty"{dd487807-23f9-45f3-a47f-2f2d292d4742}]</property>
			<property name="origColumn" value="12" valueType="string"/>
			<property name="format" value="YYYY-MM-DD" valueType="string"/>
		</object>
		<object type="DataSource:loaderConfigField" version="3">
			<property name="sourceField" valueType="url">DataSource[this].layout["ovrrd_rsdl_mtrty_mnths"{d56dbee2-d0ad-4e92-a6e3-377bc382b3c4}]</property>
			<property name="origColumn" value="13" valueType="string"/>
			<property name="format" value="" valueType="string"/>
		</object>
		<object type="DataSource:loaderConfigField" version="3">
			<property name="sourceField" valueType="url">DataSource[this].layout["ovrrd_orgnl_mtrty_mnths"{072c8fe9-0dbb-40a6-9415-f4fbd3eb6273}]</property>
			<property name="origColumn" value="14" valueType="string"/>
			<property name="format" value="" valueType="string"/>
		</object>
		<object type="DataSource:loaderConfigField" version="3">
			<property name="sourceField" valueType="url">DataSource[this].layout["dmstc_ccy_ind"{39af8644-c8ce-48d6-9962-084977119aef}]</property>
			<property name="origColumn" value="15" valueType="string"/>
			<property name="format" value="" valueType="string"/>
		</object>
		<object type="DataSource:loaderConfigField" version="3">
			<property name="sourceField" valueType="url">DataSource[this].layout["ovrrd_sa_rw"{2aa74f3e-785b-4e3f-912e-7a4165e6d273}]</property>
			<property name="origColumn" value="16" valueType="string"/>
			<property name="format" value="" valueType="string"/>
		</object>
		<object type="DataSource:loaderConfigField" version="3">
			<property name="sourceField" valueType="url">DataSource[this].layout["enm_le_main_ctgry"{5e285f63-bc8d-4417-9bc8-99057517d1fa}]</property>
			<property name="origColumn" value="17" valueType="string"/>
			<property name="format" value="" valueType="string"/>
		</object>
		<object type="DataSource:loaderConfigField" version="3">
			<property name="sourceField" valueType="url">DataSource[this].layout["instr_sbrdntd_ind"{2e80839b-4edc-4ed2-bddb-68d66fe7b96a}]</property>
			<property name="origColumn" value="18" valueType="string"/>
			<property name="format" value="" valueType="string"/>
		</object>
		<object type="DataSource:loaderConfigField" version="3">
			<property name="sourceField" valueType="url">DataSource[this].layout["expsr_undrlyng_assts_ind"{7749fcc6-3aa6-427d-b522-26a6067b4d39}]</property>
			<property name="origColumn" value="19" valueType="string"/>
			<property name="format" value="" valueType="string"/>
		</object>
		<object type="DataSource:loaderConfigField" version="3">
			<property name="sourceField" valueType="url">DataSource[this].layout["le_excld_ind"{a0e22980-9a92-477d-89bd-6fb8a6c919c5}]</property>
			<property name="origColumn" value="20" valueType="string"/>
			<property name="format" value="" valueType="string"/>
		</object>
		<object type="DataSource:loaderConfigField" version="3">
			<property name="sourceField" valueType="url">DataSource[this].layout["enm_trdng_bnkng"{caafcef0-3ce0-4126-a2ce-9932dd5457a1}]</property>
			<property name="origColumn" value="21" valueType="string"/>
			<property name="format" value="" valueType="string"/>
		</object>
		<object type="DataSource:loaderConfigField" version="3">
			<property name="sourceField" valueType="url">DataSource[this].layout["le_exmpt_ind"{83e7509d-b9a9-4223-8677-e073d3a0ae07}]</property>
			<property name="origColumn" value="22" valueType="string"/>
			<property name="format" value="" valueType="string"/>
		</object>
		<object type="DataSource:loaderConfigField" version="3">
			<property name="sourceField" valueType="url">DataSource[this].layout["orgnl_ccy_code"{e48e274b-e9e7-467f-beaa-a3d64f36f129}]</property>
			<property name="origColumn" value="23" valueType="string"/>
			<property name="format" value="" valueType="string"/>
		</object>
		<object type="DataSource:loaderConfigField" version="3">
			<property name="sourceField" valueType="url">DataSource[this].layout["enm_sa_rw_mthd"{c660a966-1304-45d2-8680-fd23d8c58eeb}]</property>
			<property name="origColumn" value="24" valueType="string"/>
			<property name="format" value="" valueType="string"/>
		</object>
		<object type="DataSource:loaderConfigField" version="3">
			<property name="sourceField" valueType="url">DataSource[this].layout["ovrrd_enm_cqs_sbgrp_lt"{8e77df1c-88cd-4dcb-a83b-2753be61339e}]</property>
			<property name="origColumn" value="25" valueType="string"/>
			<property name="format" value="" valueType="string"/>
		</object>
		<object type="DataSource:loaderConfigField" version="3">
			<property name="sourceField" valueType="url">DataSource[this].layout["ovrrd_enm_cqs_sbgrp_st"{f92ba6de-8b25-405e-be3d-69e94bde4704}]</property>
			<property name="origColumn" value="26" valueType="string"/>
			<property name="format" value="" valueType="string"/>
		</object>
		<object type="DataSource:loaderConfigField" version="3">
			<property name="sourceField" valueType="url">DataSource[this].layout["sts_ind"{a477fae4-4c8e-48a4-a732-6473796af1bf}]</property>
			<property name="origColumn" value="27" valueType="string"/>
			<property name="format" value="" valueType="string"/>
		</object>
		<object type="DataSource:loaderConfigField" version="3">
			<property name="sourceField" valueType="url">DataSource[this].layout["scrtstn_ksa"{4fe1ac96-3ce9-4a41-9b99-b58bc388bed0}]</property>
			<property name="origColumn" value="28" valueType="string"/>
			<property name="format" value="" valueType="string"/>
		</object>
		<object type="DataSource:loaderConfigField" version="3">
			<property name="sourceField" valueType="url">DataSource[this].layout["dlnqncy_w"{2f90c4c0-0564-47df-898f-c6c023243a20}]</property>
			<property name="origColumn" value="29" valueType="string"/>
			<property name="format" value="" valueType="string"/>
		</object>
		<object type="DataSource:loaderConfigField" version="3">
			<property name="sourceField" valueType="url">DataSource[this].layout["enm_dlnqncy_unkwn_prcnt"{de6db7b8-e193-4c14-99a6-2cf05388d4f6}]</property>
			<property name="origColumn" value="30" valueType="string"/>
			<property name="format" value="" valueType="string"/>
		</object>
		<object type="DataSource:loaderConfigField" version="3">
			<property name="sourceField" valueType="url">DataSource[this].layout["ovrrd_ka"{e79c9b54-d83b-4b67-9ac0-b517c01cbf15}]</property>
			<property name="origColumn" value="31" valueType="string"/>
			<property name="format" value="" valueType="string"/>
		</object>
		<object type="DataSource:loaderConfigField" version="3">
			<property name="sourceField" valueType="url">DataSource[this].layout["enm_scrtstn_rscrtstn"{7f0586f0-a808-47bc-9c4b-23cb281f92d8}]</property>
			<property name="origColumn" value="32" valueType="string"/>
			<property name="format" value="" valueType="string"/>
		</object>
		<object type="DataSource:loaderConfigField" version="3">
			<property name="sourceField" valueType="url">DataSource[this].layout["enm_role_scrtstn_prcss"{14aff6b6-eeeb-46c9-9a65-c1a3e4e53c5d}]</property>
			<property name="origColumn" value="33" valueType="string"/>
			<property name="format" value="" valueType="string"/>
		</object>
		<object type="DataSource:loaderConfigField" version="3">
			<property name="sourceField" valueType="url">DataSource[this].layout["id_scrtstn"{dd0ba01e-babf-4ac7-a4c5-095c02769ac3}]</property>
			<property name="origColumn" value="34" valueType="string"/>
			<property name="format" value="" valueType="string"/>
		</object>
		<object type="DataSource:loaderConfigField" version="3">
			<property name="sourceField" valueType="url">DataSource[this].layout["addtnl_sa_rw"{005af099-191b-43a5-b0e4-37589234ead5}]</property>
			<property name="origColumn" value="35" valueType="string"/>
			<property name="format" value="" valueType="string"/>
		</object>
		<object type="DataSource:loaderConfigField" version="3">
			<property name="sourceField" valueType="url">DataSource[this].layout["attchmnt_pnt"{7516e266-6dac-4e06-b0cd-b26c9f61d8d8}]</property>
			<property name="origColumn" value="36" valueType="string"/>
			<property name="format" value="" valueType="string"/>
		</object>
		<object type="DataSource:loaderConfigField" version="3">
			<property name="sourceField" valueType="url">DataSource[this].layout["dtchmnt_pnt"{ae1bad64-9d24-4b7d-b077-62cd69e4151b}]</property>
			<property name="origColumn" value="37" valueType="string"/>
			<property name="format" value="" valueType="string"/>
		</object>
		<object type="DataSource:loaderConfigField" version="3">
			<property name="sourceField" valueType="url">DataSource[this].layout["enm_mtrty_mthd"{e0d8c957-45e4-460b-b093-8d3244e1aa9a}]</property>
			<property name="origColumn" value="38" valueType="string"/>
			<property name="format" value="" valueType="string"/>
		</object>
		<object type="DataSource:loaderConfigField" version="3">
			<property name="sourceField" valueType="url">DataSource[this].layout["trnch_avg_mtrty"{0ea46bcc-1cbc-4a80-8bfe-874614309038}]</property>
			<property name="origColumn" value="39" valueType="string"/>
			<property name="format" value="" valueType="string"/>
		</object>
		<object type="DataSource:loaderConfigField" version="3">
			<property name="sourceField" valueType="url">DataSource[this].layout["dt_trnch_mtrty"{42058680-5c68-4379-b1f4-d907c3a3f2b1}]</property>
			<property name="origColumn" value="40" valueType="string"/>
			<property name="format" value="YYYY-MM-DD" valueType="string"/>
		</object>
		<object type="DataSource:loaderConfigField" version="3">
			<property name="sourceField" valueType="url">DataSource[this].layout["enm_trnch_snrty"{7c231d9f-4284-42e6-88a2-39ee9644d863}]</property>
			<property name="origColumn" value="41" valueType="string"/>
			<property name="format" value="" valueType="string"/>
		</object>
		<object type="DataSource:loaderConfigField" version="3">
			<property name="sourceField" valueType="url">DataSource[this].layout["enm_scrtstn_typ"{270670a7-38e7-4c50-a2a7-61fd3c435992}]</property>
			<property name="origColumn" value="42" valueType="string"/>
			<property name="format" value="" valueType="string"/>
		</object>
		<object type="DataSource:loaderConfigField" version="3">
			<property name="sourceField" valueType="url">DataSource[this].layout["enm_qlfyng_dffrnttd_cptl"{41ee21ab-8457-4352-bd73-5b99749616c7}]</property>
			<property name="origColumn" value="43" valueType="string"/>
			<property name="format" value="" valueType="string"/>
		</object>
		<object type="DataSource:loaderConfigField" version="3">
			<property name="sourceField" valueType="url">DataSource[this].layout["sgnfcnt_rsk_trnsfr_ind"{7060ca18-4720-4255-b10c-453c2fa6571d}]</property>
			<property name="origColumn" value="44" valueType="string"/>
			<property name="format" value="" valueType="string"/>
		</object>
		<object type="DataSource:loaderConfigField" version="3">
			<property name="sourceField" valueType="url">DataSource[this].layout["wghtd_avg_undrlyng_rw"{a5cbeeef-f4bd-43f6-b5ce-8c5930cf6d86}]</property>
			<property name="origColumn" value="45" valueType="string"/>
			<property name="format" value="" valueType="string"/>
		</object>
		<object type="DataSource:loaderConfigField" version="3">
			<property name="sourceField" valueType="url">DataSource[this].layout["enm_npe_scrtstn_typ"{e301a0f0-1d2e-4d56-a52b-9acfda862962}]</property>
			<property name="origColumn" value="46" valueType="string"/>
			<property name="format" value="" valueType="string"/>
		</object>
		<object type="DataSource:loaderConfigField" version="3">
			<property name="sourceField" valueType="url">DataSource[this].layout["instrmnt_chrctstcs_eqts_ind"{d6e2d5ba-c081-4d75-a544-18f6699ae58d}]</property>
			<property name="origColumn" value="47" valueType="string"/>
			<property name="format" value="" valueType="string"/>
		</object>
		<object type="DataSource:loaderConfigField" version="3">
			<property name="sourceField" valueType="url">DataSource[this].layout["spcltv_invstmnt_ind"{acd513a2-00ef-461e-af2c-80427393d5ef}]</property>
			<property name="origColumn" value="48" valueType="string"/>
			<property name="format" value="" valueType="string"/>
		</object>
		<object type="DataSource:loaderConfigField" version="3">
			<property name="sourceField" valueType="url">DataSource[this].layout["vntr_cptl_invstmnt_ind"{1bc76c82-797f-4120-a14d-033be34d119b}]</property>
			<property name="origColumn" value="49" valueType="string"/>
			<property name="format" value="" valueType="string"/>
		</object>
		<object type="DataSource:loaderConfigField" version="3">
			<property name="sourceField" valueType="url">DataSource[this].layout["lgsltv_prgrmm_ind"{b13c90c2-4a23-4669-bf52-a7a7eeed8bc1}]</property>
			<property name="origColumn" value="50" valueType="string"/>
			<property name="format" value="" valueType="string"/>
		</object>
		<object type="DataSource:loaderConfigField" version="3">
			<property name="sourceField" valueType="url">DataSource[this].layout["dbt_rstrctr_hldng_ind"{620e61c1-9e55-4422-9695-1e7f5427175a}]</property>
			<property name="origColumn" value="51" valueType="string"/>
			<property name="format" value="" valueType="string"/>
		</object>
		<object type="DataSource:loaderConfigField" version="3">
			<property name="sourceField" valueType="url">DataSource[this].layout["enm_uk_corp_unrtd_grd"{d0ac2375-f5ed-4f51-bbd8-2386367b7142}]</property>
			<property name="origColumn" value="52" valueType="string"/>
			<property name="format" value="" valueType="string"/>
		</object>
		<object type="DataSource:loaderConfigField" version="3">
			<property name="sourceField" valueType="url">DataSource[this].layout["trnstnl_prvsn_lgcy_eqty_rw_ind"{e73f8ba8-5f8c-40c7-b354-ea66f90ce041}]</property>
			<property name="origColumn" value="53" valueType="string"/>
			<property name="format" value="" valueType="string"/>
		</object>
		<object type="DataSource:loaderConfigField" version="3">
			<property name="sourceField" valueType="url">DataSource[this].layout["lgcy_eqty_rw"{3de1d306-d078-4aca-9771-0e0a46ff52d9}]</property>
			<property name="origColumn" value="54" valueType="string"/>
			<property name="format" value="" valueType="string"/>
		</object>
		<object type="DataSource:loaderConfigField" version="3">
			<property name="sourceField" valueType="url">DataSource[this].layout["lmt_cstm_1"{80397aaf-aab8-4880-8313-ce9a3ba78192}]</property>
			<property name="origColumn" value="55" valueType="string"/>
			<property name="format" value="" valueType="string"/>
		</object>
		<object type="DataSource:loaderConfigField" version="3">
			<property name="sourceField" valueType="url">DataSource[this].layout["lmt_cstm_2"{193991b0-705b-4c2f-914a-d9c4523f5691}]</property>
			<property name="origColumn" value="56" valueType="string"/>
			<property name="format" value="" valueType="string"/>
		</object>
		<object type="DataSource:loaderConfigField" version="3">
			<property name="sourceField" valueType="url">DataSource[this].layout["lmt_cstm_3"{9ea23641-3761-4df8-bbc9-4f3e821eb79d}]</property>
			<property name="origColumn" value="57" valueType="string"/>
			<property name="format" value="" valueType="string"/>
		</object>
		<object type="DataSource:loaderConfigField" version="3">
			<property name="sourceField" valueType="url">DataSource[this].layout["lmt_cstm_4"{9371881b-8bec-499c-a0d0-a3de477de846}]</property>
			<property name="origColumn" value="58" valueType="string"/>
			<property name="format" value="" valueType="string"/>
		</object>
		<object type="DataSource:loaderConfigField" version="3">
			<property name="sourceField" valueType="url">DataSource[this].layout["lmt_cstm_5"{f2fbe856-e2c0-4401-b5fa-c0b02462be7c}]</property>
			<property name="origColumn" value="59" valueType="string"/>
			<property name="format" value="" valueType="string"/>
		</object>
	</property>
	<property name="loaderActions" valueType="table"/>
	<property name="postTableCreationStatements" valueType="table"/>
	<property name="postAdjustmentTableCreationStatements" valueType="table"/>
	<property name="dataLoadVariables" valueType="table"/>
	<property name="computeStatistics" value="NONE" valueType="string"/>
	<property name="reapplyAdjustmentsAfterDataLoad" value="false" valueType="boolean"/>
	<property name="archivalProperties" valueType="object">
		<object type="ArchivalProperties" version="2">
			<property name="daily" value="false" valueType="boolean"/>
			<property name="weekly" value="false" valueType="boolean"/>
			<property name="monthly" value="false" valueType="boolean"/>
			<property name="quarterly" value="false" valueType="boolean"/>
			<property name="semiAnnually" value="false" valueType="boolean"/>
			<property name="annually" value="false" valueType="boolean"/>
			<property name="intraDay" value="false" valueType="boolean"/>
			<property name="userDefined" value="false" valueType="boolean"/>
		</object>
	</property>
	<property name="validations" valueType="table"/>
	<property name="fileFormat" value="DELIMITED" valueType="string"/>
	<property name="delimiter" value="\t" valueType="string"/>
	<property name="skipRows" value="1" valueType="integer"/>
	<property name="newlineConversion" value="none" valueType="string"/>
	<property name="targetEncoding" value="" valueType="string"/>
	<property name="convertEncoding" value="false" valueType="boolean"/>
	<property name="trailingNullCols" value="true" valueType="boolean"/>
	<property name="columnHeadersFromFile" value="false" valueType="boolean"/>
	<property name="parameterIsNotAFile" value="false" valueType="boolean"/>
	<property name="codeWillCreateFile" value="false" valueType="boolean"/>
	<property name="loaderPreprocessCode" value="" valueType="string"/>
	<property name="fourEyesCheck" value="false" valueType="boolean"/>
	<property name="readOnlyAdjustment" value="false" valueType="boolean"/>
	<property name="keepTableContent" value="false" valueType="boolean"/>
	<property name="loadSheetName" value="Tri_Party_Limit_Calc_Inputs" valueType="string"/>
	<property name="maxErrors" value="2147483647" valueType="integer"/>
	<property name="doNotFailIfRejected" value="false" valueType="boolean"/>
	<property name="freezeLevel" value="1" valueType="integer"/>
	<property name="instanceRebuildRestriction" value="AlterFullRebuild" valueType="string"/>
</object>