<object stamp="a15490b7-08f9-482f-aea9-52d468fa1274_1717424196059" type="DataModel" version="6">
	<property name="name" value="CR_Sec_Traditional_Cube" valueType="string"/>
	<property name="description" value="" valueType="string"/>
	<property name="objectId" value="d560e41a-51a9-45da-8537-4939ffc80912" valueType="string"/>
	<property name="branchId" value="abd5d443-df6a-4329-a4bc-71fc002f8fcf" valueType="string"/>
	<property name="isPermanent" value="false" valueType="boolean"/>
	<property name="instanceKeys" valueType="table">
		<object type="InstanceKey" version="2">
			<property name="name" value="v" valueType="string"/>
			<property name="description" value="Version" valueType="string"/>
			<property name="type" value="VARCHAR" valueType="string"/>
			<property name="size" value="50" valueType="integer"/>
			<property name="defaultInstanceKeyValueFormula" value="" valueType="string"/>
		</object>
		<object type="InstanceKey" version="2">
			<property name="name" value="run_id" valueType="string"/>
			<property name="description" value="Run ID" valueType="string"/>
			<property name="type" value="VARCHAR" valueType="string"/>
			<property name="size" value="100" valueType="integer"/>
			<property name="defaultInstanceKeyValueFormula" value="" valueType="string"/>
		</object>
		<object type="InstanceKey" version="2">
			<property name="name" value="scenarioKey" valueType="string"/>
			<property name="description" value="Scenario Key" valueType="string"/>
			<property name="type" value="VARCHAR" valueType="string"/>
			<property name="size" value="100" valueType="integer"/>
			<property name="defaultInstanceKeyValueFormula" value="" valueType="string"/>
		</object>
	</property>
	<property name="hierarchy" valueType="tree">
		<objectNode type="DataModel:node" version="3">
			<property name="name" value="Aggregation" valueType="string"/>
			<property name="description" value="Resulting data source for aggregation SEC_Reporting_DD" valueType="string"/>
			<property name="id" value="ba3d8dbe-f984-4b42-8d9b-15e57ca0af33" valueType="string"/>
			<property name="dataSource" valueType="url">DataSource["other_calc_inputs:Aggregation[SEC_Reporting_DD]"{7d1dab24-f1c8-4f48-add5-a89d068bd6ad:Aggregation[49d94603-f82a-4119-96df-f41c19b0d294]}]</property>
			<property name="relationshipToParent" value="ONE_TO_ONE" valueType="string"/>
			<property name="mandatoryInJoin" value="false" valueType="boolean"/>
			<property name="additionalConstraint" valueType="table"/>
			<property name="additionalJoinExpression" valueType="table"/>
			<property name="instanceSelectionRule" valueType="object">
				<object type="InstanceSelectionRule" version="3">
					<property name="instanceDateRule" valueType="object">
						<object type="InstanceSelectionRule:rule" version="3">
							<property name="type" value="EQUAL" valueType="string"/>
						</object>
					</property>
					<property name="instanceKeyRules" valueType="table">
						<object type="InstanceSelectionRule:instanceKeyRule" version="3">
							<property name="type" value="EQUAL" valueType="string"/>
							<property name="instanceKeyName" value="v" valueType="string"/>
						</object>
						<object type="InstanceSelectionRule:instanceKeyRule" version="3">
							<property name="type" value="EQUAL" valueType="string"/>
							<property name="instanceKeyName" value="run_id" valueType="string"/>
						</object>
						<object type="InstanceSelectionRule:instanceKeyRule" version="3">
							<property name="type" value="EQUAL" valueType="string"/>
							<property name="instanceKeyName" value="scenarioKey" valueType="string"/>
						</object>
					</property>
				</object>
			</property>
			<property name="join" valueType="table"/>
			<children>
				<objectNode type="DataModel:node" version="3">
					<property name="name" value="entity_hierarchy" valueType="string"/>
					<property name="description" value="Resulting data source for aggregation Ref_Reporting_Entity_Hierarchy" valueType="string"/>
					<property name="id" value="6e91f859-c302-430c-8ac6-553942ad25ed" valueType="string"/>
					<property name="dataSource" valueType="url">DataSource["cm_ref_data_inputs:Aggregation[Ref_Reporting_Entity_Hierarchy]"{e9157cc6-c461-4637-ae9b-757cdb0c2552:Aggregation[2e3f8983-1ce4-40d7-a048-ab4c876e5562]}]</property>
					<property name="relationshipToParent" value="ONE_TO_ONE" valueType="string"/>
					<property name="mandatoryInJoin" value="false" valueType="boolean"/>
					<property name="additionalConstraint" valueType="table"/>
					<property name="additionalJoinExpression" valueType="table"/>
					<property name="instanceSelectionRule" valueType="object">
						<object type="InstanceSelectionRule" version="3">
							<property name="instanceDateRule" valueType="object">
								<object type="InstanceSelectionRule:rule" version="3">
									<property name="type" value="EQUAL" valueType="string"/>
								</object>
							</property>
							<property name="instanceKeyRules" valueType="table">
								<object type="InstanceSelectionRule:instanceKeyRule" version="3">
									<property name="type" value="EQUAL" valueType="string"/>
									<property name="instanceKeyName" value="v" valueType="string"/>
								</object>
								<object type="InstanceSelectionRule:instanceKeyRule" version="3">
									<property name="type" value="EQUAL" valueType="string"/>
									<property name="instanceKeyName" value="run_id" valueType="string"/>
								</object>
								<object type="InstanceSelectionRule:instanceKeyRule" version="3">
									<property name="type" value="EQUAL" valueType="string"/>
									<property name="instanceKeyName" value="scenarioKey" valueType="string"/>
								</object>
							</property>
						</object>
					</property>
					<property name="join" valueType="table">
						<object type="DataModel:node:join" version="3">
							<property name="sourceField" valueType="url">DataSource["cm_ref_data_inputs:Aggregation[Ref_Reporting_Entity_Hierarchy]"{e9157cc6-c461-4637-ae9b-757cdb0c2552:Aggregation[2e3f8983-1ce4-40d7-a048-ab4c876e5562]}].layout["entity"{0a83fda9-586f-48bf-bfc9-413536e7ceeb}]</property>
							<property name="parentField" valueType="url">DataSource["other_calc_inputs:Aggregation[SEC_Reporting_DD]"{7d1dab24-f1c8-4f48-add5-a89d068bd6ad:Aggregation[49d94603-f82a-4119-96df-f41c19b0d294]}].layout["entity"{97bc3e37-4050-4f78-bbec-5c8f98756fee}]</property>
						</object>
					</property>
					<children>
						<objectNode type="DataModel:node" version="3">
							<property name="name" value="entity" valueType="string"/>
							<property name="description" value="Resulting data source for aggregation Ref_Reporting_Entity" valueType="string"/>
							<property name="id" value="f682e40f-8834-40a5-b460-20c8ffa03c10" valueType="string"/>
							<property name="dataSource" valueType="url">DataSource["cm_ref_data_inputs:Aggregation[Ref_Reporting_Entity]"{e9157cc6-c461-4637-ae9b-757cdb0c2552:Aggregation[e53a3c4d-aeba-4ffe-afa7-e94201847004]}]</property>
							<property name="relationshipToParent" value="ONE_TO_ONE" valueType="string"/>
							<property name="mandatoryInJoin" value="false" valueType="boolean"/>
							<property name="additionalConstraint" valueType="table"/>
							<property name="additionalJoinExpression" valueType="table"/>
							<property name="instanceSelectionRule" valueType="object">
								<object type="InstanceSelectionRule" version="3">
									<property name="instanceDateRule" valueType="object">
										<object type="InstanceSelectionRule:rule" version="3">
											<property name="type" value="EQUAL" valueType="string"/>
										</object>
									</property>
									<property name="instanceKeyRules" valueType="table">
										<object type="InstanceSelectionRule:instanceKeyRule" version="3">
											<property name="type" value="EQUAL" valueType="string"/>
											<property name="instanceKeyName" value="v" valueType="string"/>
										</object>
										<object type="InstanceSelectionRule:instanceKeyRule" version="3">
											<property name="type" value="EQUAL" valueType="string"/>
											<property name="instanceKeyName" value="run_id" valueType="string"/>
										</object>
										<object type="InstanceSelectionRule:instanceKeyRule" version="3">
											<property name="type" value="EQUAL" valueType="string"/>
											<property name="instanceKeyName" value="scenarioKey" valueType="string"/>
										</object>
									</property>
								</object>
							</property>
							<property name="join" valueType="table">
								<object type="DataModel:node:join" version="3">
									<property name="sourceField" valueType="url">DataSource["cm_ref_data_inputs:Aggregation[Ref_Reporting_Entity]"{e9157cc6-c461-4637-ae9b-757cdb0c2552:Aggregation[e53a3c4d-aeba-4ffe-afa7-e94201847004]}].layout["entity"{29c73107-303e-4f3c-96f4-20b016617f3c}]</property>
									<property name="parentField" valueType="url">DataSource["cm_ref_data_inputs:Aggregation[Ref_Reporting_Entity_Hierarchy]"{e9157cc6-c461-4637-ae9b-757cdb0c2552:Aggregation[2e3f8983-1ce4-40d7-a048-ab4c876e5562]}].layout["entity"{0a83fda9-586f-48bf-bfc9-413536e7ceeb}]</property>
								</object>
							</property>
						</objectNode>
					</children>
				</objectNode>
			</children>
		</objectNode>
	</property>
	<property name="streamKeys" valueType="table">
		<object type="DataModel:streamKey" version="5">
			<property name="streamKeyName" value="entity" valueType="string"/>
			<property name="streamKeyColumn" valueType="object">
				<object type="DataModel:localFieldReference" version="3">
					<property name="value" valueType="url">DataModel[this].hierarchy["entity_hierarchy"{6e91f859-c302-430c-8ac6-553942ad25ed}].dataSource.layout["entity"{0a83fda9-586f-48bf-bfc9-413536e7ceeb}]</property>
				</object>
			</property>
			<property name="additionalStreamColumns" valueType="table">
				<object type="DataModel:localFieldReference" version="3">
					<property name="value" valueType="url">DataModel[this].hierarchy["entity"{f682e40f-8834-40a5-b460-20c8ffa03c10}].dataSource.layout["entity"{29c73107-303e-4f3c-96f4-20b016617f3c}]</property>
				</object>
				<object type="DataModel:localFieldReference" version="3">
					<property name="value" valueType="url">DataModel[this].hierarchy["Aggregation"{ba3d8dbe-f984-4b42-8d9b-15e57ca0af33}].dataSource.layout["entity"{97bc3e37-4050-4f78-bbec-5c8f98756fee}]</property>
				</object>
			</property>
		</object>
	</property>
	<property name="freezeLevel" value="1" valueType="integer"/>
	<property name="performJoinOnAllStreamColumns" value="false" valueType="boolean"/>
	<property name="mustInheritSourceIKs" value="false" valueType="boolean"/>
</object>