<object stamp="1dfa7566-eaf6-4f63-895c-539329a2e05a_1732014791500" type="ModifyModel" version="32">
	<property name="name" value="BA_CVA_Marginal_Impact_CVA_WTH_EXMPT_SOVEREIGN" valueType="string"/>
	<property name="description" value="" valueType="string"/>
	<property name="objectId" value="d1df8102-af38-4f38-9f4b-8fb80dd6bafc" valueType="string"/>
	<property name="branchId" value="7ca400a9-8409-4345-aa3f-1d5f813761af" valueType="string"/>
	<property name="model" valueType="url">DataModel["cva:Aggregation[BA_CVA_Marginal_Impact]"{73d958bc-01f2-45c2-b70e-72542d5eaf28:Aggregation[add3029a-6e1b-4173-b8c1-9d8c96115ed9]}]</property>
	<property name="modifications" valueType="tree">
		<objectNode type="ModifyModel:root" version="8">
			<property name="name" value="modificationsRoot" valueType="string"/>
			<property name="description" value="" valueType="string"/>
			<property name="id" value="modificationsRoot" valueType="string"/>
		</objectNode>
	</property>
	<property name="instanceKeys" valueType="table"/>
	<property name="streamKeys" valueType="table"/>
</object>