<object stamp="f380040e-1c29-4ab9-8bb2-16226247e63b_1723489543403" type="ModifyModel" version="32">
	<property name="name" value="C28_C29_Cube_to_RDD" valueType="string"/>
	<property name="description" value="" valueType="string"/>
	<property name="objectId" value="7fe7fbb8-b0cf-4342-b1ee-47ddd95b033d" valueType="string"/>
	<property name="branchId" value="7ca400a9-8409-4345-aa3f-1d5f813761af" valueType="string"/>
	<property name="model" valueType="url">DataModel["large_exposure:Aggregation[LE_Output_Cube]"{c1104328-a5d1-40ec-9033-07b5f68f2a3c:Aggregation[4d711bfb-2580-4fa9-8827-e00b1dbc730d]}]</property>
	<property name="modifications" valueType="tree">
		<objectNode type="ModifyModel:root" version="8">
			<property name="name" value="modificationsRoot" valueType="string"/>
			<property name="description" value="" valueType="string"/>
			<property name="id" value="modificationsRoot" valueType="string"/>
			<children>
				<objectNode type="ModifyModel:modification" version="20">
					<property name="name" value="Aggregation" valueType="string"/>
					<property name="description" value="" valueType="string"/>
					<property name="id" value="4d711bfb-2580-4fa9-8827-e00b1dbc730d" valueType="string"/>
					<property name="existingNode" valueType="url">DataModel["large_exposure:Aggregation[LE_Output_Cube]"{c1104328-a5d1-40ec-9033-07b5f68f2a3c:Aggregation[4d711bfb-2580-4fa9-8827-e00b1dbc730d]}].hierarchy["Aggregation"{4d711bfb-2580-4fa9-8827-e00b1dbc730d}]</property>
					<property name="mandatoryInJoin" value="false" valueType="boolean"/>
					<property name="additionalConstraint" valueType="table"/>
					<property name="additionalJoinExpression" valueType="table"/>
					<children>
						<objectNode type="ModifyModel:node" version="9">
							<property name="name" value="le_party_details" valueType="string"/>
							<property name="description" value="Resulting data source for aggregation LE_Party_Reference_Output_Cube" valueType="string"/>
							<property name="id" value="f8f5f8c5-5558-4ee1-91df-4e9905d40d0d" valueType="string"/>
							<property name="dataSource" valueType="url">DataSource["large_exposure:Aggregation[LE_Party_Reference_Output_Cube]"{c1104328-a5d1-40ec-9033-07b5f68f2a3c:Aggregation[b154ef26-0456-4429-b938-b9da37ac25b7]}]</property>
							<property name="relationshipToParent" value="ONE_OR_ZERO_TO_ONE" valueType="string"/>
							<property name="mandatoryInJoin" value="false" valueType="boolean"/>
							<property name="additionalConstraint" valueType="table"/>
							<property name="additionalJoinExpression" valueType="table"/>
							<property name="instanceSelectionRule" valueType="object">
								<object type="InstanceSelectionRule" version="3">
									<property name="instanceDateRule" valueType="object">
										<object type="InstanceSelectionRule:rule" version="3">
											<property name="type" value="EQUAL" valueType="string"/>
										</object>
									</property>
									<property name="instanceKeyRules" valueType="table">
										<object type="InstanceSelectionRule:instanceKeyRule" version="3">
											<property name="type" value="EQUAL" valueType="string"/>
											<property name="instanceKeyName" value="v" valueType="string"/>
										</object>
										<object type="InstanceSelectionRule:instanceKeyRule" version="3">
											<property name="type" value="EQUAL" valueType="string"/>
											<property name="instanceKeyName" value="run_id" valueType="string"/>
										</object>
										<object type="InstanceSelectionRule:instanceKeyRule" version="3">
											<property name="type" value="EQUAL" valueType="string"/>
											<property name="instanceKeyName" value="scenarioKey" valueType="string"/>
										</object>
									</property>
								</object>
							</property>
							<property name="join" valueType="table">
								<object type="DataModel:node:join" version="3">
									<property name="sourceField" valueType="url">DataSource["large_exposure:Aggregation[LE_Party_Reference_Output_Cube]"{c1104328-a5d1-40ec-9033-07b5f68f2a3c:Aggregation[b154ef26-0456-4429-b938-b9da37ac25b7]}].layout["entity"{25786f6d-c3dd-4548-99a9-0fccd23acc01}]</property>
									<property name="parentField" valueType="url">DataSource["large_exposure:Aggregation[LE_Output_Cube]"{c1104328-a5d1-40ec-9033-07b5f68f2a3c:Aggregation[4d711bfb-2580-4fa9-8827-e00b1dbc730d]}].layout["entity"{25786f6d-c3dd-4548-99a9-0fccd23acc01}]</property>
								</object>
								<object type="DataModel:node:join" version="3">
									<property name="sourceField" valueType="url">DataSource["large_exposure:Aggregation[LE_Party_Reference_Output_Cube]"{c1104328-a5d1-40ec-9033-07b5f68f2a3c:Aggregation[b154ef26-0456-4429-b938-b9da37ac25b7]}].layout["id_grp_cnnctd_clnts_or_indvdl"{e5b5bc2a-6ef4-4b20-b2c9-8713ce3ae678}]</property>
									<property name="parentField" valueType="url">DataSource["large_exposure:Aggregation[LE_Output_Cube]"{c1104328-a5d1-40ec-9033-07b5f68f2a3c:Aggregation[4d711bfb-2580-4fa9-8827-e00b1dbc730d]}].layout["id_grp_cnnctd_clnts_or_indvdl"{ad1013c1-408b-41dd-84ca-0dd2b9795038}]</property>
								</object>
								<object type="DataModel:node:join" version="3">
									<property name="sourceField" valueType="url">DataSource["large_exposure:Aggregation[LE_Party_Reference_Output_Cube]"{c1104328-a5d1-40ec-9033-07b5f68f2a3c:Aggregation[b154ef26-0456-4429-b938-b9da37ac25b7]}].layout["id_prty"{b49904eb-f196-4744-a3f8-3d94a5debae7}]</property>
									<property name="parentField" valueType="url">DataSource["large_exposure:Aggregation[LE_Output_Cube]"{c1104328-a5d1-40ec-9033-07b5f68f2a3c:Aggregation[4d711bfb-2580-4fa9-8827-e00b1dbc730d]}].layout["id_prty"{de38c7eb-095d-4553-b5c4-184e809d655a}]</property>
								</object>
							</property>
						</objectNode>
						<objectNode type="ModifyModel:node" version="9">
							<property name="name" value="le_entity_details" valueType="string"/>
							<property name="description" value="Resulting data source for aggregation LE_Limits_Output_Cube" valueType="string"/>
							<property name="id" value="9e8a7c60-fc91-4c85-8e2d-d154f7563f1d" valueType="string"/>
							<property name="dataSource" valueType="url">DataSource["large_exposure:Aggregation[LE_Limits_Output_Cube]"{c1104328-a5d1-40ec-9033-07b5f68f2a3c:Aggregation[c1752f82-8347-40a7-b1df-d25e95576075]}]</property>
							<property name="relationshipToParent" value="ONE_TO_ONE" valueType="string"/>
							<property name="mandatoryInJoin" value="true" valueType="boolean"/>
							<property name="additionalConstraint" valueType="table"/>
							<property name="additionalJoinExpression" valueType="table"/>
							<property name="instanceSelectionRule" valueType="object">
								<object type="InstanceSelectionRule" version="3">
									<property name="instanceDateRule" valueType="object">
										<object type="InstanceSelectionRule:rule" version="3">
											<property name="type" value="EQUAL" valueType="string"/>
										</object>
									</property>
									<property name="instanceKeyRules" valueType="table">
										<object type="InstanceSelectionRule:instanceKeyRule" version="3">
											<property name="type" value="EQUAL" valueType="string"/>
											<property name="instanceKeyName" value="v" valueType="string"/>
										</object>
										<object type="InstanceSelectionRule:instanceKeyRule" version="3">
											<property name="type" value="EQUAL" valueType="string"/>
											<property name="instanceKeyName" value="run_id" valueType="string"/>
										</object>
										<object type="InstanceSelectionRule:instanceKeyRule" version="3">
											<property name="type" value="EQUAL" valueType="string"/>
											<property name="instanceKeyName" value="scenarioKey" valueType="string"/>
										</object>
									</property>
								</object>
							</property>
							<property name="join" valueType="table">
								<object type="DataModel:node:join" version="3">
									<property name="sourceField" valueType="url">DataSource["large_exposure:Aggregation[LE_Limits_Output_Cube]"{c1104328-a5d1-40ec-9033-07b5f68f2a3c:Aggregation[c1752f82-8347-40a7-b1df-d25e95576075]}].layout["entity"{25786f6d-c3dd-4548-99a9-0fccd23acc01}]</property>
									<property name="parentField" valueType="url">DataSource["large_exposure:Aggregation[LE_Output_Cube]"{c1104328-a5d1-40ec-9033-07b5f68f2a3c:Aggregation[4d711bfb-2580-4fa9-8827-e00b1dbc730d]}].layout["entity"{25786f6d-c3dd-4548-99a9-0fccd23acc01}]</property>
								</object>
							</property>
						</objectNode>
					</children>
				</objectNode>
			</children>
		</objectNode>
	</property>
	<property name="instanceKeys" valueType="table"/>
	<property name="streamKeys" valueType="table"/>
	<property name="modifyStreamKeys" valueType="table">
		<object type="ModifyModel:modifyStreamKey" version="1">
			<property name="streamKeyName" value="entity" valueType="string"/>
			<property name="addAdditionalStreamColumns" valueType="table">
				<object type="ModifyModel:localFieldReference" version="3">
					<property name="value" valueType="url">ModifyModel[this].modifications["le_party_details"{f8f5f8c5-5558-4ee1-91df-4e9905d40d0d}].dataSource.layout["entity"{25786f6d-c3dd-4548-99a9-0fccd23acc01}]</property>
				</object>
				<object type="ModifyModel:localFieldReference" version="3">
					<property name="value" valueType="url">ModifyModel[this].modifications["le_entity_details"{9e8a7c60-fc91-4c85-8e2d-d154f7563f1d}].dataSource.layout["entity"{25786f6d-c3dd-4548-99a9-0fccd23acc01}]</property>
				</object>
			</property>
		</object>
	</property>
</object>