<object stamp="57b31607-0896-4567-85d7-b2a1297dbf0a_1691080688483" type="Aggregation" version="12">
	<property name="name" value="MR_Ref_Credit_Derivatives" valueType="string"/>
	<property name="description" value="MR_Ref_Credit_Derivatives" valueType="string"/>
	<property name="objectId" value="29fc2379-94e3-487c-840f-fd7562b3c027" valueType="string"/>
	<property name="branchId" value="ce6db3bd-9fe1-49d7-a6e1-9960fec458e4" valueType="string"/>
	<property name="models" valueType="table">
		<object type="ModelBasedTask:modelEntry" version="3">
			<property name="dataModel" valueType="url">DataModel["MR_Ref_Credit_Derivatives_Sample"{f265ae89-3438-404b-a22d-e3b887cd4a2c}]</property>
			<property name="instanceSelectionRule" valueType="object">
				<object type="InstanceSelectionRule" version="3">
					<property name="instanceDateRule" valueType="object">
						<object type="InstanceSelectionRule:rule" version="3">
							<property name="type" value="EQUAL" valueType="string"/>
						</object>
					</property>
					<property name="instanceKeyRules" valueType="table"/>
				</object>
			</property>
		</object>
	</property>
	<property name="requiresAllModels" value="true" valueType="boolean"/>
	<property name="parameters" valueType="table"/>
	<property name="details" valueType="table">
		<object type="Aggregation:detail" version="6">
			<property name="name" value="reference" valueType="string"/>
			<property name="description" value="(CDS) CONTRACT ID OR (CASH) SECURITY_REFERENCE" valueType="string"/>
			<property name="id" value="1c364b6f-df8d-4d29-b588-e3cd55dbf208" valueType="string"/>
			<property name="overrideLookupInformation" value="false" valueType="boolean"/>
			<property name="displayFormat" value="" valueType="string"/>
			<property name="title" value="(CDS) CONTRACT ID OR (CASH) SECURITY_REFERENCE" valueType="string"/>
			<property name="overrideNullable" value="DEFAULT" valueType="string"/>
		</object>
		<object type="Aggregation:detail" version="6">
			<property name="name" value="offsetting_group_id" valueType="string"/>
			<property name="description" value="OFFSETTING GROUP ID" valueType="string"/>
			<property name="id" value="6df0ee3e-6468-4fbe-9787-e44bb1cfa1bf" valueType="string"/>
			<property name="overrideLookupInformation" value="false" valueType="boolean"/>
			<property name="displayFormat" value="" valueType="string"/>
			<property name="title" value="OFFSETTING GROUP ID" valueType="string"/>
			<property name="overrideNullable" value="DEFAULT" valueType="string"/>
		</object>
		<object type="Aggregation:detail" version="6">
			<property name="name" value="grouping_entity" valueType="string"/>
			<property name="description" value="GROUPING ENTITY (Lowest level entity that is to be grouped e.g. Legal Entity, Trading Book etc.)" valueType="string"/>
			<property name="id" value="bab5691f-6472-441a-8ede-b25d7bcd9c71" valueType="string"/>
			<property name="overrideLookupInformation" value="false" valueType="boolean"/>
			<property name="displayFormat" value="" valueType="string"/>
			<property name="title" value="GROUPING ENTITY" valueType="string"/>
			<property name="overrideNullable" value="DEFAULT" valueType="string"/>
		</object>
	</property>
	<property name="calcFields" valueType="table">
		<object type="Aggregation:calcField" version="7">
			<property name="name" value="netting_type" valueType="string"/>
			<property name="description" value="NETTING TYPE (Full, 80%, Partial)" valueType="string"/>
			<property name="id" value="d386ec1d-405c-48cd-a3ab-71926e24d3a2" valueType="string"/>
			<property name="aggrMethod" value="MIN" valueType="string"/>
			<property name="calcTotal" value="false" valueType="boolean"/>
			<property name="calcFormula" valueType="table"/>
			<property name="displayFormat" value="" valueType="string"/>
			<property name="overrideLookupInformation" value="false" valueType="boolean"/>
			<property name="title" value="NETTING TYPE (Full, 80%, Partial)" valueType="string"/>
			<property name="overrideNullable" value="DEFAULT" valueType="string"/>
		</object>
	</property>
	<property name="auxFields" valueType="table"/>
	<property name="syntheticFields" valueType="table"/>
	<property name="additionalIndices" valueType="table"/>
	<property name="mappings" valueType="table">
		<object type="Aggregation:mapping" version="7">
			<property name="field" valueType="object">
				<object type="Aggregation:localDetailReference" version="7">
					<property name="value" valueType="url">Aggregation[this].details["reference"{1c364b6f-df8d-4d29-b588-e3cd55dbf208}]</property>
				</object>
			</property>
			<property name="fieldMapping" valueType="table">
				<object type="Aggregation:fieldMapping" version="7">
					<property name="model" valueType="object">
						<object type="DataModel:reference" version="3">
							<property name="value" valueType="url">DataModel["MR_Ref_Credit_Derivatives_Sample"{f265ae89-3438-404b-a22d-e3b887cd4a2c}]</property>
						</object>
					</property>
					<property name="expression" valueType="table">
						<object type="DataModel:fieldReference" version="3">
							<property name="value" valueType="url">DataModel["MR_Ref_Credit_Derivatives_Sample"{f265ae89-3438-404b-a22d-e3b887cd4a2c}].hierarchy["root"{09670f63-a4df-4707-a03c-38d069350629}].dataSource.layout["reference"{12b1cefb-20c6-4f93-96cc-d85bd4ad65d2}]</property>
						</object>
					</property>
				</object>
			</property>
		</object>
		<object type="Aggregation:mapping" version="7">
			<property name="field" valueType="object">
				<object type="Aggregation:localDetailReference" version="7">
					<property name="value" valueType="url">Aggregation[this].details["offsetting_group_id"{6df0ee3e-6468-4fbe-9787-e44bb1cfa1bf}]</property>
				</object>
			</property>
			<property name="fieldMapping" valueType="table">
				<object type="Aggregation:fieldMapping" version="7">
					<property name="model" valueType="object">
						<object type="DataModel:reference" version="3">
							<property name="value" valueType="url">DataModel["MR_Ref_Credit_Derivatives_Sample"{f265ae89-3438-404b-a22d-e3b887cd4a2c}]</property>
						</object>
					</property>
					<property name="expression" valueType="table">
						<object type="DataModel:fieldReference" version="3">
							<property name="value" valueType="url">DataModel["MR_Ref_Credit_Derivatives_Sample"{f265ae89-3438-404b-a22d-e3b887cd4a2c}].hierarchy["root"{09670f63-a4df-4707-a03c-38d069350629}].dataSource.layout["offsetting_group_id"{af531c4e-2e84-4bb3-a8a4-e5d2c5a8b948}]</property>
						</object>
					</property>
				</object>
			</property>
		</object>
		<object type="Aggregation:mapping" version="7">
			<property name="field" valueType="object">
				<object type="Aggregation:localDetailReference" version="7">
					<property name="value" valueType="url">Aggregation[this].details["grouping_entity"{bab5691f-6472-441a-8ede-b25d7bcd9c71}]</property>
				</object>
			</property>
			<property name="fieldMapping" valueType="table">
				<object type="Aggregation:fieldMapping" version="7">
					<property name="model" valueType="object">
						<object type="DataModel:reference" version="3">
							<property name="value" valueType="url">DataModel["MR_Ref_Credit_Derivatives_Sample"{f265ae89-3438-404b-a22d-e3b887cd4a2c}]</property>
						</object>
					</property>
					<property name="expression" valueType="table">
						<object type="DataModel:fieldReference" version="3">
							<property name="value" valueType="url">DataModel["MR_Ref_Credit_Derivatives_Sample"{f265ae89-3438-404b-a22d-e3b887cd4a2c}].hierarchy["root"{09670f63-a4df-4707-a03c-38d069350629}].dataSource.layout["grouping_entity"{644a3127-143d-41cc-8950-5df7b48f3ab7}]</property>
						</object>
					</property>
				</object>
			</property>
		</object>
		<object type="Aggregation:mapping" version="7">
			<property name="field" valueType="object">
				<object type="Aggregation:localCalcFieldReference" version="7">
					<property name="value" valueType="url">Aggregation[this].calcFields["netting_type"{d386ec1d-405c-48cd-a3ab-71926e24d3a2}]</property>
				</object>
			</property>
			<property name="fieldMapping" valueType="table">
				<object type="Aggregation:fieldMapping" version="7">
					<property name="model" valueType="object">
						<object type="DataModel:reference" version="3">
							<property name="value" valueType="url">DataModel["MR_Ref_Credit_Derivatives_Sample"{f265ae89-3438-404b-a22d-e3b887cd4a2c}]</property>
						</object>
					</property>
					<property name="expression" valueType="table">
						<object type="DataModel:fieldReference" version="3">
							<property name="value" valueType="url">DataModel["MR_Ref_Credit_Derivatives_Sample"{f265ae89-3438-404b-a22d-e3b887cd4a2c}].hierarchy["root"{09670f63-a4df-4707-a03c-38d069350629}].dataSource.layout["netting_type"{a656711b-b644-4819-bbc0-4b881b21e9f6}]</property>
						</object>
					</property>
				</object>
			</property>
		</object>
	</property>
	<property name="storageType" value="CONTINUOUS_PARTITION" valueType="string"/>
	<property name="postTableCreationStatements" valueType="table"/>
	<property name="postAdjustmentTableCreationStatements" valueType="table"/>
	<property name="detailsAsKeys" value="true" valueType="boolean"/>
	<property name="dbSourceForResults" valueType="url">DBSource["POSTGRES"{7141b02a-a2bf-46bb-9ad0-fa1087f431e1}]</property>
	<property name="archivalProperties" valueType="object">
		<object type="ArchivalProperties" version="2">
			<property name="daily" value="false" valueType="boolean"/>
			<property name="weekly" value="false" valueType="boolean"/>
			<property name="monthly" value="false" valueType="boolean"/>
			<property name="quarterly" value="false" valueType="boolean"/>
			<property name="semiAnnually" value="false" valueType="boolean"/>
			<property name="annually" value="false" valueType="boolean"/>
			<property name="intraDay" value="false" valueType="boolean"/>
			<property name="userDefined" value="false" valueType="boolean"/>
		</object>
	</property>
	<property name="condition" valueType="tree">
		<objectNode type="Condition" version="3">
			<property name="isNegated" value="false" valueType="boolean"/>
			<property name="groupingOperator" value="AND" valueType="string"/>
		</objectNode>
	</property>
	<property name="doNotAggregate" value="true" valueType="boolean"/>
	<property name="useUnionAll" value="false" valueType="boolean"/>
	<property name="fourEyesCheck" value="false" valueType="boolean"/>
	<property name="trackDrilldownInformation" value="true" valueType="boolean"/>
	<property name="trackAllInstancesMode" value="NONE" valueType="string"/>
	<property name="computeStatistics" value="FOR_ALL_COLUMNS" valueType="string"/>
	<property name="instanceRebuildRestriction" value="AlterFullRebuild" valueType="string"/>
	<property name="allowExternalDataPermissions" value="false" valueType="boolean"/>
</object>