<object stamp="b01628f0-5fab-4432-ac02-36b35e0a0e62_1719516339000" type="WorkFlow" version="45">
	<property name="name" value="CIU_PRR" valueType="string"/>
	<property name="description" value="CIU_PRR" valueType="string"/>
	<property name="objectId" value="d2cc1077-8469-40b6-8ad9-4ac5c0b25165" valueType="string"/>
	<property name="branchId" value="f373907f-fa0a-40d6-b143-ab4efdb3216b" valueType="string"/>
	<property name="docFile" value="http://media.fsahandbook.info/pdf/BIPRU/7/7.pdf" valueType="string"/>
	<property name="modules" valueType="table">
		<object type="WorkFlow:taskModule" version="29">
			<property name="name" value="9d735fa1-cdbf-446d-b98f-c230e2fcb34d" valueType="string"/>
			<property name="description" value="CIU_Derived_Positions_LE" valueType="string"/>
			<property name="id" value="9d735fa1-cdbf-446d-b98f-c230e2fcb34d" valueType="string"/>
			<property name="taskType" value="Aggregation" valueType="string"/>
			<property name="underlyingObject" valueType="url">Aggregation["CIU_Derived_Positions_LE"{4de61027-5615-4813-9409-947c836f5766}]</property>
			<property name="asOfDateFormula" value="TIME_TAG" valueType="string"/>
			<property name="instanceKeyValues" valueType="table">
				<object type="InstanceObject:instanceKeyValue" version="2">
					<property name="name" value="v" valueType="string"/>
					<property name="keyValueType" value="VARCHAR" valueType="string"/>
					<property name="keyValue" value="$v" valueType="freehand"/>
				</object>
				<object type="InstanceObject:instanceKeyValue" version="2">
					<property name="name" value="run_id" valueType="string"/>
					<property name="keyValueType" value="VARCHAR" valueType="string"/>
					<property name="keyValue" value="$run_id" valueType="freehand"/>
				</object>
				<object type="InstanceObject:instanceKeyValue" version="2">
					<property name="name" value="run_type" valueType="string"/>
					<property name="keyValueType" value="VARCHAR" valueType="string"/>
					<property name="keyValue" value="$run_type" valueType="freehand"/>
				</object>
				<object type="InstanceObject:instanceKeyValue" version="2">
					<property name="name" value="scenarioKey" valueType="string"/>
					<property name="keyValueType" value="VARCHAR" valueType="string"/>
					<property name="keyValue" value="$scenarioKey" valueType="freehand"/>
				</object>
			</property>
			<property name="keyParameters" valueType="object">
				<object type="Task:keyParameters_Aggregation" version="2">
					<property name="models" valueType="table">
						<object type="Task:modelNameRef" version="2">
							<property name="model" value="Portfolio[PRA_Appropriate_PRA].ModifyModel[PRA_CIU_Calc_Inputs].shared_calcs:Aggregation[Consolidated_CIU_Inputs]" valueType="string"/>
						</object>
						<object type="Task:modelNameRef" version="2">
							<property name="model" value="ModifyModel[OPT_Delta_CIU].Aggregation[OPT_CIU_Delta]" valueType="string"/>
						</object>
						<object type="Task:modelNameRef" version="2">
							<property name="model" value="Portfolio[PRA_Appropriate_PRA_Decomposed].ModifyModel[PRA_Decomposed_CIU].shared_calcs:ModifyModel[Decomposed_CIU].ModifyModel[L2_Index_Decomp_with_Constituents].Aggregation[L2_Index_Decomposition]" valueType="string"/>
						</object>
					</property>
					<property name="streams" valueType="table">
						<object type="Task:streamKeyValues" version="2">
							<property name="streamKeyName" value="entity" valueType="string"/>
							<property name="values" value="$entity" valueType="freehand"/>
						</object>
					</property>
				</object>
			</property>
			<property name="nonKeyParameters" valueType="object">
				<object type="Task:nonKeyParameters_Aggregation" version="4">
					<property name="modelDates" valueType="table">
						<object type="Task:modelDateEntry" version="3">
							<property name="model" value="Portfolio[PRA_Appropriate_PRA].ModifyModel[PRA_CIU_Calc_Inputs].shared_calcs:Aggregation[Consolidated_CIU_Inputs]" valueType="string"/>
							<property name="instanceDateAndKeysValues" value="TIME_TAG" valueType="freehand"/>
						</object>
						<object type="Task:modelDateEntry" version="3">
							<property name="model" value="ModifyModel[OPT_Delta_CIU].Aggregation[OPT_CIU_Delta]" valueType="string"/>
							<property name="instanceDateAndKeysValues" value="TIME_TAG" valueType="freehand"/>
						</object>
						<object type="Task:modelDateEntry" version="3">
							<property name="model" value="Portfolio[PRA_Appropriate_PRA_Decomposed].ModifyModel[PRA_Decomposed_CIU].shared_calcs:ModifyModel[Decomposed_CIU].ModifyModel[L2_Index_Decomp_with_Constituents].Aggregation[L2_Index_Decomposition]" valueType="string"/>
							<property name="instanceDateAndKeysValues" value="TIME_TAG" valueType="freehand"/>
						</object>
					</property>
					<property name="archivalFrequency" value="ARCHIVAL_FREQUENCY" valueType="freehand"/>
				</object>
			</property>
			<property name="parentModules" valueType="table"/>
			<property name="locationX" value="26.0" valueType="double"/>
			<property name="locationY" value="21.0" valueType="double"/>
		</object>
		<object type="WorkFlow:taskModule" version="29">
			<property name="name" value="eb12fa19-181a-432d-9c91-d297b6667c40" valueType="string"/>
			<property name="description" value="CIU_Net_Position_in_each_CIU_LE" valueType="string"/>
			<property name="id" value="eb12fa19-181a-432d-9c91-d297b6667c40" valueType="string"/>
			<property name="taskType" value="Aggregation" valueType="string"/>
			<property name="underlyingObject" valueType="url">Aggregation["CIU_Net_Position_in_each_CIU_LE"{d2126624-4e67-4f83-bb9f-bf840209dd20}]</property>
			<property name="asOfDateFormula" value="TIME_TAG" valueType="string"/>
			<property name="instanceKeyValues" valueType="table">
				<object type="InstanceObject:instanceKeyValue" version="2">
					<property name="name" value="v" valueType="string"/>
					<property name="keyValueType" value="VARCHAR" valueType="string"/>
					<property name="keyValue" value="$v" valueType="freehand"/>
				</object>
				<object type="InstanceObject:instanceKeyValue" version="2">
					<property name="name" value="run_id" valueType="string"/>
					<property name="keyValueType" value="VARCHAR" valueType="string"/>
					<property name="keyValue" value="$run_id" valueType="freehand"/>
				</object>
				<object type="InstanceObject:instanceKeyValue" version="2">
					<property name="name" value="run_type" valueType="string"/>
					<property name="keyValueType" value="VARCHAR" valueType="string"/>
					<property name="keyValue" value="$run_type" valueType="freehand"/>
				</object>
				<object type="InstanceObject:instanceKeyValue" version="2">
					<property name="name" value="scenarioKey" valueType="string"/>
					<property name="keyValueType" value="VARCHAR" valueType="string"/>
					<property name="keyValue" value="$scenarioKey" valueType="freehand"/>
				</object>
			</property>
			<property name="keyParameters" valueType="object">
				<object type="Task:keyParameters_Aggregation" version="2">
					<property name="models" valueType="table">
						<object type="Task:modelNameRef" version="2">
							<property name="model" value="Aggregation[CIU_Derived_Positions]" valueType="string"/>
						</object>
						<object type="Task:modelNameRef" version="2">
							<property name="model" value="Aggregation[CIU_Derived_Positions_LE]" valueType="string"/>
						</object>
					</property>
					<property name="streams" valueType="table">
						<object type="Task:streamKeyValues" version="2">
							<property name="streamKeyName" value="entity" valueType="string"/>
							<property name="values" value="$entity" valueType="freehand"/>
						</object>
					</property>
				</object>
			</property>
			<property name="nonKeyParameters" valueType="object">
				<object type="Task:nonKeyParameters_Aggregation" version="4">
					<property name="modelDates" valueType="table">
						<object type="Task:modelDateEntry" version="3">
							<property name="model" value="Aggregation[CIU_Derived_Positions]" valueType="string"/>
							<property name="instanceDateAndKeysValues" value="TIME_TAG" valueType="freehand"/>
						</object>
						<object type="Task:modelDateEntry" version="3">
							<property name="model" value="Aggregation[CIU_Derived_Positions_LE]" valueType="string"/>
							<property name="instanceDateAndKeysValues" value="TIME_TAG" valueType="freehand"/>
						</object>
					</property>
					<property name="archivalFrequency" value="ARCHIVAL_FREQUENCY" valueType="freehand"/>
				</object>
			</property>
			<property name="parentModules" valueType="table">
				<object type="WorkFlow:parentModule" version="2">
					<property name="id" value="9d735fa1-cdbf-446d-b98f-c230e2fcb34d" valueType="string"/>
					<property name="lineConnectors" valueType="table"/>
				</object>
				<object type="WorkFlow:parentModule" version="2">
					<property name="id" value="b3de7760-48c2-4c43-8b3e-eefa0e57be69" valueType="string"/>
					<property name="lineConnectors" valueType="table"/>
				</object>
			</property>
			<property name="locationX" value="297.0" valueType="double"/>
			<property name="locationY" value="74.0" valueType="double"/>
		</object>
		<object type="WorkFlow:taskModule" version="29">
			<property name="name" value="b3de7760-48c2-4c43-8b3e-eefa0e57be69" valueType="string"/>
			<property name="description" value="CIU_Derived_Positions" valueType="string"/>
			<property name="id" value="b3de7760-48c2-4c43-8b3e-eefa0e57be69" valueType="string"/>
			<property name="taskType" value="Aggregation" valueType="string"/>
			<property name="underlyingObject" valueType="url">Aggregation["CIU_Derived_Positions"{d54d56d8-ce0b-451a-818a-d8ebc3d20e6d}]</property>
			<property name="asOfDateFormula" value="TIME_TAG" valueType="string"/>
			<property name="instanceKeyValues" valueType="table">
				<object type="InstanceObject:instanceKeyValue" version="2">
					<property name="name" value="v" valueType="string"/>
					<property name="keyValueType" value="VARCHAR" valueType="string"/>
					<property name="keyValue" value="$v" valueType="freehand"/>
				</object>
				<object type="InstanceObject:instanceKeyValue" version="2">
					<property name="name" value="run_id" valueType="string"/>
					<property name="keyValueType" value="VARCHAR" valueType="string"/>
					<property name="keyValue" value="$run_id" valueType="freehand"/>
				</object>
				<object type="InstanceObject:instanceKeyValue" version="2">
					<property name="name" value="run_type" valueType="string"/>
					<property name="keyValueType" value="VARCHAR" valueType="string"/>
					<property name="keyValue" value="$run_type" valueType="freehand"/>
				</object>
				<object type="InstanceObject:instanceKeyValue" version="2">
					<property name="name" value="scenarioKey" valueType="string"/>
					<property name="keyValueType" value="VARCHAR" valueType="string"/>
					<property name="keyValue" value="$scenarioKey" valueType="freehand"/>
				</object>
			</property>
			<property name="keyParameters" valueType="object">
				<object type="Task:keyParameters_Aggregation" version="2">
					<property name="models" valueType="table">
						<object type="Task:modelNameRef" version="2">
							<property name="model" value="Portfolio[PRA_Appropriate_PRA].ModifyModel[PRA_CIU_Calc_Inputs].shared_calcs:Aggregation[Consolidated_CIU_Inputs]" valueType="string"/>
						</object>
						<object type="Task:modelNameRef" version="2">
							<property name="model" value="ModifyModel[OPT_Delta_CIU].Aggregation[OPT_CIU_Delta]" valueType="string"/>
						</object>
						<object type="Task:modelNameRef" version="2">
							<property name="model" value="Portfolio[PRA_Appropriate_PRA_Decomposed].ModifyModel[PRA_Decomposed_CIU].shared_calcs:ModifyModel[Decomposed_CIU].ModifyModel[L2_Index_Decomp_with_Constituents].Aggregation[L2_Index_Decomposition]" valueType="string"/>
						</object>
					</property>
					<property name="streams" valueType="table">
						<object type="Task:streamKeyValues" version="2">
							<property name="streamKeyName" value="entity" valueType="string"/>
							<property name="values" value="$entity" valueType="freehand"/>
						</object>
					</property>
				</object>
			</property>
			<property name="nonKeyParameters" valueType="object">
				<object type="Task:nonKeyParameters_Aggregation" version="4">
					<property name="modelDates" valueType="table">
						<object type="Task:modelDateEntry" version="3">
							<property name="model" value="Portfolio[PRA_Appropriate_PRA].ModifyModel[PRA_CIU_Calc_Inputs].shared_calcs:Aggregation[Consolidated_CIU_Inputs]" valueType="string"/>
							<property name="instanceDateAndKeysValues" value="TIME_TAG" valueType="freehand"/>
						</object>
						<object type="Task:modelDateEntry" version="3">
							<property name="model" value="ModifyModel[OPT_Delta_CIU].Aggregation[OPT_CIU_Delta]" valueType="string"/>
							<property name="instanceDateAndKeysValues" value="TIME_TAG" valueType="freehand"/>
						</object>
						<object type="Task:modelDateEntry" version="3">
							<property name="model" value="Portfolio[PRA_Appropriate_PRA_Decomposed].ModifyModel[PRA_Decomposed_CIU].shared_calcs:ModifyModel[Decomposed_CIU].ModifyModel[L2_Index_Decomp_with_Constituents].Aggregation[L2_Index_Decomposition]" valueType="string"/>
							<property name="instanceDateAndKeysValues" value="TIME_TAG" valueType="freehand"/>
						</object>
					</property>
					<property name="archivalFrequency" value="ARCHIVAL_FREQUENCY" valueType="freehand"/>
				</object>
			</property>
			<property name="parentModules" valueType="table"/>
			<property name="locationX" value="58.0" valueType="double"/>
			<property name="locationY" value="140.0" valueType="double"/>
		</object>
		<object type="WorkFlow:taskModule" version="29">
			<property name="name" value="079f726a-45ca-4930-81f8-b36a6ba8a947" valueType="string"/>
			<property name="description" value="CIU_Net_Position_in_each_CIU" valueType="string"/>
			<property name="id" value="079f726a-45ca-4930-81f8-b36a6ba8a947" valueType="string"/>
			<property name="taskType" value="Aggregation" valueType="string"/>
			<property name="underlyingObject" valueType="url">Aggregation["CIU_Net_Position_in_each_CIU"{a9fbde18-382b-4846-99b4-e8c8509b1abf}]</property>
			<property name="asOfDateFormula" value="TIME_TAG" valueType="string"/>
			<property name="instanceKeyValues" valueType="table">
				<object type="InstanceObject:instanceKeyValue" version="2">
					<property name="name" value="v" valueType="string"/>
					<property name="keyValueType" value="VARCHAR" valueType="string"/>
					<property name="keyValue" value="$v" valueType="freehand"/>
				</object>
				<object type="InstanceObject:instanceKeyValue" version="2">
					<property name="name" value="run_id" valueType="string"/>
					<property name="keyValueType" value="VARCHAR" valueType="string"/>
					<property name="keyValue" value="$run_id" valueType="freehand"/>
				</object>
				<object type="InstanceObject:instanceKeyValue" version="2">
					<property name="name" value="run_type" valueType="string"/>
					<property name="keyValueType" value="VARCHAR" valueType="string"/>
					<property name="keyValue" value="$run_type" valueType="freehand"/>
				</object>
				<object type="InstanceObject:instanceKeyValue" version="2">
					<property name="name" value="scenarioKey" valueType="string"/>
					<property name="keyValueType" value="VARCHAR" valueType="string"/>
					<property name="keyValue" value="$scenarioKey" valueType="freehand"/>
				</object>
			</property>
			<property name="keyParameters" valueType="object">
				<object type="Task:keyParameters_Aggregation" version="2">
					<property name="models" valueType="table">
						<object type="Task:modelNameRef" version="2">
							<property name="model" value="Aggregation[CIU_Derived_Positions]" valueType="string"/>
						</object>
					</property>
					<property name="streams" valueType="table">
						<object type="Task:streamKeyValues" version="2">
							<property name="streamKeyName" value="entity" valueType="string"/>
							<property name="values" value="$entity" valueType="freehand"/>
						</object>
					</property>
				</object>
			</property>
			<property name="nonKeyParameters" valueType="object">
				<object type="Task:nonKeyParameters_Aggregation" version="4">
					<property name="modelDates" valueType="table">
						<object type="Task:modelDateEntry" version="3">
							<property name="model" value="Aggregation[CIU_Derived_Positions]" valueType="string"/>
							<property name="instanceDateAndKeysValues" value="TIME_TAG" valueType="freehand"/>
						</object>
					</property>
					<property name="archivalFrequency" value="ARCHIVAL_FREQUENCY" valueType="freehand"/>
				</object>
			</property>
			<property name="parentModules" valueType="table">
				<object type="WorkFlow:parentModule" version="2">
					<property name="id" value="b3de7760-48c2-4c43-8b3e-eefa0e57be69" valueType="string"/>
					<property name="lineConnectors" valueType="table"/>
				</object>
			</property>
			<property name="locationX" value="297.0" valueType="double"/>
			<property name="locationY" value="190.0" valueType="double"/>
		</object>
		<object type="WorkFlow:taskModule" version="29">
			<property name="name" value="78ae4939-eeb4-45f2-932b-8b3b00d4e22e" valueType="string"/>
			<property name="description" value="CIU_Basic_Method" valueType="string"/>
			<property name="id" value="78ae4939-eeb4-45f2-932b-8b3b00d4e22e" valueType="string"/>
			<property name="taskType" value="Portfolio" valueType="string"/>
			<property name="underlyingObject" valueType="url">Portfolio["CIU_Basic_Method"{90c7d2c2-7c0b-43e5-a333-b0a0d67ecfe5}]</property>
			<property name="asOfDateFormula" value="TIME_TAG" valueType="string"/>
			<property name="instanceKeyValues" valueType="table">
				<object type="InstanceObject:instanceKeyValue" version="2">
					<property name="name" value="v" valueType="string"/>
					<property name="keyValueType" value="VARCHAR" valueType="string"/>
					<property name="keyValue" value="$v" valueType="freehand"/>
				</object>
				<object type="InstanceObject:instanceKeyValue" version="2">
					<property name="name" value="run_id" valueType="string"/>
					<property name="keyValueType" value="VARCHAR" valueType="string"/>
					<property name="keyValue" value="$run_id" valueType="freehand"/>
				</object>
				<object type="InstanceObject:instanceKeyValue" version="2">
					<property name="name" value="run_type" valueType="string"/>
					<property name="keyValueType" value="VARCHAR" valueType="string"/>
					<property name="keyValue" value="$run_type" valueType="freehand"/>
				</object>
				<object type="InstanceObject:instanceKeyValue" version="2">
					<property name="name" value="scenarioKey" valueType="string"/>
					<property name="keyValueType" value="VARCHAR" valueType="string"/>
					<property name="keyValue" value="$scenarioKey" valueType="freehand"/>
				</object>
			</property>
			<property name="keyParameters" valueType="object">
				<object type="Task:keyParameters_Portfolio" version="2">
					<property name="models" valueType="table">
						<object type="Task:modelNameRef" version="2">
							<property name="model" value="Aggregation[CIU_Net_Position_in_each_CIU]" valueType="string"/>
						</object>
					</property>
					<property name="streams" valueType="table">
						<object type="Task:streamKeyValues" version="2">
							<property name="streamKeyName" value="entity" valueType="string"/>
							<property name="values" value="$entity" valueType="freehand"/>
						</object>
					</property>
				</object>
			</property>
			<property name="nonKeyParameters" valueType="object">
				<object type="Task:nonKeyParameters_Portfolio" version="4">
					<property name="modelDates" valueType="table">
						<object type="Task:modelDateEntry" version="3">
							<property name="model" value="Aggregation[CIU_Net_Position_in_each_CIU]" valueType="string"/>
							<property name="instanceDateAndKeysValues" value="TIME_TAG" valueType="freehand"/>
						</object>
					</property>
					<property name="archivalFrequency" value="ARCHIVAL_FREQUENCY" valueType="freehand"/>
				</object>
			</property>
			<property name="parentModules" valueType="table">
				<object type="WorkFlow:parentModule" version="2">
					<property name="id" value="079f726a-45ca-4930-81f8-b36a6ba8a947" valueType="string"/>
					<property name="lineConnectors" valueType="table"/>
				</object>
			</property>
			<property name="locationX" value="616.0" valueType="double"/>
			<property name="locationY" value="191.0" valueType="double"/>
		</object>
	</property>
	<property name="archivalProperties" valueType="object">
		<object type="ArchivalProperties" version="2">
			<property name="daily" value="false" valueType="boolean"/>
			<property name="weekly" value="false" valueType="boolean"/>
			<property name="monthly" value="false" valueType="boolean"/>
			<property name="quarterly" value="false" valueType="boolean"/>
			<property name="semiAnnually" value="false" valueType="boolean"/>
			<property name="annually" value="false" valueType="boolean"/>
			<property name="intraDay" value="false" valueType="boolean"/>
			<property name="userDefined" value="false" valueType="boolean"/>
		</object>
	</property>
	<property name="iterators" valueType="table"/>
	<property name="keyParameters" valueType="table"/>
	<property name="nonKeyParameters" valueType="table"/>
</object>