<object stamp="02f5cbbe-a42c-4a84-a312-f4d064363cb6_1698226524916" type="DataSource" version="18">
	<property name="name" value="IRB_Specialised_Lending_Exposures" valueType="string"/>
	<property name="description" value="" valueType="string"/>
	<property name="objectId" value="546b23e7-2ab3-4c64-8411-06f217d035c3" valueType="string"/>
	<property name="branchId" value="abd5d443-df6a-4329-a4bc-71fc002f8fcf" valueType="string"/>
	<property name="hosting" value="INTERNAL" valueType="string"/>
	<property name="dbSource" valueType="url">DBSource["POSTGRES"{7141b02a-a2bf-46bb-9ad0-fa1087f431e1}]</property>
	<property name="loader" valueType="url"/>
	<property name="defaultVisibilityInModel" value="true" valueType="boolean"/>
	<property name="dataStructure" value="FLAT" valueType="string"/>
	<property name="layout" valueType="table">
		<object type="DataSource:field" version="5">
			<property name="name" value="jrsdctn" valueType="string"/>
			<property name="description" value="" valueType="string"/>
			<property name="id" value="6070c2d6-6a2b-40af-9814-7fbffa9e0e17" valueType="string"/>
			<property name="title" value="Jurisdiction" valueType="string"/>
			<property name="type" value="VARCHAR" valueType="string"/>
			<property name="size" value="2" valueType="integer"/>
			<property name="allowNulls" value="false" valueType="boolean"/>
			<property name="allowDefault" value="false" valueType="boolean"/>
			<property name="isAutoUniqueId" value="false" valueType="boolean"/>
			<property name="syntheticContent" valueType="table"/>
			<property name="lookupSource" valueType="url"/>
			<property name="parentFields" valueType="table"/>
			<property name="aggregatedFunction" value="" valueType="string"/>
			<property name="isCountFieldFor" valueType="url"/>
			<property name="producingMap" valueType="table"/>
			<property name="displayFormat" value="" valueType="string"/>
			<property name="showSubtotal" value="false" valueType="boolean"/>
			<property name="isHidden" value="false" valueType="boolean"/>
		</object>
		<object type="DataSource:field" version="5">
			<property name="name" value="enm_irb_spclsd_lndng_ctgry" valueType="string"/>
			<property name="description" value="" valueType="string"/>
			<property name="id" value="5f1aa141-607f-46c8-a7d7-2ec7e59be9e5" valueType="string"/>
			<property name="title" value="Specialised Lending Category" valueType="string"/>
			<property name="type" value="VARCHAR" valueType="string"/>
			<property name="size" value="100" valueType="integer"/>
			<property name="allowNulls" value="false" valueType="boolean"/>
			<property name="allowDefault" value="false" valueType="boolean"/>
			<property name="isAutoUniqueId" value="false" valueType="boolean"/>
			<property name="syntheticContent" valueType="table"/>
			<property name="lookupSource" valueType="url"/>
			<property name="parentFields" valueType="table"/>
			<property name="aggregatedFunction" value="" valueType="string"/>
			<property name="isCountFieldFor" valueType="url"/>
			<property name="producingMap" valueType="table"/>
			<property name="displayFormat" value="" valueType="string"/>
			<property name="showSubtotal" value="false" valueType="boolean"/>
			<property name="isHidden" value="false" valueType="boolean"/>
		</object>
		<object type="DataSource:field" version="5">
			<property name="name" value="spclsd_lndng_mtrty" valueType="string"/>
			<property name="description" value="" valueType="string"/>
			<property name="id" value="67e52cfb-4136-4224-8ba2-94178f8667bb" valueType="string"/>
			<property name="title" value="Specialised Lending Maturity" valueType="string"/>
			<property name="type" value="VARCHAR" valueType="string"/>
			<property name="size" value="100" valueType="integer"/>
			<property name="allowNulls" value="false" valueType="boolean"/>
			<property name="allowDefault" value="false" valueType="boolean"/>
			<property name="isAutoUniqueId" value="false" valueType="boolean"/>
			<property name="syntheticContent" valueType="table"/>
			<property name="lookupSource" valueType="url"/>
			<property name="parentFields" valueType="table"/>
			<property name="aggregatedFunction" value="" valueType="string"/>
			<property name="isCountFieldFor" valueType="url"/>
			<property name="producingMap" valueType="table"/>
			<property name="displayFormat" value="" valueType="string"/>
			<property name="showSubtotal" value="false" valueType="boolean"/>
			<property name="isHidden" value="false" valueType="boolean"/>
		</object>
		<object type="DataSource:field" version="5">
			<property name="name" value="enm_irb_spclsd_lndng_sub_ctgry" valueType="string"/>
			<property name="description" value="" valueType="string"/>
			<property name="id" value="8c05a475-ecb9-40a1-af5b-3260c02c4ddb" valueType="string"/>
			<property name="title" value="Specialised Lending Sub Category" valueType="string"/>
			<property name="type" value="VARCHAR" valueType="string"/>
			<property name="size" value="100" valueType="integer"/>
			<property name="allowNulls" value="false" valueType="boolean"/>
			<property name="allowDefault" value="false" valueType="boolean"/>
			<property name="isAutoUniqueId" value="false" valueType="boolean"/>
			<property name="syntheticContent" valueType="table"/>
			<property name="lookupSource" valueType="url"/>
			<property name="parentFields" valueType="table"/>
			<property name="aggregatedFunction" value="" valueType="string"/>
			<property name="isCountFieldFor" valueType="url"/>
			<property name="producingMap" valueType="table"/>
			<property name="displayFormat" value="" valueType="string"/>
			<property name="showSubtotal" value="false" valueType="boolean"/>
			<property name="isHidden" value="false" valueType="boolean"/>
		</object>
		<object type="DataSource:field" version="5">
			<property name="name" value="el_rw" valueType="string"/>
			<property name="description" value="" valueType="string"/>
			<property name="id" value="3c41fcd3-5d7d-4ca1-922c-82f526fe96b1" valueType="string"/>
			<property name="title" value="Expected Losses RW" valueType="string"/>
			<property name="type" value="FLOAT" valueType="string"/>
			<property name="allowNulls" value="true" valueType="boolean"/>
			<property name="allowDefault" value="false" valueType="boolean"/>
			<property name="syntheticContent" valueType="table"/>
			<property name="lookupSource" valueType="url"/>
			<property name="parentFields" valueType="table"/>
			<property name="aggregatedFunction" value="" valueType="string"/>
			<property name="isCountFieldFor" valueType="url"/>
			<property name="producingMap" valueType="table"/>
			<property name="displayFormat" value="0.####" valueType="string"/>
			<property name="showSubtotal" value="false" valueType="boolean"/>
			<property name="isHidden" value="false" valueType="boolean"/>
		</object>
		<object type="DataSource:field" version="5">
			<property name="name" value="el_prcntg" valueType="string"/>
			<property name="description" value="" valueType="string"/>
			<property name="id" value="a76b3d04-7fa1-4ffe-b21f-6aa7f746a31a" valueType="string"/>
			<property name="title" value="Expected Losses Percentage" valueType="string"/>
			<property name="type" value="FLOAT" valueType="string"/>
			<property name="allowNulls" value="true" valueType="boolean"/>
			<property name="allowDefault" value="false" valueType="boolean"/>
			<property name="syntheticContent" valueType="table"/>
			<property name="lookupSource" valueType="url"/>
			<property name="parentFields" valueType="table"/>
			<property name="aggregatedFunction" value="" valueType="string"/>
			<property name="isCountFieldFor" valueType="url"/>
			<property name="producingMap" valueType="table"/>
			<property name="displayFormat" value="0.####" valueType="string"/>
			<property name="showSubtotal" value="false" valueType="boolean"/>
			<property name="isHidden" value="false" valueType="boolean"/>
		</object>
		<object type="DataSource:field" version="5">
			<property name="name" value="uk_spclsd_lndng_ctgry" valueType="string"/>
			<property name="description" value="" valueType="string"/>
			<property name="id" value="68742ee6-c57a-4129-945a-754a9eeddf2c" valueType="string"/>
			<property name="title" value="UK Specialised Lending Category" valueType="string"/>
			<property name="type" value="VARCHAR" valueType="string"/>
			<property name="size" value="50" valueType="integer"/>
			<property name="allowNulls" value="true" valueType="boolean"/>
			<property name="allowDefault" value="false" valueType="boolean"/>
			<property name="isAutoUniqueId" value="false" valueType="boolean"/>
			<property name="syntheticContent" valueType="table"/>
			<property name="lookupSource" valueType="url"/>
			<property name="parentFields" valueType="table"/>
			<property name="aggregatedFunction" value="" valueType="string"/>
			<property name="isCountFieldFor" valueType="url"/>
			<property name="producingMap" valueType="table"/>
			<property name="displayFormat" value="" valueType="string"/>
			<property name="showSubtotal" value="false" valueType="boolean"/>
			<property name="isHidden" value="false" valueType="boolean"/>
		</object>
	</property>
	<property name="keyFields" valueType="table">
		<object type="DataSource:localFieldReference" version="3">
			<property name="value" valueType="url">DataSource[this].layout["enm_irb_spclsd_lndng_ctgry"{5f1aa141-607f-46c8-a7d7-2ec7e59be9e5}]</property>
		</object>
		<object type="DataSource:localFieldReference" version="3">
			<property name="value" valueType="url">DataSource[this].layout["spclsd_lndng_mtrty"{67e52cfb-4136-4224-8ba2-94178f8667bb}]</property>
		</object>
		<object type="DataSource:localFieldReference" version="3">
			<property name="value" valueType="url">DataSource[this].layout["jrsdctn"{6070c2d6-6a2b-40af-9814-7fbffa9e0e17}]</property>
		</object>
		<object type="DataSource:localFieldReference" version="3">
			<property name="value" valueType="url">DataSource[this].layout["enm_irb_spclsd_lndng_sub_ctgry"{8c05a475-ecb9-40a1-af5b-3260c02c4ddb}]</property>
		</object>
	</property>
	<property name="index" valueType="table"/>
	<property name="createIndexOnKeyFields" value="true" valueType="boolean"/>
	<property name="indexOnKeyFieldsClustered" value="true" valueType="boolean"/>
	<property name="storageType" value="PERMANENT" valueType="string"/>
	<property name="internalSourceTablePrefix" value="" valueType="string"/>
	<property name="postTableCreationStatements" valueType="table"/>
	<property name="postAdjustmentTableCreationStatements" valueType="table"/>
	<property name="dataLoadVariables" valueType="table"/>
	<property name="computeStatistics" value="NONE" valueType="string"/>
	<property name="reapplyAdjustmentsAfterDataLoad" value="false" valueType="boolean"/>
	<property name="archivalProperties" valueType="object">
		<object type="ArchivalProperties" version="2">
			<property name="daily" value="false" valueType="boolean"/>
			<property name="weekly" value="false" valueType="boolean"/>
			<property name="monthly" value="false" valueType="boolean"/>
			<property name="quarterly" value="false" valueType="boolean"/>
			<property name="semiAnnually" value="false" valueType="boolean"/>
			<property name="annually" value="false" valueType="boolean"/>
			<property name="intraDay" value="false" valueType="boolean"/>
			<property name="userDefined" value="false" valueType="boolean"/>
		</object>
	</property>
	<property name="validations" valueType="table"/>
	<property name="fourEyesCheck" value="false" valueType="boolean"/>
	<property name="readOnlyAdjustment" value="false" valueType="boolean"/>
	<property name="freezeLevel" value="1" valueType="integer"/>
	<property name="instanceRebuildRestriction" value="AlterFullRebuild" valueType="string"/>
</object>