<object stamp="d215b842-6f83-4c62-93f1-953a59efa77f_1722964661316" type="Aggregation" version="12">
	<property name="name" value="CIU_Net_Position_in_each_CIU" valueType="string"/>
	<property name="description" value="CIU_Net_Position_in_each_CIU" valueType="string"/>
	<property name="objectId" value="a9fbde18-382b-4846-99b4-e8c8509b1abf" valueType="string"/>
	<property name="branchId" value="f373907f-fa0a-40d6-b143-ab4efdb3216b" valueType="string"/>
	<property name="comment" value="This object calculates the net_market_value_rep at security_reference level" valueType="string"/>
	<property name="models" valueType="table">
		<object type="ModelBasedTask:modelEntry" version="3">
			<property name="dataModel" valueType="url">DataModel["Aggregation[CIU_Derived_Positions]"{Aggregation[d54d56d8-ce0b-451a-818a-d8ebc3d20e6d]}]</property>
			<property name="instanceSelectionRule" valueType="object">
				<object type="InstanceSelectionRule" version="3">
					<property name="instanceDateRule" valueType="object">
						<object type="InstanceSelectionRule:rule" version="3">
							<property name="type" value="EQUAL" valueType="string"/>
						</object>
					</property>
					<property name="instanceKeyRules" valueType="table"/>
				</object>
			</property>
		</object>
	</property>
	<property name="requiresAllModels" value="false" valueType="boolean"/>
	<property name="parameters" valueType="table"/>
	<property name="details" valueType="table">
		<object type="Aggregation:detail" version="6">
			<property name="name" value="entity" valueType="string"/>
			<property name="description" value="" valueType="string"/>
			<property name="id" value="2f96c00d-5635-4dc5-a047-1836206baf6a" valueType="string"/>
			<property name="overrideLookupInformation" value="false" valueType="boolean"/>
			<property name="displayFormat" value="" valueType="string"/>
			<property name="title" value="Entity" valueType="string"/>
			<property name="overrideNullable" value="DEFAULT" valueType="string"/>
		</object>
		<object type="Aggregation:detail" version="6">
			<property name="name" value="id_scrty" valueType="string"/>
			<property name="description" value="" valueType="string"/>
			<property name="id" value="f4222e2c-61f2-4fb8-8de8-e133ee116e85" valueType="string"/>
			<property name="overrideLookupInformation" value="false" valueType="boolean"/>
			<property name="displayFormat" value="" valueType="string"/>
			<property name="title" value="Security ID" valueType="string"/>
			<property name="overrideNullable" value="DEFAULT" valueType="string"/>
		</object>
		<object type="Aggregation:detail" version="6">
			<property name="name" value="id_trc" valueType="string"/>
			<property name="description" value="" valueType="string"/>
			<property name="id" value="398e139e-63e1-4457-8382-3bc6bfd8fc3a" valueType="string"/>
			<property name="overrideLookupInformation" value="false" valueType="boolean"/>
			<property name="displayFormat" value="" valueType="string"/>
			<property name="title" value="Trace ID" valueType="string"/>
			<property name="overrideNullable" value="DEFAULT" valueType="string"/>
		</object>
		<object type="Aggregation:detail" version="6">
			<property name="name" value="legal_entity" valueType="string"/>
			<property name="description" value="" valueType="string"/>
			<property name="id" value="11558e41-b758-4dff-bfe0-005df197e405" valueType="string"/>
			<property name="overrideLookupInformation" value="false" valueType="boolean"/>
			<property name="displayFormat" value="" valueType="string"/>
			<property name="title" value="Legal Entity" valueType="string"/>
			<property name="overrideNullable" value="DEFAULT" valueType="string"/>
		</object>
	</property>
	<property name="calcFields" valueType="table">
		<object type="Aggregation:calcField" version="7">
			<property name="name" value="ciu_calc_mthd" valueType="string"/>
			<property name="description" value="" valueType="string"/>
			<property name="id" value="1d362857-7c72-404c-8fc2-5a8bfe4e6fed" valueType="string"/>
			<property name="aggrMethod" value="MIN" valueType="string"/>
			<property name="calcTotal" value="false" valueType="boolean"/>
			<property name="calcFormula" valueType="table"/>
			<property name="displayFormat" value="" valueType="string"/>
			<property name="overrideLookupInformation" value="false" valueType="boolean"/>
			<property name="title" value="CIU Calculation Method" valueType="string"/>
			<property name="overrideNullable" value="NOT_NULLABLE" valueType="string"/>
		</object>
		<object type="Aggregation:calcField" version="7">
			<property name="name" value="qntty" valueType="string"/>
			<property name="description" value="" valueType="string"/>
			<property name="id" value="93b220c2-3de7-4d21-abff-b2670a26f54b" valueType="string"/>
			<property name="aggrMethod" value="SUM" valueType="string"/>
			<property name="calcTotal" value="true" valueType="boolean"/>
			<property name="calcFormula" valueType="table"/>
			<property name="displayFormat" value="" valueType="string"/>
			<property name="overrideLookupInformation" value="false" valueType="boolean"/>
			<property name="title" value="Quantity" valueType="string"/>
			<property name="overrideNullable" value="DEFAULT" valueType="string"/>
		</object>
		<object type="Aggregation:calcField" version="7">
			<property name="name" value="apprprt_pra" valueType="string"/>
			<property name="description" value="" valueType="string"/>
			<property name="id" value="f1ee3f82-fb18-4dab-bae4-8432e74ea602" valueType="string"/>
			<property name="aggrMethod" value="MIN" valueType="string"/>
			<property name="calcTotal" value="false" valueType="boolean"/>
			<property name="calcFormula" valueType="table"/>
			<property name="displayFormat" value="" valueType="string"/>
			<property name="overrideLookupInformation" value="false" valueType="boolean"/>
			<property name="title" value="Appropriate PRA" valueType="string"/>
			<property name="overrideNullable" value="DEFAULT" valueType="string"/>
		</object>
		<object type="Aggregation:calcField" version="7">
			<property name="name" value="orgnl_ccy_code" valueType="string"/>
			<property name="description" value="" valueType="string"/>
			<property name="id" value="54d5bf90-bef5-427d-aefc-e314304fc434" valueType="string"/>
			<property name="aggrMethod" value="MIN" valueType="string"/>
			<property name="calcTotal" value="false" valueType="boolean"/>
			<property name="calcFormula" valueType="table"/>
			<property name="displayFormat" value="" valueType="string"/>
			<property name="overrideLookupInformation" value="false" valueType="boolean"/>
			<property name="title" value="Original Currency Code" valueType="string"/>
			<property name="overrideNullable" value="DEFAULT" valueType="string"/>
		</object>
		<object type="Aggregation:calcField" version="7">
			<property name="name" value="enm_prdct_typ" valueType="string"/>
			<property name="description" value="" valueType="string"/>
			<property name="id" value="828b154a-79a0-49e4-9bc5-2b1f3098166d" valueType="string"/>
			<property name="aggrMethod" value="MIN" valueType="string"/>
			<property name="calcTotal" value="false" valueType="boolean"/>
			<property name="calcFormula" valueType="table"/>
			<property name="displayFormat" value="" valueType="string"/>
			<property name="overrideLookupInformation" value="false" valueType="boolean"/>
			<property name="title" value="Product Type" valueType="string"/>
			<property name="overrideNullable" value="DEFAULT" valueType="string"/>
		</object>
		<object type="Aggregation:calcField" version="7">
			<property name="name" value="enm_issr_typ" valueType="string"/>
			<property name="description" value="" valueType="string"/>
			<property name="id" value="6b2b9828-a93f-45c1-9b4f-4936b8a41d0e" valueType="string"/>
			<property name="aggrMethod" value="MIN" valueType="string"/>
			<property name="calcTotal" value="false" valueType="boolean"/>
			<property name="calcFormula" valueType="table"/>
			<property name="displayFormat" value="" valueType="string"/>
			<property name="overrideLookupInformation" value="false" valueType="boolean"/>
			<property name="title" value="Issuer Type" valueType="string"/>
			<property name="overrideNullable" value="DEFAULT" valueType="string"/>
		</object>
		<object type="Aggregation:calcField" version="7">
			<property name="name" value="ccb_cntry_rsdnc" valueType="string"/>
			<property name="description" value="" valueType="string"/>
			<property name="id" value="595848ee-da1d-452a-992e-89957833ca2b" valueType="string"/>
			<property name="aggrMethod" value="MIN" valueType="string"/>
			<property name="calcTotal" value="false" valueType="boolean"/>
			<property name="calcFormula" valueType="table"/>
			<property name="displayFormat" value="" valueType="string"/>
			<property name="overrideLookupInformation" value="false" valueType="boolean"/>
			<property name="title" value="CCB Country of Residence" valueType="string"/>
			<property name="overrideNullable" value="DEFAULT" valueType="string"/>
		</object>
		<object type="Aggregation:calcField" version="7">
			<property name="name" value="net_mrkt_vl" valueType="string"/>
			<property name="description" value="" valueType="string"/>
			<property name="id" value="d2ee35a3-dddc-4a40-986e-b9471bfbeba6" valueType="string"/>
			<property name="aggrMethod" value="SUM" valueType="string"/>
			<property name="calcTotal" value="true" valueType="boolean"/>
			<property name="calcFormula" valueType="table"/>
			<property name="displayFormat" value="" valueType="string"/>
			<property name="overrideLookupInformation" value="false" valueType="boolean"/>
			<property name="title" value="Net Market Value" valueType="string"/>
			<property name="overrideNullable" value="DEFAULT" valueType="string"/>
		</object>
		<object type="Aggregation:calcField" version="7">
			<property name="name" value="id_issr" valueType="string"/>
			<property name="description" value="" valueType="string"/>
			<property name="id" value="a77d3b34-9220-4d94-a742-d2cdc7ae27fe" valueType="string"/>
			<property name="aggrMethod" value="MIN" valueType="string"/>
			<property name="calcTotal" value="false" valueType="boolean"/>
			<property name="calcFormula" valueType="table"/>
			<property name="displayFormat" value="" valueType="string"/>
			<property name="overrideLookupInformation" value="false" valueType="boolean"/>
			<property name="title" value="Issuer ID" valueType="string"/>
			<property name="overrideNullable" value="DEFAULT" valueType="string"/>
		</object>
		<object type="Aggregation:calcField" version="7">
			<property name="name" value="expsr_undrlyng_assts_ind" valueType="string"/>
			<property name="description" value="" valueType="string"/>
			<property name="id" value="9fb6c5ac-0a06-4ed9-8d0b-3d15025eec55" valueType="string"/>
			<property name="aggrMethod" value="MIN" valueType="string"/>
			<property name="calcTotal" value="false" valueType="boolean"/>
			<property name="calcFormula" valueType="table"/>
			<property name="displayFormat" value="" valueType="string"/>
			<property name="overrideLookupInformation" value="false" valueType="boolean"/>
			<property name="title" value="Exposures To Underlying Assets Indicator" valueType="string"/>
			<property name="overrideNullable" value="DEFAULT" valueType="string"/>
		</object>
		<object type="Aggregation:calcField" version="7">
			<property name="name" value="le_exmpt_ind" valueType="string"/>
			<property name="description" value="" valueType="string"/>
			<property name="id" value="adf3c35b-50c3-4d7e-bb2e-30a02482edbc" valueType="string"/>
			<property name="aggrMethod" value="MIN" valueType="string"/>
			<property name="calcTotal" value="false" valueType="boolean"/>
			<property name="calcFormula" valueType="table"/>
			<property name="displayFormat" value="" valueType="string"/>
			<property name="overrideLookupInformation" value="false" valueType="boolean"/>
			<property name="title" value="LE Exempt Indicator" valueType="string"/>
			<property name="overrideNullable" value="DEFAULT" valueType="string"/>
		</object>
		<object type="Aggregation:calcField" version="7">
			<property name="name" value="le_excld_ind" valueType="string"/>
			<property name="description" value="" valueType="string"/>
			<property name="id" value="414de909-3189-4eb4-8faf-471745d6fafb" valueType="string"/>
			<property name="aggrMethod" value="MIN" valueType="string"/>
			<property name="calcTotal" value="false" valueType="boolean"/>
			<property name="calcFormula" valueType="table"/>
			<property name="displayFormat" value="" valueType="string"/>
			<property name="overrideLookupInformation" value="false" valueType="boolean"/>
			<property name="title" value="LE Exclude Indicator" valueType="string"/>
			<property name="overrideNullable" value="DEFAULT" valueType="string"/>
		</object>
		<object type="Aggregation:calcField" version="7">
			<property name="name" value="enm_unrgltd_fnncl_entity" valueType="string"/>
			<property name="description" value="" valueType="string"/>
			<property name="id" value="11a3bc0f-8a97-4298-9927-48bad846455f" valueType="string"/>
			<property name="aggrMethod" value="MIN" valueType="string"/>
			<property name="calcTotal" value="false" valueType="boolean"/>
			<property name="calcFormula" valueType="table"/>
			<property name="displayFormat" value="" valueType="string"/>
			<property name="overrideLookupInformation" value="false" valueType="boolean"/>
			<property name="title" value="Unregulated Financial Entity" valueType="string"/>
			<property name="overrideNullable" value="DEFAULT" valueType="string"/>
		</object>
		<object type="Aggregation:calcField" version="7">
			<property name="name" value="tb_excss_prsst_prd" valueType="string"/>
			<property name="description" value="" valueType="string"/>
			<property name="id" value="4df32ec6-a784-4994-8cab-5953a9304a8e" valueType="string"/>
			<property name="aggrMethod" value="MIN" valueType="string"/>
			<property name="calcTotal" value="false" valueType="boolean"/>
			<property name="calcFormula" valueType="table"/>
			<property name="displayFormat" value="" valueType="string"/>
			<property name="overrideLookupInformation" value="false" valueType="boolean"/>
			<property name="title" value="TB Excess Persistence Period" valueType="string"/>
			<property name="overrideNullable" value="DEFAULT" valueType="string"/>
		</object>
		<object type="Aggregation:calcField" version="7">
			<property name="name" value="shdw_bnkng_ind" valueType="string"/>
			<property name="description" value="" valueType="string"/>
			<property name="id" value="bbe1f852-31f5-4942-989c-4e639ac98ff7" valueType="string"/>
			<property name="aggrMethod" value="MIN" valueType="string"/>
			<property name="calcTotal" value="false" valueType="boolean"/>
			<property name="calcFormula" valueType="table"/>
			<property name="displayFormat" value="" valueType="string"/>
			<property name="overrideLookupInformation" value="false" valueType="boolean"/>
			<property name="title" value="Shadow Banking Indicator" valueType="string"/>
			<property name="overrideNullable" value="DEFAULT" valueType="string"/>
		</object>
		<object type="Aggregation:calcField" version="7">
			<property name="name" value="entity_cntry_gb_eu" valueType="string"/>
			<property name="description" value="" valueType="string"/>
			<property name="id" value="c71d716b-0436-4ee0-a572-240ee0fa9dbb" valueType="string"/>
			<property name="aggrMethod" value="MAX" valueType="string"/>
			<property name="calcTotal" value="false" valueType="boolean"/>
			<property name="calcFormula" valueType="table"/>
			<property name="displayFormat" value="" valueType="string"/>
			<property name="overrideLookupInformation" value="false" valueType="boolean"/>
			<property name="title" value="Entity Country GB or EU" valueType="string"/>
			<property name="overrideNullable" value="DEFAULT" valueType="string"/>
		</object>
		<object type="Aggregation:calcField" version="7">
			<property name="name" value="rprt_corp_exp_as_inst_ind" valueType="string"/>
			<property name="description" value="" valueType="string"/>
			<property name="id" value="5d73d06d-e933-4745-a86e-3b383f236972" valueType="string"/>
			<property name="aggrMethod" value="MAX" valueType="string"/>
			<property name="calcTotal" value="false" valueType="boolean"/>
			<property name="calcFormula" valueType="table"/>
			<property name="displayFormat" value="" valueType="string"/>
			<property name="overrideLookupInformation" value="false" valueType="boolean"/>
			<property name="title" value="Report Corporate Exposure as Institution Indicator" valueType="string"/>
			<property name="overrideNullable" value="DEFAULT" valueType="string"/>
		</object>
		<object type="Aggregation:calcField" version="7">
			<property name="name" value="enm_ciu_apprch" valueType="string"/>
			<property name="description" value="" valueType="string"/>
			<property name="id" value="f13326f9-08eb-4028-9706-e0f068e264ec" valueType="string"/>
			<property name="aggrMethod" value="MIN" valueType="string"/>
			<property name="calcTotal" value="false" valueType="boolean"/>
			<property name="calcFormula" valueType="table"/>
			<property name="displayFormat" value="" valueType="string"/>
			<property name="overrideLookupInformation" value="false" valueType="boolean"/>
			<property name="title" value="CIU Approach" valueType="string"/>
			<property name="overrideNullable" value="DEFAULT" valueType="string"/>
		</object>
		<object type="Aggregation:calcField" version="7">
			<property name="name" value="ovrrd_rlvnt_crdt_expsr_ind" valueType="string"/>
			<property name="description" value="" valueType="string"/>
			<property name="id" value="ec98aa1a-2d08-4827-94d2-2bbc86931c98" valueType="string"/>
			<property name="aggrMethod" value="MAX" valueType="string"/>
			<property name="calcTotal" value="false" valueType="boolean"/>
			<property name="calcFormula" valueType="table"/>
			<property name="displayFormat" value="" valueType="string"/>
			<property name="overrideLookupInformation" value="false" valueType="boolean"/>
			<property name="title" value="Override Relevant Credit Exposure Indicator" valueType="string"/>
			<property name="overrideNullable" value="DEFAULT" valueType="string"/>
		</object>
		<object type="Aggregation:calcField" version="7">
			<property name="name" value="entity_cntry" valueType="string"/>
			<property name="description" value="" valueType="string"/>
			<property name="id" value="e1529228-bdcc-4344-aa8b-17d412be8456" valueType="string"/>
			<property name="aggrMethod" value="MAX" valueType="string"/>
			<property name="calcTotal" value="false" valueType="boolean"/>
			<property name="calcFormula" valueType="table"/>
			<property name="displayFormat" value="" valueType="string"/>
			<property name="overrideLookupInformation" value="false" valueType="boolean"/>
			<property name="title" value="Entity Country" valueType="string"/>
			<property name="overrideNullable" value="DEFAULT" valueType="string"/>
		</object>
	</property>
	<property name="auxFields" valueType="table"/>
	<property name="syntheticFields" valueType="table"/>
	<property name="additionalIndices" valueType="table"/>
	<property name="mappings" valueType="table">
		<object type="Aggregation:mapping" version="7">
			<property name="field" valueType="object">
				<object type="Aggregation:localDetailReference" version="7">
					<property name="value" valueType="url">Aggregation[this].details["entity"{2f96c00d-5635-4dc5-a047-1836206baf6a}]</property>
				</object>
			</property>
			<property name="fieldMapping" valueType="table">
				<object type="Aggregation:fieldMapping" version="7">
					<property name="model" valueType="object">
						<object type="DataModel:reference" version="3">
							<property name="value" valueType="url">DataModel["Aggregation[CIU_Derived_Positions]"{Aggregation[d54d56d8-ce0b-451a-818a-d8ebc3d20e6d]}]</property>
						</object>
					</property>
					<property name="expression" valueType="table">
						<object type="DataModel:fieldReference" version="3">
							<property name="value" valueType="url">DataModel["Aggregation[CIU_Derived_Positions]"{Aggregation[d54d56d8-ce0b-451a-818a-d8ebc3d20e6d]}].hierarchy["Aggregation"{d54d56d8-ce0b-451a-818a-d8ebc3d20e6d}].dataSource.layout["entity"{0f2c265f-9e15-4e55-a3a1-6f2da0df0fc3}]</property>
						</object>
					</property>
				</object>
			</property>
		</object>
		<object type="Aggregation:mapping" version="7">
			<property name="field" valueType="object">
				<object type="Aggregation:localDetailReference" version="7">
					<property name="value" valueType="url">Aggregation[this].details["id_scrty"{f4222e2c-61f2-4fb8-8de8-e133ee116e85}]</property>
				</object>
			</property>
			<property name="fieldMapping" valueType="table">
				<object type="Aggregation:fieldMapping" version="7">
					<property name="model" valueType="object">
						<object type="DataModel:reference" version="3">
							<property name="value" valueType="url">DataModel["Aggregation[CIU_Derived_Positions]"{Aggregation[d54d56d8-ce0b-451a-818a-d8ebc3d20e6d]}]</property>
						</object>
					</property>
					<property name="expression" valueType="table">
						<object type="DataModel:fieldReference" version="3">
							<property name="value" valueType="url">DataModel["Aggregation[CIU_Derived_Positions]"{Aggregation[d54d56d8-ce0b-451a-818a-d8ebc3d20e6d]}].hierarchy["Aggregation"{d54d56d8-ce0b-451a-818a-d8ebc3d20e6d}].dataSource.layout["id_scrty"{21bc7c5a-0d49-4970-a526-882e0319fca8}]</property>
						</object>
					</property>
				</object>
			</property>
		</object>
		<object type="Aggregation:mapping" version="7">
			<property name="field" valueType="object">
				<object type="Aggregation:localDetailReference" version="7">
					<property name="value" valueType="url">Aggregation[this].details["id_trc"{398e139e-63e1-4457-8382-3bc6bfd8fc3a}]</property>
				</object>
			</property>
			<property name="fieldMapping" valueType="table">
				<object type="Aggregation:fieldMapping" version="7">
					<property name="model" valueType="object">
						<object type="DataModel:reference" version="3">
							<property name="value" valueType="url">DataModel["Aggregation[CIU_Derived_Positions]"{Aggregation[d54d56d8-ce0b-451a-818a-d8ebc3d20e6d]}]</property>
						</object>
					</property>
					<property name="expression" valueType="table">
						<object type="DataModel:fieldReference" version="3">
							<property name="value" valueType="url">DataModel["Aggregation[CIU_Derived_Positions]"{Aggregation[d54d56d8-ce0b-451a-818a-d8ebc3d20e6d]}].hierarchy["Aggregation"{d54d56d8-ce0b-451a-818a-d8ebc3d20e6d}].dataSource.layout["entity"{0f2c265f-9e15-4e55-a3a1-6f2da0df0fc3}]</property>
						</object>
						<object type="SQLExpressionPart" version="2">
							<property name="value" value=" " valueType="string"/>
						</object>
						<object type="SQLConstant" version="2">
							<property name="name" value="CONCAT_STR" valueType="string"/>
						</object>
						<object type="SQLExpressionPart" version="2">
							<property name="value" value=" '_' " valueType="string"/>
						</object>
						<object type="SQLConstant" version="2">
							<property name="name" value="CONCAT_STR" valueType="string"/>
						</object>
						<object type="SQLExpressionPart" version="2">
							<property name="value" value="  " valueType="string"/>
						</object>
						<object type="DataModel:fieldReference" version="3">
							<property name="value" valueType="url">DataModel["Aggregation[CIU_Derived_Positions]"{Aggregation[d54d56d8-ce0b-451a-818a-d8ebc3d20e6d]}].hierarchy["Aggregation"{d54d56d8-ce0b-451a-818a-d8ebc3d20e6d}].dataSource.layout["legal_entity"{4259e83f-ee79-4ab9-8407-22e83fa0ed18}]</property>
						</object>
						<object type="SQLExpressionPart" version="2">
							<property name="value" value=" " valueType="string"/>
						</object>
						<object type="SQLConstant" version="2">
							<property name="name" value="CONCAT_STR" valueType="string"/>
						</object>
						<object type="SQLExpressionPart" version="2">
							<property name="value" value=" '_' " valueType="string"/>
						</object>
						<object type="SQLConstant" version="2">
							<property name="name" value="CONCAT_STR" valueType="string"/>
						</object>
						<object type="SQLExpressionPart" version="2">
							<property name="value" value=" " valueType="string"/>
						</object>
						<object type="DataModel:fieldReference" version="3">
							<property name="value" valueType="url">DataModel["Aggregation[CIU_Derived_Positions]"{Aggregation[d54d56d8-ce0b-451a-818a-d8ebc3d20e6d]}].hierarchy["Aggregation"{d54d56d8-ce0b-451a-818a-d8ebc3d20e6d}].dataSource.layout["id_scrty"{21bc7c5a-0d49-4970-a526-882e0319fca8}]</property>
						</object>
					</property>
					<property name="valueSize" value="500" valueType="integer"/>
					<property name="valueNullable" value="false" valueType="boolean"/>
					<property name="valueType" value="VARCHAR" valueType="string"/>
				</object>
			</property>
		</object>
		<object type="Aggregation:mapping" version="7">
			<property name="field" valueType="object">
				<object type="Aggregation:localDetailReference" version="7">
					<property name="value" valueType="url">Aggregation[this].details["legal_entity"{11558e41-b758-4dff-bfe0-005df197e405}]</property>
				</object>
			</property>
			<property name="fieldMapping" valueType="table">
				<object type="Aggregation:fieldMapping" version="7">
					<property name="model" valueType="object">
						<object type="DataModel:reference" version="3">
							<property name="value" valueType="url">DataModel["Aggregation[CIU_Derived_Positions]"{Aggregation[d54d56d8-ce0b-451a-818a-d8ebc3d20e6d]}]</property>
						</object>
					</property>
					<property name="expression" valueType="table">
						<object type="DataModel:fieldReference" version="3">
							<property name="value" valueType="url">DataModel["Aggregation[CIU_Derived_Positions]"{Aggregation[d54d56d8-ce0b-451a-818a-d8ebc3d20e6d]}].hierarchy["Aggregation"{d54d56d8-ce0b-451a-818a-d8ebc3d20e6d}].dataSource.layout["legal_entity"{4259e83f-ee79-4ab9-8407-22e83fa0ed18}]</property>
						</object>
					</property>
				</object>
			</property>
		</object>
		<object type="Aggregation:mapping" version="7">
			<property name="field" valueType="object">
				<object type="Aggregation:localCalcFieldReference" version="7">
					<property name="value" valueType="url">Aggregation[this].calcFields["ciu_calc_mthd"{1d362857-7c72-404c-8fc2-5a8bfe4e6fed}]</property>
				</object>
			</property>
			<property name="fieldMapping" valueType="table">
				<object type="Aggregation:fieldMapping" version="7">
					<property name="model" valueType="object">
						<object type="DataModel:reference" version="3">
							<property name="value" valueType="url">DataModel["Aggregation[CIU_Derived_Positions]"{Aggregation[d54d56d8-ce0b-451a-818a-d8ebc3d20e6d]}]</property>
						</object>
					</property>
					<property name="expression" valueType="table">
						<object type="DataModel:fieldReference" version="3">
							<property name="value" valueType="url">DataModel["Aggregation[CIU_Derived_Positions]"{Aggregation[d54d56d8-ce0b-451a-818a-d8ebc3d20e6d]}].hierarchy["Aggregation"{d54d56d8-ce0b-451a-818a-d8ebc3d20e6d}].dataSource.layout["ciu_calc_mthd"{1d362857-7c72-404c-8fc2-5a8bfe4e6fed}]</property>
						</object>
					</property>
				</object>
			</property>
		</object>
		<object type="Aggregation:mapping" version="7">
			<property name="field" valueType="object">
				<object type="Aggregation:localCalcFieldReference" version="7">
					<property name="value" valueType="url">Aggregation[this].calcFields["qntty"{93b220c2-3de7-4d21-abff-b2670a26f54b}]</property>
				</object>
			</property>
			<property name="fieldMapping" valueType="table">
				<object type="Aggregation:fieldMapping" version="7">
					<property name="model" valueType="object">
						<object type="DataModel:reference" version="3">
							<property name="value" valueType="url">DataModel["Aggregation[CIU_Derived_Positions]"{Aggregation[d54d56d8-ce0b-451a-818a-d8ebc3d20e6d]}]</property>
						</object>
					</property>
					<property name="expression" valueType="table">
						<object type="DataModel:fieldReference" version="3">
							<property name="value" valueType="url">DataModel["Aggregation[CIU_Derived_Positions]"{Aggregation[d54d56d8-ce0b-451a-818a-d8ebc3d20e6d]}].hierarchy["Aggregation"{d54d56d8-ce0b-451a-818a-d8ebc3d20e6d}].dataSource.layout["qntty"{93b220c2-3de7-4d21-abff-b2670a26f54b}]</property>
						</object>
					</property>
				</object>
			</property>
		</object>
		<object type="Aggregation:mapping" version="7">
			<property name="field" valueType="object">
				<object type="Aggregation:localCalcFieldReference" version="7">
					<property name="value" valueType="url">Aggregation[this].calcFields["apprprt_pra"{f1ee3f82-fb18-4dab-bae4-8432e74ea602}]</property>
				</object>
			</property>
			<property name="fieldMapping" valueType="table">
				<object type="Aggregation:fieldMapping" version="7">
					<property name="model" valueType="object">
						<object type="DataModel:reference" version="3">
							<property name="value" valueType="url">DataModel["Aggregation[CIU_Derived_Positions]"{Aggregation[d54d56d8-ce0b-451a-818a-d8ebc3d20e6d]}]</property>
						</object>
					</property>
					<property name="expression" valueType="table">
						<object type="DataModel:fieldReference" version="3">
							<property name="value" valueType="url">DataModel["Aggregation[CIU_Derived_Positions]"{Aggregation[d54d56d8-ce0b-451a-818a-d8ebc3d20e6d]}].hierarchy["Aggregation"{d54d56d8-ce0b-451a-818a-d8ebc3d20e6d}].dataSource.layout["apprprt_pra"{f1ee3f82-fb18-4dab-bae4-8432e74ea602}]</property>
						</object>
					</property>
				</object>
			</property>
		</object>
		<object type="Aggregation:mapping" version="7">
			<property name="field" valueType="object">
				<object type="Aggregation:localCalcFieldReference" version="7">
					<property name="value" valueType="url">Aggregation[this].calcFields["orgnl_ccy_code"{54d5bf90-bef5-427d-aefc-e314304fc434}]</property>
				</object>
			</property>
			<property name="fieldMapping" valueType="table">
				<object type="Aggregation:fieldMapping" version="7">
					<property name="model" valueType="object">
						<object type="DataModel:reference" version="3">
							<property name="value" valueType="url">DataModel["Aggregation[CIU_Derived_Positions]"{Aggregation[d54d56d8-ce0b-451a-818a-d8ebc3d20e6d]}]</property>
						</object>
					</property>
					<property name="expression" valueType="table">
						<object type="DataModel:fieldReference" version="3">
							<property name="value" valueType="url">DataModel["Aggregation[CIU_Derived_Positions]"{Aggregation[d54d56d8-ce0b-451a-818a-d8ebc3d20e6d]}].hierarchy["Aggregation"{d54d56d8-ce0b-451a-818a-d8ebc3d20e6d}].dataSource.layout["orgnl_ccy_code"{54d5bf90-bef5-427d-aefc-e314304fc434}]</property>
						</object>
					</property>
				</object>
			</property>
		</object>
		<object type="Aggregation:mapping" version="7">
			<property name="field" valueType="object">
				<object type="Aggregation:localCalcFieldReference" version="7">
					<property name="value" valueType="url">Aggregation[this].calcFields["enm_prdct_typ"{828b154a-79a0-49e4-9bc5-2b1f3098166d}]</property>
				</object>
			</property>
			<property name="fieldMapping" valueType="table">
				<object type="Aggregation:fieldMapping" version="7">
					<property name="model" valueType="object">
						<object type="DataModel:reference" version="3">
							<property name="value" valueType="url">DataModel["Aggregation[CIU_Derived_Positions]"{Aggregation[d54d56d8-ce0b-451a-818a-d8ebc3d20e6d]}]</property>
						</object>
					</property>
					<property name="expression" valueType="table">
						<object type="DataModel:fieldReference" version="3">
							<property name="value" valueType="url">DataModel["Aggregation[CIU_Derived_Positions]"{Aggregation[d54d56d8-ce0b-451a-818a-d8ebc3d20e6d]}].hierarchy["Aggregation"{d54d56d8-ce0b-451a-818a-d8ebc3d20e6d}].dataSource.layout["enm_prdct_typ"{c62575e3-8d38-4b7e-a3b3-924cc1da9a99}]</property>
						</object>
					</property>
				</object>
			</property>
		</object>
		<object type="Aggregation:mapping" version="7">
			<property name="field" valueType="object">
				<object type="Aggregation:localCalcFieldReference" version="7">
					<property name="value" valueType="url">Aggregation[this].calcFields["enm_issr_typ"{6b2b9828-a93f-45c1-9b4f-4936b8a41d0e}]</property>
				</object>
			</property>
			<property name="fieldMapping" valueType="table">
				<object type="Aggregation:fieldMapping" version="7">
					<property name="model" valueType="object">
						<object type="DataModel:reference" version="3">
							<property name="value" valueType="url">DataModel["Aggregation[CIU_Derived_Positions]"{Aggregation[d54d56d8-ce0b-451a-818a-d8ebc3d20e6d]}]</property>
						</object>
					</property>
					<property name="expression" valueType="table">
						<object type="DataModel:fieldReference" version="3">
							<property name="value" valueType="url">DataModel["Aggregation[CIU_Derived_Positions]"{Aggregation[d54d56d8-ce0b-451a-818a-d8ebc3d20e6d]}].hierarchy["Aggregation"{d54d56d8-ce0b-451a-818a-d8ebc3d20e6d}].dataSource.layout["enm_issr_typ"{10ff2605-2e42-4fe7-ac2a-65af37575eb8}]</property>
						</object>
					</property>
				</object>
			</property>
		</object>
		<object type="Aggregation:mapping" version="7">
			<property name="field" valueType="object">
				<object type="Aggregation:localCalcFieldReference" version="7">
					<property name="value" valueType="url">Aggregation[this].calcFields["ccb_cntry_rsdnc"{595848ee-da1d-452a-992e-89957833ca2b}]</property>
				</object>
			</property>
			<property name="fieldMapping" valueType="table">
				<object type="Aggregation:fieldMapping" version="7">
					<property name="model" valueType="object">
						<object type="DataModel:reference" version="3">
							<property name="value" valueType="url">DataModel["Aggregation[CIU_Derived_Positions]"{Aggregation[d54d56d8-ce0b-451a-818a-d8ebc3d20e6d]}]</property>
						</object>
					</property>
					<property name="expression" valueType="table">
						<object type="DataModel:fieldReference" version="3">
							<property name="value" valueType="url">DataModel["Aggregation[CIU_Derived_Positions]"{Aggregation[d54d56d8-ce0b-451a-818a-d8ebc3d20e6d]}].hierarchy["Aggregation"{d54d56d8-ce0b-451a-818a-d8ebc3d20e6d}].dataSource.layout["ccb_cntry_rsdnc"{538a004a-eadf-41fd-9640-6a75f774773b}]</property>
						</object>
					</property>
				</object>
			</property>
		</object>
		<object type="Aggregation:mapping" version="7">
			<property name="field" valueType="object">
				<object type="Aggregation:localCalcFieldReference" version="7">
					<property name="value" valueType="url">Aggregation[this].calcFields["net_mrkt_vl"{d2ee35a3-dddc-4a40-986e-b9471bfbeba6}]</property>
				</object>
			</property>
			<property name="fieldMapping" valueType="table">
				<object type="Aggregation:fieldMapping" version="7">
					<property name="model" valueType="object">
						<object type="DataModel:reference" version="3">
							<property name="value" valueType="url">DataModel["Aggregation[CIU_Derived_Positions]"{Aggregation[d54d56d8-ce0b-451a-818a-d8ebc3d20e6d]}]</property>
						</object>
					</property>
					<property name="expression" valueType="table">
						<object type="DataModel:fieldReference" version="3">
							<property name="value" valueType="url">DataModel["Aggregation[CIU_Derived_Positions]"{Aggregation[d54d56d8-ce0b-451a-818a-d8ebc3d20e6d]}].hierarchy["Aggregation"{d54d56d8-ce0b-451a-818a-d8ebc3d20e6d}].dataSource.layout["mrkt_vl"{d2ee35a3-dddc-4a40-986e-b9471bfbeba6}]</property>
						</object>
					</property>
				</object>
			</property>
		</object>
		<object type="Aggregation:mapping" version="7">
			<property name="field" valueType="object">
				<object type="Aggregation:localCalcFieldReference" version="7">
					<property name="value" valueType="url">Aggregation[this].calcFields["id_issr"{a77d3b34-9220-4d94-a742-d2cdc7ae27fe}]</property>
				</object>
			</property>
			<property name="fieldMapping" valueType="table">
				<object type="Aggregation:fieldMapping" version="7">
					<property name="model" valueType="object">
						<object type="DataModel:reference" version="3">
							<property name="value" valueType="url">DataModel["Aggregation[CIU_Derived_Positions]"{Aggregation[d54d56d8-ce0b-451a-818a-d8ebc3d20e6d]}]</property>
						</object>
					</property>
					<property name="expression" valueType="table">
						<object type="DataModel:fieldReference" version="3">
							<property name="value" valueType="url">DataModel["Aggregation[CIU_Derived_Positions]"{Aggregation[d54d56d8-ce0b-451a-818a-d8ebc3d20e6d]}].hierarchy["Aggregation"{d54d56d8-ce0b-451a-818a-d8ebc3d20e6d}].dataSource.layout["id_issr"{8862e29a-49af-44a2-830d-8564f38e2fc5}]</property>
						</object>
					</property>
				</object>
			</property>
		</object>
		<object type="Aggregation:mapping" version="7">
			<property name="field" valueType="object">
				<object type="Aggregation:localCalcFieldReference" version="7">
					<property name="value" valueType="url">Aggregation[this].calcFields["expsr_undrlyng_assts_ind"{9fb6c5ac-0a06-4ed9-8d0b-3d15025eec55}]</property>
				</object>
			</property>
			<property name="fieldMapping" valueType="table">
				<object type="Aggregation:fieldMapping" version="7">
					<property name="model" valueType="object">
						<object type="DataModel:reference" version="3">
							<property name="value" valueType="url">DataModel["Aggregation[CIU_Derived_Positions]"{Aggregation[d54d56d8-ce0b-451a-818a-d8ebc3d20e6d]}]</property>
						</object>
					</property>
					<property name="expression" valueType="table">
						<object type="DataModel:fieldReference" version="3">
							<property name="value" valueType="url">DataModel["Aggregation[CIU_Derived_Positions]"{Aggregation[d54d56d8-ce0b-451a-818a-d8ebc3d20e6d]}].hierarchy["Aggregation"{d54d56d8-ce0b-451a-818a-d8ebc3d20e6d}].dataSource.layout["expsr_undrlyng_assts_ind"{a9c622fd-0eef-42f8-a76c-83e4ac08ef80}]</property>
						</object>
					</property>
				</object>
			</property>
		</object>
		<object type="Aggregation:mapping" version="7">
			<property name="field" valueType="object">
				<object type="Aggregation:localCalcFieldReference" version="7">
					<property name="value" valueType="url">Aggregation[this].calcFields["le_exmpt_ind"{adf3c35b-50c3-4d7e-bb2e-30a02482edbc}]</property>
				</object>
			</property>
			<property name="fieldMapping" valueType="table">
				<object type="Aggregation:fieldMapping" version="7">
					<property name="model" valueType="object">
						<object type="DataModel:reference" version="3">
							<property name="value" valueType="url">DataModel["Aggregation[CIU_Derived_Positions]"{Aggregation[d54d56d8-ce0b-451a-818a-d8ebc3d20e6d]}]</property>
						</object>
					</property>
					<property name="expression" valueType="table">
						<object type="DataModel:fieldReference" version="3">
							<property name="value" valueType="url">DataModel["Aggregation[CIU_Derived_Positions]"{Aggregation[d54d56d8-ce0b-451a-818a-d8ebc3d20e6d]}].hierarchy["Aggregation"{d54d56d8-ce0b-451a-818a-d8ebc3d20e6d}].dataSource.layout["le_exmpt_ind"{afefec2f-c671-46dd-9fee-e38b86dd6c6e}]</property>
						</object>
					</property>
				</object>
			</property>
		</object>
		<object type="Aggregation:mapping" version="7">
			<property name="field" valueType="object">
				<object type="Aggregation:localCalcFieldReference" version="7">
					<property name="value" valueType="url">Aggregation[this].calcFields["le_excld_ind"{414de909-3189-4eb4-8faf-471745d6fafb}]</property>
				</object>
			</property>
			<property name="fieldMapping" valueType="table">
				<object type="Aggregation:fieldMapping" version="7">
					<property name="model" valueType="object">
						<object type="DataModel:reference" version="3">
							<property name="value" valueType="url">DataModel["Aggregation[CIU_Derived_Positions]"{Aggregation[d54d56d8-ce0b-451a-818a-d8ebc3d20e6d]}]</property>
						</object>
					</property>
					<property name="expression" valueType="table">
						<object type="DataModel:fieldReference" version="3">
							<property name="value" valueType="url">DataModel["Aggregation[CIU_Derived_Positions]"{Aggregation[d54d56d8-ce0b-451a-818a-d8ebc3d20e6d]}].hierarchy["Aggregation"{d54d56d8-ce0b-451a-818a-d8ebc3d20e6d}].dataSource.layout["le_excld_ind"{26d60d5d-c48f-49c1-a8ff-33eb41fc090a}]</property>
						</object>
					</property>
				</object>
			</property>
		</object>
		<object type="Aggregation:mapping" version="7">
			<property name="field" valueType="object">
				<object type="Aggregation:localCalcFieldReference" version="7">
					<property name="value" valueType="url">Aggregation[this].calcFields["enm_unrgltd_fnncl_entity"{11a3bc0f-8a97-4298-9927-48bad846455f}]</property>
				</object>
			</property>
			<property name="fieldMapping" valueType="table">
				<object type="Aggregation:fieldMapping" version="7">
					<property name="model" valueType="object">
						<object type="DataModel:reference" version="3">
							<property name="value" valueType="url">DataModel["Aggregation[CIU_Derived_Positions]"{Aggregation[d54d56d8-ce0b-451a-818a-d8ebc3d20e6d]}]</property>
						</object>
					</property>
					<property name="expression" valueType="table">
						<object type="DataModel:fieldReference" version="3">
							<property name="value" valueType="url">DataModel["Aggregation[CIU_Derived_Positions]"{Aggregation[d54d56d8-ce0b-451a-818a-d8ebc3d20e6d]}].hierarchy["Aggregation"{d54d56d8-ce0b-451a-818a-d8ebc3d20e6d}].dataSource.layout["enm_unrgltd_fnncl_entity"{4c6b5c0e-7c74-42aa-8255-2c2126404f54}]</property>
						</object>
					</property>
				</object>
			</property>
		</object>
		<object type="Aggregation:mapping" version="7">
			<property name="field" valueType="object">
				<object type="Aggregation:localCalcFieldReference" version="7">
					<property name="value" valueType="url">Aggregation[this].calcFields["tb_excss_prsst_prd"{4df32ec6-a784-4994-8cab-5953a9304a8e}]</property>
				</object>
			</property>
			<property name="fieldMapping" valueType="table">
				<object type="Aggregation:fieldMapping" version="7">
					<property name="model" valueType="object">
						<object type="DataModel:reference" version="3">
							<property name="value" valueType="url">DataModel["Aggregation[CIU_Derived_Positions]"{Aggregation[d54d56d8-ce0b-451a-818a-d8ebc3d20e6d]}]</property>
						</object>
					</property>
					<property name="expression" valueType="table">
						<object type="DataModel:fieldReference" version="3">
							<property name="value" valueType="url">DataModel["Aggregation[CIU_Derived_Positions]"{Aggregation[d54d56d8-ce0b-451a-818a-d8ebc3d20e6d]}].hierarchy["Aggregation"{d54d56d8-ce0b-451a-818a-d8ebc3d20e6d}].dataSource.layout["tb_excss_prsst_prd"{8b253c7e-fe3d-48bb-b1ae-e1d27b9c94c9}]</property>
						</object>
					</property>
				</object>
			</property>
		</object>
		<object type="Aggregation:mapping" version="7">
			<property name="field" valueType="object">
				<object type="Aggregation:localCalcFieldReference" version="7">
					<property name="value" valueType="url">Aggregation[this].calcFields["shdw_bnkng_ind"{bbe1f852-31f5-4942-989c-4e639ac98ff7}]</property>
				</object>
			</property>
			<property name="fieldMapping" valueType="table">
				<object type="Aggregation:fieldMapping" version="7">
					<property name="model" valueType="object">
						<object type="DataModel:reference" version="3">
							<property name="value" valueType="url">DataModel["Aggregation[CIU_Derived_Positions]"{Aggregation[d54d56d8-ce0b-451a-818a-d8ebc3d20e6d]}]</property>
						</object>
					</property>
					<property name="expression" valueType="table">
						<object type="DataModel:fieldReference" version="3">
							<property name="value" valueType="url">DataModel["Aggregation[CIU_Derived_Positions]"{Aggregation[d54d56d8-ce0b-451a-818a-d8ebc3d20e6d]}].hierarchy["Aggregation"{d54d56d8-ce0b-451a-818a-d8ebc3d20e6d}].dataSource.layout["shdw_bnkng_ind"{8e8fa63b-5e72-431c-87ee-3dfb7f99944a}]</property>
						</object>
					</property>
				</object>
			</property>
		</object>
		<object type="Aggregation:mapping" version="7">
			<property name="field" valueType="object">
				<object type="Aggregation:localCalcFieldReference" version="7">
					<property name="value" valueType="url">Aggregation[this].calcFields["entity_cntry_gb_eu"{c71d716b-0436-4ee0-a572-240ee0fa9dbb}]</property>
				</object>
			</property>
			<property name="fieldMapping" valueType="table">
				<object type="Aggregation:fieldMapping" version="7">
					<property name="model" valueType="object">
						<object type="DataModel:reference" version="3">
							<property name="value" valueType="url">DataModel["Aggregation[CIU_Derived_Positions]"{Aggregation[d54d56d8-ce0b-451a-818a-d8ebc3d20e6d]}]</property>
						</object>
					</property>
					<property name="expression" valueType="table">
						<object type="DataModel:fieldReference" version="3">
							<property name="value" valueType="url">DataModel["Aggregation[CIU_Derived_Positions]"{Aggregation[d54d56d8-ce0b-451a-818a-d8ebc3d20e6d]}].hierarchy["Aggregation"{d54d56d8-ce0b-451a-818a-d8ebc3d20e6d}].dataSource.layout["entity_cntry_gb_eu"{aa9ab399-3783-47ca-a044-cc6bf2bf45f4}]</property>
						</object>
					</property>
				</object>
			</property>
		</object>
		<object type="Aggregation:mapping" version="7">
			<property name="field" valueType="object">
				<object type="Aggregation:localCalcFieldReference" version="7">
					<property name="value" valueType="url">Aggregation[this].calcFields["rprt_corp_exp_as_inst_ind"{5d73d06d-e933-4745-a86e-3b383f236972}]</property>
				</object>
			</property>
			<property name="fieldMapping" valueType="table">
				<object type="Aggregation:fieldMapping" version="7">
					<property name="model" valueType="object">
						<object type="DataModel:reference" version="3">
							<property name="value" valueType="url">DataModel["Aggregation[CIU_Derived_Positions]"{Aggregation[d54d56d8-ce0b-451a-818a-d8ebc3d20e6d]}]</property>
						</object>
					</property>
					<property name="expression" valueType="table">
						<object type="DataModel:fieldReference" version="3">
							<property name="value" valueType="url">DataModel["Aggregation[CIU_Derived_Positions]"{Aggregation[d54d56d8-ce0b-451a-818a-d8ebc3d20e6d]}].hierarchy["Aggregation"{d54d56d8-ce0b-451a-818a-d8ebc3d20e6d}].dataSource.layout["rprt_corp_exp_as_inst_ind"{78690cbb-2e44-426f-a81a-dc4226c66df7}]</property>
						</object>
					</property>
				</object>
			</property>
		</object>
		<object type="Aggregation:mapping" version="7">
			<property name="field" valueType="object">
				<object type="Aggregation:localCalcFieldReference" version="7">
					<property name="value" valueType="url">Aggregation[this].calcFields["enm_ciu_apprch"{f13326f9-08eb-4028-9706-e0f068e264ec}]</property>
				</object>
			</property>
			<property name="fieldMapping" valueType="table">
				<object type="Aggregation:fieldMapping" version="7">
					<property name="model" valueType="object">
						<object type="DataModel:reference" version="3">
							<property name="value" valueType="url">DataModel["Aggregation[CIU_Derived_Positions]"{Aggregation[d54d56d8-ce0b-451a-818a-d8ebc3d20e6d]}]</property>
						</object>
					</property>
					<property name="expression" valueType="table">
						<object type="DataModel:fieldReference" version="3">
							<property name="value" valueType="url">DataModel["Aggregation[CIU_Derived_Positions]"{Aggregation[d54d56d8-ce0b-451a-818a-d8ebc3d20e6d]}].hierarchy["Aggregation"{d54d56d8-ce0b-451a-818a-d8ebc3d20e6d}].dataSource.layout["enm_ciu_apprch"{da7317f4-aaa2-44af-8d0c-3264f8831a6e}]</property>
						</object>
					</property>
				</object>
			</property>
		</object>
		<object type="Aggregation:mapping" version="7">
			<property name="field" valueType="object">
				<object type="Aggregation:localCalcFieldReference" version="7">
					<property name="value" valueType="url">Aggregation[this].calcFields["ovrrd_rlvnt_crdt_expsr_ind"{ec98aa1a-2d08-4827-94d2-2bbc86931c98}]</property>
				</object>
			</property>
			<property name="fieldMapping" valueType="table">
				<object type="Aggregation:fieldMapping" version="7">
					<property name="model" valueType="object">
						<object type="DataModel:reference" version="3">
							<property name="value" valueType="url">DataModel["Aggregation[CIU_Derived_Positions]"{Aggregation[d54d56d8-ce0b-451a-818a-d8ebc3d20e6d]}]</property>
						</object>
					</property>
					<property name="expression" valueType="table">
						<object type="DataModel:fieldReference" version="3">
							<property name="value" valueType="url">DataModel["Aggregation[CIU_Derived_Positions]"{Aggregation[d54d56d8-ce0b-451a-818a-d8ebc3d20e6d]}].hierarchy["Aggregation"{d54d56d8-ce0b-451a-818a-d8ebc3d20e6d}].dataSource.layout["ovrrd_rlvnt_crdt_expsr_ind"{f4852b73-9262-4255-9846-d82b862b5740}]</property>
						</object>
					</property>
				</object>
			</property>
		</object>
		<object type="Aggregation:mapping" version="7">
			<property name="field" valueType="object">
				<object type="Aggregation:localCalcFieldReference" version="7">
					<property name="value" valueType="url">Aggregation[this].calcFields["entity_cntry"{e1529228-bdcc-4344-aa8b-17d412be8456}]</property>
				</object>
			</property>
			<property name="fieldMapping" valueType="table">
				<object type="Aggregation:fieldMapping" version="7">
					<property name="model" valueType="object">
						<object type="DataModel:reference" version="3">
							<property name="value" valueType="url">DataModel["Aggregation[CIU_Derived_Positions]"{Aggregation[d54d56d8-ce0b-451a-818a-d8ebc3d20e6d]}]</property>
						</object>
					</property>
					<property name="expression" valueType="table">
						<object type="DataModel:fieldReference" version="3">
							<property name="value" valueType="url">DataModel["Aggregation[CIU_Derived_Positions]"{Aggregation[d54d56d8-ce0b-451a-818a-d8ebc3d20e6d]}].hierarchy["Aggregation"{d54d56d8-ce0b-451a-818a-d8ebc3d20e6d}].dataSource.layout["entity_cntry"{ca69b710-da65-4f38-9f5c-34b21254bdec}]</property>
						</object>
					</property>
				</object>
			</property>
		</object>
	</property>
	<property name="storageType" value="CONTINUOUS_PARTITION" valueType="string"/>
	<property name="postTableCreationStatements" valueType="table"/>
	<property name="postAdjustmentTableCreationStatements" valueType="table"/>
	<property name="detailsAsKeys" value="true" valueType="boolean"/>
	<property name="dbSourceForResults" valueType="url">DBSource["POSTGRES"{7141b02a-a2bf-46bb-9ad0-fa1087f431e1}]</property>
	<property name="archivalProperties" valueType="object">
		<object type="ArchivalProperties" version="2">
			<property name="daily" value="false" valueType="boolean"/>
			<property name="weekly" value="false" valueType="boolean"/>
			<property name="monthly" value="false" valueType="boolean"/>
			<property name="quarterly" value="false" valueType="boolean"/>
			<property name="semiAnnually" value="false" valueType="boolean"/>
			<property name="annually" value="false" valueType="boolean"/>
			<property name="intraDay" value="false" valueType="boolean"/>
			<property name="userDefined" value="false" valueType="boolean"/>
		</object>
	</property>
	<property name="condition" valueType="tree">
		<objectNode type="Condition" version="3">
			<property name="isNegated" value="false" valueType="boolean"/>
			<property name="groupingOperator" value="AND" valueType="string"/>
		</objectNode>
	</property>
	<property name="doNotAggregate" value="false" valueType="boolean"/>
	<property name="fourEyesCheck" value="false" valueType="boolean"/>
	<property name="trackDrilldownInformation" value="true" valueType="boolean"/>
	<property name="trackAllInstancesMode" value="NONE" valueType="string"/>
	<property name="computeStatistics" value="FOR_ALL_COLUMNS" valueType="string"/>
	<property name="instanceRebuildRestriction" value="AlterFullRebuild" valueType="string"/>
	<property name="allowExternalDataPermissions" value="false" valueType="boolean"/>
</object>