<object stamp="ae34d5fe-2ffb-4234-8638-cbb069d34fb4_1719441022280" type="Aggregation" version="12">
	<property name="name" value="IR_Alt_ZSR_Netting_Results" valueType="string"/>
	<property name="description" value="" valueType="string"/>
	<property name="objectId" value="6920c6b8-d0e0-4ea4-8596-caaa7514ae66" valueType="string"/>
	<property name="branchId" value="f373907f-fa0a-40d6-b143-ab4efdb3216b" valueType="string"/>
	<property name="comment" value="Technical object to collate the results after the application of Article 331 (2)" valueType="string"/>
	<property name="models" valueType="table">
		<object type="ModelBasedTask:modelEntry" version="3">
			<property name="dataModel" valueType="url">DataModel["ModifyModel[IR_Alt_ZSR_Netting_Results].Aggregation[IR_ZSR_Positions]"{ModifyModel[04673667-2e22-4cdf-a16f-c1b83d6d6927].Aggregation[4edf7be4-10cf-4b3d-9e73-090cffac2ef3]}]</property>
			<property name="instanceSelectionRule" valueType="object">
				<object type="InstanceSelectionRule" version="3">
					<property name="instanceDateRule" valueType="object">
						<object type="InstanceSelectionRule:rule" version="3">
							<property name="type" value="EQUAL" valueType="string"/>
						</object>
					</property>
					<property name="instanceKeyRules" valueType="table"/>
				</object>
			</property>
		</object>
	</property>
	<property name="requiresAllModels" value="false" valueType="boolean"/>
	<property name="parameters" valueType="table"/>
	<property name="details" valueType="table">
		<object type="Aggregation:detail" version="6">
			<property name="name" value="entity" valueType="string"/>
			<property name="description" value="" valueType="string"/>
			<property name="id" value="e3828189-cb79-4894-94db-5fcd12a8e835" valueType="string"/>
			<property name="overrideLookupInformation" value="false" valueType="boolean"/>
			<property name="displayFormat" value="" valueType="string"/>
			<property name="title" value="Entity" valueType="string"/>
			<property name="overrideNullable" value="DEFAULT" valueType="string"/>
		</object>
		<object type="Aggregation:detail" version="6">
			<property name="name" value="id_unique" valueType="string"/>
			<property name="description" value="" valueType="string"/>
			<property name="id" value="5785d31c-db0d-499e-a132-903751594129" valueType="string"/>
			<property name="overrideLookupInformation" value="false" valueType="boolean"/>
			<property name="displayFormat" value="" valueType="string"/>
			<property name="title" value="Unique ID" valueType="string"/>
			<property name="overrideNullable" value="DEFAULT" valueType="string"/>
		</object>
		<object type="Aggregation:detail" version="6">
			<property name="name" value="ccy_code" valueType="string"/>
			<property name="description" value="" valueType="string"/>
			<property name="id" value="fb420a7f-9e9c-4315-b6d9-0aa6d070be25" valueType="string"/>
			<property name="overrideLookupInformation" value="false" valueType="boolean"/>
			<property name="displayFormat" value="" valueType="string"/>
			<property name="title" value="Currency Code" valueType="string"/>
			<property name="overrideNullable" value="DEFAULT" valueType="string"/>
		</object>
		<object type="Aggregation:detail" version="6">
			<property name="name" value="enm_gmr_mthd" valueType="string"/>
			<property name="description" value="" valueType="string"/>
			<property name="id" value="687ec4a6-a7b9-4b34-8a39-0031fb38bcb8" valueType="string"/>
			<property name="overrideLookupInformation" value="false" valueType="boolean"/>
			<property name="displayFormat" value="" valueType="string"/>
			<property name="title" value="GMR Method" valueType="string"/>
			<property name="overrideNullable" value="DEFAULT" valueType="string"/>
		</object>
		<object type="Aggregation:detail" version="6">
			<property name="name" value="indx_lnkd_ind" valueType="string"/>
			<property name="description" value="" valueType="string"/>
			<property name="id" value="7e4b9c76-bdd2-48c4-866d-9a3d801741dd" valueType="string"/>
			<property name="overrideLookupInformation" value="false" valueType="boolean"/>
			<property name="displayFormat" value="" valueType="string"/>
			<property name="title" value="Index Linked Indicator" valueType="string"/>
			<property name="overrideNullable" value="DEFAULT" valueType="string"/>
		</object>
		<object type="Aggregation:detail" version="6">
			<property name="name" value="id_trc" valueType="string"/>
			<property name="description" value="" valueType="string"/>
			<property name="id" value="d545b8d8-b5e2-47a0-8274-37a450343166" valueType="string"/>
			<property name="overrideLookupInformation" value="false" valueType="boolean"/>
			<property name="displayFormat" value="" valueType="string"/>
			<property name="title" value="Trace ID" valueType="string"/>
			<property name="overrideNullable" value="DEFAULT" valueType="string"/>
		</object>
		<object type="Aggregation:detail" version="6">
			<property name="name" value="legal_entity" valueType="string"/>
			<property name="description" value="" valueType="string"/>
			<property name="id" value="09aeffa0-e0c0-41dd-8194-6338e40bbfd2" valueType="string"/>
			<property name="overrideLookupInformation" value="false" valueType="boolean"/>
			<property name="displayFormat" value="" valueType="string"/>
			<property name="title" value="Legal Entity" valueType="string"/>
			<property name="overrideNullable" value="DEFAULT" valueType="string"/>
		</object>
	</property>
	<property name="calcFields" valueType="table">
		<object type="Aggregation:calcField" version="7">
			<property name="name" value="net_mrkt_vl" valueType="string"/>
			<property name="description" value="" valueType="string"/>
			<property name="id" value="1e4f7206-bbd6-4fbd-9a73-240ebda118d2" valueType="string"/>
			<property name="aggrMethod" value="MIN" valueType="string"/>
			<property name="calcTotal" value="false" valueType="boolean"/>
			<property name="calcFormula" valueType="table"/>
			<property name="displayFormat" value="" valueType="string"/>
			<property name="overrideLookupInformation" value="false" valueType="boolean"/>
			<property name="title" value="Net Market Value" valueType="string"/>
			<property name="overrideNullable" value="DEFAULT" valueType="string"/>
		</object>
		<object type="Aggregation:calcField" version="7">
			<property name="name" value="mdfd_drtn" valueType="string"/>
			<property name="description" value="" valueType="string"/>
			<property name="id" value="8f3f469a-f57c-4097-878d-6dc4df85b5cf" valueType="string"/>
			<property name="aggrMethod" value="MIN" valueType="string"/>
			<property name="calcTotal" value="false" valueType="boolean"/>
			<property name="calcFormula" valueType="table"/>
			<property name="displayFormat" value="" valueType="string"/>
			<property name="overrideLookupInformation" value="false" valueType="boolean"/>
			<property name="title" value="Modified Duration" valueType="string"/>
			<property name="overrideNullable" value="DEFAULT" valueType="string"/>
		</object>
		<object type="Aggregation:calcField" version="7">
			<property name="name" value="nttng_step" valueType="string"/>
			<property name="description" value="" valueType="string"/>
			<property name="id" value="daf28a1f-3036-432d-95dd-870a14693f2f" valueType="string"/>
			<property name="aggrMethod" value="MIN" valueType="string"/>
			<property name="calcTotal" value="false" valueType="boolean"/>
			<property name="calcFormula" valueType="table"/>
			<property name="displayFormat" value="" valueType="string"/>
			<property name="overrideLookupInformation" value="false" valueType="boolean"/>
			<property name="title" value="Netting Step" valueType="string"/>
			<property name="overrideNullable" value="DEFAULT" valueType="string"/>
		</object>
		<object type="Aggregation:calcField" version="7">
			<property name="name" value="rsdl_mtrty_mnths" valueType="string"/>
			<property name="description" value="" valueType="string"/>
			<property name="id" value="12f3ea63-8cb7-4fbc-b8e9-652ba3091958" valueType="string"/>
			<property name="aggrMethod" value="MIN" valueType="string"/>
			<property name="calcTotal" value="false" valueType="boolean"/>
			<property name="calcFormula" valueType="table"/>
			<property name="displayFormat" value="" valueType="string"/>
			<property name="overrideLookupInformation" value="false" valueType="boolean"/>
			<property name="title" value="Residual Maturity Months" valueType="string"/>
			<property name="overrideNullable" value="DEFAULT" valueType="string"/>
		</object>
		<object type="Aggregation:calcField" version="7">
			<property name="name" value="coupon" valueType="string"/>
			<property name="description" value="" valueType="string"/>
			<property name="id" value="95d724a5-6fe0-4059-ad78-ef6d47724248" valueType="string"/>
			<property name="aggrMethod" value="MIN" valueType="string"/>
			<property name="calcTotal" value="false" valueType="boolean"/>
			<property name="calcFormula" valueType="table"/>
			<property name="displayFormat" value="" valueType="string"/>
			<property name="overrideLookupInformation" value="false" valueType="boolean"/>
			<property name="title" value="Coupon" valueType="string"/>
			<property name="overrideNullable" value="DEFAULT" valueType="string"/>
		</object>
		<object type="Aggregation:calcField" version="7">
			<property name="name" value="c18_chrg_apprch_ind" valueType="string"/>
			<property name="description" value="" valueType="string"/>
			<property name="id" value="3ef83edf-aa6e-48ba-a7fc-268fcf6185c1" valueType="string"/>
			<property name="aggrMethod" value="MIN" valueType="string"/>
			<property name="calcTotal" value="false" valueType="boolean"/>
			<property name="calcFormula" valueType="table"/>
			<property name="displayFormat" value="" valueType="string"/>
			<property name="overrideLookupInformation" value="false" valueType="boolean"/>
			<property name="title" value="C18 Charge Approach Indicator" valueType="string"/>
			<property name="overrideNullable" value="DEFAULT" valueType="string"/>
		</object>
		<object type="Aggregation:calcField" version="7">
			<property name="name" value="mtrty_bnd" valueType="string"/>
			<property name="description" value="" valueType="string"/>
			<property name="id" value="558d4403-a535-49a0-aa84-3fcbc21bd62c" valueType="string"/>
			<property name="aggrMethod" value="MIN" valueType="string"/>
			<property name="calcTotal" value="false" valueType="boolean"/>
			<property name="calcFormula" valueType="table"/>
			<property name="displayFormat" value="" valueType="string"/>
			<property name="overrideLookupInformation" value="false" valueType="boolean"/>
			<property name="title" value="Maturity Band" valueType="string"/>
			<property name="overrideNullable" value="DEFAULT" valueType="string"/>
		</object>
		<object type="Aggregation:calcField" version="7">
			<property name="name" value="mtrty_zone" valueType="string"/>
			<property name="description" value="" valueType="string"/>
			<property name="id" value="5bdc90c9-9590-4eed-bea1-859b1a7ff096" valueType="string"/>
			<property name="aggrMethod" value="MIN" valueType="string"/>
			<property name="calcTotal" value="false" valueType="boolean"/>
			<property name="calcFormula" valueType="table"/>
			<property name="displayFormat" value="" valueType="string"/>
			<property name="overrideLookupInformation" value="false" valueType="boolean"/>
			<property name="title" value="Maturity Zone" valueType="string"/>
			<property name="overrideNullable" value="DEFAULT" valueType="string"/>
		</object>
		<object type="Aggregation:calcField" version="7">
			<property name="name" value="ir_gnrl_pra" valueType="string"/>
			<property name="description" value="" valueType="string"/>
			<property name="id" value="2132aac5-96db-42b9-950f-050ccf0dc665" valueType="string"/>
			<property name="aggrMethod" value="MIN" valueType="string"/>
			<property name="calcTotal" value="false" valueType="boolean"/>
			<property name="calcFormula" valueType="table"/>
			<property name="displayFormat" value="" valueType="string"/>
			<property name="overrideLookupInformation" value="false" valueType="boolean"/>
			<property name="title" value="IR General PRA" valueType="string"/>
			<property name="overrideNullable" value="DEFAULT" valueType="string"/>
		</object>
		<object type="Aggregation:calcField" version="7">
			<property name="name" value="mdfd_drtn_assmd_chng" valueType="string"/>
			<property name="description" value="" valueType="string"/>
			<property name="id" value="8c1dfceb-3ab2-47ea-8bdb-be1cc7cefaa0" valueType="string"/>
			<property name="aggrMethod" value="MIN" valueType="string"/>
			<property name="calcTotal" value="false" valueType="boolean"/>
			<property name="calcFormula" valueType="table"/>
			<property name="displayFormat" value="" valueType="string"/>
			<property name="overrideLookupInformation" value="false" valueType="boolean"/>
			<property name="title" value="Modified Duration Assumed Change in IR (%)" valueType="string"/>
			<property name="overrideNullable" value="DEFAULT" valueType="string"/>
		</object>
		<object type="Aggregation:calcField" version="7">
			<property name="name" value="mdfd_drtn_zone" valueType="string"/>
			<property name="description" value="" valueType="string"/>
			<property name="id" value="350e6a47-9921-4587-8c15-3d61a11a6151" valueType="string"/>
			<property name="aggrMethod" value="MIN" valueType="string"/>
			<property name="calcTotal" value="false" valueType="boolean"/>
			<property name="calcFormula" valueType="table"/>
			<property name="displayFormat" value="" valueType="string"/>
			<property name="overrideLookupInformation" value="false" valueType="boolean"/>
			<property name="title" value="Modified Duration Zone" valueType="string"/>
			<property name="overrideNullable" value="DEFAULT" valueType="string"/>
		</object>
	</property>
	<property name="auxFields" valueType="table"/>
	<property name="syntheticFields" valueType="table"/>
	<property name="additionalIndices" valueType="table"/>
	<property name="mappings" valueType="table">
		<object type="Aggregation:mapping" version="7">
			<property name="field" valueType="object">
				<object type="Aggregation:localDetailReference" version="7">
					<property name="value" valueType="url">Aggregation[this].details["entity"{e3828189-cb79-4894-94db-5fcd12a8e835}]</property>
				</object>
			</property>
			<property name="fieldMapping" valueType="table">
				<object type="Aggregation:fieldMapping" version="7">
					<property name="model" valueType="object">
						<object type="DataModel:reference" version="3">
							<property name="value" valueType="url">DataModel["ModifyModel[IR_Alt_ZSR_Netting_Results].Aggregation[IR_ZSR_Positions]"{ModifyModel[04673667-2e22-4cdf-a16f-c1b83d6d6927].Aggregation[4edf7be4-10cf-4b3d-9e73-090cffac2ef3]}]</property>
						</object>
					</property>
					<property name="expression" valueType="table">
						<object type="DataModel:fieldReference" version="3">
							<property name="value" valueType="url">DataModel["ModifyModel[IR_Alt_ZSR_Netting_Results].Aggregation[IR_ZSR_Positions]"{ModifyModel[04673667-2e22-4cdf-a16f-c1b83d6d6927].Aggregation[4edf7be4-10cf-4b3d-9e73-090cffac2ef3]}].hierarchy["Aggregation"{4edf7be4-10cf-4b3d-9e73-090cffac2ef3}].dataSource.layout["entity"{e0399ae9-cb19-481b-b440-f97f4840a885}]</property>
						</object>
					</property>
				</object>
			</property>
		</object>
		<object type="Aggregation:mapping" version="7">
			<property name="field" valueType="object">
				<object type="Aggregation:localDetailReference" version="7">
					<property name="value" valueType="url">Aggregation[this].details["id_unique"{5785d31c-db0d-499e-a132-903751594129}]</property>
				</object>
			</property>
			<property name="fieldMapping" valueType="table">
				<object type="Aggregation:fieldMapping" version="7">
					<property name="model" valueType="object">
						<object type="DataModel:reference" version="3">
							<property name="value" valueType="url">DataModel["ModifyModel[IR_Alt_ZSR_Netting_Results].Aggregation[IR_ZSR_Positions]"{ModifyModel[04673667-2e22-4cdf-a16f-c1b83d6d6927].Aggregation[4edf7be4-10cf-4b3d-9e73-090cffac2ef3]}]</property>
						</object>
					</property>
					<property name="expression" valueType="table">
						<object type="DataModel:fieldReference" version="3">
							<property name="value" valueType="url">DataModel["ModifyModel[IR_Alt_ZSR_Netting_Results].Aggregation[IR_ZSR_Positions]"{ModifyModel[04673667-2e22-4cdf-a16f-c1b83d6d6927].Aggregation[4edf7be4-10cf-4b3d-9e73-090cffac2ef3]}].hierarchy["Aggregation"{4edf7be4-10cf-4b3d-9e73-090cffac2ef3}].dataSource.layout["id_unique"{22c86210-ae0a-49bc-a3a0-af03bd4447d9}]</property>
						</object>
					</property>
				</object>
			</property>
		</object>
		<object type="Aggregation:mapping" version="7">
			<property name="field" valueType="object">
				<object type="Aggregation:localDetailReference" version="7">
					<property name="value" valueType="url">Aggregation[this].details["ccy_code"{fb420a7f-9e9c-4315-b6d9-0aa6d070be25}]</property>
				</object>
			</property>
			<property name="fieldMapping" valueType="table">
				<object type="Aggregation:fieldMapping" version="7">
					<property name="model" valueType="object">
						<object type="DataModel:reference" version="3">
							<property name="value" valueType="url">DataModel["ModifyModel[IR_Alt_ZSR_Netting_Results].Aggregation[IR_ZSR_Positions]"{ModifyModel[04673667-2e22-4cdf-a16f-c1b83d6d6927].Aggregation[4edf7be4-10cf-4b3d-9e73-090cffac2ef3]}]</property>
						</object>
					</property>
					<property name="expression" valueType="table">
						<object type="SQLPattern" version="3">
							<property name="name" value="isNull" valueType="string"/>
							<property name="parameters" valueType="table">
								<object type="SQLPattern:parameter" version="3">
									<property name="expressions" valueType="table">
										<object type="DataModel:fieldReference" version="3">
											<property name="value" valueType="url">DataModel["ModifyModel[IR_Alt_ZSR_Netting_Results].Aggregation[IR_ZSR_Positions]"{ModifyModel[04673667-2e22-4cdf-a16f-c1b83d6d6927].Aggregation[4edf7be4-10cf-4b3d-9e73-090cffac2ef3]}].hierarchy["Aggregation"{4edf7be4-10cf-4b3d-9e73-090cffac2ef3}].dataSource.layout["ccy_code"{4acb7797-3414-44e6-931d-1a032e33c0fa}]</property>
										</object>
									</property>
								</object>
								<object type="SQLPattern:parameter" version="3">
									<property name="expressions" valueType="table">
										<object type="SQLExpressionPart" version="2">
											<property name="value" value="'NA'" valueType="string"/>
										</object>
									</property>
								</object>
							</property>
						</object>
					</property>
					<property name="valueSize" value="3" valueType="integer"/>
					<property name="valueNullable" value="false" valueType="boolean"/>
					<property name="valueType" value="VARCHAR" valueType="string"/>
				</object>
			</property>
		</object>
		<object type="Aggregation:mapping" version="7">
			<property name="field" valueType="object">
				<object type="Aggregation:localDetailReference" version="7">
					<property name="value" valueType="url">Aggregation[this].details["enm_gmr_mthd"{687ec4a6-a7b9-4b34-8a39-0031fb38bcb8}]</property>
				</object>
			</property>
			<property name="fieldMapping" valueType="table">
				<object type="Aggregation:fieldMapping" version="7">
					<property name="model" valueType="object">
						<object type="DataModel:reference" version="3">
							<property name="value" valueType="url">DataModel["ModifyModel[IR_Alt_ZSR_Netting_Results].Aggregation[IR_ZSR_Positions]"{ModifyModel[04673667-2e22-4cdf-a16f-c1b83d6d6927].Aggregation[4edf7be4-10cf-4b3d-9e73-090cffac2ef3]}]</property>
						</object>
					</property>
					<property name="expression" valueType="table">
						<object type="SQLPattern" version="3">
							<property name="name" value="isNull" valueType="string"/>
							<property name="parameters" valueType="table">
								<object type="SQLPattern:parameter" version="3">
									<property name="expressions" valueType="table">
										<object type="DataModel:fieldReference" version="3">
											<property name="value" valueType="url">DataModel["ModifyModel[IR_Alt_ZSR_Netting_Results].Aggregation[IR_ZSR_Positions]"{ModifyModel[04673667-2e22-4cdf-a16f-c1b83d6d6927].Aggregation[4edf7be4-10cf-4b3d-9e73-090cffac2ef3]}].hierarchy["Aggregation"{4edf7be4-10cf-4b3d-9e73-090cffac2ef3}].dataSource.layout["enm_gmr_mthd"{7e6ab692-04ef-4e37-ad68-0f4d5c092b01}]</property>
										</object>
									</property>
								</object>
								<object type="SQLPattern:parameter" version="3">
									<property name="expressions" valueType="table">
										<object type="SQLExpressionPart" version="2">
											<property name="value" value="'NA'" valueType="string"/>
										</object>
									</property>
								</object>
							</property>
						</object>
					</property>
					<property name="valueSize" value="20" valueType="integer"/>
					<property name="valueNullable" value="false" valueType="boolean"/>
					<property name="valueType" value="VARCHAR" valueType="string"/>
				</object>
			</property>
		</object>
		<object type="Aggregation:mapping" version="7">
			<property name="field" valueType="object">
				<object type="Aggregation:localDetailReference" version="7">
					<property name="value" valueType="url">Aggregation[this].details["indx_lnkd_ind"{7e4b9c76-bdd2-48c4-866d-9a3d801741dd}]</property>
				</object>
			</property>
			<property name="fieldMapping" valueType="table">
				<object type="Aggregation:fieldMapping" version="7">
					<property name="model" valueType="object">
						<object type="DataModel:reference" version="3">
							<property name="value" valueType="url">DataModel["ModifyModel[IR_Alt_ZSR_Netting_Results].Aggregation[IR_ZSR_Positions]"{ModifyModel[04673667-2e22-4cdf-a16f-c1b83d6d6927].Aggregation[4edf7be4-10cf-4b3d-9e73-090cffac2ef3]}]</property>
						</object>
					</property>
					<property name="expression" valueType="table">
						<object type="SQLPattern" version="3">
							<property name="name" value="isNull" valueType="string"/>
							<property name="parameters" valueType="table">
								<object type="SQLPattern:parameter" version="3">
									<property name="expressions" valueType="table">
										<object type="DataModel:fieldReference" version="3">
											<property name="value" valueType="url">DataModel["ModifyModel[IR_Alt_ZSR_Netting_Results].Aggregation[IR_ZSR_Positions]"{ModifyModel[04673667-2e22-4cdf-a16f-c1b83d6d6927].Aggregation[4edf7be4-10cf-4b3d-9e73-090cffac2ef3]}].hierarchy["Aggregation"{4edf7be4-10cf-4b3d-9e73-090cffac2ef3}].dataSource.layout["indx_lnkd_ind"{9ceee404-7ae9-49eb-b4c1-b486a055590e}]</property>
										</object>
									</property>
								</object>
								<object type="SQLPattern:parameter" version="3">
									<property name="expressions" valueType="table">
										<object type="SQLExpressionPart" version="2">
											<property name="value" value="'N'" valueType="string"/>
										</object>
									</property>
								</object>
							</property>
						</object>
					</property>
					<property name="valueSize" value="1" valueType="integer"/>
					<property name="valueNullable" value="false" valueType="boolean"/>
					<property name="valueType" value="VARCHAR" valueType="string"/>
				</object>
			</property>
		</object>
		<object type="Aggregation:mapping" version="7">
			<property name="field" valueType="object">
				<object type="Aggregation:localDetailReference" version="7">
					<property name="value" valueType="url">Aggregation[this].details["id_trc"{d545b8d8-b5e2-47a0-8274-37a450343166}]</property>
				</object>
			</property>
			<property name="fieldMapping" valueType="table">
				<object type="Aggregation:fieldMapping" version="7">
					<property name="model" valueType="object">
						<object type="DataModel:reference" version="3">
							<property name="value" valueType="url">DataModel["ModifyModel[IR_Alt_ZSR_Netting_Results].Aggregation[IR_ZSR_Positions]"{ModifyModel[04673667-2e22-4cdf-a16f-c1b83d6d6927].Aggregation[4edf7be4-10cf-4b3d-9e73-090cffac2ef3]}]</property>
						</object>
					</property>
					<property name="expression" valueType="table">
						<object type="SQLPattern" version="3">
							<property name="name" value="isNull" valueType="string"/>
							<property name="parameters" valueType="table">
								<object type="SQLPattern:parameter" version="3">
									<property name="expressions" valueType="table">
										<object type="DataModel:fieldReference" version="3">
											<property name="value" valueType="url">DataModel["ModifyModel[IR_Alt_ZSR_Netting_Results].Aggregation[IR_ZSR_Positions]"{ModifyModel[04673667-2e22-4cdf-a16f-c1b83d6d6927].Aggregation[4edf7be4-10cf-4b3d-9e73-090cffac2ef3]}].hierarchy["Aggregation"{4edf7be4-10cf-4b3d-9e73-090cffac2ef3}].dataSource.layout["id_unique"{22c86210-ae0a-49bc-a3a0-af03bd4447d9}]</property>
										</object>
									</property>
								</object>
								<object type="SQLPattern:parameter" version="3">
									<property name="expressions" valueType="table">
										<object type="SQLExpressionPart" version="2">
											<property name="value" value="'NA'" valueType="string"/>
										</object>
									</property>
								</object>
							</property>
						</object>
					</property>
					<property name="valueSize" value="500" valueType="integer"/>
					<property name="valueNullable" value="false" valueType="boolean"/>
					<property name="valueType" value="VARCHAR" valueType="string"/>
				</object>
			</property>
		</object>
		<object type="Aggregation:mapping" version="7">
			<property name="field" valueType="object">
				<object type="Aggregation:localDetailReference" version="7">
					<property name="value" valueType="url">Aggregation[this].details["legal_entity"{09aeffa0-e0c0-41dd-8194-6338e40bbfd2}]</property>
				</object>
			</property>
			<property name="fieldMapping" valueType="table">
				<object type="Aggregation:fieldMapping" version="7">
					<property name="model" valueType="object">
						<object type="DataModel:reference" version="3">
							<property name="value" valueType="url">DataModel["ModifyModel[IR_Alt_ZSR_Netting_Results].Aggregation[IR_ZSR_Positions]"{ModifyModel[04673667-2e22-4cdf-a16f-c1b83d6d6927].Aggregation[4edf7be4-10cf-4b3d-9e73-090cffac2ef3]}]</property>
						</object>
					</property>
					<property name="expression" valueType="table">
						<object type="DataModel:fieldReference" version="3">
							<property name="value" valueType="url">DataModel["ModifyModel[IR_Alt_ZSR_Netting_Results].Aggregation[IR_ZSR_Positions]"{ModifyModel[04673667-2e22-4cdf-a16f-c1b83d6d6927].Aggregation[4edf7be4-10cf-4b3d-9e73-090cffac2ef3]}].hierarchy["Aggregation"{4edf7be4-10cf-4b3d-9e73-090cffac2ef3}].dataSource.layout["legal_entity"{17b164e1-ae2b-4d4b-a080-23de903102a4}]</property>
						</object>
					</property>
				</object>
			</property>
		</object>
		<object type="Aggregation:mapping" version="7">
			<property name="field" valueType="object">
				<object type="Aggregation:localCalcFieldReference" version="7">
					<property name="value" valueType="url">Aggregation[this].calcFields["net_mrkt_vl"{1e4f7206-bbd6-4fbd-9a73-240ebda118d2}]</property>
				</object>
			</property>
			<property name="fieldMapping" valueType="table">
				<object type="Aggregation:fieldMapping" version="7">
					<property name="model" valueType="object">
						<object type="DataModel:reference" version="3">
							<property name="value" valueType="url">DataModel["ModifyModel[IR_Alt_ZSR_Netting_Results].Aggregation[IR_ZSR_Positions]"{ModifyModel[04673667-2e22-4cdf-a16f-c1b83d6d6927].Aggregation[4edf7be4-10cf-4b3d-9e73-090cffac2ef3]}]</property>
						</object>
					</property>
					<property name="expression" valueType="table">
						<object type="DataModel:fieldReference" version="3">
							<property name="value" valueType="url">DataModel["ModifyModel[IR_Alt_ZSR_Netting_Results].Aggregation[IR_ZSR_Positions]"{ModifyModel[04673667-2e22-4cdf-a16f-c1b83d6d6927].Aggregation[4edf7be4-10cf-4b3d-9e73-090cffac2ef3]}].hierarchy["remaining"{6be59470-8711-490d-a3e0-8aa5d449b02a}].dataSource.layout["remnng"{5ccfb6d9-e97b-451d-845a-add16143b9d4}]</property>
						</object>
					</property>
				</object>
			</property>
		</object>
		<object type="Aggregation:mapping" version="7">
			<property name="field" valueType="object">
				<object type="Aggregation:localCalcFieldReference" version="7">
					<property name="value" valueType="url">Aggregation[this].calcFields["mdfd_drtn"{8f3f469a-f57c-4097-878d-6dc4df85b5cf}]</property>
				</object>
			</property>
			<property name="fieldMapping" valueType="table">
				<object type="Aggregation:fieldMapping" version="7">
					<property name="model" valueType="object">
						<object type="DataModel:reference" version="3">
							<property name="value" valueType="url">DataModel["ModifyModel[IR_Alt_ZSR_Netting_Results].Aggregation[IR_ZSR_Positions]"{ModifyModel[04673667-2e22-4cdf-a16f-c1b83d6d6927].Aggregation[4edf7be4-10cf-4b3d-9e73-090cffac2ef3]}]</property>
						</object>
					</property>
					<property name="expression" valueType="table">
						<object type="DataModel:fieldReference" version="3">
							<property name="value" valueType="url">DataModel["ModifyModel[IR_Alt_ZSR_Netting_Results].Aggregation[IR_ZSR_Positions]"{ModifyModel[04673667-2e22-4cdf-a16f-c1b83d6d6927].Aggregation[4edf7be4-10cf-4b3d-9e73-090cffac2ef3]}].hierarchy["Aggregation"{4edf7be4-10cf-4b3d-9e73-090cffac2ef3}].dataSource.layout["mdfd_drtn"{df2efbed-c839-4b74-b42d-87ecbc5d6039}]</property>
						</object>
					</property>
				</object>
			</property>
		</object>
		<object type="Aggregation:mapping" version="7">
			<property name="field" valueType="object">
				<object type="Aggregation:localCalcFieldReference" version="7">
					<property name="value" valueType="url">Aggregation[this].calcFields["nttng_step"{daf28a1f-3036-432d-95dd-870a14693f2f}]</property>
				</object>
			</property>
			<property name="fieldMapping" valueType="table">
				<object type="Aggregation:fieldMapping" version="7">
					<property name="model" valueType="object">
						<object type="DataModel:reference" version="3">
							<property name="value" valueType="url">DataModel["ModifyModel[IR_Alt_ZSR_Netting_Results].Aggregation[IR_ZSR_Positions]"{ModifyModel[04673667-2e22-4cdf-a16f-c1b83d6d6927].Aggregation[4edf7be4-10cf-4b3d-9e73-090cffac2ef3]}]</property>
						</object>
					</property>
					<property name="expression" valueType="table">
						<object type="DataModel:fieldReference" version="3">
							<property name="value" valueType="url">DataModel["ModifyModel[IR_Alt_ZSR_Netting_Results].Aggregation[IR_ZSR_Positions]"{ModifyModel[04673667-2e22-4cdf-a16f-c1b83d6d6927].Aggregation[4edf7be4-10cf-4b3d-9e73-090cffac2ef3]}].hierarchy["Aggregation"{4edf7be4-10cf-4b3d-9e73-090cffac2ef3}].dataSource.layout["nttng_step"{201d819f-ac73-4401-9b41-01e77777fc6a}]</property>
						</object>
					</property>
				</object>
			</property>
		</object>
		<object type="Aggregation:mapping" version="7">
			<property name="field" valueType="object">
				<object type="Aggregation:localCalcFieldReference" version="7">
					<property name="value" valueType="url">Aggregation[this].calcFields["rsdl_mtrty_mnths"{12f3ea63-8cb7-4fbc-b8e9-652ba3091958}]</property>
				</object>
			</property>
			<property name="fieldMapping" valueType="table">
				<object type="Aggregation:fieldMapping" version="7">
					<property name="model" valueType="object">
						<object type="DataModel:reference" version="3">
							<property name="value" valueType="url">DataModel["ModifyModel[IR_Alt_ZSR_Netting_Results].Aggregation[IR_ZSR_Positions]"{ModifyModel[04673667-2e22-4cdf-a16f-c1b83d6d6927].Aggregation[4edf7be4-10cf-4b3d-9e73-090cffac2ef3]}]</property>
						</object>
					</property>
					<property name="expression" valueType="table">
						<object type="DataModel:fieldReference" version="3">
							<property name="value" valueType="url">DataModel["ModifyModel[IR_Alt_ZSR_Netting_Results].Aggregation[IR_ZSR_Positions]"{ModifyModel[04673667-2e22-4cdf-a16f-c1b83d6d6927].Aggregation[4edf7be4-10cf-4b3d-9e73-090cffac2ef3]}].hierarchy["Aggregation"{4edf7be4-10cf-4b3d-9e73-090cffac2ef3}].dataSource.layout["rsdl_mtrty_mnths"{26cf27c4-3e59-4f15-9280-e9856a5bfb14}]</property>
						</object>
					</property>
				</object>
			</property>
		</object>
		<object type="Aggregation:mapping" version="7">
			<property name="field" valueType="object">
				<object type="Aggregation:localCalcFieldReference" version="7">
					<property name="value" valueType="url">Aggregation[this].calcFields["coupon"{95d724a5-6fe0-4059-ad78-ef6d47724248}]</property>
				</object>
			</property>
			<property name="fieldMapping" valueType="table">
				<object type="Aggregation:fieldMapping" version="7">
					<property name="model" valueType="object">
						<object type="DataModel:reference" version="3">
							<property name="value" valueType="url">DataModel["ModifyModel[IR_Alt_ZSR_Netting_Results].Aggregation[IR_ZSR_Positions]"{ModifyModel[04673667-2e22-4cdf-a16f-c1b83d6d6927].Aggregation[4edf7be4-10cf-4b3d-9e73-090cffac2ef3]}]</property>
						</object>
					</property>
					<property name="expression" valueType="table">
						<object type="DataModel:fieldReference" version="3">
							<property name="value" valueType="url">DataModel["ModifyModel[IR_Alt_ZSR_Netting_Results].Aggregation[IR_ZSR_Positions]"{ModifyModel[04673667-2e22-4cdf-a16f-c1b83d6d6927].Aggregation[4edf7be4-10cf-4b3d-9e73-090cffac2ef3]}].hierarchy["Aggregation"{4edf7be4-10cf-4b3d-9e73-090cffac2ef3}].dataSource.layout["coupon"{bb282b1a-629a-416f-a0f1-ea61f7dd412c}]</property>
						</object>
					</property>
				</object>
			</property>
		</object>
		<object type="Aggregation:mapping" version="7">
			<property name="field" valueType="object">
				<object type="Aggregation:localCalcFieldReference" version="7">
					<property name="value" valueType="url">Aggregation[this].calcFields["c18_chrg_apprch_ind"{3ef83edf-aa6e-48ba-a7fc-268fcf6185c1}]</property>
				</object>
			</property>
			<property name="fieldMapping" valueType="table">
				<object type="Aggregation:fieldMapping" version="7">
					<property name="model" valueType="object">
						<object type="DataModel:reference" version="3">
							<property name="value" valueType="url">DataModel["ModifyModel[IR_Alt_ZSR_Netting_Results].Aggregation[IR_ZSR_Positions]"{ModifyModel[04673667-2e22-4cdf-a16f-c1b83d6d6927].Aggregation[4edf7be4-10cf-4b3d-9e73-090cffac2ef3]}]</property>
						</object>
					</property>
					<property name="expression" valueType="table">
						<object type="DataModel:fieldReference" version="3">
							<property name="value" valueType="url">DataModel["ModifyModel[IR_Alt_ZSR_Netting_Results].Aggregation[IR_ZSR_Positions]"{ModifyModel[04673667-2e22-4cdf-a16f-c1b83d6d6927].Aggregation[4edf7be4-10cf-4b3d-9e73-090cffac2ef3]}].hierarchy["Aggregation"{4edf7be4-10cf-4b3d-9e73-090cffac2ef3}].dataSource.layout["c18_chrg_apprch_ind"{339f513c-b1ac-42a3-b47f-f5c1f05313a8}]</property>
						</object>
					</property>
				</object>
			</property>
		</object>
		<object type="Aggregation:mapping" version="7">
			<property name="field" valueType="object">
				<object type="Aggregation:localCalcFieldReference" version="7">
					<property name="value" valueType="url">Aggregation[this].calcFields["mtrty_bnd"{558d4403-a535-49a0-aa84-3fcbc21bd62c}]</property>
				</object>
			</property>
			<property name="fieldMapping" valueType="table">
				<object type="Aggregation:fieldMapping" version="7">
					<property name="model" valueType="object">
						<object type="DataModel:reference" version="3">
							<property name="value" valueType="url">DataModel["ModifyModel[IR_Alt_ZSR_Netting_Results].Aggregation[IR_ZSR_Positions]"{ModifyModel[04673667-2e22-4cdf-a16f-c1b83d6d6927].Aggregation[4edf7be4-10cf-4b3d-9e73-090cffac2ef3]}]</property>
						</object>
					</property>
					<property name="expression" valueType="table">
						<object type="DataModel:fieldReference" version="3">
							<property name="value" valueType="url">DataModel["ModifyModel[IR_Alt_ZSR_Netting_Results].Aggregation[IR_ZSR_Positions]"{ModifyModel[04673667-2e22-4cdf-a16f-c1b83d6d6927].Aggregation[4edf7be4-10cf-4b3d-9e73-090cffac2ef3]}].hierarchy["Aggregation"{4edf7be4-10cf-4b3d-9e73-090cffac2ef3}].dataSource.layout["mtrty_bnd"{92362f65-ec52-4d1d-807f-06f9ed56fbcd}]</property>
						</object>
					</property>
				</object>
			</property>
		</object>
		<object type="Aggregation:mapping" version="7">
			<property name="field" valueType="object">
				<object type="Aggregation:localCalcFieldReference" version="7">
					<property name="value" valueType="url">Aggregation[this].calcFields["mtrty_zone"{5bdc90c9-9590-4eed-bea1-859b1a7ff096}]</property>
				</object>
			</property>
			<property name="fieldMapping" valueType="table">
				<object type="Aggregation:fieldMapping" version="7">
					<property name="model" valueType="object">
						<object type="DataModel:reference" version="3">
							<property name="value" valueType="url">DataModel["ModifyModel[IR_Alt_ZSR_Netting_Results].Aggregation[IR_ZSR_Positions]"{ModifyModel[04673667-2e22-4cdf-a16f-c1b83d6d6927].Aggregation[4edf7be4-10cf-4b3d-9e73-090cffac2ef3]}]</property>
						</object>
					</property>
					<property name="expression" valueType="table">
						<object type="DataModel:fieldReference" version="3">
							<property name="value" valueType="url">DataModel["ModifyModel[IR_Alt_ZSR_Netting_Results].Aggregation[IR_ZSR_Positions]"{ModifyModel[04673667-2e22-4cdf-a16f-c1b83d6d6927].Aggregation[4edf7be4-10cf-4b3d-9e73-090cffac2ef3]}].hierarchy["Aggregation"{4edf7be4-10cf-4b3d-9e73-090cffac2ef3}].dataSource.layout["mtrty_zone"{e8278cca-89d2-4a62-b7d4-e57b594aa3f7}]</property>
						</object>
					</property>
				</object>
			</property>
		</object>
		<object type="Aggregation:mapping" version="7">
			<property name="field" valueType="object">
				<object type="Aggregation:localCalcFieldReference" version="7">
					<property name="value" valueType="url">Aggregation[this].calcFields["ir_gnrl_pra"{2132aac5-96db-42b9-950f-050ccf0dc665}]</property>
				</object>
			</property>
			<property name="fieldMapping" valueType="table">
				<object type="Aggregation:fieldMapping" version="7">
					<property name="model" valueType="object">
						<object type="DataModel:reference" version="3">
							<property name="value" valueType="url">DataModel["ModifyModel[IR_Alt_ZSR_Netting_Results].Aggregation[IR_ZSR_Positions]"{ModifyModel[04673667-2e22-4cdf-a16f-c1b83d6d6927].Aggregation[4edf7be4-10cf-4b3d-9e73-090cffac2ef3]}]</property>
						</object>
					</property>
					<property name="expression" valueType="table">
						<object type="DataModel:fieldReference" version="3">
							<property name="value" valueType="url">DataModel["ModifyModel[IR_Alt_ZSR_Netting_Results].Aggregation[IR_ZSR_Positions]"{ModifyModel[04673667-2e22-4cdf-a16f-c1b83d6d6927].Aggregation[4edf7be4-10cf-4b3d-9e73-090cffac2ef3]}].hierarchy["Aggregation"{4edf7be4-10cf-4b3d-9e73-090cffac2ef3}].dataSource.layout["ir_gnrl_pra"{9aa520d8-bc8a-4802-8fdc-312a97764ea4}]</property>
						</object>
					</property>
				</object>
			</property>
		</object>
		<object type="Aggregation:mapping" version="7">
			<property name="field" valueType="object">
				<object type="Aggregation:localCalcFieldReference" version="7">
					<property name="value" valueType="url">Aggregation[this].calcFields["mdfd_drtn_assmd_chng"{8c1dfceb-3ab2-47ea-8bdb-be1cc7cefaa0}]</property>
				</object>
			</property>
			<property name="fieldMapping" valueType="table">
				<object type="Aggregation:fieldMapping" version="7">
					<property name="model" valueType="object">
						<object type="DataModel:reference" version="3">
							<property name="value" valueType="url">DataModel["ModifyModel[IR_Alt_ZSR_Netting_Results].Aggregation[IR_ZSR_Positions]"{ModifyModel[04673667-2e22-4cdf-a16f-c1b83d6d6927].Aggregation[4edf7be4-10cf-4b3d-9e73-090cffac2ef3]}]</property>
						</object>
					</property>
					<property name="expression" valueType="table">
						<object type="DataModel:fieldReference" version="3">
							<property name="value" valueType="url">DataModel["ModifyModel[IR_Alt_ZSR_Netting_Results].Aggregation[IR_ZSR_Positions]"{ModifyModel[04673667-2e22-4cdf-a16f-c1b83d6d6927].Aggregation[4edf7be4-10cf-4b3d-9e73-090cffac2ef3]}].hierarchy["Aggregation"{4edf7be4-10cf-4b3d-9e73-090cffac2ef3}].dataSource.layout["mdfd_drtn_assmd_chng"{fa1c1f13-f5a5-4e09-afbd-184ecf1248f2}]</property>
						</object>
					</property>
				</object>
			</property>
		</object>
		<object type="Aggregation:mapping" version="7">
			<property name="field" valueType="object">
				<object type="Aggregation:localCalcFieldReference" version="7">
					<property name="value" valueType="url">Aggregation[this].calcFields["mdfd_drtn_zone"{350e6a47-9921-4587-8c15-3d61a11a6151}]</property>
				</object>
			</property>
			<property name="fieldMapping" valueType="table">
				<object type="Aggregation:fieldMapping" version="7">
					<property name="model" valueType="object">
						<object type="DataModel:reference" version="3">
							<property name="value" valueType="url">DataModel["ModifyModel[IR_Alt_ZSR_Netting_Results].Aggregation[IR_ZSR_Positions]"{ModifyModel[04673667-2e22-4cdf-a16f-c1b83d6d6927].Aggregation[4edf7be4-10cf-4b3d-9e73-090cffac2ef3]}]</property>
						</object>
					</property>
					<property name="expression" valueType="table">
						<object type="DataModel:fieldReference" version="3">
							<property name="value" valueType="url">DataModel["ModifyModel[IR_Alt_ZSR_Netting_Results].Aggregation[IR_ZSR_Positions]"{ModifyModel[04673667-2e22-4cdf-a16f-c1b83d6d6927].Aggregation[4edf7be4-10cf-4b3d-9e73-090cffac2ef3]}].hierarchy["Aggregation"{4edf7be4-10cf-4b3d-9e73-090cffac2ef3}].dataSource.layout["mdfd_drtn_zone"{e76679fc-13e6-491d-91e5-7ba16886fcf4}]</property>
						</object>
					</property>
				</object>
			</property>
		</object>
	</property>
	<property name="storageType" value="CONTINUOUS_PARTITION" valueType="string"/>
	<property name="postTableCreationStatements" valueType="table"/>
	<property name="postAdjustmentTableCreationStatements" valueType="table"/>
	<property name="detailsAsKeys" value="true" valueType="boolean"/>
	<property name="dbSourceForResults" valueType="url">DBSource["POSTGRES"{7141b02a-a2bf-46bb-9ad0-fa1087f431e1}]</property>
	<property name="archivalProperties" valueType="object">
		<object type="ArchivalProperties" version="2">
			<property name="daily" value="false" valueType="boolean"/>
			<property name="weekly" value="false" valueType="boolean"/>
			<property name="monthly" value="false" valueType="boolean"/>
			<property name="quarterly" value="false" valueType="boolean"/>
			<property name="semiAnnually" value="false" valueType="boolean"/>
			<property name="annually" value="false" valueType="boolean"/>
			<property name="intraDay" value="false" valueType="boolean"/>
			<property name="userDefined" value="false" valueType="boolean"/>
		</object>
	</property>
	<property name="condition" valueType="tree">
		<objectNode type="Condition" version="3">
			<property name="isNegated" value="false" valueType="boolean"/>
			<property name="groupingOperator" value="AND" valueType="string"/>
		</objectNode>
	</property>
	<property name="doNotAggregate" value="true" valueType="boolean"/>
	<property name="useUnionAll" value="false" valueType="boolean"/>
	<property name="fourEyesCheck" value="false" valueType="boolean"/>
	<property name="trackDrilldownInformation" value="true" valueType="boolean"/>
	<property name="trackAllInstancesMode" value="NONE" valueType="string"/>
	<property name="computeStatistics" value="FOR_ALL_COLUMNS" valueType="string"/>
	<property name="instanceRebuildRestriction" value="AlterFullRebuild" valueType="string"/>
	<property name="allowExternalDataPermissions" value="false" valueType="boolean"/>
</object>