<object stamp="6d031c70-d553-49e7-8ed8-2877c06a6ce5_1719506206213" type="Aggregation" version="12">
	<property name="name" value="OPT_COMM_Delta" valueType="string"/>
	<property name="description" value="" valueType="string"/>
	<property name="objectId" value="446474a4-7238-49a7-a1c5-fb1279f7dbda" valueType="string"/>
	<property name="branchId" value="f373907f-fa0a-40d6-b143-ab4efdb3216b" valueType="string"/>
	<property name="comment" value="In accordance with Article 358, paragraph 3, options and warrants on commodities or on commodity derivatives shall be treated as if they were positions equal in value to the amount of the underlying to which the option refers, multiplied by its delta&#xa;&#xa;This is acomplished in this object where not only the delta weighted position is calculated but it is also where all relevant fields to be further used in the different option methods/approaches are consolidated." valueType="string"/>
	<property name="models" valueType="table">
		<object type="ModelBasedTask:modelEntry" version="3">
			<property name="dataModel" valueType="url">DataModel["Portfolio[PRA_Appropriate_PRA].ModifyModel[PRA_COMM_Calc_Inputs].shared_calcs:Aggregation[Consolidated_Commodity_Inputs]"{Portfolio[1b7a1382-4a90-409b-b917-31a85429ce4d].ModifyModel[4caeeea0-5126-426b-ac6c-92f6cd3c3ff0].d75383f6-fa01-4e67-a680-006fa58909dc:Aggregation[36eb4b8f-e291-4bbf-b96f-caaa9fae5626]}]</property>
			<property name="instanceSelectionRule" valueType="object">
				<object type="InstanceSelectionRule" version="3">
					<property name="instanceDateRule" valueType="object">
						<object type="InstanceSelectionRule:rule" version="3">
							<property name="type" value="EQUAL" valueType="string"/>
						</object>
					</property>
					<property name="instanceKeyRules" valueType="table"/>
				</object>
			</property>
		</object>
	</property>
	<property name="requiresAllModels" value="true" valueType="boolean"/>
	<property name="parameters" valueType="table"/>
	<property name="details" valueType="table">
		<object type="Aggregation:detail" version="6">
			<property name="name" value="entity" valueType="string"/>
			<property name="description" value="" valueType="string"/>
			<property name="id" value="bad9baf8-7537-4342-9235-82ddf429191a" valueType="string"/>
			<property name="overrideLookupInformation" value="false" valueType="boolean"/>
			<property name="displayFormat" value="" valueType="string"/>
			<property name="title" value="Entity" valueType="string"/>
			<property name="overrideNullable" value="DEFAULT" valueType="string"/>
		</object>
		<object type="Aggregation:detail" version="6">
			<property name="name" value="id_unique" valueType="string"/>
			<property name="description" value="" valueType="string"/>
			<property name="id" value="4733a334-3a04-44c1-9e15-c0eac3c2e7de" valueType="string"/>
			<property name="overrideLookupInformation" value="false" valueType="boolean"/>
			<property name="displayFormat" value="" valueType="string"/>
			<property name="title" value="Unique ID" valueType="string"/>
			<property name="overrideNullable" value="DEFAULT" valueType="string"/>
		</object>
		<object type="Aggregation:detail" version="6">
			<property name="name" value="id_comm" valueType="string"/>
			<property name="description" value="" valueType="string"/>
			<property name="id" value="54d6cce3-f44e-4eb1-94b3-49d52e723290" valueType="string"/>
			<property name="overrideLookupInformation" value="false" valueType="boolean"/>
			<property name="displayFormat" value="" valueType="string"/>
			<property name="title" value="Commodity ID" valueType="string"/>
			<property name="overrideNullable" value="DEFAULT" valueType="string"/>
		</object>
		<object type="Aggregation:detail" version="6">
			<property name="name" value="id_nttng_grp" valueType="string"/>
			<property name="description" value="" valueType="string"/>
			<property name="id" value="185f72f4-b306-420d-8807-bda9ed2715cf" valueType="string"/>
			<property name="overrideLookupInformation" value="false" valueType="boolean"/>
			<property name="displayFormat" value="" valueType="string"/>
			<property name="title" value="Netting Group ID" valueType="string"/>
			<property name="overrideNullable" value="DEFAULT" valueType="string"/>
		</object>
		<object type="Aggregation:detail" version="6">
			<property name="name" value="legal_entity" valueType="string"/>
			<property name="description" value="" valueType="string"/>
			<property name="id" value="604026aa-b86a-4637-9d6e-2b76cdc96426" valueType="string"/>
			<property name="overrideLookupInformation" value="false" valueType="boolean"/>
			<property name="displayFormat" value="" valueType="string"/>
			<property name="title" value="Legal Entity" valueType="string"/>
			<property name="overrideNullable" value="DEFAULT" valueType="string"/>
		</object>
	</property>
	<property name="calcFields" valueType="table">
		<object type="Aggregation:calcField" version="7">
			<property name="name" value="enm_optn_typ" valueType="string"/>
			<property name="description" value="" valueType="string"/>
			<property name="id" value="b10257fe-efe4-4219-9ee6-28f0bf03be2b" valueType="string"/>
			<property name="aggrMethod" value="MIN" valueType="string"/>
			<property name="calcTotal" value="false" valueType="boolean"/>
			<property name="calcFormula" valueType="table"/>
			<property name="displayFormat" value="" valueType="string"/>
			<property name="overrideLookupInformation" value="false" valueType="boolean"/>
			<property name="title" value="Option Type" valueType="string"/>
			<property name="overrideNullable" value="DEFAULT" valueType="string"/>
		</object>
		<object type="Aggregation:calcField" version="7">
			<property name="name" value="enm_optn_mthd" valueType="string"/>
			<property name="description" value="" valueType="string"/>
			<property name="id" value="e6e0e488-9aa6-4c42-a446-5638c2ab04cb" valueType="string"/>
			<property name="aggrMethod" value="MIN" valueType="string"/>
			<property name="calcTotal" value="false" valueType="boolean"/>
			<property name="calcFormula" valueType="table"/>
			<property name="displayFormat" value="" valueType="string"/>
			<property name="overrideLookupInformation" value="false" valueType="boolean"/>
			<property name="title" value="Options Method" valueType="string"/>
			<property name="overrideNullable" value="DEFAULT" valueType="string"/>
		</object>
		<object type="Aggregation:calcField" version="7">
			<property name="name" value="apprprt_pra" valueType="string"/>
			<property name="description" value="" valueType="string"/>
			<property name="id" value="2cd12dd6-af6b-4a1c-a5c6-6beecd38bf87" valueType="string"/>
			<property name="aggrMethod" value="MIN" valueType="string"/>
			<property name="calcTotal" value="false" valueType="boolean"/>
			<property name="calcFormula" valueType="table"/>
			<property name="displayFormat" value="" valueType="string"/>
			<property name="overrideLookupInformation" value="false" valueType="boolean"/>
			<property name="title" value="Appropriate PRA" valueType="string"/>
			<property name="overrideNullable" value="DEFAULT" valueType="string"/>
		</object>
		<object type="Aggregation:calcField" version="7">
			<property name="name" value="optn_delta" valueType="string"/>
			<property name="description" value="" valueType="string"/>
			<property name="id" value="f67b1dcf-6ee8-4fc3-a148-fb33420ac5c0" valueType="string"/>
			<property name="aggrMethod" value="MIN" valueType="string"/>
			<property name="calcTotal" value="false" valueType="boolean"/>
			<property name="calcFormula" valueType="table"/>
			<property name="displayFormat" value="" valueType="string"/>
			<property name="overrideLookupInformation" value="false" valueType="boolean"/>
			<property name="title" value="Option Delta" valueType="string"/>
			<property name="overrideNullable" value="DEFAULT" valueType="string"/>
		</object>
		<object type="Aggregation:calcField" version="7">
			<property name="name" value="qntty" valueType="string"/>
			<property name="description" value="" valueType="string"/>
			<property name="id" value="14020981-d0d0-407c-9b76-2b5ebcc929a7" valueType="string"/>
			<property name="aggrMethod" value="MIN" valueType="string"/>
			<property name="calcTotal" value="false" valueType="boolean"/>
			<property name="calcFormula" valueType="table"/>
			<property name="displayFormat" value="" valueType="string"/>
			<property name="overrideLookupInformation" value="false" valueType="boolean"/>
			<property name="title" value="Quantity" valueType="string"/>
			<property name="overrideNullable" value="DEFAULT" valueType="string"/>
		</object>
		<object type="Aggregation:calcField" version="7">
			<property name="name" value="cntrct_unts" valueType="string"/>
			<property name="description" value="" valueType="string"/>
			<property name="id" value="6c96fbdd-849a-459e-aed6-bcae7c4d8869" valueType="string"/>
			<property name="aggrMethod" value="MIN" valueType="string"/>
			<property name="calcTotal" value="false" valueType="boolean"/>
			<property name="calcFormula" valueType="table"/>
			<property name="displayFormat" value="" valueType="string"/>
			<property name="overrideLookupInformation" value="false" valueType="boolean"/>
			<property name="title" value="Contract Units" valueType="string"/>
			<property name="overrideNullable" value="DEFAULT" valueType="string"/>
		</object>
		<object type="Aggregation:calcField" version="7">
			<property name="name" value="delta_wghtd_qntty" valueType="string"/>
			<property name="description" value="" valueType="string"/>
			<property name="id" value="31f40ffb-d4a4-466c-97b7-4a28f1b8c779" valueType="string"/>
			<property name="aggrMethod" value="MIN" valueType="string"/>
			<property name="calcTotal" value="false" valueType="boolean"/>
			<property name="calcFormula" valueType="table"/>
			<property name="displayFormat" value="" valueType="string"/>
			<property name="overrideLookupInformation" value="false" valueType="boolean"/>
			<property name="title" value="Delta Weighted Quantity" valueType="string"/>
			<property name="overrideNullable" value="DEFAULT" valueType="string"/>
		</object>
		<object type="Aggregation:calcField" version="7">
			<property name="name" value="entity_cntry" valueType="string"/>
			<property name="description" value="" valueType="string"/>
			<property name="id" value="5a3094bc-2665-4e7d-9639-249b048259be" valueType="string"/>
			<property name="aggrMethod" value="MIN" valueType="string"/>
			<property name="calcTotal" value="false" valueType="boolean"/>
			<property name="calcFormula" valueType="table"/>
			<property name="displayFormat" value="" valueType="string"/>
			<property name="overrideLookupInformation" value="false" valueType="boolean"/>
			<property name="title" value="Entity Country" valueType="string"/>
			<property name="overrideNullable" value="DEFAULT" valueType="string"/>
		</object>
	</property>
	<property name="auxFields" valueType="table"/>
	<property name="syntheticFields" valueType="table"/>
	<property name="additionalIndices" valueType="table"/>
	<property name="mappings" valueType="table">
		<object type="Aggregation:mapping" version="7">
			<property name="field" valueType="object">
				<object type="Aggregation:localDetailReference" version="7">
					<property name="value" valueType="url">Aggregation[this].details["entity"{bad9baf8-7537-4342-9235-82ddf429191a}]</property>
				</object>
			</property>
			<property name="fieldMapping" valueType="table">
				<object type="Aggregation:fieldMapping" version="7">
					<property name="model" valueType="object">
						<object type="DataModel:reference" version="3">
							<property name="value" valueType="url">DataModel["Portfolio[PRA_Appropriate_PRA].ModifyModel[PRA_COMM_Calc_Inputs].shared_calcs:Aggregation[Consolidated_Commodity_Inputs]"{Portfolio[1b7a1382-4a90-409b-b917-31a85429ce4d].ModifyModel[4caeeea0-5126-426b-ac6c-92f6cd3c3ff0].d75383f6-fa01-4e67-a680-006fa58909dc:Aggregation[36eb4b8f-e291-4bbf-b96f-caaa9fae5626]}]</property>
						</object>
					</property>
					<property name="expression" valueType="table">
						<object type="DataModel:fieldReference" version="3">
							<property name="value" valueType="url">DataModel["Portfolio[PRA_Appropriate_PRA].ModifyModel[PRA_COMM_Calc_Inputs].shared_calcs:Aggregation[Consolidated_Commodity_Inputs]"{Portfolio[1b7a1382-4a90-409b-b917-31a85429ce4d].ModifyModel[4caeeea0-5126-426b-ac6c-92f6cd3c3ff0].d75383f6-fa01-4e67-a680-006fa58909dc:Aggregation[36eb4b8f-e291-4bbf-b96f-caaa9fae5626]}].hierarchy["Appropriate_PRA"{1b7a1382-4a90-409b-b917-31a85429ce4d}].dataSource.layout["entity"{3ba76b76-97c6-48a1-a06b-feb3a5bb3ab7}]</property>
						</object>
					</property>
				</object>
			</property>
		</object>
		<object type="Aggregation:mapping" version="7">
			<property name="field" valueType="object">
				<object type="Aggregation:localDetailReference" version="7">
					<property name="value" valueType="url">Aggregation[this].details["id_unique"{4733a334-3a04-44c1-9e15-c0eac3c2e7de}]</property>
				</object>
			</property>
			<property name="fieldMapping" valueType="table">
				<object type="Aggregation:fieldMapping" version="7">
					<property name="model" valueType="object">
						<object type="DataModel:reference" version="3">
							<property name="value" valueType="url">DataModel["Portfolio[PRA_Appropriate_PRA].ModifyModel[PRA_COMM_Calc_Inputs].shared_calcs:Aggregation[Consolidated_Commodity_Inputs]"{Portfolio[1b7a1382-4a90-409b-b917-31a85429ce4d].ModifyModel[4caeeea0-5126-426b-ac6c-92f6cd3c3ff0].d75383f6-fa01-4e67-a680-006fa58909dc:Aggregation[36eb4b8f-e291-4bbf-b96f-caaa9fae5626]}]</property>
						</object>
					</property>
					<property name="expression" valueType="table">
						<object type="DataModel:fieldReference" version="3">
							<property name="value" valueType="url">DataModel["Portfolio[PRA_Appropriate_PRA].ModifyModel[PRA_COMM_Calc_Inputs].shared_calcs:Aggregation[Consolidated_Commodity_Inputs]"{Portfolio[1b7a1382-4a90-409b-b917-31a85429ce4d].ModifyModel[4caeeea0-5126-426b-ac6c-92f6cd3c3ff0].d75383f6-fa01-4e67-a680-006fa58909dc:Aggregation[36eb4b8f-e291-4bbf-b96f-caaa9fae5626]}].hierarchy["Appropriate_PRA"{1b7a1382-4a90-409b-b917-31a85429ce4d}].dataSource.layout["id_unique"{d6b8806b-5a4c-4f6d-a444-f22765c21e41}]</property>
						</object>
					</property>
				</object>
			</property>
		</object>
		<object type="Aggregation:mapping" version="7">
			<property name="field" valueType="object">
				<object type="Aggregation:localDetailReference" version="7">
					<property name="value" valueType="url">Aggregation[this].details["id_comm"{54d6cce3-f44e-4eb1-94b3-49d52e723290}]</property>
				</object>
			</property>
			<property name="fieldMapping" valueType="table">
				<object type="Aggregation:fieldMapping" version="7">
					<property name="model" valueType="object">
						<object type="DataModel:reference" version="3">
							<property name="value" valueType="url">DataModel["Portfolio[PRA_Appropriate_PRA].ModifyModel[PRA_COMM_Calc_Inputs].shared_calcs:Aggregation[Consolidated_Commodity_Inputs]"{Portfolio[1b7a1382-4a90-409b-b917-31a85429ce4d].ModifyModel[4caeeea0-5126-426b-ac6c-92f6cd3c3ff0].d75383f6-fa01-4e67-a680-006fa58909dc:Aggregation[36eb4b8f-e291-4bbf-b96f-caaa9fae5626]}]</property>
						</object>
					</property>
					<property name="expression" valueType="table">
						<object type="DataModel:fieldReference" version="3">
							<property name="value" valueType="url">DataModel["Portfolio[PRA_Appropriate_PRA].ModifyModel[PRA_COMM_Calc_Inputs].shared_calcs:Aggregation[Consolidated_Commodity_Inputs]"{Portfolio[1b7a1382-4a90-409b-b917-31a85429ce4d].ModifyModel[4caeeea0-5126-426b-ac6c-92f6cd3c3ff0].d75383f6-fa01-4e67-a680-006fa58909dc:Aggregation[36eb4b8f-e291-4bbf-b96f-caaa9fae5626]}].hierarchy["Aggregation"{36eb4b8f-e291-4bbf-b96f-caaa9fae5626}].dataSource.layout["id_comm"{b0af1bb9-449f-4b0a-bba9-e6abad879b3c}]</property>
						</object>
					</property>
				</object>
			</property>
		</object>
		<object type="Aggregation:mapping" version="7">
			<property name="field" valueType="object">
				<object type="Aggregation:localDetailReference" version="7">
					<property name="value" valueType="url">Aggregation[this].details["id_nttng_grp"{185f72f4-b306-420d-8807-bda9ed2715cf}]</property>
				</object>
			</property>
			<property name="fieldMapping" valueType="table">
				<object type="Aggregation:fieldMapping" version="7">
					<property name="model" valueType="object">
						<object type="DataModel:reference" version="3">
							<property name="value" valueType="url">DataModel["Portfolio[PRA_Appropriate_PRA].ModifyModel[PRA_COMM_Calc_Inputs].shared_calcs:Aggregation[Consolidated_Commodity_Inputs]"{Portfolio[1b7a1382-4a90-409b-b917-31a85429ce4d].ModifyModel[4caeeea0-5126-426b-ac6c-92f6cd3c3ff0].d75383f6-fa01-4e67-a680-006fa58909dc:Aggregation[36eb4b8f-e291-4bbf-b96f-caaa9fae5626]}]</property>
						</object>
					</property>
					<property name="expression" valueType="table">
						<object type="DataModel:fieldReference" version="3">
							<property name="value" valueType="url">DataModel["Portfolio[PRA_Appropriate_PRA].ModifyModel[PRA_COMM_Calc_Inputs].shared_calcs:Aggregation[Consolidated_Commodity_Inputs]"{Portfolio[1b7a1382-4a90-409b-b917-31a85429ce4d].ModifyModel[4caeeea0-5126-426b-ac6c-92f6cd3c3ff0].d75383f6-fa01-4e67-a680-006fa58909dc:Aggregation[36eb4b8f-e291-4bbf-b96f-caaa9fae5626]}].hierarchy["Aggregation"{36eb4b8f-e291-4bbf-b96f-caaa9fae5626}].dataSource.layout["id_nttng_grp"{c58d9b29-56fb-4213-8d35-ee4ea634f96d}]</property>
						</object>
					</property>
				</object>
			</property>
		</object>
		<object type="Aggregation:mapping" version="7">
			<property name="field" valueType="object">
				<object type="Aggregation:localDetailReference" version="7">
					<property name="value" valueType="url">Aggregation[this].details["legal_entity"{604026aa-b86a-4637-9d6e-2b76cdc96426}]</property>
				</object>
			</property>
			<property name="fieldMapping" valueType="table">
				<object type="Aggregation:fieldMapping" version="7">
					<property name="model" valueType="object">
						<object type="DataModel:reference" version="3">
							<property name="value" valueType="url">DataModel["Portfolio[PRA_Appropriate_PRA].ModifyModel[PRA_COMM_Calc_Inputs].shared_calcs:Aggregation[Consolidated_Commodity_Inputs]"{Portfolio[1b7a1382-4a90-409b-b917-31a85429ce4d].ModifyModel[4caeeea0-5126-426b-ac6c-92f6cd3c3ff0].d75383f6-fa01-4e67-a680-006fa58909dc:Aggregation[36eb4b8f-e291-4bbf-b96f-caaa9fae5626]}]</property>
						</object>
					</property>
					<property name="expression" valueType="table">
						<object type="DataModel:fieldReference" version="3">
							<property name="value" valueType="url">DataModel["Portfolio[PRA_Appropriate_PRA].ModifyModel[PRA_COMM_Calc_Inputs].shared_calcs:Aggregation[Consolidated_Commodity_Inputs]"{Portfolio[1b7a1382-4a90-409b-b917-31a85429ce4d].ModifyModel[4caeeea0-5126-426b-ac6c-92f6cd3c3ff0].d75383f6-fa01-4e67-a680-006fa58909dc:Aggregation[36eb4b8f-e291-4bbf-b96f-caaa9fae5626]}].hierarchy["Appropriate_PRA"{1b7a1382-4a90-409b-b917-31a85429ce4d}].dataSource.layout["legal_entity"{218f61b3-e9ed-4824-b738-1ff9ca5d193c}]</property>
						</object>
					</property>
				</object>
			</property>
		</object>
		<object type="Aggregation:mapping" version="7">
			<property name="field" valueType="object">
				<object type="Aggregation:localCalcFieldReference" version="7">
					<property name="value" valueType="url">Aggregation[this].calcFields["enm_optn_typ"{b10257fe-efe4-4219-9ee6-28f0bf03be2b}]</property>
				</object>
			</property>
			<property name="fieldMapping" valueType="table">
				<object type="Aggregation:fieldMapping" version="7">
					<property name="model" valueType="object">
						<object type="DataModel:reference" version="3">
							<property name="value" valueType="url">DataModel["Portfolio[PRA_Appropriate_PRA].ModifyModel[PRA_COMM_Calc_Inputs].shared_calcs:Aggregation[Consolidated_Commodity_Inputs]"{Portfolio[1b7a1382-4a90-409b-b917-31a85429ce4d].ModifyModel[4caeeea0-5126-426b-ac6c-92f6cd3c3ff0].d75383f6-fa01-4e67-a680-006fa58909dc:Aggregation[36eb4b8f-e291-4bbf-b96f-caaa9fae5626]}]</property>
						</object>
					</property>
					<property name="expression" valueType="table">
						<object type="DataModel:fieldReference" version="3">
							<property name="value" valueType="url">DataModel["Portfolio[PRA_Appropriate_PRA].ModifyModel[PRA_COMM_Calc_Inputs].shared_calcs:Aggregation[Consolidated_Commodity_Inputs]"{Portfolio[1b7a1382-4a90-409b-b917-31a85429ce4d].ModifyModel[4caeeea0-5126-426b-ac6c-92f6cd3c3ff0].d75383f6-fa01-4e67-a680-006fa58909dc:Aggregation[36eb4b8f-e291-4bbf-b96f-caaa9fae5626]}].hierarchy["Aggregation"{36eb4b8f-e291-4bbf-b96f-caaa9fae5626}].dataSource.layout["enm_optn_typ"{0c005a6e-9bbf-494e-aba2-a24b309043bf}]</property>
						</object>
					</property>
				</object>
			</property>
		</object>
		<object type="Aggregation:mapping" version="7">
			<property name="field" valueType="object">
				<object type="Aggregation:localCalcFieldReference" version="7">
					<property name="value" valueType="url">Aggregation[this].calcFields["enm_optn_mthd"{e6e0e488-9aa6-4c42-a446-5638c2ab04cb}]</property>
				</object>
			</property>
			<property name="fieldMapping" valueType="table">
				<object type="Aggregation:fieldMapping" version="7">
					<property name="model" valueType="object">
						<object type="DataModel:reference" version="3">
							<property name="value" valueType="url">DataModel["Portfolio[PRA_Appropriate_PRA].ModifyModel[PRA_COMM_Calc_Inputs].shared_calcs:Aggregation[Consolidated_Commodity_Inputs]"{Portfolio[1b7a1382-4a90-409b-b917-31a85429ce4d].ModifyModel[4caeeea0-5126-426b-ac6c-92f6cd3c3ff0].d75383f6-fa01-4e67-a680-006fa58909dc:Aggregation[36eb4b8f-e291-4bbf-b96f-caaa9fae5626]}]</property>
						</object>
					</property>
					<property name="expression" valueType="table">
						<object type="DataModel:fieldReference" version="3">
							<property name="value" valueType="url">DataModel["Portfolio[PRA_Appropriate_PRA].ModifyModel[PRA_COMM_Calc_Inputs].shared_calcs:Aggregation[Consolidated_Commodity_Inputs]"{Portfolio[1b7a1382-4a90-409b-b917-31a85429ce4d].ModifyModel[4caeeea0-5126-426b-ac6c-92f6cd3c3ff0].d75383f6-fa01-4e67-a680-006fa58909dc:Aggregation[36eb4b8f-e291-4bbf-b96f-caaa9fae5626]}].hierarchy["Aggregation"{36eb4b8f-e291-4bbf-b96f-caaa9fae5626}].dataSource.layout["enm_optn_mthd"{909b4626-1f17-4db1-b16c-b1efdf25b4bc}]</property>
						</object>
					</property>
				</object>
			</property>
		</object>
		<object type="Aggregation:mapping" version="7">
			<property name="field" valueType="object">
				<object type="Aggregation:localCalcFieldReference" version="7">
					<property name="value" valueType="url">Aggregation[this].calcFields["apprprt_pra"{2cd12dd6-af6b-4a1c-a5c6-6beecd38bf87}]</property>
				</object>
			</property>
			<property name="fieldMapping" valueType="table">
				<object type="Aggregation:fieldMapping" version="7">
					<property name="model" valueType="object">
						<object type="DataModel:reference" version="3">
							<property name="value" valueType="url">DataModel["Portfolio[PRA_Appropriate_PRA].ModifyModel[PRA_COMM_Calc_Inputs].shared_calcs:Aggregation[Consolidated_Commodity_Inputs]"{Portfolio[1b7a1382-4a90-409b-b917-31a85429ce4d].ModifyModel[4caeeea0-5126-426b-ac6c-92f6cd3c3ff0].d75383f6-fa01-4e67-a680-006fa58909dc:Aggregation[36eb4b8f-e291-4bbf-b96f-caaa9fae5626]}]</property>
						</object>
					</property>
					<property name="expression" valueType="table">
						<object type="DataModel:fieldReference" version="3">
							<property name="value" valueType="url">DataModel["Portfolio[PRA_Appropriate_PRA].ModifyModel[PRA_COMM_Calc_Inputs].shared_calcs:Aggregation[Consolidated_Commodity_Inputs]"{Portfolio[1b7a1382-4a90-409b-b917-31a85429ce4d].ModifyModel[4caeeea0-5126-426b-ac6c-92f6cd3c3ff0].d75383f6-fa01-4e67-a680-006fa58909dc:Aggregation[36eb4b8f-e291-4bbf-b96f-caaa9fae5626]}].hierarchy["Appropriate_PRA"{1b7a1382-4a90-409b-b917-31a85429ce4d}].dataSource.layout["apprprt_pra"{aec837c8-48dc-413b-80e4-fc2e846743e1}]</property>
						</object>
					</property>
				</object>
			</property>
		</object>
		<object type="Aggregation:mapping" version="7">
			<property name="field" valueType="object">
				<object type="Aggregation:localCalcFieldReference" version="7">
					<property name="value" valueType="url">Aggregation[this].calcFields["optn_delta"{f67b1dcf-6ee8-4fc3-a148-fb33420ac5c0}]</property>
				</object>
			</property>
			<property name="fieldMapping" valueType="table">
				<object type="Aggregation:fieldMapping" version="7">
					<property name="model" valueType="object">
						<object type="DataModel:reference" version="3">
							<property name="value" valueType="url">DataModel["Portfolio[PRA_Appropriate_PRA].ModifyModel[PRA_COMM_Calc_Inputs].shared_calcs:Aggregation[Consolidated_Commodity_Inputs]"{Portfolio[1b7a1382-4a90-409b-b917-31a85429ce4d].ModifyModel[4caeeea0-5126-426b-ac6c-92f6cd3c3ff0].d75383f6-fa01-4e67-a680-006fa58909dc:Aggregation[36eb4b8f-e291-4bbf-b96f-caaa9fae5626]}]</property>
						</object>
					</property>
					<property name="expression" valueType="table">
						<object type="DataModel:fieldReference" version="3">
							<property name="value" valueType="url">DataModel["Portfolio[PRA_Appropriate_PRA].ModifyModel[PRA_COMM_Calc_Inputs].shared_calcs:Aggregation[Consolidated_Commodity_Inputs]"{Portfolio[1b7a1382-4a90-409b-b917-31a85429ce4d].ModifyModel[4caeeea0-5126-426b-ac6c-92f6cd3c3ff0].d75383f6-fa01-4e67-a680-006fa58909dc:Aggregation[36eb4b8f-e291-4bbf-b96f-caaa9fae5626]}].hierarchy["Aggregation"{36eb4b8f-e291-4bbf-b96f-caaa9fae5626}].dataSource.layout["optn_delta"{41c189c4-118c-4e63-b4d3-326514b9b49c}]</property>
						</object>
					</property>
				</object>
			</property>
		</object>
		<object type="Aggregation:mapping" version="7">
			<property name="field" valueType="object">
				<object type="Aggregation:localCalcFieldReference" version="7">
					<property name="value" valueType="url">Aggregation[this].calcFields["qntty"{14020981-d0d0-407c-9b76-2b5ebcc929a7}]</property>
				</object>
			</property>
			<property name="fieldMapping" valueType="table">
				<object type="Aggregation:fieldMapping" version="7">
					<property name="model" valueType="object">
						<object type="DataModel:reference" version="3">
							<property name="value" valueType="url">DataModel["Portfolio[PRA_Appropriate_PRA].ModifyModel[PRA_COMM_Calc_Inputs].shared_calcs:Aggregation[Consolidated_Commodity_Inputs]"{Portfolio[1b7a1382-4a90-409b-b917-31a85429ce4d].ModifyModel[4caeeea0-5126-426b-ac6c-92f6cd3c3ff0].d75383f6-fa01-4e67-a680-006fa58909dc:Aggregation[36eb4b8f-e291-4bbf-b96f-caaa9fae5626]}]</property>
						</object>
					</property>
					<property name="expression" valueType="table">
						<object type="DataModel:fieldReference" version="3">
							<property name="value" valueType="url">DataModel["Portfolio[PRA_Appropriate_PRA].ModifyModel[PRA_COMM_Calc_Inputs].shared_calcs:Aggregation[Consolidated_Commodity_Inputs]"{Portfolio[1b7a1382-4a90-409b-b917-31a85429ce4d].ModifyModel[4caeeea0-5126-426b-ac6c-92f6cd3c3ff0].d75383f6-fa01-4e67-a680-006fa58909dc:Aggregation[36eb4b8f-e291-4bbf-b96f-caaa9fae5626]}].hierarchy["Aggregation"{36eb4b8f-e291-4bbf-b96f-caaa9fae5626}].dataSource.layout["qntty"{444340cf-29b5-4198-8f5f-450f4e01a42d}]</property>
						</object>
					</property>
				</object>
			</property>
		</object>
		<object type="Aggregation:mapping" version="7">
			<property name="field" valueType="object">
				<object type="Aggregation:localCalcFieldReference" version="7">
					<property name="value" valueType="url">Aggregation[this].calcFields["cntrct_unts"{6c96fbdd-849a-459e-aed6-bcae7c4d8869}]</property>
				</object>
			</property>
			<property name="fieldMapping" valueType="table">
				<object type="Aggregation:fieldMapping" version="7">
					<property name="model" valueType="object">
						<object type="DataModel:reference" version="3">
							<property name="value" valueType="url">DataModel["Portfolio[PRA_Appropriate_PRA].ModifyModel[PRA_COMM_Calc_Inputs].shared_calcs:Aggregation[Consolidated_Commodity_Inputs]"{Portfolio[1b7a1382-4a90-409b-b917-31a85429ce4d].ModifyModel[4caeeea0-5126-426b-ac6c-92f6cd3c3ff0].d75383f6-fa01-4e67-a680-006fa58909dc:Aggregation[36eb4b8f-e291-4bbf-b96f-caaa9fae5626]}]</property>
						</object>
					</property>
					<property name="expression" valueType="table">
						<object type="DataModel:fieldReference" version="3">
							<property name="value" valueType="url">DataModel["Portfolio[PRA_Appropriate_PRA].ModifyModel[PRA_COMM_Calc_Inputs].shared_calcs:Aggregation[Consolidated_Commodity_Inputs]"{Portfolio[1b7a1382-4a90-409b-b917-31a85429ce4d].ModifyModel[4caeeea0-5126-426b-ac6c-92f6cd3c3ff0].d75383f6-fa01-4e67-a680-006fa58909dc:Aggregation[36eb4b8f-e291-4bbf-b96f-caaa9fae5626]}].hierarchy["Aggregation"{36eb4b8f-e291-4bbf-b96f-caaa9fae5626}].dataSource.layout["cntrct_unts"{9cb4310e-e6e8-4220-8453-bf199eb3c510}]</property>
						</object>
					</property>
				</object>
			</property>
		</object>
		<object type="Aggregation:mapping" version="7">
			<property name="field" valueType="object">
				<object type="Aggregation:localCalcFieldReference" version="7">
					<property name="value" valueType="url">Aggregation[this].calcFields["delta_wghtd_qntty"{31f40ffb-d4a4-466c-97b7-4a28f1b8c779}]</property>
				</object>
			</property>
			<property name="fieldMapping" valueType="table">
				<object type="Aggregation:fieldMapping" version="7">
					<property name="model" valueType="object">
						<object type="DataModel:reference" version="3">
							<property name="value" valueType="url">DataModel["Portfolio[PRA_Appropriate_PRA].ModifyModel[PRA_COMM_Calc_Inputs].shared_calcs:Aggregation[Consolidated_Commodity_Inputs]"{Portfolio[1b7a1382-4a90-409b-b917-31a85429ce4d].ModifyModel[4caeeea0-5126-426b-ac6c-92f6cd3c3ff0].d75383f6-fa01-4e67-a680-006fa58909dc:Aggregation[36eb4b8f-e291-4bbf-b96f-caaa9fae5626]}]</property>
						</object>
					</property>
					<property name="expression" valueType="table">
						<object type="DataModel:fieldReference" version="3">
							<property name="value" valueType="url">DataModel["Portfolio[PRA_Appropriate_PRA].ModifyModel[PRA_COMM_Calc_Inputs].shared_calcs:Aggregation[Consolidated_Commodity_Inputs]"{Portfolio[1b7a1382-4a90-409b-b917-31a85429ce4d].ModifyModel[4caeeea0-5126-426b-ac6c-92f6cd3c3ff0].d75383f6-fa01-4e67-a680-006fa58909dc:Aggregation[36eb4b8f-e291-4bbf-b96f-caaa9fae5626]}].hierarchy["Aggregation"{36eb4b8f-e291-4bbf-b96f-caaa9fae5626}].dataSource.layout["qntty"{444340cf-29b5-4198-8f5f-450f4e01a42d}]</property>
						</object>
						<object type="SQLExpressionPart" version="2">
							<property name="value" value=" * " valueType="string"/>
						</object>
						<object type="SQLPattern" version="3">
							<property name="name" value="isNull" valueType="string"/>
							<property name="parameters" valueType="table">
								<object type="SQLPattern:parameter" version="3">
									<property name="expressions" valueType="table">
										<object type="DataModel:fieldReference" version="3">
											<property name="value" valueType="url">DataModel["Portfolio[PRA_Appropriate_PRA].ModifyModel[PRA_COMM_Calc_Inputs].shared_calcs:Aggregation[Consolidated_Commodity_Inputs]"{Portfolio[1b7a1382-4a90-409b-b917-31a85429ce4d].ModifyModel[4caeeea0-5126-426b-ac6c-92f6cd3c3ff0].d75383f6-fa01-4e67-a680-006fa58909dc:Aggregation[36eb4b8f-e291-4bbf-b96f-caaa9fae5626]}].hierarchy["Aggregation"{36eb4b8f-e291-4bbf-b96f-caaa9fae5626}].dataSource.layout["cntrct_unts"{9cb4310e-e6e8-4220-8453-bf199eb3c510}]</property>
										</object>
									</property>
								</object>
								<object type="SQLPattern:parameter" version="3">
									<property name="expressions" valueType="table">
										<object type="SQLExpressionPart" version="2">
											<property name="value" value="1" valueType="string"/>
										</object>
									</property>
								</object>
							</property>
						</object>
						<object type="SQLExpressionPart" version="2">
							<property name="value" value=" * " valueType="string"/>
						</object>
						<object type="DataModel:fieldReference" version="3">
							<property name="value" valueType="url">DataModel["Portfolio[PRA_Appropriate_PRA].ModifyModel[PRA_COMM_Calc_Inputs].shared_calcs:Aggregation[Consolidated_Commodity_Inputs]"{Portfolio[1b7a1382-4a90-409b-b917-31a85429ce4d].ModifyModel[4caeeea0-5126-426b-ac6c-92f6cd3c3ff0].d75383f6-fa01-4e67-a680-006fa58909dc:Aggregation[36eb4b8f-e291-4bbf-b96f-caaa9fae5626]}].hierarchy["Aggregation"{36eb4b8f-e291-4bbf-b96f-caaa9fae5626}].dataSource.layout["optn_delta"{41c189c4-118c-4e63-b4d3-326514b9b49c}]</property>
						</object>
					</property>
					<property name="valueNullable" value="false" valueType="boolean"/>
					<property name="valueType" value="FLOAT" valueType="string"/>
				</object>
			</property>
		</object>
		<object type="Aggregation:mapping" version="7">
			<property name="field" valueType="object">
				<object type="Aggregation:localCalcFieldReference" version="7">
					<property name="value" valueType="url">Aggregation[this].calcFields["entity_cntry"{5a3094bc-2665-4e7d-9639-249b048259be}]</property>
				</object>
			</property>
			<property name="fieldMapping" valueType="table">
				<object type="Aggregation:fieldMapping" version="7">
					<property name="model" valueType="object">
						<object type="DataModel:reference" version="3">
							<property name="value" valueType="url">DataModel["Portfolio[PRA_Appropriate_PRA].ModifyModel[PRA_COMM_Calc_Inputs].shared_calcs:Aggregation[Consolidated_Commodity_Inputs]"{Portfolio[1b7a1382-4a90-409b-b917-31a85429ce4d].ModifyModel[4caeeea0-5126-426b-ac6c-92f6cd3c3ff0].d75383f6-fa01-4e67-a680-006fa58909dc:Aggregation[36eb4b8f-e291-4bbf-b96f-caaa9fae5626]}]</property>
						</object>
					</property>
					<property name="expression" valueType="table">
						<object type="DataModel:fieldReference" version="3">
							<property name="value" valueType="url">DataModel["Portfolio[PRA_Appropriate_PRA].ModifyModel[PRA_COMM_Calc_Inputs].shared_calcs:Aggregation[Consolidated_Commodity_Inputs]"{Portfolio[1b7a1382-4a90-409b-b917-31a85429ce4d].ModifyModel[4caeeea0-5126-426b-ac6c-92f6cd3c3ff0].d75383f6-fa01-4e67-a680-006fa58909dc:Aggregation[36eb4b8f-e291-4bbf-b96f-caaa9fae5626]}].hierarchy["Aggregation"{36eb4b8f-e291-4bbf-b96f-caaa9fae5626}].dataSource.layout["entity_cntry"{6166fe3a-e333-4470-b481-373d54204899}]</property>
						</object>
					</property>
				</object>
			</property>
		</object>
	</property>
	<property name="storageType" value="CONTINUOUS_PARTITION" valueType="string"/>
	<property name="postTableCreationStatements" valueType="table"/>
	<property name="postAdjustmentTableCreationStatements" valueType="table"/>
	<property name="detailsAsKeys" value="true" valueType="boolean"/>
	<property name="dbSourceForResults" valueType="url">DBSource["POSTGRES"{7141b02a-a2bf-46bb-9ad0-fa1087f431e1}]</property>
	<property name="archivalProperties" valueType="object">
		<object type="ArchivalProperties" version="2">
			<property name="daily" value="false" valueType="boolean"/>
			<property name="weekly" value="false" valueType="boolean"/>
			<property name="monthly" value="false" valueType="boolean"/>
			<property name="quarterly" value="false" valueType="boolean"/>
			<property name="semiAnnually" value="false" valueType="boolean"/>
			<property name="annually" value="false" valueType="boolean"/>
			<property name="intraDay" value="false" valueType="boolean"/>
			<property name="userDefined" value="false" valueType="boolean"/>
		</object>
	</property>
	<property name="condition" valueType="tree">
		<objectNode type="Condition" version="3">
			<property name="isNegated" value="false" valueType="boolean"/>
			<property name="groupingOperator" value="OR" valueType="string"/>
			<children>
				<objectNode type="Condition:list" version="3">
					<property name="field" valueType="object">
						<object type="DataModel:fieldMap" version="3">
							<property name="map" valueType="table">
								<object type="DataModel:fieldReference" version="3">
									<property name="value" valueType="url">DataModel["Portfolio[PRA_Appropriate_PRA].ModifyModel[PRA_COMM_Calc_Inputs].shared_calcs:Aggregation[Consolidated_Commodity_Inputs]"{Portfolio[1b7a1382-4a90-409b-b917-31a85429ce4d].ModifyModel[4caeeea0-5126-426b-ac6c-92f6cd3c3ff0].d75383f6-fa01-4e67-a680-006fa58909dc:Aggregation[36eb4b8f-e291-4bbf-b96f-caaa9fae5626]}].hierarchy["Aggregation"{36eb4b8f-e291-4bbf-b96f-caaa9fae5626}].dataSource.layout["enm_optn_mthd"{909b4626-1f17-4db1-b16c-b1efdf25b4bc}]</property>
								</object>
							</property>
						</object>
					</property>
					<property name="operation" value="IN" valueType="string"/>
					<property name="values" valueType="table">
						<object type="Condition:list:value" version="3">
							<property name="value" value="SIMPLIFIED_ART_3_4" valueType="string"/>
						</object>
						<object type="Condition:list:value" version="3">
							<property name="value" value="SIMPLIFIED_ART_3_5" valueType="string"/>
						</object>
						<object type="Condition:list:value" version="3">
							<property name="value" value="SIMPLIFIED_ART_3_3" valueType="string"/>
						</object>
						<object type="Condition:list:value" version="3">
							<property name="value" value="SCENARIO" valueType="string"/>
						</object>
					</property>
				</objectNode>
				<objectNode type="Condition:freehandExpression" version="3">
					<property name="expression" valueType="table">
						<object type="SQLPattern" version="3">
							<property name="name" value="isNull" valueType="string"/>
							<property name="parameters" valueType="table">
								<object type="SQLPattern:parameter" version="3">
									<property name="expressions" valueType="table">
										<object type="DataModel:fieldMap" version="3">
											<property name="map" valueType="table">
												<object type="DataModel:fieldReference" version="3">
													<property name="value" valueType="url">DataModel["Portfolio[PRA_Appropriate_PRA].ModifyModel[PRA_COMM_Calc_Inputs].shared_calcs:Aggregation[Consolidated_Commodity_Inputs]"{Portfolio[1b7a1382-4a90-409b-b917-31a85429ce4d].ModifyModel[4caeeea0-5126-426b-ac6c-92f6cd3c3ff0].d75383f6-fa01-4e67-a680-006fa58909dc:Aggregation[36eb4b8f-e291-4bbf-b96f-caaa9fae5626]}].hierarchy["Aggregation"{36eb4b8f-e291-4bbf-b96f-caaa9fae5626}].dataSource.layout["enm_optn_typ"{0c005a6e-9bbf-494e-aba2-a24b309043bf}]</property>
												</object>
											</property>
										</object>
									</property>
								</object>
								<object type="SQLPattern:parameter" version="3">
									<property name="expressions" valueType="table">
										<object type="SQLExpressionPart" version="2">
											<property name="value" value="''" valueType="string"/>
										</object>
									</property>
								</object>
							</property>
						</object>
						<object type="SQLExpressionPart" version="2">
							<property name="value" value=" != ''" valueType="string"/>
						</object>
					</property>
				</objectNode>
			</children>
		</objectNode>
	</property>
	<property name="doNotAggregate" value="true" valueType="boolean"/>
	<property name="useUnionAll" value="false" valueType="boolean"/>
	<property name="fourEyesCheck" value="false" valueType="boolean"/>
	<property name="trackDrilldownInformation" value="true" valueType="boolean"/>
	<property name="trackAllInstancesMode" value="NONE" valueType="string"/>
	<property name="computeStatistics" value="FOR_ALL_COLUMNS" valueType="string"/>
	<property name="instanceRebuildRestriction" value="AlterFullRebuild" valueType="string"/>
	<property name="allowExternalDataPermissions" value="false" valueType="boolean"/>
</object>