<object stamp="dd24c2be-a093-4047-9979-3928d5252a3e_1731065974703" type="ModifyModel" version="32">
	<property name="name" value="AA_CVA_Cube" valueType="string"/>
	<property name="description" value="AA_CVA_Cube" valueType="string"/>
	<property name="objectId" value="b61ccf80-2145-450e-9d4d-df8c01a73eb3" valueType="string"/>
	<property name="branchId" value="6f7f5ace-f464-441c-9c4e-8a90be750e70" valueType="string"/>
	<property name="model" valueType="url">DataModel["cva:Aggregation[AA_CVA_Cube]"{0f8e19ae-7016-46e3-8c5a-8a910a80a451:Aggregation[6c078c94-77b9-468c-ba1b-fc30d85581cf]}]</property>
	<property name="modifications" valueType="tree">
		<objectNode type="ModifyModel:root" version="8">
			<property name="name" value="modificationsRoot" valueType="string"/>
			<property name="description" value="" valueType="string"/>
			<property name="id" value="modificationsRoot" valueType="string"/>
			<children>
				<objectNode type="ModifyModel:modification" version="20">
					<property name="name" value="Aggregation" valueType="string"/>
					<property name="description" value="" valueType="string"/>
					<property name="id" value="6c078c94-77b9-468c-ba1b-fc30d85581cf" valueType="string"/>
					<property name="existingNode" valueType="url">DataModel["cva:Aggregation[AA_CVA_Cube]"{0f8e19ae-7016-46e3-8c5a-8a910a80a451:Aggregation[6c078c94-77b9-468c-ba1b-fc30d85581cf]}].hierarchy["Aggregation"{6c078c94-77b9-468c-ba1b-fc30d85581cf}]</property>
					<property name="mandatoryInJoin" value="false" valueType="boolean"/>
					<property name="additionalConstraint" valueType="table"/>
					<property name="additionalJoinExpression" valueType="table"/>
					<children>
						<objectNode type="ModifyModel:node" version="9">
							<property name="name" value="entity" valueType="string"/>
							<property name="description" value="Resulting data source for aggregation Ref_Reporting_Entity" valueType="string"/>
							<property name="id" value="826c9605-9d49-4ac8-987b-8f0994b9775c" valueType="string"/>
							<property name="dataSource" valueType="url">DataSource["credit_risk:shared_calcs:cm_ref_data_inputs:Aggregation[Ref_Reporting_Entity]"{eddf5f4e-94b8-4b1d-a277-89183e4d0b57:015fe472-ce70-41e1-9583-ebf524ac86a8:e9157cc6-c461-4637-ae9b-757cdb0c2552:Aggregation[e53a3c4d-aeba-4ffe-afa7-e94201847004]}]</property>
							<property name="relationshipToParent" value="ONE_TO_ONE" valueType="string"/>
							<property name="mandatoryInJoin" value="true" valueType="boolean"/>
							<property name="additionalConstraint" valueType="table"/>
							<property name="additionalJoinExpression" valueType="table"/>
							<property name="instanceSelectionRule" valueType="object">
								<object type="InstanceSelectionRule" version="3">
									<property name="instanceDateRule" valueType="object">
										<object type="InstanceSelectionRule:rule" version="3">
											<property name="type" value="EQUAL" valueType="string"/>
										</object>
									</property>
									<property name="instanceKeyRules" valueType="table">
										<object type="InstanceSelectionRule:instanceKeyRule" version="3">
											<property name="type" value="EQUAL" valueType="string"/>
											<property name="instanceKeyName" value="v" valueType="string"/>
										</object>
										<object type="InstanceSelectionRule:instanceKeyRule" version="3">
											<property name="type" value="EQUAL" valueType="string"/>
											<property name="instanceKeyName" value="run_id" valueType="string"/>
										</object>
										<object type="InstanceSelectionRule:instanceKeyRule" version="3">
											<property name="type" value="EQUAL" valueType="string"/>
											<property name="instanceKeyName" value="scenarioKey" valueType="string"/>
										</object>
									</property>
								</object>
							</property>
							<property name="join" valueType="table">
								<object type="DataModel:node:join" version="3">
									<property name="sourceField" valueType="url">DataSource["credit_risk:shared_calcs:cm_ref_data_inputs:Aggregation[Ref_Reporting_Entity]"{eddf5f4e-94b8-4b1d-a277-89183e4d0b57:015fe472-ce70-41e1-9583-ebf524ac86a8:e9157cc6-c461-4637-ae9b-757cdb0c2552:Aggregation[e53a3c4d-aeba-4ffe-afa7-e94201847004]}].layout["entity"{29c73107-303e-4f3c-96f4-20b016617f3c}]</property>
									<property name="parentField" valueType="url">DataSource["cva:Aggregation[AA_CVA_Cube]"{0f8e19ae-7016-46e3-8c5a-8a910a80a451:Aggregation[6c078c94-77b9-468c-ba1b-fc30d85581cf]}].layout["entity"{bb049a9c-9526-44e9-bbcc-d978383f39f8}]</property>
								</object>
							</property>
						</objectNode>
					</children>
				</objectNode>
			</children>
		</objectNode>
	</property>
	<property name="instanceKeys" valueType="table"/>
	<property name="streamKeys" valueType="table"/>
</object>