<object stamp="0d36d526-6a3b-410a-afd1-e5f323ba51b5_1741957066784" type="ModifyModel" version="32">
	<property name="name" value="MR_IR_GMR_PRR_Cube" valueType="string"/>
	<property name="description" value="" valueType="string"/>
	<property name="objectId" value="eac76d56-e767-4ab4-9a52-eec07211fb56" valueType="string"/>
	<property name="branchId" value="6f7f5ace-f464-441c-9c4e-8a90be750e70" valueType="string"/>
	<property name="model" valueType="url">DataModel["market_risk_crr2:Aggregation[IR_GMR_PRR_Cube]"{720fb9ee-b58b-4fbe-a005-e3395dbf65eb:Aggregation[5e7b5ab8-4c9a-4f70-af4d-07cb380d3010]}]</property>
	<property name="modifications" valueType="tree">
		<objectNode type="ModifyModel:root" version="8">
			<property name="name" value="modificationsRoot" valueType="string"/>
			<property name="description" value="" valueType="string"/>
			<property name="id" value="modificationsRoot" valueType="string"/>
			<children>
				<objectNode type="ModifyModel:modification" version="20">
					<property name="name" value="Aggregation" valueType="string"/>
					<property name="description" value="" valueType="string"/>
					<property name="id" value="5e7b5ab8-4c9a-4f70-af4d-07cb380d3010" valueType="string"/>
					<property name="existingNode" valueType="url">DataModel["market_risk_crr2:Aggregation[IR_GMR_PRR_Cube]"{720fb9ee-b58b-4fbe-a005-e3395dbf65eb:Aggregation[5e7b5ab8-4c9a-4f70-af4d-07cb380d3010]}].hierarchy["Aggregation"{5e7b5ab8-4c9a-4f70-af4d-07cb380d3010}]</property>
					<property name="mandatoryInJoin" value="false" valueType="boolean"/>
					<property name="additionalConstraint" valueType="table"/>
					<property name="additionalJoinExpression" valueType="table"/>
					<children>
						<objectNode type="ModifyModel:node" version="9">
							<property name="name" value="entity" valueType="string"/>
							<property name="description" value="Resulting data source for aggregation Ref_Reporting_Entity" valueType="string"/>
							<property name="id" value="8eca9a18-55ef-4ba8-b62b-2bda83895a37" valueType="string"/>
							<property name="dataSource" valueType="url">DataSource["credit_risk:shared_calcs:cm_ref_data_inputs:Aggregation[Ref_Reporting_Entity]"{eddf5f4e-94b8-4b1d-a277-89183e4d0b57:015fe472-ce70-41e1-9583-ebf524ac86a8:e9157cc6-c461-4637-ae9b-757cdb0c2552:Aggregation[e53a3c4d-aeba-4ffe-afa7-e94201847004]}]</property>
							<property name="relationshipToParent" value="ONE_TO_ONE" valueType="string"/>
							<property name="mandatoryInJoin" value="false" valueType="boolean"/>
							<property name="additionalConstraint" valueType="table"/>
							<property name="additionalJoinExpression" valueType="table"/>
							<property name="instanceSelectionRule" valueType="object">
								<object type="InstanceSelectionRule" version="3">
									<property name="instanceDateRule" valueType="object">
										<object type="InstanceSelectionRule:rule" version="3">
											<property name="type" value="EQUAL" valueType="string"/>
										</object>
									</property>
									<property name="instanceKeyRules" valueType="table">
										<object type="InstanceSelectionRule:instanceKeyRule" version="3">
											<property name="type" value="EQUAL" valueType="string"/>
											<property name="instanceKeyName" value="v" valueType="string"/>
										</object>
										<object type="InstanceSelectionRule:instanceKeyRule" version="3">
											<property name="type" value="EQUAL" valueType="string"/>
											<property name="instanceKeyName" value="run_id" valueType="string"/>
										</object>
										<object type="InstanceSelectionRule:instanceKeyRule" version="3">
											<property name="type" value="EQUAL" valueType="string"/>
											<property name="instanceKeyName" value="scenarioKey" valueType="string"/>
										</object>
									</property>
								</object>
							</property>
							<property name="join" valueType="table">
								<object type="DataModel:node:join" version="3">
									<property name="sourceField" valueType="url">DataSource["credit_risk:shared_calcs:cm_ref_data_inputs:Aggregation[Ref_Reporting_Entity]"{eddf5f4e-94b8-4b1d-a277-89183e4d0b57:015fe472-ce70-41e1-9583-ebf524ac86a8:e9157cc6-c461-4637-ae9b-757cdb0c2552:Aggregation[e53a3c4d-aeba-4ffe-afa7-e94201847004]}].layout["entity"{29c73107-303e-4f3c-96f4-20b016617f3c}]</property>
									<property name="parentField" valueType="url">DataSource["market_risk_crr2:Aggregation[IR_GMR_PRR_Cube]"{720fb9ee-b58b-4fbe-a005-e3395dbf65eb:Aggregation[5e7b5ab8-4c9a-4f70-af4d-07cb380d3010]}].layout["entity"{4ffcda45-ff85-4628-8506-05281b23ae09}]</property>
								</object>
							</property>
						</objectNode>
					</children>
				</objectNode>
			</children>
		</objectNode>
	</property>
	<property name="instanceKeys" valueType="table"/>
	<property name="streamKeys" valueType="table"/>
</object>