<object stamp="4e77bd92-3c9e-4e82-b8ef-9dfed1b4a697_1726507026615" type="ModifyModel" version="32">
	<property name="name" value="MR_Output_Cube" valueType="string"/>
	<property name="description" value="" valueType="string"/>
	<property name="objectId" value="4b91285e-6f24-4a31-b7fa-47268329ccc5" valueType="string"/>
	<property name="branchId" value="6f7f5ace-f464-441c-9c4e-8a90be750e70" valueType="string"/>
	<property name="model" valueType="url">DataModel["market_risk:Aggregation[Simplified_Market_Risk_Cube]"{0ddb6951-88c3-4afe-aaf4-17364747b93a:Aggregation[f40500dd-27a1-4153-9647-48b2a16f6fa5]}]</property>
	<property name="modifications" valueType="tree">
		<objectNode type="ModifyModel:root" version="8">
			<property name="name" value="modificationsRoot" valueType="string"/>
			<property name="description" value="" valueType="string"/>
			<property name="id" value="modificationsRoot" valueType="string"/>
			<children>
				<objectNode type="ModifyModel:modification" version="20">
					<property name="name" value="Aggregation" valueType="string"/>
					<property name="description" value="" valueType="string"/>
					<property name="id" value="f40500dd-27a1-4153-9647-48b2a16f6fa5" valueType="string"/>
					<property name="existingNode" valueType="url">DataModel["market_risk:Aggregation[Simplified_Market_Risk_Cube]"{0ddb6951-88c3-4afe-aaf4-17364747b93a:Aggregation[f40500dd-27a1-4153-9647-48b2a16f6fa5]}].hierarchy["Aggregation"{f40500dd-27a1-4153-9647-48b2a16f6fa5}]</property>
					<property name="mandatoryInJoin" value="false" valueType="boolean"/>
					<property name="additionalConstraint" valueType="table"/>
					<property name="additionalJoinExpression" valueType="table"/>
					<children>
						<objectNode type="ModifyModel:node" version="9">
							<property name="name" value="entity" valueType="string"/>
							<property name="description" value="Resulting data source for aggregation Ref_Reporting_Entity" valueType="string"/>
							<property name="id" value="2140ef8c-e639-4d2a-a914-57ffde8b5bc9" valueType="string"/>
							<property name="dataSource" valueType="url">DataSource["market_risk:shared_calcs:cm_ref_data_inputs:Aggregation[Ref_Reporting_Entity]"{0ddb6951-88c3-4afe-aaf4-17364747b93a:d75383f6-fa01-4e67-a680-006fa58909dc:e9157cc6-c461-4637-ae9b-757cdb0c2552:Aggregation[e53a3c4d-aeba-4ffe-afa7-e94201847004]}]</property>
							<property name="relationshipToParent" value="ONE_TO_ONE" valueType="string"/>
							<property name="mandatoryInJoin" value="true" valueType="boolean"/>
							<property name="additionalConstraint" valueType="table"/>
							<property name="additionalJoinExpression" valueType="table"/>
							<property name="instanceSelectionRule" valueType="object">
								<object type="InstanceSelectionRule" version="3">
									<property name="instanceDateRule" valueType="object">
										<object type="InstanceSelectionRule:rule" version="3">
											<property name="type" value="EQUAL" valueType="string"/>
										</object>
									</property>
									<property name="instanceKeyRules" valueType="table">
										<object type="InstanceSelectionRule:instanceKeyRule" version="3">
											<property name="type" value="EQUAL" valueType="string"/>
											<property name="instanceKeyName" value="v" valueType="string"/>
										</object>
										<object type="InstanceSelectionRule:instanceKeyRule" version="3">
											<property name="type" value="EQUAL" valueType="string"/>
											<property name="instanceKeyName" value="run_id" valueType="string"/>
										</object>
										<object type="InstanceSelectionRule:instanceKeyRule" version="3">
											<property name="type" value="EQUAL" valueType="string"/>
											<property name="instanceKeyName" value="scenarioKey" valueType="string"/>
										</object>
									</property>
								</object>
							</property>
							<property name="join" valueType="table">
								<object type="DataModel:node:join" version="3">
									<property name="sourceField" valueType="url">DataSource["market_risk:shared_calcs:cm_ref_data_inputs:Aggregation[Ref_Reporting_Entity]"{0ddb6951-88c3-4afe-aaf4-17364747b93a:d75383f6-fa01-4e67-a680-006fa58909dc:e9157cc6-c461-4637-ae9b-757cdb0c2552:Aggregation[e53a3c4d-aeba-4ffe-afa7-e94201847004]}].layout["entity"{29c73107-303e-4f3c-96f4-20b016617f3c}]</property>
									<property name="parentField" valueType="url">DataSource["market_risk:Aggregation[Simplified_Market_Risk_Cube]"{0ddb6951-88c3-4afe-aaf4-17364747b93a:Aggregation[f40500dd-27a1-4153-9647-48b2a16f6fa5]}].layout["entity"{a7688697-e2f6-40a4-8f56-5e43cc5a763f}]</property>
								</object>
							</property>
						</objectNode>
					</children>
				</objectNode>
			</children>
		</objectNode>
	</property>
	<property name="instanceKeys" valueType="table"/>
	<property name="streamKeys" valueType="table"/>
</object>