<object stamp="56a4d530-b1f0-4786-8e7d-f8685b49eea8_1691501493413" type="DataSource" version="18">
	<property name="name" value="LKUP_COREP_IR_Currency_Mapping" valueType="string"/>
	<property name="description" value="LKUP_COREP_IR_Currency_Mapping" valueType="string"/>
	<property name="objectId" value="1d3a65ba-d759-4f17-aec7-e4b80d45f3ef" valueType="string"/>
	<property name="branchId" value="41f71885-5945-4ca2-8235-6271d0248d54" valueType="string"/>
	<property name="hosting" value="INTERNAL" valueType="string"/>
	<property name="dbSource" valueType="url">DBSource["POSTGRES"{7141b02a-a2bf-46bb-9ad0-fa1087f431e1}]</property>
	<property name="loader" valueType="url">DataSourceLoader["load_file"{load_file}]</property>
	<property name="defaultVisibilityInModel" value="true" valueType="boolean"/>
	<property name="dataStructure" value="FLAT" valueType="string"/>
	<property name="layout" valueType="table">
		<object type="DataSource:field" version="5">
			<property name="name" value="calc_currency_code" valueType="string"/>
			<property name="description" value="Currency Code in Calcs" valueType="string"/>
			<property name="id" value="893938f4-ce9c-4256-89a1-b12a9958c338" valueType="string"/>
			<property name="title" value="CALC CURRENCY CODE" valueType="string"/>
			<property name="type" value="VARCHAR" valueType="string"/>
			<property name="size" value="30" valueType="integer"/>
			<property name="allowNulls" value="false" valueType="boolean"/>
			<property name="allowDefault" value="false" valueType="boolean"/>
			<property name="isAutoUniqueId" value="false" valueType="boolean"/>
			<property name="syntheticContent" valueType="table"/>
			<property name="lookupSource" valueType="url"/>
			<property name="parentFields" valueType="table"/>
			<property name="aggregatedFunction" value="" valueType="string"/>
			<property name="isCountFieldFor" valueType="url"/>
			<property name="producingMap" valueType="table"/>
			<property name="displayFormat" value="" valueType="string"/>
			<property name="showSubtotal" value="false" valueType="boolean"/>
			<property name="isHidden" value="false" valueType="boolean"/>
		</object>
		<object type="DataSource:field" version="5">
			<property name="name" value="corep_currency_code" valueType="string"/>
			<property name="description" value="COREP Currency Code" valueType="string"/>
			<property name="id" value="dfe5263e-5503-47e4-96f4-a409c9be8b7c" valueType="string"/>
			<property name="title" value="COREP CURRENCY CODE" valueType="string"/>
			<property name="type" value="VARCHAR" valueType="string"/>
			<property name="size" value="50" valueType="integer"/>
			<property name="allowNulls" value="false" valueType="boolean"/>
			<property name="allowDefault" value="false" valueType="boolean"/>
			<property name="isAutoUniqueId" value="false" valueType="boolean"/>
			<property name="syntheticContent" valueType="table"/>
			<property name="lookupSource" valueType="url"/>
			<property name="parentFields" valueType="table"/>
			<property name="aggregatedFunction" value="" valueType="string"/>
			<property name="isCountFieldFor" valueType="url"/>
			<property name="producingMap" valueType="table"/>
			<property name="displayFormat" value="" valueType="string"/>
			<property name="showSubtotal" value="false" valueType="boolean"/>
			<property name="isHidden" value="false" valueType="boolean"/>
		</object>
	</property>
	<property name="keyFields" valueType="table">
		<object type="DataSource:localFieldReference" version="3">
			<property name="value" valueType="url">DataSource[this].layout["calc_currency_code"{893938f4-ce9c-4256-89a1-b12a9958c338}]</property>
		</object>
	</property>
	<property name="index" valueType="table"/>
	<property name="createIndexOnKeyFields" value="true" valueType="boolean"/>
	<property name="indexOnKeyFieldsClustered" value="true" valueType="boolean"/>
	<property name="storageType" value="SEGMENTED" valueType="string"/>
	<property name="internalSourceTablePrefix" value="" valueType="string"/>
	<property name="instanceKeys" valueType="table"/>
	<property name="loaderConfigFields" valueType="table">
		<object type="DataSource:loaderConfigField" version="3">
			<property name="sourceField" valueType="url">DataSource[this].layout["calc_currency_code"{893938f4-ce9c-4256-89a1-b12a9958c338}]</property>
			<property name="origColumn" value="1" valueType="string"/>
			<property name="format" value="" valueType="string"/>
		</object>
		<object type="DataSource:loaderConfigField" version="3">
			<property name="sourceField" valueType="url">DataSource[this].layout["corep_currency_code"{dfe5263e-5503-47e4-96f4-a409c9be8b7c}]</property>
			<property name="origColumn" value="2" valueType="string"/>
			<property name="format" value="" valueType="string"/>
		</object>
	</property>
	<property name="loaderActions" valueType="table"/>
	<property name="postTableCreationStatements" valueType="table"/>
	<property name="postAdjustmentTableCreationStatements" valueType="table"/>
	<property name="dataLoadVariables" valueType="table"/>
	<property name="computeStatistics" value="NONE" valueType="string"/>
	<property name="reapplyAdjustmentsAfterDataLoad" value="false" valueType="boolean"/>
	<property name="archivalProperties" valueType="object">
		<object type="ArchivalProperties" version="2">
			<property name="daily" value="false" valueType="boolean"/>
			<property name="weekly" value="false" valueType="boolean"/>
			<property name="monthly" value="false" valueType="boolean"/>
			<property name="quarterly" value="false" valueType="boolean"/>
			<property name="semiAnnually" value="false" valueType="boolean"/>
			<property name="annually" value="false" valueType="boolean"/>
			<property name="intraDay" value="false" valueType="boolean"/>
			<property name="userDefined" value="false" valueType="boolean"/>
		</object>
	</property>
	<property name="validations" valueType="table"/>
	<property name="delimiter" value="\t" valueType="string"/>
	<property name="skipRows" value="1" valueType="integer"/>
	<property name="newlineConversion" value="none" valueType="string"/>
	<property name="targetEncoding" value="" valueType="string"/>
	<property name="convertEncoding" value="false" valueType="boolean"/>
	<property name="trailingNullCols" value="true" valueType="boolean"/>
	<property name="columnHeadersFromFile" value="false" valueType="boolean"/>
	<property name="loaderControlFile" value="" valueType="string"/>
	<property name="parameterIsNotAFile" value="false" valueType="boolean"/>
	<property name="codeWillCreateFile" value="false" valueType="boolean"/>
	<property name="loaderPreprocessCode" value="" valueType="string"/>
	<property name="fourEyesCheck" value="false" valueType="boolean"/>
	<property name="readOnlyAdjustment" value="false" valueType="boolean"/>
	<property name="keepTableContent" value="false" valueType="boolean"/>
	<property name="loadSheetName" value="LKUP_COREP_IR_Currency_Mapping" valueType="string"/>
	<property name="maxErrors" value="2147483647" valueType="integer"/>
	<property name="doNotFailIfRejected" value="false" valueType="boolean"/>
	<property name="freezeLevel" value="1" valueType="integer"/>
	<property name="instanceRebuildRestriction" value="AlterFullRebuild" valueType="string"/>
</object>