<object stamp="3a24379d-421e-4725-a891-4e2af6fb536e_1704730605291" type="Portfolio" version="12">
	<property name="name" value="CRD4_Art_340_Step_4_Modified_Duration_Zones" valueType="string"/>
	<property name="description" value="Assumed interest rate change in the interest rate duration method" valueType="string"/>
	<property name="objectId" value="4c5dd703-feb6-475b-b181-81922677d473" valueType="string"/>
	<property name="branchId" value="2cc1364c-5419-49cd-8e5e-3b45ae5d27e6" valueType="string"/>
	<property name="comment" value="This object allocates the debt instruments to appropriate zone in the field &quot;zone&quot; as per Article 340 (4) Table 3&#xa;Values for &quot;zone&quot;, assumed_ir_change are looked up from the table CRD4_Art_340_Table_3_Modified_Duration_Zones based on the calc input settings for the field &quot;modified_duration&quot;" valueType="string"/>
	<property name="models" valueType="table">
		<object type="ModelBasedTask:modelEntry" version="3">
			<property name="dataModel" valueType="url">DataModel["Portfolio[Netting_Results].Aggregation[CRD4_327_Non_ZSR_Net_Positions_Gen_Risk]"{Portfolio[43b74235-19af-44f1-a889-25d00f469bd8].Aggregation[8f1e5208-19de-4f45-b566-0392bf9e1e74]}]</property>
			<property name="instanceSelectionRule" valueType="object">
				<object type="InstanceSelectionRule" version="3">
					<property name="instanceDateRule" valueType="object">
						<object type="InstanceSelectionRule:rule" version="3">
							<property name="type" value="EQUAL" valueType="string"/>
						</object>
					</property>
					<property name="instanceKeyRules" valueType="table"/>
				</object>
			</property>
		</object>
		<object type="ModelBasedTask:modelEntry" version="3">
			<property name="dataModel" valueType="url">DataModel["Portfolio[Netting_Results].Aggregation[ZSR_Netting_Results]"{Portfolio[43b74235-19af-44f1-a889-25d00f469bd8].Aggregation[de51fb5a-5e89-4568-a54d-e838a01b20de]}]</property>
			<property name="instanceSelectionRule" valueType="object">
				<object type="InstanceSelectionRule" version="3">
					<property name="instanceDateRule" valueType="object">
						<object type="InstanceSelectionRule:rule" version="3">
							<property name="type" value="EQUAL" valueType="string"/>
						</object>
					</property>
					<property name="instanceKeyRules" valueType="table"/>
				</object>
			</property>
		</object>
		<object type="ModelBasedTask:modelEntry" version="3">
			<property name="dataModel" valueType="url">DataModel["ModifyModel[CRD4_Art_331_2_ZSR_Pos_MD_Sensitive].Aggregation[CRD4_Art_331_2_ZSR_Positions_GMR_Sensitive]"{ModifyModel[d3a80dc3-55ea-4307-8f1a-3241b25fd6be].Aggregation[18ed09e3-2bc1-4308-8d7d-f8724cf93f46]}]</property>
			<property name="instanceSelectionRule" valueType="object">
				<object type="InstanceSelectionRule" version="3">
					<property name="instanceDateRule" valueType="object">
						<object type="InstanceSelectionRule:rule" version="3">
							<property name="type" value="EQUAL" valueType="string"/>
						</object>
					</property>
					<property name="instanceKeyRules" valueType="table"/>
				</object>
			</property>
		</object>
	</property>
	<property name="requiresAllModels" value="true" valueType="boolean"/>
	<property name="parameters" valueType="table"/>
	<property name="detailSet" valueType="url"/>
	<property name="dbSourceForResults" valueType="url">DBSource["POSTGRES"{7141b02a-a2bf-46bb-9ad0-fa1087f431e1}]</property>
	<property name="storageType" value="CONTINUOUS_PARTITION" valueType="string"/>
	<property name="additionalIndices" valueType="table"/>
	<property name="createIndexesOnStreamColumns" value="false" valueType="boolean"/>
	<property name="archivalProperties" valueType="object">
		<object type="ArchivalProperties" version="2">
			<property name="daily" value="false" valueType="boolean"/>
			<property name="weekly" value="false" valueType="boolean"/>
			<property name="monthly" value="false" valueType="boolean"/>
			<property name="quarterly" value="false" valueType="boolean"/>
			<property name="semiAnnually" value="false" valueType="boolean"/>
			<property name="annually" value="false" valueType="boolean"/>
			<property name="intraDay" value="false" valueType="boolean"/>
			<property name="userDefined" value="false" valueType="boolean"/>
		</object>
	</property>
	<property name="portfolioResultAlias" value="" valueType="string"/>
	<property name="fourEyesCheck" value="false" valueType="boolean"/>
	<property name="producingIsRoot" value="false" valueType="boolean"/>
	<property name="sequence" valueType="table"/>
	<property name="ignoreErrorsInAggregatedConditoinPlacement" value="false" valueType="boolean"/>
	<property name="makeAsOfDateColumnNullable" value="false" valueType="boolean"/>
	<property name="computeStatistics" value="FOR_ALL_COLUMNS" valueType="string"/>
	<property name="allowMultipleNodesPerRecord" value="false" valueType="boolean"/>
	<property name="executionAlgorithm" value="optimized_for_no_aggregations_and_simple_actions" valueType="string"/>
	<property name="levels" valueType="table">
		<object type="Portfolio:level" version="5">
			<property name="name" value="level_one" valueType="string"/>
			<property name="description" value="" valueType="string"/>
			<property name="id" value="1cc6aa7c-b515-4dcd-8bc5-fa940f3919ef" valueType="string"/>
			<property name="defaultValue" value="" valueType="string"/>
		</object>
	</property>
	<property name="additionalFields" valueType="table">
		<object type="Portfolio:additionalField" version="7">
			<property name="name" value="mdfd_drtn_assmd_chng" valueType="string"/>
			<property name="description" value="" valueType="string"/>
			<property name="id" value="ff58bd6d-0e1e-43f8-9812-c9cc5cef9c1b" valueType="string"/>
			<property name="title" value="Modified Duration Assumed Change in IR (%)" valueType="string"/>
			<property name="type" value="FLOAT" valueType="string"/>
			<property name="allowNulls" value="false" valueType="boolean"/>
			<property name="allowNullsFixed" value="true" valueType="boolean"/>
			<property name="defaultValue" value="0.0" valueType="string"/>
			<property name="showTotal" value="false" valueType="boolean"/>
			<property name="lookupSource" valueType="url"/>
		</object>
		<object type="Portfolio:additionalField" version="7">
			<property name="name" value="mdfd_drtn_zone" valueType="string"/>
			<property name="description" value="" valueType="string"/>
			<property name="id" value="9aa793e3-73ca-419f-a938-e882b95a9e50" valueType="string"/>
			<property name="title" value="Modified Duration Zone" valueType="string"/>
			<property name="type" value="INTEGER" valueType="string"/>
			<property name="allowNulls" value="false" valueType="boolean"/>
			<property name="allowNullsFixed" value="true" valueType="boolean"/>
			<property name="defaultValue" value="0" valueType="string"/>
			<property name="showTotal" value="false" valueType="boolean"/>
			<property name="lookupSource" valueType="url"/>
		</object>
		<object type="Portfolio:additionalField" version="7">
			<property name="name" value="id_trc_gmr" valueType="string"/>
			<property name="description" value="" valueType="string"/>
			<property name="id" value="3131dbe3-4ca6-45d3-ad26-6b4b6323ff3f" valueType="string"/>
			<property name="title" value="Trace ID" valueType="string"/>
			<property name="type" value="VARCHAR" valueType="string"/>
			<property name="size" value="500" valueType="integer"/>
			<property name="allowNulls" value="false" valueType="boolean"/>
			<property name="allowNullsFixed" value="false" valueType="boolean"/>
			<property name="defaultValue" value="''" valueType="string"/>
			<property name="lookupSource" valueType="url"/>
		</object>
	</property>
	<property name="hierarchy" valueType="tree">
		<objectNode type="Portfolio:rootnode" version="7">
			<property name="condition" valueType="tree">
				<objectNode type="Condition" version="3">
					<property name="isNegated" value="false" valueType="boolean"/>
					<property name="groupingOperator" value="AND" valueType="string"/>
					<children>
						<objectNode type="Condition:singularConcrete" version="3">
							<property name="field" valueType="object">
								<object type="DataModel:fieldMap" version="3">
									<property name="map" valueType="table">
										<object type="DataModel:fieldReference" version="3">
											<property name="value" valueType="url">DataModel["Portfolio[Netting_Results].Aggregation[CRD4_327_Non_ZSR_Net_Positions_Gen_Risk]"{Portfolio[43b74235-19af-44f1-a889-25d00f469bd8].Aggregation[8f1e5208-19de-4f45-b566-0392bf9e1e74]}].hierarchy["Aggregation"{8f1e5208-19de-4f45-b566-0392bf9e1e74}].dataSource.layout["enm_gmr_mthd"{95ae9aee-1f1d-4424-8eef-d791c0f80038}]</property>
										</object>
										<object type="DataModel:fieldReference" version="3">
											<property name="value" valueType="url">DataModel["Portfolio[Netting_Results].Aggregation[ZSR_Netting_Results]"{Portfolio[43b74235-19af-44f1-a889-25d00f469bd8].Aggregation[de51fb5a-5e89-4568-a54d-e838a01b20de]}].hierarchy["Aggregation"{de51fb5a-5e89-4568-a54d-e838a01b20de}].dataSource.layout["enm_gmr_mthd"{687ec4a6-a7b9-4b34-8a39-0031fb38bcb8}]</property>
										</object>
										<object type="DataModel:fieldReference" version="3">
											<property name="value" valueType="url">DataModel["ModifyModel[CRD4_Art_331_2_ZSR_Pos_MD_Sensitive].Aggregation[CRD4_Art_331_2_ZSR_Positions_GMR_Sensitive]"{ModifyModel[d3a80dc3-55ea-4307-8f1a-3241b25fd6be].Aggregation[18ed09e3-2bc1-4308-8d7d-f8724cf93f46]}].hierarchy["Aggregation"{18ed09e3-2bc1-4308-8d7d-f8724cf93f46}].dataSource.layout["enm_gmr_mthd"{7e6ab692-04ef-4e37-ad68-0f4d5c092b01}]</property>
										</object>
									</property>
								</object>
							</property>
							<property name="operation" value="=" valueType="string"/>
							<property name="value" value="MODIFIED_DURATION" valueType="string"/>
						</objectNode>
					</children>
				</objectNode>
			</property>
			<property name="actions" valueType="table">
				<object type="Portfolio:node:actionUpdatePortfolioSource" version="5">
					<property name="actionType" value="SET" valueType="string"/>
					<property name="destinationField" valueType="url">Portfolio[this].additionalFields["mdfd_drtn_assmd_chng"{ff58bd6d-0e1e-43f8-9812-c9cc5cef9c1b}]</property>
					<property name="sourceExpression" valueType="table">
						<object type="DataModel:fieldMap" version="3">
							<property name="map" valueType="table">
								<object type="DataModel:fieldReference" version="3">
									<property name="value" valueType="url">DataModel["Portfolio[Netting_Results].Aggregation[CRD4_327_Non_ZSR_Net_Positions_Gen_Risk]"{Portfolio[43b74235-19af-44f1-a889-25d00f469bd8].Aggregation[8f1e5208-19de-4f45-b566-0392bf9e1e74]}].hierarchy["Aggregation"{8f1e5208-19de-4f45-b566-0392bf9e1e74}].dataSource.layout["mdfd_drtn_assmd_chng"{0d5baf70-2661-4d62-bd4a-7bf45d52755d}]</property>
								</object>
								<object type="DataModel:fieldReference" version="3">
									<property name="value" valueType="url">DataModel["Portfolio[Netting_Results].Aggregation[ZSR_Netting_Results]"{Portfolio[43b74235-19af-44f1-a889-25d00f469bd8].Aggregation[de51fb5a-5e89-4568-a54d-e838a01b20de]}].hierarchy["Aggregation"{de51fb5a-5e89-4568-a54d-e838a01b20de}].dataSource.layout["mdfd_drtn_assmd_chng"{5510e985-e1a9-4870-81f8-1fc08ffac40f}]</property>
								</object>
								<object type="DataModel:fieldReference" version="3">
									<property name="value" valueType="url">DataModel["ModifyModel[CRD4_Art_331_2_ZSR_Pos_MD_Sensitive].Aggregation[CRD4_Art_331_2_ZSR_Positions_GMR_Sensitive]"{ModifyModel[d3a80dc3-55ea-4307-8f1a-3241b25fd6be].Aggregation[18ed09e3-2bc1-4308-8d7d-f8724cf93f46]}].hierarchy["Aggregation"{18ed09e3-2bc1-4308-8d7d-f8724cf93f46}].dataSource.layout["mdfd_drtn_assmd_chng"{fa1c1f13-f5a5-4e09-afbd-184ecf1248f2}]</property>
								</object>
							</property>
						</object>
					</property>
					<property name="actionCondition" valueType="table"/>
				</object>
				<object type="Portfolio:node:actionUpdatePortfolioSource" version="5">
					<property name="actionType" value="SET" valueType="string"/>
					<property name="destinationField" valueType="url">Portfolio[this].additionalFields["mdfd_drtn_zone"{9aa793e3-73ca-419f-a938-e882b95a9e50}]</property>
					<property name="sourceExpression" valueType="table">
						<object type="DataModel:fieldMap" version="3">
							<property name="map" valueType="table">
								<object type="DataModel:fieldReference" version="3">
									<property name="value" valueType="url">DataModel["Portfolio[Netting_Results].Aggregation[CRD4_327_Non_ZSR_Net_Positions_Gen_Risk]"{Portfolio[43b74235-19af-44f1-a889-25d00f469bd8].Aggregation[8f1e5208-19de-4f45-b566-0392bf9e1e74]}].hierarchy["Aggregation"{8f1e5208-19de-4f45-b566-0392bf9e1e74}].dataSource.layout["mdfd_drtn_zone"{d5216310-17ed-40bd-ad74-c8ddd0d869c6}]</property>
								</object>
								<object type="DataModel:fieldReference" version="3">
									<property name="value" valueType="url">DataModel["Portfolio[Netting_Results].Aggregation[ZSR_Netting_Results]"{Portfolio[43b74235-19af-44f1-a889-25d00f469bd8].Aggregation[de51fb5a-5e89-4568-a54d-e838a01b20de]}].hierarchy["Aggregation"{de51fb5a-5e89-4568-a54d-e838a01b20de}].dataSource.layout["mdfd_drtn_zone"{e68e6245-add7-48bf-9ec1-5e480495ef18}]</property>
								</object>
								<object type="DataModel:fieldReference" version="3">
									<property name="value" valueType="url">DataModel["ModifyModel[CRD4_Art_331_2_ZSR_Pos_MD_Sensitive].Aggregation[CRD4_Art_331_2_ZSR_Positions_GMR_Sensitive]"{ModifyModel[d3a80dc3-55ea-4307-8f1a-3241b25fd6be].Aggregation[18ed09e3-2bc1-4308-8d7d-f8724cf93f46]}].hierarchy["Aggregation"{18ed09e3-2bc1-4308-8d7d-f8724cf93f46}].dataSource.layout["mdfd_drtn_zone"{e76679fc-13e6-491d-91e5-7ba16886fcf4}]</property>
								</object>
							</property>
						</object>
					</property>
					<property name="actionCondition" valueType="table"/>
				</object>
			</property>
			<children>
				<objectNode type="Portfolio:node" version="7">
					<property name="name" value="netting" valueType="string"/>
					<property name="description" value="" valueType="string"/>
					<property name="id" value="5bf935e0-6fed-4a80-964d-c11ccc2ad268" valueType="string"/>
					<property name="condition" valueType="tree">
						<objectNode type="Condition" version="3">
							<property name="isNegated" value="false" valueType="boolean"/>
							<property name="groupingOperator" value="AND" valueType="string"/>
							<children>
								<objectNode type="Condition:freehandExpression" version="3">
									<property name="expression" valueType="table">
										<object type="SQLPattern" version="3">
											<property name="name" value="round" valueType="string"/>
											<property name="parameters" valueType="table">
												<object type="SQLPattern:parameter" version="3">
													<property name="expressions" valueType="table">
														<object type="DataModel:fieldMap" version="3">
															<property name="map" valueType="table">
																<object type="DataModel:fieldReference" version="3">
																	<property name="value" valueType="url">DataModel["Portfolio[Netting_Results].Aggregation[CRD4_327_Non_ZSR_Net_Positions_Gen_Risk]"{Portfolio[43b74235-19af-44f1-a889-25d00f469bd8].Aggregation[8f1e5208-19de-4f45-b566-0392bf9e1e74]}].hierarchy["Portfolio[Netting_Results]"{43b74235-19af-44f1-a889-25d00f469bd8}].dataSource.layout["net_amnt"{996dba7a-3d44-4a9f-95bf-77e236cca953}]</property>
																</object>
																<object type="DataModel:fieldReference" version="3">
																	<property name="value" valueType="url">DataModel["Portfolio[Netting_Results].Aggregation[ZSR_Netting_Results]"{Portfolio[43b74235-19af-44f1-a889-25d00f469bd8].Aggregation[de51fb5a-5e89-4568-a54d-e838a01b20de]}].hierarchy["Portfolio[Netting_Results]"{43b74235-19af-44f1-a889-25d00f469bd8}].dataSource.layout["net_amnt"{996dba7a-3d44-4a9f-95bf-77e236cca953}]</property>
																</object>
															</property>
														</object>
													</property>
												</object>
												<object type="SQLPattern:parameter" version="3">
													<property name="expressions" valueType="table">
														<object type="SQLExpressionPart" version="2">
															<property name="value" value="4" valueType="string"/>
														</object>
													</property>
												</object>
											</property>
										</object>
										<object type="SQLExpressionPart" version="2">
											<property name="value" value=" != 0" valueType="string"/>
										</object>
									</property>
								</objectNode>
							</children>
						</objectNode>
					</property>
					<property name="actions" valueType="table"/>
					<property name="modelRemoved" valueType="table">
						<object type="DataModel:reference" version="3">
							<property name="value" valueType="url">DataModel["ModifyModel[CRD4_Art_331_2_ZSR_Pos_MD_Sensitive].Aggregation[CRD4_Art_331_2_ZSR_Positions_GMR_Sensitive]"{ModifyModel[d3a80dc3-55ea-4307-8f1a-3241b25fd6be].Aggregation[18ed09e3-2bc1-4308-8d7d-f8724cf93f46]}]</property>
						</object>
					</property>
				</objectNode>
				<objectNode type="Portfolio:node" version="7">
					<property name="name" value="non_netting" valueType="string"/>
					<property name="description" value="" valueType="string"/>
					<property name="id" value="4ec773cd-0247-462b-a156-ec3bb1823f9e" valueType="string"/>
					<property name="condition" valueType="tree">
						<objectNode type="Condition" version="3">
							<property name="isNegated" value="false" valueType="boolean"/>
							<property name="groupingOperator" value="AND" valueType="string"/>
							<children>
								<objectNode type="Condition:singularConcrete" version="3">
									<property name="field" valueType="object">
										<object type="DataModel:fieldMap" version="3">
											<property name="map" valueType="table">
												<object type="DataModel:fieldReference" version="3">
													<property name="value" valueType="url">DataModel["ModifyModel[CRD4_Art_331_2_ZSR_Pos_MD_Sensitive].Aggregation[CRD4_Art_331_2_ZSR_Positions_GMR_Sensitive]"{ModifyModel[d3a80dc3-55ea-4307-8f1a-3241b25fd6be].Aggregation[18ed09e3-2bc1-4308-8d7d-f8724cf93f46]}].hierarchy["Aggregation"{18ed09e3-2bc1-4308-8d7d-f8724cf93f46}].dataSource.layout["mrkt_vl_rpt"{bed6a7b7-529a-42e8-9c6e-dc9c3e7ecb04}]</property>
												</object>
											</property>
										</object>
									</property>
									<property name="operation" value="!=" valueType="string"/>
									<property name="value" value="0.0" valueType="string"/>
								</objectNode>
							</children>
						</objectNode>
					</property>
					<property name="actions" valueType="table">
						<object type="Portfolio:node:actionUpdatePortfolioSource" version="5">
							<property name="actionType" value="SET" valueType="string"/>
							<property name="destinationField" valueType="url">Portfolio[this].additionalFields["mdfd_drtn_assmd_chng"{ff58bd6d-0e1e-43f8-9812-c9cc5cef9c1b}]</property>
							<property name="sourceExpression" valueType="table">
								<object type="DataModel:fieldMap" version="3">
									<property name="map" valueType="table">
										<object type="DataModel:fieldReference" version="3">
											<property name="value" valueType="url">DataModel["ModifyModel[CRD4_Art_331_2_ZSR_Pos_MD_Sensitive].Aggregation[CRD4_Art_331_2_ZSR_Positions_GMR_Sensitive]"{ModifyModel[d3a80dc3-55ea-4307-8f1a-3241b25fd6be].Aggregation[18ed09e3-2bc1-4308-8d7d-f8724cf93f46]}].hierarchy["Art_340_MD_Zones"{5497726d-50e7-4738-99df-b8c646d18031}].dataSource.layout["assumed_interest_rate_change"{e8596f0b-200f-47ad-ac5b-e0d45970ba79}]</property>
										</object>
									</property>
								</object>
							</property>
							<property name="actionCondition" valueType="table"/>
						</object>
						<object type="Portfolio:node:actionUpdatePortfolioSource" version="5">
							<property name="actionType" value="SET" valueType="string"/>
							<property name="destinationField" valueType="url">Portfolio[this].additionalFields["mdfd_drtn_zone"{9aa793e3-73ca-419f-a938-e882b95a9e50}]</property>
							<property name="sourceExpression" valueType="table">
								<object type="DataModel:fieldMap" version="3">
									<property name="map" valueType="table">
										<object type="DataModel:fieldReference" version="3">
											<property name="value" valueType="url">DataModel["ModifyModel[CRD4_Art_331_2_ZSR_Pos_MD_Sensitive].Aggregation[CRD4_Art_331_2_ZSR_Positions_GMR_Sensitive]"{ModifyModel[d3a80dc3-55ea-4307-8f1a-3241b25fd6be].Aggregation[18ed09e3-2bc1-4308-8d7d-f8724cf93f46]}].hierarchy["Art_340_MD_Zones"{5497726d-50e7-4738-99df-b8c646d18031}].dataSource.layout["zone_bnd"{34e4daa4-c68b-4fa2-91dc-7c583b3c407f}]</property>
										</object>
									</property>
								</object>
							</property>
							<property name="actionCondition" valueType="table"/>
						</object>
						<object type="Portfolio:node:actionUpdatePortfolioSource" version="5">
							<property name="actionType" value="SET" valueType="string"/>
							<property name="destinationField" valueType="url">Portfolio[this].additionalFields["id_trc_gmr"{3131dbe3-4ca6-45d3-ad26-6b4b6323ff3f}]</property>
							<property name="sourceExpression" valueType="table">
								<object type="DataModel:fieldMap" version="3">
									<property name="map" valueType="table">
										<object type="DataModel:fieldReference" version="3">
											<property name="value" valueType="url">DataModel["ModifyModel[CRD4_Art_331_2_ZSR_Pos_MD_Sensitive].Aggregation[CRD4_Art_331_2_ZSR_Positions_GMR_Sensitive]"{ModifyModel[d3a80dc3-55ea-4307-8f1a-3241b25fd6be].Aggregation[18ed09e3-2bc1-4308-8d7d-f8724cf93f46]}].hierarchy["Aggregation"{18ed09e3-2bc1-4308-8d7d-f8724cf93f46}].dataSource.layout["entity"{e0399ae9-cb19-481b-b440-f97f4840a885}]</property>
										</object>
									</property>
								</object>
								<object type="SQLExpressionPart" version="2">
									<property name="value" value=" " valueType="string"/>
								</object>
								<object type="SQLConstant" version="2">
									<property name="name" value="CONCAT_STR" valueType="string"/>
								</object>
								<object type="SQLExpressionPart" version="2">
									<property name="value" value=" '_' " valueType="string"/>
								</object>
								<object type="SQLConstant" version="2">
									<property name="name" value="CONCAT_STR" valueType="string"/>
								</object>
								<object type="SQLExpressionPart" version="2">
									<property name="value" value=" " valueType="string"/>
								</object>
								<object type="DataModel:fieldMap" version="3">
									<property name="map" valueType="table">
										<object type="DataModel:fieldReference" version="3">
											<property name="value" valueType="url">DataModel["ModifyModel[CRD4_Art_331_2_ZSR_Pos_MD_Sensitive].Aggregation[CRD4_Art_331_2_ZSR_Positions_GMR_Sensitive]"{ModifyModel[d3a80dc3-55ea-4307-8f1a-3241b25fd6be].Aggregation[18ed09e3-2bc1-4308-8d7d-f8724cf93f46]}].hierarchy["Aggregation"{18ed09e3-2bc1-4308-8d7d-f8724cf93f46}].dataSource.layout["legal_entity"{b56bb192-8931-4cbc-9847-0edddc4cfd77}]</property>
										</object>
									</property>
								</object>
								<object type="SQLExpressionPart" version="2">
									<property name="value" value=" " valueType="string"/>
								</object>
								<object type="SQLConstant" version="2">
									<property name="name" value="CONCAT_STR" valueType="string"/>
								</object>
								<object type="SQLExpressionPart" version="2">
									<property name="value" value=" '_' " valueType="string"/>
								</object>
								<object type="SQLConstant" version="2">
									<property name="name" value="CONCAT_STR" valueType="string"/>
								</object>
								<object type="SQLExpressionPart" version="2">
									<property name="value" value=" " valueType="string"/>
								</object>
								<object type="SQLPattern" version="3">
									<property name="name" value="numberToChar" valueType="string"/>
									<property name="parameters" valueType="table">
										<object type="SQLPattern:parameter" version="3">
											<property name="expressions" valueType="table">
												<object type="DataModel:fieldMap" version="3">
													<property name="map" valueType="table">
														<object type="DataModel:fieldReference" version="3">
															<property name="value" valueType="url">DataModel["ModifyModel[CRD4_Art_331_2_ZSR_Pos_MD_Sensitive].Aggregation[CRD4_Art_331_2_ZSR_Positions_GMR_Sensitive]"{ModifyModel[d3a80dc3-55ea-4307-8f1a-3241b25fd6be].Aggregation[18ed09e3-2bc1-4308-8d7d-f8724cf93f46]}].hierarchy["Art_340_MD_Zones"{5497726d-50e7-4738-99df-b8c646d18031}].dataSource.layout["zone_bnd"{34e4daa4-c68b-4fa2-91dc-7c583b3c407f}]</property>
														</object>
													</property>
												</object>
											</property>
										</object>
									</property>
								</object>
								<object type="SQLExpressionPart" version="2">
									<property name="value" value=" " valueType="string"/>
								</object>
								<object type="SQLConstant" version="2">
									<property name="name" value="CONCAT_STR" valueType="string"/>
								</object>
								<object type="SQLExpressionPart" version="2">
									<property name="value" value=" '_' " valueType="string"/>
								</object>
								<object type="SQLConstant" version="2">
									<property name="name" value="CONCAT_STR" valueType="string"/>
								</object>
								<object type="SQLExpressionPart" version="2">
									<property name="value" value=" " valueType="string"/>
								</object>
								<object type="DataModel:fieldMap" version="3">
									<property name="map" valueType="table">
										<object type="DataModel:fieldReference" version="3">
											<property name="value" valueType="url">DataModel["ModifyModel[CRD4_Art_331_2_ZSR_Pos_MD_Sensitive].Aggregation[CRD4_Art_331_2_ZSR_Positions_GMR_Sensitive]"{ModifyModel[d3a80dc3-55ea-4307-8f1a-3241b25fd6be].Aggregation[18ed09e3-2bc1-4308-8d7d-f8724cf93f46]}].hierarchy["Aggregation"{18ed09e3-2bc1-4308-8d7d-f8724cf93f46}].dataSource.layout["ccy_code"{4acb7797-3414-44e6-931d-1a032e33c0fa}]</property>
										</object>
									</property>
								</object>
								<object type="SQLExpressionPart" version="2">
									<property name="value" value=" " valueType="string"/>
								</object>
								<object type="SQLConstant" version="2">
									<property name="name" value="CONCAT_STR" valueType="string"/>
								</object>
								<object type="SQLExpressionPart" version="2">
									<property name="value" value=" '_' " valueType="string"/>
								</object>
								<object type="SQLConstant" version="2">
									<property name="name" value="CONCAT_STR" valueType="string"/>
								</object>
								<object type="SQLExpressionPart" version="2">
									<property name="value" value=" " valueType="string"/>
								</object>
								<object type="DataModel:fieldMap" version="3">
									<property name="map" valueType="table">
										<object type="DataModel:fieldReference" version="3">
											<property name="value" valueType="url">DataModel["ModifyModel[CRD4_Art_331_2_ZSR_Pos_MD_Sensitive].Aggregation[CRD4_Art_331_2_ZSR_Positions_GMR_Sensitive]"{ModifyModel[d3a80dc3-55ea-4307-8f1a-3241b25fd6be].Aggregation[18ed09e3-2bc1-4308-8d7d-f8724cf93f46]}].hierarchy["Aggregation"{18ed09e3-2bc1-4308-8d7d-f8724cf93f46}].dataSource.layout["enm_gmr_mthd"{7e6ab692-04ef-4e37-ad68-0f4d5c092b01}]</property>
										</object>
									</property>
								</object>
								<object type="SQLExpressionPart" version="2">
									<property name="value" value=" " valueType="string"/>
								</object>
								<object type="SQLConstant" version="2">
									<property name="name" value="CONCAT_STR" valueType="string"/>
								</object>
								<object type="SQLExpressionPart" version="2">
									<property name="value" value=" '_' " valueType="string"/>
								</object>
								<object type="SQLConstant" version="2">
									<property name="name" value="CONCAT_STR" valueType="string"/>
								</object>
								<object type="SQLExpressionPart" version="2">
									<property name="value" value=" " valueType="string"/>
								</object>
								<object type="DataModel:fieldMap" version="3">
									<property name="map" valueType="table">
										<object type="DataModel:fieldReference" version="3">
											<property name="value" valueType="url">DataModel["ModifyModel[CRD4_Art_331_2_ZSR_Pos_MD_Sensitive].Aggregation[CRD4_Art_331_2_ZSR_Positions_GMR_Sensitive]"{ModifyModel[d3a80dc3-55ea-4307-8f1a-3241b25fd6be].Aggregation[18ed09e3-2bc1-4308-8d7d-f8724cf93f46]}].hierarchy["Aggregation"{18ed09e3-2bc1-4308-8d7d-f8724cf93f46}].dataSource.layout["indx_lnkd_ind"{98331c77-9268-41a7-9695-0605ba1ec607}]</property>
										</object>
									</property>
								</object>
							</property>
							<property name="actionCondition" valueType="table"/>
						</object>
					</property>
					<property name="modelRemoved" valueType="table">
						<object type="DataModel:reference" version="3">
							<property name="value" valueType="url">DataModel["Portfolio[Netting_Results].Aggregation[ZSR_Netting_Results]"{Portfolio[43b74235-19af-44f1-a889-25d00f469bd8].Aggregation[de51fb5a-5e89-4568-a54d-e838a01b20de]}]</property>
						</object>
						<object type="DataModel:reference" version="3">
							<property name="value" valueType="url">DataModel["Portfolio[Netting_Results].Aggregation[CRD4_327_Non_ZSR_Net_Positions_Gen_Risk]"{Portfolio[43b74235-19af-44f1-a889-25d00f469bd8].Aggregation[8f1e5208-19de-4f45-b566-0392bf9e1e74]}]</property>
						</object>
					</property>
				</objectNode>
			</children>
		</objectNode>
	</property>
	<property name="instanceRebuildRestriction" value="AlterFullRebuild" valueType="string"/>
	<property name="allowExternalDataPermissions" value="false" valueType="boolean"/>
	<property name="executeDataModelsInParallel" value="false" valueType="boolean"/>
	<property name="translateConditionsOnLevels" value="false" valueType="boolean"/>
</object>