<object stamp="3031611f-0fb7-49bc-97ee-ca38b2d764a6_1599225685707" type="Portfolio" version="12">
	<property name="name" value="CRD4_Art_342_344_Specific_Risk_IMA" valueType="string"/>
	<property name="description" value="CRD4_Art_342_344_Specific_Risk" valueType="string"/>
	<property name="objectId" value="cf7fc603-19ff-4318-b19e-a84ad48046e0" valueType="string"/>
	<property name="branchId" value="2cc1364c-5419-49cd-8e5e-3b45ae5d27e6" valueType="string"/>
	<property name="comment" value="As laid out in Article 342, the institution shall multiply its overall gross position by 8 % in order to calculate its own funds requirement against specific risk." valueType="string"/>
	<property name="models" valueType="table">
		<object type="ModelBasedTask:modelEntry" version="3">
			<property name="dataModel" valueType="url">DataModel["Aggregation[CRD4_Art_341_Net_Position_In_Each_Equity_IMA]"{Aggregation[ad9b151c-6456-46ba-b20d-5ef106c0e92d]}]</property>
			<property name="instanceSelectionRule" valueType="object">
				<object type="InstanceSelectionRule" version="3">
					<property name="instanceDateRule" valueType="object">
						<object type="InstanceSelectionRule:rule" version="3">
							<property name="type" value="EQUAL" valueType="string"/>
						</object>
					</property>
					<property name="instanceKeyRules" valueType="table"/>
				</object>
			</property>
		</object>
	</property>
	<property name="requiresAllModels" value="true" valueType="boolean"/>
	<property name="parameters" valueType="table"/>
	<property name="detailSet" valueType="url"/>
	<property name="dbSourceForResults" valueType="url">DBSource["POSTGRES"{7141b02a-a2bf-46bb-9ad0-fa1087f431e1}]</property>
	<property name="storageType" value="CONTINUOUS_PARTITION" valueType="string"/>
	<property name="additionalIndices" valueType="table"/>
	<property name="createIndexesOnStreamColumns" value="false" valueType="boolean"/>
	<property name="archivalProperties" valueType="object">
		<object type="ArchivalProperties" version="2">
			<property name="daily" value="false" valueType="boolean"/>
			<property name="weekly" value="false" valueType="boolean"/>
			<property name="monthly" value="false" valueType="boolean"/>
			<property name="quarterly" value="false" valueType="boolean"/>
			<property name="semiAnnually" value="false" valueType="boolean"/>
			<property name="annually" value="false" valueType="boolean"/>
			<property name="intraDay" value="false" valueType="boolean"/>
			<property name="userDefined" value="false" valueType="boolean"/>
		</object>
	</property>
	<property name="portfolioResultAlias" value="standard_specific_risk" valueType="string"/>
	<property name="fourEyesCheck" value="false" valueType="boolean"/>
	<property name="producingIsRoot" value="false" valueType="boolean"/>
	<property name="sequence" valueType="table"/>
	<property name="ignoreErrorsInAggregatedConditoinPlacement" value="false" valueType="boolean"/>
	<property name="makeAsOfDateColumnNullable" value="false" valueType="boolean"/>
	<property name="computeStatistics" value="FOR_ALL_COLUMNS" valueType="string"/>
	<property name="allowMultipleNodesPerRecord" value="false" valueType="boolean"/>
	<property name="executionAlgorithm" value="optimized_for_no_aggregations_and_simple_actions" valueType="string"/>
	<property name="levels" valueType="table">
		<object type="Portfolio:level" version="5">
			<property name="name" value="risk_bucket" valueType="string"/>
			<property name="description" value="" valueType="string"/>
			<property name="id" value="d06d6ac8-22cc-4c29-a86d-a347a637544b" valueType="string"/>
			<property name="defaultValue" value="" valueType="string"/>
		</object>
	</property>
	<property name="additionalFields" valueType="table">
		<object type="Portfolio:additionalField" version="7">
			<property name="name" value="net_mrkt_vl" valueType="string"/>
			<property name="description" value="" valueType="string"/>
			<property name="id" value="215b703a-fca8-4103-aa53-7cfd613f200f" valueType="string"/>
			<property name="title" value="Net Market Value" valueType="string"/>
			<property name="type" value="FLOAT" valueType="string"/>
			<property name="allowNulls" value="false" valueType="boolean"/>
			<property name="allowNullsFixed" value="true" valueType="boolean"/>
			<property name="defaultValue" value="0.0" valueType="string"/>
			<property name="showTotal" value="true" valueType="boolean"/>
			<property name="lookupSource" valueType="url"/>
		</object>
	</property>
	<property name="hierarchy" valueType="tree">
		<objectNode type="Portfolio:rootnode" version="7">
			<property name="condition" valueType="tree">
				<objectNode type="Condition" version="3">
					<property name="isNegated" value="false" valueType="boolean"/>
					<property name="groupingOperator" value="AND" valueType="string"/>
				</objectNode>
			</property>
			<property name="actions" valueType="table"/>
			<children>
				<objectNode type="Portfolio:node" version="7">
					<property name="name" value="Qualifying_equity_Indices" valueType="string"/>
					<property name="description" value="" valueType="string"/>
					<property name="id" value="763d45f5-9fa5-4bac-812f-9d4b97138833" valueType="string"/>
					<property name="condition" valueType="tree">
						<objectNode type="Condition" version="3">
							<property name="isNegated" value="false" valueType="boolean"/>
							<property name="groupingOperator" value="AND" valueType="string"/>
							<children>
								<objectNode type="Condition:singularConcrete" version="3">
									<property name="field" valueType="object">
										<object type="DataModel:fieldMap" version="3">
											<property name="map" valueType="table">
												<object type="DataModel:fieldReference" version="3">
													<property name="value" valueType="url">DataModel["Aggregation[CRD4_Art_341_Net_Position_In_Each_Equity_IMA]"{Aggregation[ad9b151c-6456-46ba-b20d-5ef106c0e92d]}].hierarchy["Aggregation"{ad9b151c-6456-46ba-b20d-5ef106c0e92d}].dataSource.layout["indx_qlfyng_ind"{616c7bb0-cb4a-4566-8cac-aa156ef3bf5f}]</property>
												</object>
											</property>
										</object>
									</property>
									<property name="operation" value="=" valueType="string"/>
									<property name="value" value="Y" valueType="string"/>
								</objectNode>
							</children>
						</objectNode>
					</property>
					<property name="actions" valueType="table">
						<object type="Portfolio:node:actionUpdatePortfolioSource" version="5">
							<property name="actionType" value="SET" valueType="string"/>
							<property name="destinationField" valueType="url">Portfolio[this].additionalFields["net_mrkt_vl"{215b703a-fca8-4103-aa53-7cfd613f200f}]</property>
							<property name="sourceExpression" valueType="table">
								<object type="SQLExpressionPart" version="2">
									<property name="value" value="CASE WHEN " valueType="string"/>
								</object>
								<object type="DataModel:fieldMap" version="3">
									<property name="map" valueType="table">
										<object type="DataModel:fieldReference" version="3">
											<property name="value" valueType="url">DataModel["Aggregation[CRD4_Art_341_Net_Position_In_Each_Equity_IMA]"{Aggregation[ad9b151c-6456-46ba-b20d-5ef106c0e92d]}].hierarchy["Aggregation"{ad9b151c-6456-46ba-b20d-5ef106c0e92d}].dataSource.layout["spcfc_rsk_pra"{a0918e5c-e2b5-477d-9cef-6ddd44852528}]</property>
										</object>
									</property>
								</object>
								<object type="SQLExpressionPart" version="2">
									<property name="value" value=" = 0 OR " valueType="string"/>
								</object>
								<object type="DataModel:fieldMap" version="3">
									<property name="map" valueType="table">
										<object type="DataModel:fieldReference" version="3">
											<property name="value" valueType="url">DataModel["Aggregation[CRD4_Art_341_Net_Position_In_Each_Equity_IMA]"{Aggregation[ad9b151c-6456-46ba-b20d-5ef106c0e92d]}].hierarchy["Aggregation"{ad9b151c-6456-46ba-b20d-5ef106c0e92d}].dataSource.layout["zero_spcfc_rsk_ind"{c1400904-7a05-4841-9f68-c7a3c89e85d2}]</property>
										</object>
									</property>
								</object>
								<object type="SQLExpressionPart" version="2">
									<property name="value" value="='Y' THEN 0 ELSE " valueType="string"/>
								</object>
								<object type="DataModel:fieldMap" version="3">
									<property name="map" valueType="table">
										<object type="DataModel:fieldReference" version="3">
											<property name="value" valueType="url">DataModel["Aggregation[CRD4_Art_341_Net_Position_In_Each_Equity_IMA]"{Aggregation[ad9b151c-6456-46ba-b20d-5ef106c0e92d]}].hierarchy["Aggregation"{ad9b151c-6456-46ba-b20d-5ef106c0e92d}].dataSource.layout["net_mrkt_vl"{0a62c1f2-501b-45ed-8c14-ea54a5e6d6b4}]</property>
										</object>
									</property>
								</object>
								<object type="SQLExpressionPart" version="2">
									<property name="value" value=" END" valueType="string"/>
								</object>
							</property>
							<property name="actionCondition" valueType="table"/>
						</object>
					</property>
					<property name="modelRemoved" valueType="table"/>
				</objectNode>
				<objectNode type="Portfolio:node" version="7">
					<property name="name" value="Others" valueType="string"/>
					<property name="description" value="" valueType="string"/>
					<property name="id" value="26037d26-a03c-4b70-80d0-21486dde9fa6" valueType="string"/>
					<property name="condition" valueType="tree">
						<objectNode type="Condition" version="3">
							<property name="isNegated" value="false" valueType="boolean"/>
							<property name="groupingOperator" value="AND" valueType="string"/>
						</objectNode>
					</property>
					<property name="actions" valueType="table">
						<object type="Portfolio:node:actionUpdatePortfolioSource" version="5">
							<property name="actionType" value="SET" valueType="string"/>
							<property name="destinationField" valueType="url">Portfolio[this].additionalFields["net_mrkt_vl"{215b703a-fca8-4103-aa53-7cfd613f200f}]</property>
							<property name="sourceExpression" valueType="table">
								<object type="SQLExpressionPart" version="2">
									<property name="value" value="CASE WHEN " valueType="string"/>
								</object>
								<object type="DataModel:fieldMap" version="3">
									<property name="map" valueType="table">
										<object type="DataModel:fieldReference" version="3">
											<property name="value" valueType="url">DataModel["Aggregation[CRD4_Art_341_Net_Position_In_Each_Equity_IMA]"{Aggregation[ad9b151c-6456-46ba-b20d-5ef106c0e92d]}].hierarchy["Aggregation"{ad9b151c-6456-46ba-b20d-5ef106c0e92d}].dataSource.layout["zero_spcfc_rsk_ind"{c1400904-7a05-4841-9f68-c7a3c89e85d2}]</property>
										</object>
									</property>
								</object>
								<object type="SQLExpressionPart" version="2">
									<property name="value" value="='Y' THEN 0  ELSE " valueType="string"/>
								</object>
								<object type="DataModel:fieldMap" version="3">
									<property name="map" valueType="table">
										<object type="DataModel:fieldReference" version="3">
											<property name="value" valueType="url">DataModel["Aggregation[CRD4_Art_341_Net_Position_In_Each_Equity_IMA]"{Aggregation[ad9b151c-6456-46ba-b20d-5ef106c0e92d]}].hierarchy["Aggregation"{ad9b151c-6456-46ba-b20d-5ef106c0e92d}].dataSource.layout["net_mrkt_vl"{0a62c1f2-501b-45ed-8c14-ea54a5e6d6b4}]</property>
										</object>
									</property>
								</object>
								<object type="SQLExpressionPart" version="2">
									<property name="value" value=" END" valueType="string"/>
								</object>
							</property>
							<property name="actionCondition" valueType="table"/>
						</object>
					</property>
					<property name="modelRemoved" valueType="table"/>
				</objectNode>
			</children>
		</objectNode>
	</property>
	<property name="instanceRebuildRestriction" value="AlterFullRebuild" valueType="string"/>
	<property name="allowExternalDataPermissions" value="false" valueType="boolean"/>
	<property name="executeDataModelsInParallel" value="false" valueType="boolean"/>
	<property name="translateConditionsOnLevels" value="false" valueType="boolean"/>
</object>