<object stamp="285c2497-e98b-499a-a321-ae801397bb17_1725874753393" type="Shorthand" version="6">
	<property name="name" value="Issuer_Guarantor_RW_Inputs_Constituents" valueType="string"/>
	<property name="description" value="Issuer_Guarantor Risk Weight Inputs" valueType="string"/>
	<property name="objectId" value="525943f5-72f0-44b6-9780-c039dbe5d111" valueType="string"/>
	<property name="branchId" value="abd5d443-df6a-4329-a4bc-71fc002f8fcf" valueType="string"/>
	<property name="models" valueType="table">
		<object type="DataModel:reference" version="3">
			<property name="value" valueType="url">DataModel["ModifyModel[Ref_Index_Constituents_Issuer_Inputs].cm_ref_data_inputs:Aggregation[Ref_Index_Constituents]"{ModifyModel[e5314571-4a5c-43de-8ab4-9466aebd3ae8].e9157cc6-c461-4637-ae9b-757cdb0c2552:Aggregation[1c48edc3-8baf-4839-ba33-e7dfdad18a7f]}]</property>
		</object>
		<object type="DataModel:reference" version="3">
			<property name="value" valueType="url">DataModel["ModifyModel[Ref_Index_Constituents_Guarantor_Inputs].cm_ref_data_inputs:Aggregation[Ref_Index_Constituents]"{ModifyModel[7ea2a1fa-71e5-4cb4-8ae8-6c4ea6125473].e9157cc6-c461-4637-ae9b-757cdb0c2552:Aggregation[1c48edc3-8baf-4839-ba33-e7dfdad18a7f]}]</property>
		</object>
	</property>
	<property name="condition" valueType="tree">
		<objectNode type="Condition" version="3">
			<property name="isNegated" value="false" valueType="boolean"/>
			<property name="groupingOperator" value="AND" valueType="string"/>
		</objectNode>
	</property>
	<property name="modelConditionOverrides" valueType="table">
		<object type="Shorthand:modelCondition" version="2">
			<property name="name" value="issuer_constituents" valueType="string"/>
			<property name="models" valueType="table">
				<object type="DataModel:reference" version="3">
					<property name="value" valueType="url">DataModel["ModifyModel[Ref_Index_Constituents_Issuer_Inputs].cm_ref_data_inputs:Aggregation[Ref_Index_Constituents]"{ModifyModel[e5314571-4a5c-43de-8ab4-9466aebd3ae8].e9157cc6-c461-4637-ae9b-757cdb0c2552:Aggregation[1c48edc3-8baf-4839-ba33-e7dfdad18a7f]}]</property>
				</object>
			</property>
			<property name="condition" valueType="tree">
				<objectNode type="Condition" version="3">
					<property name="isNegated" value="false" valueType="boolean"/>
					<property name="groupingOperator" value="AND" valueType="string"/>
					<children>
						<objectNode type="Condition:list" version="3">
							<property name="field" valueType="object">
								<object type="DataModel:fieldMap" version="3">
									<property name="map" valueType="table">
										<object type="DataModel:fieldReference" version="3">
											<property name="value" valueType="url">DataModel["ModifyModel[Ref_Index_Constituents_Issuer_Inputs].cm_ref_data_inputs:Aggregation[Ref_Index_Constituents]"{ModifyModel[e5314571-4a5c-43de-8ab4-9466aebd3ae8].e9157cc6-c461-4637-ae9b-757cdb0c2552:Aggregation[1c48edc3-8baf-4839-ba33-e7dfdad18a7f]}].hierarchy["Aggregation"{1c48edc3-8baf-4839-ba33-e7dfdad18a7f}].dataSource.layout["enm_cnsttnt_typ"{f3678663-7136-4e1a-923c-dffb01b68983}]</property>
										</object>
									</property>
								</object>
							</property>
							<property name="operation" value="IN" valueType="string"/>
							<property name="values" valueType="table">
								<object type="Condition:list:value" version="3">
									<property name="value" value="IR" valueType="string"/>
								</object>
								<object type="Condition:list:value" version="3">
									<property name="value" value="EQ" valueType="string"/>
								</object>
							</property>
						</objectNode>
					</children>
				</objectNode>
			</property>
		</object>
		<object type="Shorthand:modelCondition" version="2">
			<property name="name" value="guarantor_constituents" valueType="string"/>
			<property name="models" valueType="table">
				<object type="DataModel:reference" version="3">
					<property name="value" valueType="url">DataModel["ModifyModel[Ref_Index_Constituents_Guarantor_Inputs].cm_ref_data_inputs:Aggregation[Ref_Index_Constituents]"{ModifyModel[7ea2a1fa-71e5-4cb4-8ae8-6c4ea6125473].e9157cc6-c461-4637-ae9b-757cdb0c2552:Aggregation[1c48edc3-8baf-4839-ba33-e7dfdad18a7f]}]</property>
				</object>
			</property>
			<property name="condition" valueType="tree">
				<objectNode type="Condition" version="3">
					<property name="isNegated" value="false" valueType="boolean"/>
					<property name="groupingOperator" value="AND" valueType="string"/>
					<children>
						<objectNode type="Condition:singularConcrete" version="3">
							<property name="field" valueType="object">
								<object type="DataModel:fieldMap" version="3">
									<property name="map" valueType="table">
										<object type="DataModel:fieldReference" version="3">
											<property name="value" valueType="url">DataModel["ModifyModel[Ref_Index_Constituents_Guarantor_Inputs].cm_ref_data_inputs:Aggregation[Ref_Index_Constituents]"{ModifyModel[7ea2a1fa-71e5-4cb4-8ae8-6c4ea6125473].e9157cc6-c461-4637-ae9b-757cdb0c2552:Aggregation[1c48edc3-8baf-4839-ba33-e7dfdad18a7f]}].hierarchy["Aggregation"{1c48edc3-8baf-4839-ba33-e7dfdad18a7f}].dataSource.layout["enm_cnsttnt_typ"{f3678663-7136-4e1a-923c-dffb01b68983}]</property>
										</object>
									</property>
								</object>
							</property>
							<property name="operation" value="=" valueType="string"/>
							<property name="value" value="IR" valueType="string"/>
						</objectNode>
						<objectNode type="Condition:singularExpression" version="3">
							<property name="field" valueType="object">
								<object type="DataModel:fieldMap" version="3">
									<property name="map" valueType="table">
										<object type="DataModel:fieldReference" version="3">
											<property name="value" valueType="url">DataModel["ModifyModel[Ref_Index_Constituents_Guarantor_Inputs].cm_ref_data_inputs:Aggregation[Ref_Index_Constituents]"{ModifyModel[7ea2a1fa-71e5-4cb4-8ae8-6c4ea6125473].e9157cc6-c461-4637-ae9b-757cdb0c2552:Aggregation[1c48edc3-8baf-4839-ba33-e7dfdad18a7f]}].hierarchy["Aggregation"{1c48edc3-8baf-4839-ba33-e7dfdad18a7f}].dataSource.layout["id_grntr"{a7c60e51-b9e2-481b-b58c-d8fc2f8387c3}]</property>
										</object>
									</property>
								</object>
							</property>
							<property name="operation" value="IS NOT" valueType="string"/>
							<property name="expression" valueType="table">
								<object type="SQLExpressionPart" version="2">
									<property name="value" value="NULL" valueType="string"/>
								</object>
							</property>
						</objectNode>
					</children>
				</objectNode>
			</property>
		</object>
	</property>
</object>