<object stamp="1753d51e-a028-4724-b93e-6780318c0dc7_1719582558383" type="Shorthand" version="6">
	<property name="name" value="rw_CRM_Class_not_populated" valueType="string"/>
	<property name="description" value="CRM Class not populated" valueType="string"/>
	<property name="objectId" value="57b532c6-bd4b-43a3-b95c-b7cb23f56ac0" valueType="string"/>
	<property name="branchId" value="abd5d443-df6a-4329-a4bc-71fc002f8fcf" valueType="string"/>
	<property name="models" valueType="table">
		<object type="DataModel:reference" version="3">
			<property name="value" valueType="url">DataModel["ModifyModel[CR_Exposure_Inputs_with_3rd_Country].Aggregation[Consolidated_CR_Exposure_Inputs]"{ModifyModel[072e5548-2627-441e-9fc1-ca76af5ec2fb].Aggregation[e656b996-3c81-4229-a299-6d0d56226654]}]</property>
		</object>
		<object type="DataModel:reference" version="3">
			<property name="value" valueType="url">DataModel["ModifyModel[CR_IMM_Split_Inputs_with_3rd_Country].Aggregation[IMM_Split_Netting_Sets_RW_Input]"{ModifyModel[3b128800-64ff-4a04-a91d-683aa8678d59].Aggregation[cb5f8b9d-ffdb-47ae-9a9c-a66238255f08]}]</property>
		</object>
		<object type="DataModel:reference" version="3">
			<property name="value" valueType="url">DataModel["ModifyModel[Collateral_Inputs_with_3rd_Country].Aggregation[Consolidated_Collateral_Inputs]"{ModifyModel[79c5c6bc-4139-4a70-b859-3cf22769f47f].Aggregation[631191de-896a-4c05-bff5-2b6ad367a3b3]}]</property>
		</object>
		<object type="DataModel:reference" version="3">
			<property name="value" valueType="url">DataModel["ModifyModel[Tri_Party_Inputs_with_3rd_Country].Aggregation[Consolidated_Tri_Party_Limit]"{ModifyModel[c474097d-a960-4a7b-a575-6d9a4296ea35].Aggregation[c3c04b07-f24c-4340-a4ae-a35619e1a63b]}]</property>
		</object>
		<object type="DataModel:reference" version="3">
			<property name="value" valueType="url">DataModel["ModifyModel[Indirect_Exposure_Inputs_with_3rd_Country].Aggregation[Consolidated_Indirect_Exposure_Inputs]"{ModifyModel[fc5582c7-072c-4aec-bf95-da29b86c7510].Aggregation[a4f6570d-3325-45f5-93bd-0ddcd42a1c74]}]</property>
		</object>
		<object type="DataModel:reference" version="3">
			<property name="value" valueType="url">DataModel["ModifyModel[Collated_Issuer_Guarantor_Constituents_RW_Inputs_w_3rd_country_Unrated].Aggregation[Collated_Issuer_Guarantor_Constituents_RW_Inputs_Unrated]"{ModifyModel[b4e363a8-2356-4738-90fd-d3e71bba9d4a].Aggregation[8cfee34c-9094-4c8a-ae5c-a454216b8b47]}]</property>
		</object>
		<object type="DataModel:reference" version="3">
			<property name="value" valueType="url">DataModel["ModifyModel[Collated_Issuer_Guarantor_RW_Inputs_w_3rd_country_Unrated].Aggregation[Collated_Issuer_Guarantor_RW_Inputs_Unrated]"{ModifyModel[78749b92-7d84-460d-9cbc-81682872710c].Aggregation[a835d3c6-0cc4-498e-b21b-99a50b96d727]}]</property>
		</object>
		<object type="DataModel:reference" version="3">
			<property name="value" valueType="url">DataModel["ModifyModel[Collated_Issuer_Guarantor_Constituents_RW_Inputs_w_3rd_country].Aggregation[Collated_Issuer_Guarantor_Constituents_RW_Inputs]"{ModifyModel[d9a31716-b259-4f5a-8065-17c187d60a5e].Aggregation[e52b7103-e1f2-400b-805c-20f1ddc2c3f7]}]</property>
		</object>
		<object type="DataModel:reference" version="3">
			<property name="value" valueType="url">DataModel["ModifyModel[Collated_Issuer_Guarantor_RW_Inputs_w_3rd_country].Aggregation[Collated_Issuer_Guarantor_RW_Inputs]"{ModifyModel[4978e8f3-51a4-4a64-ae37-22524e9981dc].Aggregation[59a85c59-936b-4ed4-91c8-6d902bbcf085]}]</property>
		</object>
		<object type="DataModel:reference" version="3">
			<property name="value" valueType="url">DataModel["ModifyModel[LE_Exposure_Inputs_with_3rd_Country].Aggregation[Consolidated_LE_Exposure_Inputs]"{ModifyModel[d1f714ac-b092-46f6-81a2-9a4945a4139e].Aggregation[005c3abd-db6c-4d7a-b2c3-7d28e1c3ff1c]}]</property>
		</object>
		<object type="DataModel:reference" version="3">
			<property name="value" valueType="url">DataModel["ModifyModel[CR_Collateral_Issuer_with_3rd_Country].Aggregation[Consolidated_CR_Exposure_Collateral_Issuer]"{ModifyModel[ceab663f-bbe9-48cb-b423-101035b2a28e].Aggregation[00e06ffd-0a0e-4533-b82b-58783a4cfec8]}]</property>
		</object>
	</property>
	<property name="condition" valueType="tree">
		<objectNode type="Condition" version="3">
			<property name="isNegated" value="false" valueType="boolean"/>
			<property name="groupingOperator" value="AND" valueType="string"/>
		</objectNode>
	</property>
	<property name="modelConditionOverrides" valueType="table">
		<object type="Shorthand:modelCondition" version="2">
			<property name="name" value="crm_class_not_populated" valueType="string"/>
			<property name="models" valueType="table">
				<object type="DataModel:reference" version="3">
					<property name="value" valueType="url">DataModel["ModifyModel[CR_Exposure_Inputs_with_3rd_Country].Aggregation[Consolidated_CR_Exposure_Inputs]"{ModifyModel[072e5548-2627-441e-9fc1-ca76af5ec2fb].Aggregation[e656b996-3c81-4229-a299-6d0d56226654]}]</property>
				</object>
				<object type="DataModel:reference" version="3">
					<property name="value" valueType="url">DataModel["ModifyModel[CR_IMM_Split_Inputs_with_3rd_Country].Aggregation[IMM_Split_Netting_Sets_RW_Input]"{ModifyModel[3b128800-64ff-4a04-a91d-683aa8678d59].Aggregation[cb5f8b9d-ffdb-47ae-9a9c-a66238255f08]}]</property>
				</object>
			</property>
			<property name="condition" valueType="tree">
				<objectNode type="Condition" version="3">
					<property name="isNegated" value="false" valueType="boolean"/>
					<property name="groupingOperator" value="AND" valueType="string"/>
					<children>
						<objectNode type="Condition:freehandExpression" version="3">
							<property name="expression" valueType="table">
								<object type="SQLPattern" version="3">
									<property name="name" value="isNull" valueType="string"/>
									<property name="parameters" valueType="table">
										<object type="SQLPattern:parameter" version="3">
											<property name="expressions" valueType="table">
												<object type="DataModel:fieldMap" version="3">
													<property name="map" valueType="table">
														<object type="DataModel:fieldReference" version="3">
															<property name="value" valueType="url">DataModel["ModifyModel[CR_Exposure_Inputs_with_3rd_Country].Aggregation[Consolidated_CR_Exposure_Inputs]"{ModifyModel[072e5548-2627-441e-9fc1-ca76af5ec2fb].Aggregation[e656b996-3c81-4229-a299-6d0d56226654]}].hierarchy["Aggregation"{e656b996-3c81-4229-a299-6d0d56226654}].dataSource.layout["enm_crm_clss"{7f5d0910-bd3b-4678-9eb6-09f5fe2d8903}]</property>
														</object>
														<object type="DataModel:fieldReference" version="3">
															<property name="value" valueType="url">DataModel["ModifyModel[CR_IMM_Split_Inputs_with_3rd_Country].Aggregation[IMM_Split_Netting_Sets_RW_Input]"{ModifyModel[3b128800-64ff-4a04-a91d-683aa8678d59].Aggregation[cb5f8b9d-ffdb-47ae-9a9c-a66238255f08]}].hierarchy["Aggregation"{cb5f8b9d-ffdb-47ae-9a9c-a66238255f08}].dataSource.layout["enm_crm_clss"{1d604ca9-abc4-4843-ab3c-c94371a547a2}]</property>
														</object>
													</property>
												</object>
											</property>
										</object>
										<object type="SQLPattern:parameter" version="3">
											<property name="expressions" valueType="table">
												<object type="SQLExpressionPart" version="2">
													<property name="value" value="''" valueType="string"/>
												</object>
											</property>
										</object>
									</property>
								</object>
								<object type="SQLExpressionPart" version="2">
									<property name="value" value="=''" valueType="string"/>
								</object>
							</property>
						</objectNode>
					</children>
				</objectNode>
			</property>
		</object>
	</property>
</object>