<object stamp="fe694e68-9d1e-4644-84f6-702aa89036ad_1719231451351" type="Shorthand" version="6">
	<property name="name" value="rw_Public_Sector_Entities" valueType="string"/>
	<property name="description" value="Public Sector Entities" valueType="string"/>
	<property name="objectId" value="c0d3c65c-ab44-4355-971d-275c32b8ce33" valueType="string"/>
	<property name="branchId" value="abd5d443-df6a-4329-a4bc-71fc002f8fcf" valueType="string"/>
	<property name="models" valueType="table">
		<object type="DataModel:reference" version="3">
			<property name="value" valueType="url">DataModel["ModifyModel[CR_Exposure_Inputs_with_3rd_Country].Aggregation[Consolidated_CR_Exposure_Inputs]"{ModifyModel[072e5548-2627-441e-9fc1-ca76af5ec2fb].Aggregation[e656b996-3c81-4229-a299-6d0d56226654]}]</property>
		</object>
		<object type="DataModel:reference" version="3">
			<property name="value" valueType="url">DataModel["ModifyModel[Collated_Issuer_Guarantor_RW_Inputs_w_3rd_country].Aggregation[Collated_Issuer_Guarantor_RW_Inputs]"{ModifyModel[4978e8f3-51a4-4a64-ae37-22524e9981dc].Aggregation[59a85c59-936b-4ed4-91c8-6d902bbcf085]}]</property>
		</object>
		<object type="DataModel:reference" version="3">
			<property name="value" valueType="url">DataModel["ModifyModel[LE_Exposure_Inputs_with_3rd_Country].Aggregation[Consolidated_LE_Exposure_Inputs]"{ModifyModel[d1f714ac-b092-46f6-81a2-9a4945a4139e].Aggregation[005c3abd-db6c-4d7a-b2c3-7d28e1c3ff1c]}]</property>
		</object>
		<object type="DataModel:reference" version="3">
			<property name="value" valueType="url">DataModel["ModifyModel[CR_Exposure_Inputs_with_3rd_Country_Unrated].Aggregation[Consolidated_CR_Exposure_Inputs_Unrated]"{ModifyModel[99c23fc8-1f78-411a-be4c-6ac988a813aa].Aggregation[9eb88128-4a7d-4c36-947f-5be234269b24]}]</property>
		</object>
		<object type="DataModel:reference" version="3">
			<property name="value" valueType="url">DataModel["ModifyModel[Collated_Issuer_Guarantor_RW_Inputs_w_3rd_country_Unrated].Aggregation[Collated_Issuer_Guarantor_RW_Inputs_Unrated]"{ModifyModel[78749b92-7d84-460d-9cbc-81682872710c].Aggregation[a835d3c6-0cc4-498e-b21b-99a50b96d727]}]</property>
		</object>
		<object type="DataModel:reference" version="3">
			<property name="value" valueType="url">DataModel["ModifyModel[LE_Exposure_Inputs_with_3rd_Country_Unrated].Aggregation[Consolidated_LE_Exposure_Inputs_Unrated]"{ModifyModel[14618355-60b1-4ed9-b960-0c32c0bd2ef9].Aggregation[fa5ed04e-d274-4ec9-a2fb-fa93c88f7d51]}]</property>
		</object>
		<object type="DataModel:reference" version="3">
			<property name="value" valueType="url">DataModel["ModifyModel[Collateral_Inputs_with_3rd_Country].Aggregation[Consolidated_Collateral_Inputs]"{ModifyModel[79c5c6bc-4139-4a70-b859-3cf22769f47f].Aggregation[631191de-896a-4c05-bff5-2b6ad367a3b3]}]</property>
		</object>
		<object type="DataModel:reference" version="3">
			<property name="value" valueType="url">DataModel["ModifyModel[Collateral_Inputs_with_3rd_Country_Unrated].Aggregation[Consolidated_Collateral_Inputs_Unrated]"{ModifyModel[d9e8118c-a404-439d-b38c-d1aefdc1cf13].Aggregation[a556f10a-83a1-48cf-b5ce-017e1b30b361]}]</property>
		</object>
		<object type="DataModel:reference" version="3">
			<property name="value" valueType="url">DataModel["ModifyModel[Collated_Issuer_Guarantor_Constituents_RW_Inputs_w_3rd_country].Aggregation[Collated_Issuer_Guarantor_Constituents_RW_Inputs]"{ModifyModel[d9a31716-b259-4f5a-8065-17c187d60a5e].Aggregation[e52b7103-e1f2-400b-805c-20f1ddc2c3f7]}]</property>
		</object>
		<object type="DataModel:reference" version="3">
			<property name="value" valueType="url">DataModel["ModifyModel[Collated_Issuer_Guarantor_Constituents_RW_Inputs_w_3rd_country_Unrated].Aggregation[Collated_Issuer_Guarantor_Constituents_RW_Inputs_Unrated]"{ModifyModel[b4e363a8-2356-4738-90fd-d3e71bba9d4a].Aggregation[8cfee34c-9094-4c8a-ae5c-a454216b8b47]}]</property>
		</object>
		<object type="DataModel:reference" version="3">
			<property name="value" valueType="url">DataModel["ModifyModel[Tri_Party_Inputs_with_3rd_Country].Aggregation[Consolidated_Tri_Party_Limit]"{ModifyModel[c474097d-a960-4a7b-a575-6d9a4296ea35].Aggregation[c3c04b07-f24c-4340-a4ae-a35619e1a63b]}]</property>
		</object>
		<object type="DataModel:reference" version="3">
			<property name="value" valueType="url">DataModel["ModifyModel[Tri_Party_Inputs_with_3rd_Country_Unrated].Aggregation[Consolidated_Tri_Party_Limit_Unrated]"{ModifyModel[2790ebc2-7d8b-4a04-a631-68a7c39f329a].Aggregation[d05e706b-f6f9-45d7-b344-2a6be5b8b3fb]}]</property>
		</object>
		<object type="DataModel:reference" version="3">
			<property name="value" valueType="url">DataModel["ModifyModel[CR_Collateral_Issuer_with_3rd_Country].Aggregation[Consolidated_CR_Exposure_Collateral_Issuer]"{ModifyModel[ceab663f-bbe9-48cb-b423-101035b2a28e].Aggregation[00e06ffd-0a0e-4533-b82b-58783a4cfec8]}]</property>
		</object>
		<object type="DataModel:reference" version="3">
			<property name="value" valueType="url">DataModel["ModifyModel[Indirect_Exposure_Inputs_with_3rd_Country].Aggregation[Consolidated_Indirect_Exposure_Inputs]"{ModifyModel[fc5582c7-072c-4aec-bf95-da29b86c7510].Aggregation[a4f6570d-3325-45f5-93bd-0ddcd42a1c74]}]</property>
		</object>
		<object type="DataModel:reference" version="3">
			<property name="value" valueType="url">DataModel["ModifyModel[CR_Exposure_Inputs_Synthetic_Sec].Aggregation[Consolidated_CR_Exposure_Inputs]"{ModifyModel[afaa3608-95c4-4ff2-8a61-e7570096de43].Aggregation[e656b996-3c81-4229-a299-6d0d56226654]}]</property>
		</object>
		<object type="DataModel:reference" version="3">
			<property name="value" valueType="url">DataModel["ModifyModel[CR_IMM_Split_Inputs_with_3rd_Country].Aggregation[IMM_Split_Netting_Sets_RW_Input]"{ModifyModel[3b128800-64ff-4a04-a91d-683aa8678d59].Aggregation[cb5f8b9d-ffdb-47ae-9a9c-a66238255f08]}]</property>
		</object>
	</property>
	<property name="condition" valueType="tree">
		<objectNode type="Condition" version="3">
			<property name="isNegated" value="false" valueType="boolean"/>
			<property name="groupingOperator" value="AND" valueType="string"/>
		</objectNode>
	</property>
	<property name="modelConditionOverrides" valueType="table">
		<object type="Shorthand:modelCondition" version="2">
			<property name="name" value="cr" valueType="string"/>
			<property name="models" valueType="table">
				<object type="DataModel:reference" version="3">
					<property name="value" valueType="url">DataModel["ModifyModel[CR_Exposure_Inputs_with_3rd_Country].Aggregation[Consolidated_CR_Exposure_Inputs]"{ModifyModel[072e5548-2627-441e-9fc1-ca76af5ec2fb].Aggregation[e656b996-3c81-4229-a299-6d0d56226654]}]</property>
				</object>
				<object type="DataModel:reference" version="3">
					<property name="value" valueType="url">DataModel["ModifyModel[CR_Exposure_Inputs_with_3rd_Country_Unrated].Aggregation[Consolidated_CR_Exposure_Inputs_Unrated]"{ModifyModel[99c23fc8-1f78-411a-be4c-6ac988a813aa].Aggregation[9eb88128-4a7d-4c36-947f-5be234269b24]}]</property>
				</object>
				<object type="DataModel:reference" version="3">
					<property name="value" valueType="url">DataModel["ModifyModel[CR_Exposure_Inputs_Synthetic_Sec].Aggregation[Consolidated_CR_Exposure_Inputs]"{ModifyModel[afaa3608-95c4-4ff2-8a61-e7570096de43].Aggregation[e656b996-3c81-4229-a299-6d0d56226654]}]</property>
				</object>
				<object type="DataModel:reference" version="3">
					<property name="value" valueType="url">DataModel["ModifyModel[CR_IMM_Split_Inputs_with_3rd_Country].Aggregation[IMM_Split_Netting_Sets_RW_Input]"{ModifyModel[3b128800-64ff-4a04-a91d-683aa8678d59].Aggregation[cb5f8b9d-ffdb-47ae-9a9c-a66238255f08]}]</property>
				</object>
			</property>
			<property name="condition" valueType="tree">
				<objectNode type="Condition" version="3">
					<property name="isNegated" value="false" valueType="boolean"/>
					<property name="groupingOperator" value="AND" valueType="string"/>
					<children>
						<objectNode type="Condition:singularConcrete" version="3">
							<property name="field" valueType="object">
								<object type="DataModel:fieldMap" version="3">
									<property name="map" valueType="table">
										<object type="DataModel:fieldReference" version="3">
											<property name="value" valueType="url">DataModel["ModifyModel[CR_Exposure_Inputs_with_3rd_Country].Aggregation[Consolidated_CR_Exposure_Inputs]"{ModifyModel[072e5548-2627-441e-9fc1-ca76af5ec2fb].Aggregation[e656b996-3c81-4229-a299-6d0d56226654]}].hierarchy["Aggregation"{e656b996-3c81-4229-a299-6d0d56226654}].dataSource.layout["enm_cntrprty_typ"{cd3c71a7-0fde-438d-9d8b-fc49cd0f2081}]</property>
										</object>
										<object type="DataModel:fieldReference" version="3">
											<property name="value" valueType="url">DataModel["ModifyModel[CR_Exposure_Inputs_with_3rd_Country_Unrated].Aggregation[Consolidated_CR_Exposure_Inputs_Unrated]"{ModifyModel[99c23fc8-1f78-411a-be4c-6ac988a813aa].Aggregation[9eb88128-4a7d-4c36-947f-5be234269b24]}].hierarchy["Aggregation"{9eb88128-4a7d-4c36-947f-5be234269b24}].dataSource.layout["enm_cntrprty_typ"{8f74430d-740e-4d20-b6a6-b4ff2a6993de}]</property>
										</object>
										<object type="DataModel:fieldReference" version="3">
											<property name="value" valueType="url">DataModel["ModifyModel[CR_Exposure_Inputs_Synthetic_Sec].Aggregation[Consolidated_CR_Exposure_Inputs]"{ModifyModel[afaa3608-95c4-4ff2-8a61-e7570096de43].Aggregation[e656b996-3c81-4229-a299-6d0d56226654]}].hierarchy["Aggregation"{e656b996-3c81-4229-a299-6d0d56226654}].dataSource.layout["enm_cntrprty_typ"{cd3c71a7-0fde-438d-9d8b-fc49cd0f2081}]</property>
										</object>
										<object type="DataModel:fieldReference" version="3">
											<property name="value" valueType="url">DataModel["ModifyModel[CR_IMM_Split_Inputs_with_3rd_Country].Aggregation[IMM_Split_Netting_Sets_RW_Input]"{ModifyModel[3b128800-64ff-4a04-a91d-683aa8678d59].Aggregation[cb5f8b9d-ffdb-47ae-9a9c-a66238255f08]}].hierarchy["Aggregation"{cb5f8b9d-ffdb-47ae-9a9c-a66238255f08}].dataSource.layout["enm_cntrprty_typ"{821ca3d6-b682-4f46-9ba7-dcc165f80aeb}]</property>
										</object>
									</property>
								</object>
							</property>
							<property name="operation" value="=" valueType="string"/>
							<property name="value" value="PSE" valueType="string"/>
						</objectNode>
					</children>
				</objectNode>
			</property>
		</object>
		<object type="Shorthand:modelCondition" version="2">
			<property name="name" value="ir" valueType="string"/>
			<property name="models" valueType="table">
				<object type="DataModel:reference" version="3">
					<property name="value" valueType="url">DataModel["ModifyModel[Collated_Issuer_Guarantor_RW_Inputs_w_3rd_country].Aggregation[Collated_Issuer_Guarantor_RW_Inputs]"{ModifyModel[4978e8f3-51a4-4a64-ae37-22524e9981dc].Aggregation[59a85c59-936b-4ed4-91c8-6d902bbcf085]}]</property>
				</object>
				<object type="DataModel:reference" version="3">
					<property name="value" valueType="url">DataModel["ModifyModel[Collated_Issuer_Guarantor_RW_Inputs_w_3rd_country_Unrated].Aggregation[Collated_Issuer_Guarantor_RW_Inputs_Unrated]"{ModifyModel[78749b92-7d84-460d-9cbc-81682872710c].Aggregation[a835d3c6-0cc4-498e-b21b-99a50b96d727]}]</property>
				</object>
				<object type="DataModel:reference" version="3">
					<property name="value" valueType="url">DataModel["ModifyModel[Collated_Issuer_Guarantor_Constituents_RW_Inputs_w_3rd_country].Aggregation[Collated_Issuer_Guarantor_Constituents_RW_Inputs]"{ModifyModel[d9a31716-b259-4f5a-8065-17c187d60a5e].Aggregation[e52b7103-e1f2-400b-805c-20f1ddc2c3f7]}]</property>
				</object>
				<object type="DataModel:reference" version="3">
					<property name="value" valueType="url">DataModel["ModifyModel[Collated_Issuer_Guarantor_Constituents_RW_Inputs_w_3rd_country_Unrated].Aggregation[Collated_Issuer_Guarantor_Constituents_RW_Inputs_Unrated]"{ModifyModel[b4e363a8-2356-4738-90fd-d3e71bba9d4a].Aggregation[8cfee34c-9094-4c8a-ae5c-a454216b8b47]}]</property>
				</object>
			</property>
			<property name="condition" valueType="tree">
				<objectNode type="Condition" version="3">
					<property name="isNegated" value="false" valueType="boolean"/>
					<property name="groupingOperator" value="AND" valueType="string"/>
					<children>
						<objectNode type="Condition:singularConcrete" version="3">
							<property name="field" valueType="object">
								<object type="DataModel:fieldMap" version="3">
									<property name="map" valueType="table">
										<object type="DataModel:fieldReference" version="3">
											<property name="value" valueType="url">DataModel["ModifyModel[Collated_Issuer_Guarantor_RW_Inputs_w_3rd_country].Aggregation[Collated_Issuer_Guarantor_RW_Inputs]"{ModifyModel[4978e8f3-51a4-4a64-ae37-22524e9981dc].Aggregation[59a85c59-936b-4ed4-91c8-6d902bbcf085]}].hierarchy["Aggregation"{59a85c59-936b-4ed4-91c8-6d902bbcf085}].dataSource.layout["enm_issr_grntr_typ"{83a26e7d-7b7c-4068-94ff-92ae6637878b}]</property>
										</object>
										<object type="DataModel:fieldReference" version="3">
											<property name="value" valueType="url">DataModel["ModifyModel[Collated_Issuer_Guarantor_RW_Inputs_w_3rd_country_Unrated].Aggregation[Collated_Issuer_Guarantor_RW_Inputs_Unrated]"{ModifyModel[78749b92-7d84-460d-9cbc-81682872710c].Aggregation[a835d3c6-0cc4-498e-b21b-99a50b96d727]}].hierarchy["Aggregation"{a835d3c6-0cc4-498e-b21b-99a50b96d727}].dataSource.layout["enm_issr_grntr_typ"{df08c308-8ed5-449b-864b-b94c160ba82c}]</property>
										</object>
										<object type="DataModel:fieldReference" version="3">
											<property name="value" valueType="url">DataModel["ModifyModel[Collated_Issuer_Guarantor_Constituents_RW_Inputs_w_3rd_country].Aggregation[Collated_Issuer_Guarantor_Constituents_RW_Inputs]"{ModifyModel[d9a31716-b259-4f5a-8065-17c187d60a5e].Aggregation[e52b7103-e1f2-400b-805c-20f1ddc2c3f7]}].hierarchy["Aggregation"{e52b7103-e1f2-400b-805c-20f1ddc2c3f7}].dataSource.layout["enm_issr_grntr_typ"{83a26e7d-7b7c-4068-94ff-92ae6637878b}]</property>
										</object>
										<object type="DataModel:fieldReference" version="3">
											<property name="value" valueType="url">DataModel["ModifyModel[Collated_Issuer_Guarantor_Constituents_RW_Inputs_w_3rd_country_Unrated].Aggregation[Collated_Issuer_Guarantor_Constituents_RW_Inputs_Unrated]"{ModifyModel[b4e363a8-2356-4738-90fd-d3e71bba9d4a].Aggregation[8cfee34c-9094-4c8a-ae5c-a454216b8b47]}].hierarchy["Aggregation"{8cfee34c-9094-4c8a-ae5c-a454216b8b47}].dataSource.layout["enm_issr_grntr_typ"{df08c308-8ed5-449b-864b-b94c160ba82c}]</property>
										</object>
									</property>
								</object>
							</property>
							<property name="operation" value="=" valueType="string"/>
							<property name="value" value="PSE" valueType="string"/>
						</objectNode>
					</children>
				</objectNode>
			</property>
		</object>
		<object type="Shorthand:modelCondition" version="2">
			<property name="name" value="le" valueType="string"/>
			<property name="models" valueType="table">
				<object type="DataModel:reference" version="3">
					<property name="value" valueType="url">DataModel["ModifyModel[LE_Exposure_Inputs_with_3rd_Country].Aggregation[Consolidated_LE_Exposure_Inputs]"{ModifyModel[d1f714ac-b092-46f6-81a2-9a4945a4139e].Aggregation[005c3abd-db6c-4d7a-b2c3-7d28e1c3ff1c]}]</property>
				</object>
				<object type="DataModel:reference" version="3">
					<property name="value" valueType="url">DataModel["ModifyModel[LE_Exposure_Inputs_with_3rd_Country_Unrated].Aggregation[Consolidated_LE_Exposure_Inputs_Unrated]"{ModifyModel[14618355-60b1-4ed9-b960-0c32c0bd2ef9].Aggregation[fa5ed04e-d274-4ec9-a2fb-fa93c88f7d51]}]</property>
				</object>
			</property>
			<property name="condition" valueType="tree">
				<objectNode type="Condition" version="3">
					<property name="isNegated" value="false" valueType="boolean"/>
					<property name="groupingOperator" value="AND" valueType="string"/>
					<children>
						<objectNode type="Condition:singularConcrete" version="3">
							<property name="field" valueType="object">
								<object type="DataModel:fieldMap" version="3">
									<property name="map" valueType="table">
										<object type="DataModel:fieldReference" version="3">
											<property name="value" valueType="url">DataModel["ModifyModel[LE_Exposure_Inputs_with_3rd_Country].Aggregation[Consolidated_LE_Exposure_Inputs]"{ModifyModel[d1f714ac-b092-46f6-81a2-9a4945a4139e].Aggregation[005c3abd-db6c-4d7a-b2c3-7d28e1c3ff1c]}].hierarchy["Aggregation"{005c3abd-db6c-4d7a-b2c3-7d28e1c3ff1c}].dataSource.layout["enm_prty_typ"{64eff089-077a-4ab1-ba64-56203dd28986}]</property>
										</object>
										<object type="DataModel:fieldReference" version="3">
											<property name="value" valueType="url">DataModel["ModifyModel[LE_Exposure_Inputs_with_3rd_Country_Unrated].Aggregation[Consolidated_LE_Exposure_Inputs_Unrated]"{ModifyModel[14618355-60b1-4ed9-b960-0c32c0bd2ef9].Aggregation[fa5ed04e-d274-4ec9-a2fb-fa93c88f7d51]}].hierarchy["Aggregation"{fa5ed04e-d274-4ec9-a2fb-fa93c88f7d51}].dataSource.layout["enm_prty_typ"{821ca3d6-b682-4f46-9ba7-dcc165f80aeb}]</property>
										</object>
									</property>
								</object>
							</property>
							<property name="operation" value="=" valueType="string"/>
							<property name="value" value="PSE" valueType="string"/>
						</objectNode>
					</children>
				</objectNode>
			</property>
		</object>
		<object type="Shorthand:modelCondition" version="2">
			<property name="name" value="collateral_triprty" valueType="string"/>
			<property name="models" valueType="table">
				<object type="DataModel:reference" version="3">
					<property name="value" valueType="url">DataModel["ModifyModel[Collateral_Inputs_with_3rd_Country_Unrated].Aggregation[Consolidated_Collateral_Inputs_Unrated]"{ModifyModel[d9e8118c-a404-439d-b38c-d1aefdc1cf13].Aggregation[a556f10a-83a1-48cf-b5ce-017e1b30b361]}]</property>
				</object>
				<object type="DataModel:reference" version="3">
					<property name="value" valueType="url">DataModel["ModifyModel[Collateral_Inputs_with_3rd_Country].Aggregation[Consolidated_Collateral_Inputs]"{ModifyModel[79c5c6bc-4139-4a70-b859-3cf22769f47f].Aggregation[631191de-896a-4c05-bff5-2b6ad367a3b3]}]</property>
				</object>
				<object type="DataModel:reference" version="3">
					<property name="value" valueType="url">DataModel["ModifyModel[CR_Collateral_Issuer_with_3rd_Country].Aggregation[Consolidated_CR_Exposure_Collateral_Issuer]"{ModifyModel[ceab663f-bbe9-48cb-b423-101035b2a28e].Aggregation[00e06ffd-0a0e-4533-b82b-58783a4cfec8]}]</property>
				</object>
				<object type="DataModel:reference" version="3">
					<property name="value" valueType="url">DataModel["ModifyModel[Tri_Party_Inputs_with_3rd_Country].Aggregation[Consolidated_Tri_Party_Limit]"{ModifyModel[c474097d-a960-4a7b-a575-6d9a4296ea35].Aggregation[c3c04b07-f24c-4340-a4ae-a35619e1a63b]}]</property>
				</object>
				<object type="DataModel:reference" version="3">
					<property name="value" valueType="url">DataModel["ModifyModel[Tri_Party_Inputs_with_3rd_Country_Unrated].Aggregation[Consolidated_Tri_Party_Limit_Unrated]"{ModifyModel[2790ebc2-7d8b-4a04-a631-68a7c39f329a].Aggregation[d05e706b-f6f9-45d7-b344-2a6be5b8b3fb]}]</property>
				</object>
			</property>
			<property name="condition" valueType="tree">
				<objectNode type="Condition" version="3">
					<property name="isNegated" value="false" valueType="boolean"/>
					<property name="groupingOperator" value="AND" valueType="string"/>
					<children>
						<objectNode type="Condition:singularConcrete" version="3">
							<property name="field" valueType="object">
								<object type="DataModel:fieldMap" version="3">
									<property name="map" valueType="table">
										<object type="DataModel:fieldReference" version="3">
											<property name="value" valueType="url">DataModel["ModifyModel[Collateral_Inputs_with_3rd_Country_Unrated].Aggregation[Consolidated_Collateral_Inputs_Unrated]"{ModifyModel[d9e8118c-a404-439d-b38c-d1aefdc1cf13].Aggregation[a556f10a-83a1-48cf-b5ce-017e1b30b361]}].hierarchy["Aggregation"{a556f10a-83a1-48cf-b5ce-017e1b30b361}].dataSource.layout["enm_issr_typ"{821ca3d6-b682-4f46-9ba7-dcc165f80aeb}]</property>
										</object>
										<object type="DataModel:fieldReference" version="3">
											<property name="value" valueType="url">DataModel["ModifyModel[Collateral_Inputs_with_3rd_Country].Aggregation[Consolidated_Collateral_Inputs]"{ModifyModel[79c5c6bc-4139-4a70-b859-3cf22769f47f].Aggregation[631191de-896a-4c05-bff5-2b6ad367a3b3]}].hierarchy["Aggregation"{631191de-896a-4c05-bff5-2b6ad367a3b3}].dataSource.layout["enm_issr_typ"{64eff089-077a-4ab1-ba64-56203dd28986}]</property>
										</object>
										<object type="DataModel:fieldReference" version="3">
											<property name="value" valueType="url">DataModel["ModifyModel[CR_Collateral_Issuer_with_3rd_Country].Aggregation[Consolidated_CR_Exposure_Collateral_Issuer]"{ModifyModel[ceab663f-bbe9-48cb-b423-101035b2a28e].Aggregation[00e06ffd-0a0e-4533-b82b-58783a4cfec8]}].hierarchy["Aggregation"{00e06ffd-0a0e-4533-b82b-58783a4cfec8}].dataSource.layout["enm_issr_typ"{642a9a91-6b52-469e-bff4-ef9a58689d47}]</property>
										</object>
										<object type="DataModel:fieldReference" version="3">
											<property name="value" valueType="url">DataModel["ModifyModel[Tri_Party_Inputs_with_3rd_Country].Aggregation[Consolidated_Tri_Party_Limit]"{ModifyModel[c474097d-a960-4a7b-a575-6d9a4296ea35].Aggregation[c3c04b07-f24c-4340-a4ae-a35619e1a63b]}].hierarchy["Aggregation"{c3c04b07-f24c-4340-a4ae-a35619e1a63b}].dataSource.layout["enm_issr_typ"{d8383b05-3a4a-4703-b228-ed67454a77ae}]</property>
										</object>
										<object type="DataModel:fieldReference" version="3">
											<property name="value" valueType="url">DataModel["ModifyModel[Tri_Party_Inputs_with_3rd_Country_Unrated].Aggregation[Consolidated_Tri_Party_Limit_Unrated]"{ModifyModel[2790ebc2-7d8b-4a04-a631-68a7c39f329a].Aggregation[d05e706b-f6f9-45d7-b344-2a6be5b8b3fb]}].hierarchy["Aggregation"{d05e706b-f6f9-45d7-b344-2a6be5b8b3fb}].dataSource.layout["enm_issr_typ"{e85b6289-615b-4335-b8b3-9c2323cfc4c5}]</property>
										</object>
									</property>
								</object>
							</property>
							<property name="operation" value="=" valueType="string"/>
							<property name="value" value="PSE" valueType="string"/>
						</objectNode>
					</children>
				</objectNode>
			</property>
		</object>
		<object type="Shorthand:modelCondition" version="2">
			<property name="name" value="indrct_expsr" valueType="string"/>
			<property name="models" valueType="table">
				<object type="DataModel:reference" version="3">
					<property name="value" valueType="url">DataModel["ModifyModel[Indirect_Exposure_Inputs_with_3rd_Country].Aggregation[Consolidated_Indirect_Exposure_Inputs]"{ModifyModel[fc5582c7-072c-4aec-bf95-da29b86c7510].Aggregation[a4f6570d-3325-45f5-93bd-0ddcd42a1c74]}]</property>
				</object>
			</property>
			<property name="condition" valueType="tree">
				<objectNode type="Condition" version="3">
					<property name="isNegated" value="false" valueType="boolean"/>
					<property name="groupingOperator" value="AND" valueType="string"/>
					<children>
						<objectNode type="Condition:singularConcrete" version="3">
							<property name="field" valueType="object">
								<object type="DataModel:fieldMap" version="3">
									<property name="map" valueType="table">
										<object type="DataModel:fieldReference" version="3">
											<property name="value" valueType="url">DataModel["ModifyModel[Indirect_Exposure_Inputs_with_3rd_Country].Aggregation[Consolidated_Indirect_Exposure_Inputs]"{ModifyModel[fc5582c7-072c-4aec-bf95-da29b86c7510].Aggregation[a4f6570d-3325-45f5-93bd-0ddcd42a1c74]}].hierarchy["Aggregation"{a4f6570d-3325-45f5-93bd-0ddcd42a1c74}].dataSource.layout["enm_issr_typ"{64eff089-077a-4ab1-ba64-56203dd28986}]</property>
										</object>
									</property>
								</object>
							</property>
							<property name="operation" value="=" valueType="string"/>
							<property name="value" value="PSE" valueType="string"/>
						</objectNode>
					</children>
				</objectNode>
			</property>
		</object>
	</property>
</object>