<object stamp="4ec3fe50-140f-458d-9384-66ca888b81a2_1719512968603" type="ModifyModel" version="32">
	<property name="name" value="IR_Matching_between_Zones_Maturity_Method" valueType="string"/>
	<property name="description" value="Created to support DB independence" valueType="string"/>
	<property name="objectId" value="ede9c2d4-2e9a-4642-af32-a162a75762b4" valueType="string"/>
	<property name="branchId" value="f373907f-fa0a-40d6-b143-ab4efdb3216b" valueType="string"/>
	<property name="comment" value="d" valueType="string"/>
	<property name="model" valueType="url">DataModel["Aggregation[IR_Matching_between_Zones]"{Aggregation[748a10f7-3ca7-4c4e-b8b8-2ee38b4856a1]}]</property>
	<property name="modifications" valueType="tree">
		<objectNode type="ModifyModel:root" version="8">
			<property name="name" value="modificationsRoot" valueType="string"/>
			<property name="description" value="" valueType="string"/>
			<property name="id" value="modificationsRoot" valueType="string"/>
			<children>
				<objectNode type="ModifyModel:modification" version="20">
					<property name="name" value="Aggregation" valueType="string"/>
					<property name="description" value="" valueType="string"/>
					<property name="id" value="748a10f7-3ca7-4c4e-b8b8-2ee38b4856a1" valueType="string"/>
					<property name="existingNode" valueType="url">DataModel["Aggregation[IR_Matching_between_Zones]"{Aggregation[748a10f7-3ca7-4c4e-b8b8-2ee38b4856a1]}].hierarchy["Aggregation"{748a10f7-3ca7-4c4e-b8b8-2ee38b4856a1}]</property>
					<property name="mandatoryInJoin" value="false" valueType="boolean"/>
					<property name="additionalConstraint" valueType="table"/>
					<property name="additionalJoinExpression" valueType="table"/>
					<children>
						<objectNode type="ModifyModel:node" version="9">
							<property name="name" value="tbl4" valueType="string"/>
							<property name="description" value="CRD4_Art_339_9_Maturity_Method_Charges" valueType="string"/>
							<property name="id" value="e9a80526-38c3-40d0-90b2-cd69a9166ccb" valueType="string"/>
							<property name="dataSource" valueType="url">DataSource["IR_Maturity_Method_Charges"{7a1a889e-731b-4b5d-9c42-fea590697ba8}]</property>
							<property name="relationshipToParent" value="ONE_TO_ONE" valueType="string"/>
							<property name="mandatoryInJoin" value="false" valueType="boolean"/>
							<property name="additionalConstraint" valueType="table"/>
							<property name="additionalJoinExpression" valueType="table">
								<object type="ModifyModel:localFieldReference" version="3">
									<property name="value" valueType="url">ModifyModel[this].modifications["tbl4"{e9a80526-38c3-40d0-90b2-cd69a9166ccb}].dataSource.layout["offsetting_positions"{4d550845-6bc8-4dc3-99b4-4d02b12f3079}]</property>
								</object>
								<object type="SQLExpressionPart" version="2">
									<property name="value" value="='unmatched_position'" valueType="string"/>
								</object>
							</property>
							<property name="instanceSelectionRule" valueType="object">
								<object type="InstanceSelectionRule" version="3">
									<property name="instanceDateRule" valueType="object">
										<object type="InstanceSelectionRule:rule" version="3">
											<property name="type" value="LATEST" valueType="string"/>
										</object>
									</property>
									<property name="instanceKeyRules" valueType="table">
										<object type="InstanceSelectionRule:instanceKeyRule" version="3">
											<property name="type" value="EQUAL" valueType="string"/>
											<property name="instanceKeyName" value="v" valueType="string"/>
										</object>
										<object type="InstanceSelectionRule:instanceKeyRule" version="3">
											<property name="type" value="EQUAL" valueType="string"/>
											<property name="instanceKeyName" value="run_id" valueType="string"/>
										</object>
										<object type="InstanceSelectionRule:instanceKeyRule" version="3">
											<property name="type" value="EQUAL" valueType="string"/>
											<property name="instanceKeyName" value="run_type" valueType="string"/>
										</object>
										<object type="InstanceSelectionRule:instanceKeyRule" version="3">
											<property name="type" value="EQUAL" valueType="string"/>
											<property name="instanceKeyName" value="scenarioKey" valueType="string"/>
										</object>
									</property>
								</object>
							</property>
							<property name="join" valueType="table"/>
						</objectNode>
						<objectNode type="ModifyModel:node" version="9">
							<property name="name" value="tbl5" valueType="string"/>
							<property name="description" value="CRD4_Art_339_9_Maturity_Method_Charges" valueType="string"/>
							<property name="id" value="16f9a6eb-3612-4487-a468-9ed1b16f395c" valueType="string"/>
							<property name="dataSource" valueType="url">DataSource["IR_Maturity_Method_Charges"{7a1a889e-731b-4b5d-9c42-fea590697ba8}]</property>
							<property name="relationshipToParent" value="ONE_TO_ONE" valueType="string"/>
							<property name="mandatoryInJoin" value="false" valueType="boolean"/>
							<property name="additionalConstraint" valueType="table"/>
							<property name="additionalJoinExpression" valueType="table">
								<object type="ModifyModel:localFieldReference" version="3">
									<property name="value" valueType="url">ModifyModel[this].modifications["tbl5"{16f9a6eb-3612-4487-a468-9ed1b16f395c}].dataSource.layout["offsetting_positions"{4d550845-6bc8-4dc3-99b4-4d02b12f3079}]</property>
								</object>
								<object type="SQLExpressionPart" version="2">
									<property name="value" value="='matched_between1_2'" valueType="string"/>
								</object>
							</property>
							<property name="instanceSelectionRule" valueType="object">
								<object type="InstanceSelectionRule" version="3">
									<property name="instanceDateRule" valueType="object">
										<object type="InstanceSelectionRule:rule" version="3">
											<property name="type" value="LATEST" valueType="string"/>
										</object>
									</property>
									<property name="instanceKeyRules" valueType="table">
										<object type="InstanceSelectionRule:instanceKeyRule" version="3">
											<property name="type" value="EQUAL" valueType="string"/>
											<property name="instanceKeyName" value="v" valueType="string"/>
										</object>
										<object type="InstanceSelectionRule:instanceKeyRule" version="3">
											<property name="type" value="EQUAL" valueType="string"/>
											<property name="instanceKeyName" value="run_id" valueType="string"/>
										</object>
										<object type="InstanceSelectionRule:instanceKeyRule" version="3">
											<property name="type" value="EQUAL" valueType="string"/>
											<property name="instanceKeyName" value="run_type" valueType="string"/>
										</object>
										<object type="InstanceSelectionRule:instanceKeyRule" version="3">
											<property name="type" value="EQUAL" valueType="string"/>
											<property name="instanceKeyName" value="scenarioKey" valueType="string"/>
										</object>
									</property>
								</object>
							</property>
							<property name="join" valueType="table"/>
						</objectNode>
						<objectNode type="ModifyModel:node" version="9">
							<property name="name" value="tbl6" valueType="string"/>
							<property name="description" value="CRD4_Art_339_9_Maturity_Method_Charges" valueType="string"/>
							<property name="id" value="6fbade14-6769-4597-ad18-e73155d0e091" valueType="string"/>
							<property name="dataSource" valueType="url">DataSource["IR_Maturity_Method_Charges"{7a1a889e-731b-4b5d-9c42-fea590697ba8}]</property>
							<property name="relationshipToParent" value="ONE_TO_ONE" valueType="string"/>
							<property name="mandatoryInJoin" value="false" valueType="boolean"/>
							<property name="additionalConstraint" valueType="table"/>
							<property name="additionalJoinExpression" valueType="table">
								<object type="ModifyModel:localFieldReference" version="3">
									<property name="value" valueType="url">ModifyModel[this].modifications["tbl6"{6fbade14-6769-4597-ad18-e73155d0e091}].dataSource.layout["offsetting_positions"{4d550845-6bc8-4dc3-99b4-4d02b12f3079}]</property>
								</object>
								<object type="SQLExpressionPart" version="2">
									<property name="value" value="='matched_between2_3'" valueType="string"/>
								</object>
							</property>
							<property name="instanceSelectionRule" valueType="object">
								<object type="InstanceSelectionRule" version="3">
									<property name="instanceDateRule" valueType="object">
										<object type="InstanceSelectionRule:rule" version="3">
											<property name="type" value="LATEST" valueType="string"/>
										</object>
									</property>
									<property name="instanceKeyRules" valueType="table">
										<object type="InstanceSelectionRule:instanceKeyRule" version="3">
											<property name="type" value="EQUAL" valueType="string"/>
											<property name="instanceKeyName" value="v" valueType="string"/>
										</object>
										<object type="InstanceSelectionRule:instanceKeyRule" version="3">
											<property name="type" value="EQUAL" valueType="string"/>
											<property name="instanceKeyName" value="run_id" valueType="string"/>
										</object>
										<object type="InstanceSelectionRule:instanceKeyRule" version="3">
											<property name="type" value="EQUAL" valueType="string"/>
											<property name="instanceKeyName" value="run_type" valueType="string"/>
										</object>
										<object type="InstanceSelectionRule:instanceKeyRule" version="3">
											<property name="type" value="EQUAL" valueType="string"/>
											<property name="instanceKeyName" value="scenarioKey" valueType="string"/>
										</object>
									</property>
								</object>
							</property>
							<property name="join" valueType="table"/>
						</objectNode>
						<objectNode type="ModifyModel:node" version="9">
							<property name="name" value="tbl7" valueType="string"/>
							<property name="description" value="CRD4_Art_339_9_Maturity_Method_Charges" valueType="string"/>
							<property name="id" value="2c7609e8-5411-4734-86d0-b514b1e7af74" valueType="string"/>
							<property name="dataSource" valueType="url">DataSource["IR_Maturity_Method_Charges"{7a1a889e-731b-4b5d-9c42-fea590697ba8}]</property>
							<property name="relationshipToParent" value="ONE_TO_ONE" valueType="string"/>
							<property name="mandatoryInJoin" value="false" valueType="boolean"/>
							<property name="additionalConstraint" valueType="table"/>
							<property name="additionalJoinExpression" valueType="table">
								<object type="ModifyModel:localFieldReference" version="3">
									<property name="value" valueType="url">ModifyModel[this].modifications["tbl7"{2c7609e8-5411-4734-86d0-b514b1e7af74}].dataSource.layout["offsetting_positions"{4d550845-6bc8-4dc3-99b4-4d02b12f3079}]</property>
								</object>
								<object type="SQLExpressionPart" version="2">
									<property name="value" value="='matched_between1_3'" valueType="string"/>
								</object>
							</property>
							<property name="instanceSelectionRule" valueType="object">
								<object type="InstanceSelectionRule" version="3">
									<property name="instanceDateRule" valueType="object">
										<object type="InstanceSelectionRule:rule" version="3">
											<property name="type" value="LATEST" valueType="string"/>
										</object>
									</property>
									<property name="instanceKeyRules" valueType="table">
										<object type="InstanceSelectionRule:instanceKeyRule" version="3">
											<property name="type" value="EQUAL" valueType="string"/>
											<property name="instanceKeyName" value="v" valueType="string"/>
										</object>
										<object type="InstanceSelectionRule:instanceKeyRule" version="3">
											<property name="type" value="EQUAL" valueType="string"/>
											<property name="instanceKeyName" value="run_id" valueType="string"/>
										</object>
										<object type="InstanceSelectionRule:instanceKeyRule" version="3">
											<property name="type" value="EQUAL" valueType="string"/>
											<property name="instanceKeyName" value="run_type" valueType="string"/>
										</object>
										<object type="InstanceSelectionRule:instanceKeyRule" version="3">
											<property name="type" value="EQUAL" valueType="string"/>
											<property name="instanceKeyName" value="scenarioKey" valueType="string"/>
										</object>
									</property>
								</object>
							</property>
							<property name="join" valueType="table"/>
						</objectNode>
					</children>
				</objectNode>
			</children>
		</objectNode>
	</property>
	<property name="instanceKeys" valueType="table"/>
	<property name="streamKeys" valueType="table"/>
</object>