<object stamp="c093649b-839e-4259-b680-a4915777ae89_1719512959756" type="ModifyModel" version="32">
	<property name="name" value="IR_ZSR_Positions_Modified_Duration_Sensitivities" valueType="string"/>
	<property name="description" value="" valueType="string"/>
	<property name="objectId" value="d3a80dc3-55ea-4307-8f1a-3241b25fd6be" valueType="string"/>
	<property name="branchId" value="f373907f-fa0a-40d6-b143-ab4efdb3216b" valueType="string"/>
	<property name="model" valueType="url">DataModel["Aggregation[IR_ZSR_Positions_GMR_Sensitive]"{Aggregation[18ed09e3-2bc1-4308-8d7d-f8724cf93f46]}]</property>
	<property name="modifications" valueType="tree">
		<objectNode type="ModifyModel:root" version="8">
			<property name="name" value="modificationsRoot" valueType="string"/>
			<property name="description" value="" valueType="string"/>
			<property name="id" value="modificationsRoot" valueType="string"/>
			<children>
				<objectNode type="ModifyModel:modification" version="20">
					<property name="name" value="Aggregation" valueType="string"/>
					<property name="description" value="" valueType="string"/>
					<property name="id" value="18ed09e3-2bc1-4308-8d7d-f8724cf93f46" valueType="string"/>
					<property name="existingNode" valueType="url">DataModel["Aggregation[IR_ZSR_Positions_GMR_Sensitive]"{Aggregation[18ed09e3-2bc1-4308-8d7d-f8724cf93f46]}].hierarchy["Aggregation"{18ed09e3-2bc1-4308-8d7d-f8724cf93f46}]</property>
					<property name="mandatoryInJoin" value="false" valueType="boolean"/>
					<property name="additionalConstraint" valueType="table"/>
					<property name="additionalJoinExpression" valueType="table"/>
					<children>
						<objectNode type="ModifyModel:node" version="9">
							<property name="name" value="Modified_Duration" valueType="string"/>
							<property name="description" value="Resulting data source for aggregation CRD4_Art_331_MD_Zones" valueType="string"/>
							<property name="id" value="d3a800b4-5506-4a00-9284-4dd794fcd9ca" valueType="string"/>
							<property name="dataSource" valueType="url">DataSource["Aggregation[IR_Modified_Duration_Zones]"{Aggregation[b43352bb-0f2e-4d08-a94f-0adf3b1a1199]}]</property>
							<property name="relationshipToParent" value="ONE_TO_ONE" valueType="string"/>
							<property name="mandatoryInJoin" value="false" valueType="boolean"/>
							<property name="additionalConstraint" valueType="table"/>
							<property name="additionalJoinExpression" valueType="table">
								<object type="SQLExpressionPart" version="2">
									<property name="value" value="(" valueType="string"/>
								</object>
								<object type="DataModel:fieldReference" version="3">
									<property name="value" valueType="url">DataModel["Aggregation[IR_ZSR_Positions_GMR_Sensitive]"{Aggregation[18ed09e3-2bc1-4308-8d7d-f8724cf93f46]}].hierarchy["Aggregation"{18ed09e3-2bc1-4308-8d7d-f8724cf93f46}].dataSource.layout["id_snstvty_nttng_grp"{dc6de740-1a48-44ee-9973-07d80048ceed}]</property>
								</object>
								<object type="SQLExpressionPart" version="2">
									<property name="value" value=" = " valueType="string"/>
								</object>
								<object type="ModifyModel:localFieldReference" version="3">
									<property name="value" valueType="url">ModifyModel[this].modifications["Modified_Duration"{d3a800b4-5506-4a00-9284-4dd794fcd9ca}].dataSource.layout["id_snstvty_nttng_grp"{14e18525-b3f5-41e4-b8df-cbb485ed533d}]</property>
								</object>
								<object type="SQLExpressionPart" version="2">
									<property name="value" value=") AND (" valueType="string"/>
								</object>
								<object type="DataModel:fieldReference" version="3">
									<property name="value" valueType="url">DataModel["Aggregation[IR_ZSR_Positions_GMR_Sensitive]"{Aggregation[18ed09e3-2bc1-4308-8d7d-f8724cf93f46]}].hierarchy["Aggregation"{18ed09e3-2bc1-4308-8d7d-f8724cf93f46}].dataSource.layout["mtrty_bnd"{92362f65-ec52-4d1d-807f-06f9ed56fbcd}]</property>
								</object>
								<object type="SQLExpressionPart" version="2">
									<property name="value" value=" = " valueType="string"/>
								</object>
								<object type="ModifyModel:localFieldReference" version="3">
									<property name="value" valueType="url">ModifyModel[this].modifications["Modified_Duration"{d3a800b4-5506-4a00-9284-4dd794fcd9ca}].dataSource.layout["mtrty_bnd"{8909f669-67ce-4609-801f-1b5de54fc616}]</property>
								</object>
								<object type="SQLExpressionPart" version="2">
									<property name="value" value=")" valueType="string"/>
								</object>
							</property>
							<property name="instanceSelectionRule" valueType="object">
								<object type="InstanceSelectionRule" version="3">
									<property name="instanceDateRule" valueType="object">
										<object type="InstanceSelectionRule:rule" version="3">
											<property name="type" value="EQUAL" valueType="string"/>
										</object>
									</property>
									<property name="instanceKeyRules" valueType="table">
										<object type="InstanceSelectionRule:instanceKeyRule" version="3">
											<property name="type" value="EQUAL" valueType="string"/>
											<property name="instanceKeyName" value="v" valueType="string"/>
										</object>
										<object type="InstanceSelectionRule:instanceKeyRule" version="3">
											<property name="type" value="EQUAL" valueType="string"/>
											<property name="instanceKeyName" value="run_id" valueType="string"/>
										</object>
										<object type="InstanceSelectionRule:instanceKeyRule" version="3">
											<property name="type" value="EQUAL" valueType="string"/>
											<property name="instanceKeyName" value="run_type" valueType="string"/>
										</object>
										<object type="InstanceSelectionRule:instanceKeyRule" version="3">
											<property name="type" value="EQUAL" valueType="string"/>
											<property name="instanceKeyName" value="scenarioKey" valueType="string"/>
										</object>
									</property>
								</object>
							</property>
							<property name="join" valueType="table">
								<object type="DataModel:node:join" version="3">
									<property name="sourceField" valueType="url">DataSource["Aggregation[IR_Modified_Duration_Zones]"{Aggregation[b43352bb-0f2e-4d08-a94f-0adf3b1a1199]}].layout["entity"{95f8b5a9-2b13-4453-9eba-8aaed85d301b}]</property>
									<property name="parentField" valueType="url">DataSource["Aggregation[IR_ZSR_Positions_GMR_Sensitive]"{Aggregation[18ed09e3-2bc1-4308-8d7d-f8724cf93f46]}].layout["entity"{e0399ae9-cb19-481b-b440-f97f4840a885}]</property>
								</object>
								<object type="DataModel:node:join" version="3">
									<property name="sourceField" valueType="url">DataSource["Aggregation[IR_Modified_Duration_Zones]"{Aggregation[b43352bb-0f2e-4d08-a94f-0adf3b1a1199]}].layout["ccy_code"{c5d82b18-3214-4152-a51d-9cfc6a4dde33}]</property>
									<property name="parentField" valueType="url">DataSource["Aggregation[IR_ZSR_Positions_GMR_Sensitive]"{Aggregation[18ed09e3-2bc1-4308-8d7d-f8724cf93f46]}].layout["ccy_code"{4acb7797-3414-44e6-931d-1a032e33c0fa}]</property>
								</object>
							</property>
							<children>
								<objectNode type="ModifyModel:node" version="9">
									<property name="name" value="Art_340_MD_Zones" valueType="string"/>
									<property name="description" value="Assumed interest rate change in the interest rate duration method" valueType="string"/>
									<property name="id" value="5497726d-50e7-4738-99df-b8c646d18031" valueType="string"/>
									<property name="dataSource" valueType="url">DataSource["IR_Modified_Duration_Zones"{09ad3efc-f29e-4c48-b226-b497141a50e3}]</property>
									<property name="relationshipToParent" value="ONE_OR_ZERO_TO_ONE" valueType="string"/>
									<property name="mandatoryInJoin" value="false" valueType="boolean"/>
									<property name="additionalConstraint" valueType="table"/>
									<property name="additionalJoinExpression" valueType="table">
										<object type="DataModel:fieldReference" version="3">
											<property name="value" valueType="url">DataModel["Aggregation[IR_ZSR_Positions_GMR_Sensitive]"{Aggregation[18ed09e3-2bc1-4308-8d7d-f8724cf93f46]}].hierarchy["Aggregation"{18ed09e3-2bc1-4308-8d7d-f8724cf93f46}].dataSource.layout["enm_gmr_mthd"{7e6ab692-04ef-4e37-ad68-0f4d5c092b01}]</property>
										</object>
										<object type="SQLExpressionPart" version="2">
											<property name="value" value=" = 'MODIFIED_DURATION' AND " valueType="string"/>
										</object>
										<object type="ModifyModel:localFieldReference" version="3">
											<property name="value" valueType="url">ModifyModel[this].modifications["Modified_Duration"{d3a800b4-5506-4a00-9284-4dd794fcd9ca}].dataSource.layout["mdfd_drtn"{2f90978b-6b1e-4e9d-a7dc-5f4a51d4ccd6}]</property>
										</object>
										<object type="SQLExpressionPart" version="2">
											<property name="value" value=" >" valueType="string"/>
										</object>
										<object type="ModifyModel:localFieldReference" version="3">
											<property name="value" valueType="url">ModifyModel[this].modifications["Art_340_MD_Zones"{5497726d-50e7-4738-99df-b8c646d18031}].dataSource.layout["modified_duration_lower"{efc70446-e3fa-4f3c-80cf-193161b54f9f}]</property>
										</object>
										<object type="SQLExpressionPart" version="2">
											<property name="value" value=" AND " valueType="string"/>
										</object>
										<object type="ModifyModel:localFieldReference" version="3">
											<property name="value" valueType="url">ModifyModel[this].modifications["Modified_Duration"{d3a800b4-5506-4a00-9284-4dd794fcd9ca}].dataSource.layout["mdfd_drtn"{2f90978b-6b1e-4e9d-a7dc-5f4a51d4ccd6}]</property>
										</object>
										<object type="SQLExpressionPart" version="2">
											<property name="value" value="&lt;= " valueType="string"/>
										</object>
										<object type="ModifyModel:localFieldReference" version="3">
											<property name="value" valueType="url">ModifyModel[this].modifications["Art_340_MD_Zones"{5497726d-50e7-4738-99df-b8c646d18031}].dataSource.layout["modified_duration_upper"{d4d48aa2-c397-460f-a43d-19a8c061da64}]</property>
										</object>
									</property>
									<property name="instanceSelectionRule" valueType="object">
										<object type="InstanceSelectionRule" version="3">
											<property name="instanceDateRule" valueType="object">
												<object type="InstanceSelectionRule:rule" version="3">
													<property name="type" value="LATEST" valueType="string"/>
												</object>
											</property>
											<property name="instanceKeyRules" valueType="table">
												<object type="InstanceSelectionRule:instanceKeyRule" version="3">
													<property name="type" value="EQUAL" valueType="string"/>
													<property name="instanceKeyName" value="v" valueType="string"/>
												</object>
												<object type="InstanceSelectionRule:instanceKeyRule" version="3">
													<property name="type" value="EQUAL" valueType="string"/>
													<property name="instanceKeyName" value="run_id" valueType="string"/>
												</object>
												<object type="InstanceSelectionRule:instanceKeyRule" version="3">
													<property name="type" value="EQUAL" valueType="string"/>
													<property name="instanceKeyName" value="run_type" valueType="string"/>
												</object>
												<object type="InstanceSelectionRule:instanceKeyRule" version="3">
													<property name="type" value="EQUAL" valueType="string"/>
													<property name="instanceKeyName" value="scenarioKey" valueType="string"/>
												</object>
											</property>
										</object>
									</property>
									<property name="join" valueType="table"/>
								</objectNode>
							</children>
						</objectNode>
					</children>
				</objectNode>
			</children>
		</objectNode>
	</property>
	<property name="instanceKeys" valueType="table"/>
	<property name="streamKeys" valueType="table"/>
</object>