<object stamp="f0197ab4-56ff-4b5f-b68d-fac92bf685c9_1729610433886" type="ModifyModel" version="32">
	<property name="name" value="OPT_FX_Delta" valueType="string"/>
	<property name="description" value="OPT_FX_Delta" valueType="string"/>
	<property name="objectId" value="a121b120-034b-4a05-af04-acb79a8e5e53" valueType="string"/>
	<property name="branchId" value="f373907f-fa0a-40d6-b143-ab4efdb3216b" valueType="string"/>
	<property name="model" valueType="url">DataModel["Aggregation[OPT_FX_Delta]"{Aggregation[6f9dafb4-640c-4913-83f1-62bef9974095]}]</property>
	<property name="modifications" valueType="tree">
		<objectNode type="ModifyModel:root" version="8">
			<property name="name" value="modificationsRoot" valueType="string"/>
			<property name="description" value="" valueType="string"/>
			<property name="id" value="modificationsRoot" valueType="string"/>
			<children>
				<objectNode type="ModifyModel:modification" version="20">
					<property name="name" value="Aggregation" valueType="string"/>
					<property name="description" value="" valueType="string"/>
					<property name="id" value="6f9dafb4-640c-4913-83f1-62bef9974095" valueType="string"/>
					<property name="existingNode" valueType="url">DataModel["Aggregation[OPT_FX_Delta]"{Aggregation[6f9dafb4-640c-4913-83f1-62bef9974095]}].hierarchy["Aggregation"{6f9dafb4-640c-4913-83f1-62bef9974095}]</property>
					<property name="mandatoryInJoin" value="false" valueType="boolean"/>
					<property name="additionalConstraint" valueType="table"/>
					<property name="additionalJoinExpression" valueType="table"/>
					<children>
						<objectNode type="ModifyModel:node" version="9">
							<property name="name" value="calc_input" valueType="string"/>
							<property name="description" value="Resulting data source for aggregation Consolidated_FX_Inputs" valueType="string"/>
							<property name="id" value="07e21ef5-eb74-4232-bc00-bf7d0e75489c" valueType="string"/>
							<property name="dataSource" valueType="url">DataSource["shared_calcs:Aggregation[Consolidated_FX_Inputs]"{d75383f6-fa01-4e67-a680-006fa58909dc:Aggregation[22c9e161-cbe6-4d6c-860b-820686441f1c]}]</property>
							<property name="relationshipToParent" value="ONE_TO_ONE" valueType="string"/>
							<property name="mandatoryInJoin" value="false" valueType="boolean"/>
							<property name="additionalConstraint" valueType="table"/>
							<property name="additionalJoinExpression" valueType="table"/>
							<property name="instanceSelectionRule" valueType="object">
								<object type="InstanceSelectionRule" version="3">
									<property name="instanceDateRule" valueType="object">
										<object type="InstanceSelectionRule:rule" version="3">
											<property name="type" value="EQUAL" valueType="string"/>
										</object>
									</property>
									<property name="instanceKeyRules" valueType="table">
										<object type="InstanceSelectionRule:instanceKeyRule" version="3">
											<property name="type" value="EQUAL" valueType="string"/>
											<property name="instanceKeyName" value="v" valueType="string"/>
										</object>
										<object type="InstanceSelectionRule:instanceKeyRule" version="3">
											<property name="type" value="EQUAL" valueType="string"/>
											<property name="instanceKeyName" value="run_id" valueType="string"/>
										</object>
										<object type="InstanceSelectionRule:instanceKeyRule" version="3">
											<property name="type" value="EQUAL" valueType="string"/>
											<property name="instanceKeyName" value="run_type" valueType="string"/>
										</object>
										<object type="InstanceSelectionRule:instanceKeyRule" version="3">
											<property name="type" value="EQUAL" valueType="string"/>
											<property name="instanceKeyName" value="scenarioKey" valueType="string"/>
										</object>
									</property>
								</object>
							</property>
							<property name="join" valueType="table">
								<object type="DataModel:node:join" version="3">
									<property name="sourceField" valueType="url">DataSource["shared_calcs:Aggregation[Consolidated_FX_Inputs]"{d75383f6-fa01-4e67-a680-006fa58909dc:Aggregation[22c9e161-cbe6-4d6c-860b-820686441f1c]}].layout["entity"{d1d72fa3-1154-4d22-9677-0aa3f5a707db}]</property>
									<property name="parentField" valueType="url">DataSource["Aggregation[OPT_FX_Delta]"{Aggregation[6f9dafb4-640c-4913-83f1-62bef9974095]}].layout["entity"{9e646ace-f8c5-40c3-9330-680ea3197046}]</property>
								</object>
								<object type="DataModel:node:join" version="3">
									<property name="sourceField" valueType="url">DataSource["shared_calcs:Aggregation[Consolidated_FX_Inputs]"{d75383f6-fa01-4e67-a680-006fa58909dc:Aggregation[22c9e161-cbe6-4d6c-860b-820686441f1c]}].layout["id_unique"{fb2f6bd3-6fe6-458f-b73e-5173de83357d}]</property>
									<property name="parentField" valueType="url">DataSource["Aggregation[OPT_FX_Delta]"{Aggregation[6f9dafb4-640c-4913-83f1-62bef9974095]}].layout["id_unique"{c6b8c0b0-19cc-488e-8f9a-29467b573fa0}]</property>
								</object>
							</property>
						</objectNode>
					</children>
				</objectNode>
			</children>
		</objectNode>
	</property>
	<property name="instanceKeys" valueType="table"/>
	<property name="streamKeys" valueType="table"/>
	<property name="modifyStreamKeys" valueType="table">
		<object type="ModifyModel:modifyStreamKey" version="1">
			<property name="streamKeyName" value="entity" valueType="string"/>
			<property name="addAdditionalStreamColumns" valueType="table">
				<object type="ModifyModel:localFieldReference" version="3">
					<property name="value" valueType="url">ModifyModel[this].modifications["calc_input"{07e21ef5-eb74-4232-bc00-bf7d0e75489c}].dataSource.layout["entity"{d1d72fa3-1154-4d22-9677-0aa3f5a707db}]</property>
				</object>
			</property>
		</object>
	</property>
</object>