<object stamp="c0f17d6b-64bd-4960-acd9-384d0f0406bf_1729610416505" type="ModifyModel" version="32">
	<property name="name" value="OPT_COMM_Delta" valueType="string"/>
	<property name="description" value="OPT_COMM_Delta" valueType="string"/>
	<property name="objectId" value="82c621c1-9f27-4be4-aadd-94615dfb78cc" valueType="string"/>
	<property name="branchId" value="f373907f-fa0a-40d6-b143-ab4efdb3216b" valueType="string"/>
	<property name="model" valueType="url">DataModel["Aggregation[OPT_COMM_Delta]"{Aggregation[446474a4-7238-49a7-a1c5-fb1279f7dbda]}]</property>
	<property name="modifications" valueType="tree">
		<objectNode type="ModifyModel:root" version="8">
			<property name="name" value="modificationsRoot" valueType="string"/>
			<property name="description" value="" valueType="string"/>
			<property name="id" value="modificationsRoot" valueType="string"/>
			<children>
				<objectNode type="ModifyModel:modification" version="20">
					<property name="name" value="Aggregation" valueType="string"/>
					<property name="description" value="" valueType="string"/>
					<property name="id" value="446474a4-7238-49a7-a1c5-fb1279f7dbda" valueType="string"/>
					<property name="existingNode" valueType="url">DataModel["Aggregation[OPT_COMM_Delta]"{Aggregation[446474a4-7238-49a7-a1c5-fb1279f7dbda]}].hierarchy["Aggregation"{446474a4-7238-49a7-a1c5-fb1279f7dbda}]</property>
					<property name="mandatoryInJoin" value="false" valueType="boolean"/>
					<property name="additionalConstraint" valueType="table"/>
					<property name="additionalJoinExpression" valueType="table"/>
					<children>
						<objectNode type="ModifyModel:node" version="9">
							<property name="name" value="calc_input" valueType="string"/>
							<property name="description" value="Resulting data source for aggregation Consolidated_Commodity_Inputs" valueType="string"/>
							<property name="id" value="88df35f5-c7a6-474d-b499-e2f2c84d4b5c" valueType="string"/>
							<property name="dataSource" valueType="url">DataSource["shared_calcs:Aggregation[Consolidated_Commodity_Inputs]"{d75383f6-fa01-4e67-a680-006fa58909dc:Aggregation[36eb4b8f-e291-4bbf-b96f-caaa9fae5626]}]</property>
							<property name="relationshipToParent" value="ONE_TO_ONE" valueType="string"/>
							<property name="mandatoryInJoin" value="false" valueType="boolean"/>
							<property name="additionalConstraint" valueType="table"/>
							<property name="additionalJoinExpression" valueType="table"/>
							<property name="instanceSelectionRule" valueType="object">
								<object type="InstanceSelectionRule" version="3">
									<property name="instanceDateRule" valueType="object">
										<object type="InstanceSelectionRule:rule" version="3">
											<property name="type" value="EQUAL" valueType="string"/>
										</object>
									</property>
									<property name="instanceKeyRules" valueType="table">
										<object type="InstanceSelectionRule:instanceKeyRule" version="3">
											<property name="type" value="EQUAL" valueType="string"/>
											<property name="instanceKeyName" value="v" valueType="string"/>
										</object>
										<object type="InstanceSelectionRule:instanceKeyRule" version="3">
											<property name="type" value="EQUAL" valueType="string"/>
											<property name="instanceKeyName" value="run_id" valueType="string"/>
										</object>
										<object type="InstanceSelectionRule:instanceKeyRule" version="3">
											<property name="type" value="EQUAL" valueType="string"/>
											<property name="instanceKeyName" value="run_type" valueType="string"/>
										</object>
										<object type="InstanceSelectionRule:instanceKeyRule" version="3">
											<property name="type" value="EQUAL" valueType="string"/>
											<property name="instanceKeyName" value="scenarioKey" valueType="string"/>
										</object>
									</property>
								</object>
							</property>
							<property name="join" valueType="table">
								<object type="DataModel:node:join" version="3">
									<property name="sourceField" valueType="url">DataSource["shared_calcs:Aggregation[Consolidated_Commodity_Inputs]"{d75383f6-fa01-4e67-a680-006fa58909dc:Aggregation[36eb4b8f-e291-4bbf-b96f-caaa9fae5626]}].layout["entity"{3ba76b76-97c6-48a1-a06b-feb3a5bb3ab7}]</property>
									<property name="parentField" valueType="url">DataSource["Aggregation[OPT_COMM_Delta]"{Aggregation[446474a4-7238-49a7-a1c5-fb1279f7dbda]}].layout["entity"{bad9baf8-7537-4342-9235-82ddf429191a}]</property>
								</object>
								<object type="DataModel:node:join" version="3">
									<property name="sourceField" valueType="url">DataSource["shared_calcs:Aggregation[Consolidated_Commodity_Inputs]"{d75383f6-fa01-4e67-a680-006fa58909dc:Aggregation[36eb4b8f-e291-4bbf-b96f-caaa9fae5626]}].layout["id_unique"{d6b8806b-5a4c-4f6d-a444-f22765c21e41}]</property>
									<property name="parentField" valueType="url">DataSource["Aggregation[OPT_COMM_Delta]"{Aggregation[446474a4-7238-49a7-a1c5-fb1279f7dbda]}].layout["id_unique"{4733a334-3a04-44c1-9e15-c0eac3c2e7de}]</property>
								</object>
							</property>
							<children>
								<objectNode type="ModifyModel:node" version="9">
									<property name="name" value="CRD4_Art_359_Maturity_Band" valueType="string"/>
									<property name="description" value="" valueType="string"/>
									<property name="id" value="6b3073d8-f1db-4e43-85e4-d2bb0aec183b" valueType="string"/>
									<property name="dataSource" valueType="url">DataSource["COMM_Maturity_Band"{09ccd0b8-39fe-4486-bd49-b49ac9d13857}]</property>
									<property name="relationshipToParent" value="ONE_OR_ZERO_TO_ONE" valueType="string"/>
									<property name="mandatoryInJoin" value="false" valueType="boolean"/>
									<property name="additionalConstraint" valueType="table"/>
									<property name="additionalJoinExpression" valueType="table">
										<object type="ModifyModel:localFieldReference" version="3">
											<property name="value" valueType="url">ModifyModel[this].modifications["calc_input"{88df35f5-c7a6-474d-b499-e2f2c84d4b5c}].dataSource.layout["rsdl_mtrty_mnths"{4cd35807-137d-436d-8644-94694769bb74}]</property>
										</object>
										<object type="SQLExpressionPart" version="2">
											<property name="value" value=" > " valueType="string"/>
										</object>
										<object type="ModifyModel:localFieldReference" version="3">
											<property name="value" valueType="url">ModifyModel[this].modifications["CRD4_Art_359_Maturity_Band"{6b3073d8-f1db-4e43-85e4-d2bb0aec183b}].dataSource.layout["lower_limit"{eacc33a6-8808-4f65-9148-911f4ee515e1}]</property>
										</object>
										<object type="SQLExpressionPart" version="2">
											<property name="value" value=" AND " valueType="string"/>
										</object>
										<object type="ModifyModel:localFieldReference" version="3">
											<property name="value" valueType="url">ModifyModel[this].modifications["calc_input"{88df35f5-c7a6-474d-b499-e2f2c84d4b5c}].dataSource.layout["rsdl_mtrty_mnths"{4cd35807-137d-436d-8644-94694769bb74}]</property>
										</object>
										<object type="SQLExpressionPart" version="2">
											<property name="value" value=" &lt;= " valueType="string"/>
										</object>
										<object type="ModifyModel:localFieldReference" version="3">
											<property name="value" valueType="url">ModifyModel[this].modifications["CRD4_Art_359_Maturity_Band"{6b3073d8-f1db-4e43-85e4-d2bb0aec183b}].dataSource.layout["upper_limit"{3b87a378-7f17-4df8-8dc3-877fc1b48bea}]</property>
										</object>
									</property>
									<property name="instanceSelectionRule" valueType="object">
										<object type="InstanceSelectionRule" version="3">
											<property name="instanceDateRule" valueType="object">
												<object type="InstanceSelectionRule:rule" version="3">
													<property name="type" value="LATEST" valueType="string"/>
												</object>
											</property>
											<property name="instanceKeyRules" valueType="table">
												<object type="InstanceSelectionRule:instanceKeyRule" version="3">
													<property name="type" value="EQUAL" valueType="string"/>
													<property name="instanceKeyName" value="v" valueType="string"/>
												</object>
												<object type="InstanceSelectionRule:instanceKeyRule" version="3">
													<property name="type" value="EQUAL" valueType="string"/>
													<property name="instanceKeyName" value="run_id" valueType="string"/>
												</object>
												<object type="InstanceSelectionRule:instanceKeyRule" version="3">
													<property name="type" value="EQUAL" valueType="string"/>
													<property name="instanceKeyName" value="run_type" valueType="string"/>
												</object>
												<object type="InstanceSelectionRule:instanceKeyRule" version="3">
													<property name="type" value="EQUAL" valueType="string"/>
													<property name="instanceKeyName" value="scenarioKey" valueType="string"/>
												</object>
											</property>
										</object>
									</property>
									<property name="join" valueType="table"/>
								</objectNode>
							</children>
						</objectNode>
					</children>
				</objectNode>
			</children>
		</objectNode>
	</property>
	<property name="instanceKeys" valueType="table"/>
	<property name="streamKeys" valueType="table"/>
	<property name="modifyStreamKeys" valueType="table">
		<object type="ModifyModel:modifyStreamKey" version="1">
			<property name="streamKeyName" value="entity" valueType="string"/>
			<property name="addAdditionalStreamColumns" valueType="table">
				<object type="ModifyModel:localFieldReference" version="3">
					<property name="value" valueType="url">ModifyModel[this].modifications["calc_input"{88df35f5-c7a6-474d-b499-e2f2c84d4b5c}].dataSource.layout["entity"{3ba76b76-97c6-48a1-a06b-feb3a5bb3ab7}]</property>
				</object>
			</property>
		</object>
	</property>
</object>