<object stamp="7f6a5ed8-f275-41c8-94aa-bffba28d28fd_1657887304949" type="Aggregation" version="12">
	<property name="name" value="CCR_SACCR_CMV_Counterparty" valueType="string"/>
	<property name="description" value="" valueType="string"/>
	<property name="objectId" value="f7296d92-15d8-4883-bce0-d33e3203ba19" valueType="string"/>
	<property name="branchId" value="44f98cc4-3c7c-41c3-8daa-5b9828f45d7a" valueType="string"/>
	<property name="models" valueType="table">
		<object type="ModelBasedTask:modelEntry" version="3">
			<property name="dataModel" valueType="url">DataModel["Aggregation[EU_Consolidated_SACCR_Positions]"{Aggregation[1fdff296-3bfe-4ce5-b045-abcf5678ea1a]}]</property>
			<property name="instanceSelectionRule" valueType="object">
				<object type="InstanceSelectionRule" version="3">
					<property name="instanceDateRule" valueType="object">
						<object type="InstanceSelectionRule:rule" version="3">
							<property name="type" value="EQUAL" valueType="string"/>
						</object>
					</property>
					<property name="instanceKeyRules" valueType="table"/>
				</object>
			</property>
		</object>
		<object type="ModelBasedTask:modelEntry" version="3">
			<property name="dataModel" valueType="url">DataModel["ModifyModel[CCR_MNA].shared_calcs:Aggregation[Consolidated_CR_Exposure_Inputs]"{ModifyModel[0a2db94b-80da-4697-a019-61e9b484d457].015fe472-ce70-41e1-9583-ebf524ac86a8:Aggregation[e656b996-3c81-4229-a299-6d0d56226654]}]</property>
			<property name="instanceSelectionRule" valueType="object">
				<object type="InstanceSelectionRule" version="3">
					<property name="instanceDateRule" valueType="object">
						<object type="InstanceSelectionRule:rule" version="3">
							<property name="type" value="EQUAL" valueType="string"/>
						</object>
					</property>
					<property name="instanceKeyRules" valueType="table"/>
				</object>
			</property>
		</object>
	</property>
	<property name="requiresAllModels" value="true" valueType="boolean"/>
	<property name="parameters" valueType="table"/>
	<property name="details" valueType="table">
		<object type="Aggregation:detail" version="6">
			<property name="name" value="entity" valueType="string"/>
			<property name="description" value="" valueType="string"/>
			<property name="id" value="36fa40be-da16-4053-b8a9-4490525b812d" valueType="string"/>
			<property name="overrideLookupInformation" value="false" valueType="boolean"/>
			<property name="displayFormat" value="" valueType="string"/>
			<property name="title" value="Entity" valueType="string"/>
			<property name="overrideNullable" value="DEFAULT" valueType="string"/>
		</object>
		<object type="Aggregation:detail" version="6">
			<property name="name" value="id_unique" valueType="string"/>
			<property name="description" value="" valueType="string"/>
			<property name="id" value="c70f1e89-0617-41f5-83d3-0cb95961d2fb" valueType="string"/>
			<property name="overrideLookupInformation" value="false" valueType="boolean"/>
			<property name="displayFormat" value="" valueType="string"/>
			<property name="title" value="Unique ID" valueType="string"/>
			<property name="overrideNullable" value="DEFAULT" valueType="string"/>
		</object>
	</property>
	<property name="calcFields" valueType="table">
		<object type="Aggregation:calcField" version="7">
			<property name="name" value="id_cntrprty" valueType="string"/>
			<property name="description" value="" valueType="string"/>
			<property name="id" value="ec363268-c73c-4be6-9275-a0f0ee3a6146" valueType="string"/>
			<property name="aggrMethod" value="MAX" valueType="string"/>
			<property name="calcTotal" value="true" valueType="boolean"/>
			<property name="calcFormula" valueType="table"/>
			<property name="displayFormat" value="" valueType="string"/>
			<property name="overrideLookupInformation" value="false" valueType="boolean"/>
			<property name="title" value="Counterparty ID" valueType="string"/>
			<property name="overrideNullable" value="DEFAULT" valueType="string"/>
		</object>
		<object type="Aggregation:calcField" version="7">
			<property name="name" value="cmv_vl" valueType="string"/>
			<property name="description" value="" valueType="string"/>
			<property name="id" value="8c5406f3-1867-4ab2-b0b7-e705d97d5040" valueType="string"/>
			<property name="aggrMethod" value="SUM" valueType="string"/>
			<property name="calcTotal" value="true" valueType="boolean"/>
			<property name="calcFormula" valueType="table"/>
			<property name="displayFormat" value="" valueType="string"/>
			<property name="overrideLookupInformation" value="false" valueType="boolean"/>
			<property name="title" value="Current Market Value" valueType="string"/>
			<property name="overrideNullable" value="DEFAULT" valueType="string"/>
		</object>
	</property>
	<property name="auxFields" valueType="table"/>
	<property name="syntheticFields" valueType="table"/>
	<property name="additionalIndices" valueType="table"/>
	<property name="mappings" valueType="table">
		<object type="Aggregation:mapping" version="7">
			<property name="field" valueType="object">
				<object type="Aggregation:localDetailReference" version="7">
					<property name="value" valueType="url">Aggregation[this].details["entity"{36fa40be-da16-4053-b8a9-4490525b812d}]</property>
				</object>
			</property>
			<property name="fieldMapping" valueType="table">
				<object type="Aggregation:fieldMapping" version="7">
					<property name="model" valueType="object">
						<object type="DataModel:reference" version="3">
							<property name="value" valueType="url">DataModel["Aggregation[EU_Consolidated_SACCR_Positions]"{Aggregation[1fdff296-3bfe-4ce5-b045-abcf5678ea1a]}]</property>
						</object>
					</property>
					<property name="expression" valueType="table">
						<object type="DataModel:fieldReference" version="3">
							<property name="value" valueType="url">DataModel["Aggregation[EU_Consolidated_SACCR_Positions]"{Aggregation[1fdff296-3bfe-4ce5-b045-abcf5678ea1a]}].hierarchy["Aggregation"{1fdff296-3bfe-4ce5-b045-abcf5678ea1a}].dataSource.layout["entity"{2b51c5db-a176-4e3d-9d52-f7b66587ed6d}]</property>
						</object>
					</property>
				</object>
				<object type="Aggregation:fieldMapping" version="7">
					<property name="model" valueType="object">
						<object type="DataModel:reference" version="3">
							<property name="value" valueType="url">DataModel["ModifyModel[CCR_MNA].shared_calcs:Aggregation[Consolidated_CR_Exposure_Inputs]"{ModifyModel[0a2db94b-80da-4697-a019-61e9b484d457].015fe472-ce70-41e1-9583-ebf524ac86a8:Aggregation[e656b996-3c81-4229-a299-6d0d56226654]}]</property>
						</object>
					</property>
					<property name="expression" valueType="table">
						<object type="DataModel:fieldReference" version="3">
							<property name="value" valueType="url">DataModel["ModifyModel[CCR_MNA].shared_calcs:Aggregation[Consolidated_CR_Exposure_Inputs]"{ModifyModel[0a2db94b-80da-4697-a019-61e9b484d457].015fe472-ce70-41e1-9583-ebf524ac86a8:Aggregation[e656b996-3c81-4229-a299-6d0d56226654]}].hierarchy["Aggregation"{e656b996-3c81-4229-a299-6d0d56226654}].dataSource.layout["entity"{6774a62e-c315-4490-bae4-2cbfb9891b45}]</property>
						</object>
					</property>
				</object>
			</property>
		</object>
		<object type="Aggregation:mapping" version="7">
			<property name="field" valueType="object">
				<object type="Aggregation:localDetailReference" version="7">
					<property name="value" valueType="url">Aggregation[this].details["id_unique"{c70f1e89-0617-41f5-83d3-0cb95961d2fb}]</property>
				</object>
			</property>
			<property name="fieldMapping" valueType="table">
				<object type="Aggregation:fieldMapping" version="7">
					<property name="model" valueType="object">
						<object type="DataModel:reference" version="3">
							<property name="value" valueType="url">DataModel["Aggregation[EU_Consolidated_SACCR_Positions]"{Aggregation[1fdff296-3bfe-4ce5-b045-abcf5678ea1a]}]</property>
						</object>
					</property>
					<property name="expression" valueType="table">
						<object type="SQLExpressionPart" version="2">
							<property name="value" value="CASE WHEN " valueType="string"/>
						</object>
						<object type="DataModel:fieldReference" version="3">
							<property name="value" valueType="url">DataModel["Aggregation[EU_Consolidated_SACCR_Positions]"{Aggregation[1fdff296-3bfe-4ce5-b045-abcf5678ea1a]}].hierarchy["Aggregation"{1fdff296-3bfe-4ce5-b045-abcf5678ea1a}].dataSource.layout["id_nttng_agrmnt"{45aed8d7-00f0-404d-9af1-5a2720a2f585}]</property>
						</object>
						<object type="SQLExpressionPart" version="2">
							<property name="value" value=" = '' AND " valueType="string"/>
						</object>
						<object type="DataModel:fieldReference" version="3">
							<property name="value" valueType="url">DataModel["Aggregation[EU_Consolidated_SACCR_Positions]"{Aggregation[1fdff296-3bfe-4ce5-b045-abcf5678ea1a]}].hierarchy["Aggregation"{1fdff296-3bfe-4ce5-b045-abcf5678ea1a}].dataSource.layout["enm_saccr_multi_agrmnt"{467cd1cd-fe92-4dec-ad62-8ff5f64708b9}]</property>
						</object>
						<object type="SQLExpressionPart" version="2">
							<property name="value" value=" != 'MULTI_MARGIN' THEN " valueType="string"/>
						</object>
						<object type="DataModel:fieldReference" version="3">
							<property name="value" valueType="url">DataModel["Aggregation[EU_Consolidated_SACCR_Positions]"{Aggregation[1fdff296-3bfe-4ce5-b045-abcf5678ea1a]}].hierarchy["Aggregation"{1fdff296-3bfe-4ce5-b045-abcf5678ea1a}].dataSource.layout["id_unique"{a95b6dbc-9e92-4dea-9451-dccdec0d30a9}]</property>
						</object>
						<object type="SQLExpressionPart" version="2">
							<property name="value" value=" WHEN " valueType="string"/>
						</object>
						<object type="DataModel:fieldReference" version="3">
							<property name="value" valueType="url">DataModel["Aggregation[EU_Consolidated_SACCR_Positions]"{Aggregation[1fdff296-3bfe-4ce5-b045-abcf5678ea1a]}].hierarchy["Aggregation"{1fdff296-3bfe-4ce5-b045-abcf5678ea1a}].dataSource.layout["enm_saccr_multi_agrmnt"{467cd1cd-fe92-4dec-ad62-8ff5f64708b9}]</property>
						</object>
						<object type="SQLExpressionPart" version="2">
							<property name="value" value=" = 'MULTI_NETTING' OR (" valueType="string"/>
						</object>
						<object type="DataModel:fieldReference" version="3">
							<property name="value" valueType="url">DataModel["Aggregation[EU_Consolidated_SACCR_Positions]"{Aggregation[1fdff296-3bfe-4ce5-b045-abcf5678ea1a]}].hierarchy["Aggregation"{1fdff296-3bfe-4ce5-b045-abcf5678ea1a}].dataSource.layout["enm_saccr_multi_agrmnt"{467cd1cd-fe92-4dec-ad62-8ff5f64708b9}]</property>
						</object>
						<object type="SQLExpressionPart" version="2">
							<property name="value" value=" = 'MULTI_MARGIN' AND " valueType="string"/>
						</object>
						<object type="DataModel:fieldReference" version="3">
							<property name="value" valueType="url">DataModel["Aggregation[EU_Consolidated_SACCR_Positions]"{Aggregation[1fdff296-3bfe-4ce5-b045-abcf5678ea1a]}].hierarchy["Aggregation"{1fdff296-3bfe-4ce5-b045-abcf5678ea1a}].dataSource.layout["uk_multi_mrgnd_mthd_ind"{546df711-87f9-47c0-afb9-3b3707fa61b9}]</property>
						</object>
						<object type="SQLExpressionPart" version="2">
							<property name="value" value=" != 'Y') THEN " valueType="string"/>
						</object>
						<object type="DataModel:fieldReference" version="3">
							<property name="value" valueType="url">DataModel["Aggregation[EU_Consolidated_SACCR_Positions]"{Aggregation[1fdff296-3bfe-4ce5-b045-abcf5678ea1a]}].hierarchy["Aggregation"{1fdff296-3bfe-4ce5-b045-abcf5678ea1a}].dataSource.layout["orgnl_id_mrgn_agrmnt"{7f5cc861-74c0-431e-ae49-88892e3e5675}]</property>
						</object>
						<object type="SQLExpressionPart" version="2">
							<property name="value" value=" " valueType="string"/>
						</object>
						<object type="SQLConstant" version="2">
							<property name="name" value="CONCAT_STR" valueType="string"/>
						</object>
						<object type="SQLExpressionPart" version="2">
							<property name="value" value=" '_' " valueType="string"/>
						</object>
						<object type="SQLConstant" version="2">
							<property name="name" value="CONCAT_STR" valueType="string"/>
						</object>
						<object type="SQLExpressionPart" version="2">
							<property name="value" value=" " valueType="string"/>
						</object>
						<object type="DataModel:fieldReference" version="3">
							<property name="value" valueType="url">DataModel["Aggregation[EU_Consolidated_SACCR_Positions]"{Aggregation[1fdff296-3bfe-4ce5-b045-abcf5678ea1a]}].hierarchy["Aggregation"{1fdff296-3bfe-4ce5-b045-abcf5678ea1a}].dataSource.layout["id_nttng_agrmnt"{45aed8d7-00f0-404d-9af1-5a2720a2f585}]</property>
						</object>
						<object type="SQLExpressionPart" version="2">
							<property name="value" value=" " valueType="string"/>
						</object>
						<object type="SQLConstant" version="2">
							<property name="name" value="CONCAT_STR" valueType="string"/>
						</object>
						<object type="SQLExpressionPart" version="2">
							<property name="value" value=" '_' " valueType="string"/>
						</object>
						<object type="SQLConstant" version="2">
							<property name="name" value="CONCAT_STR" valueType="string"/>
						</object>
						<object type="SQLExpressionPart" version="2">
							<property name="value" value=" " valueType="string"/>
						</object>
						<object type="DataModel:fieldReference" version="3">
							<property name="value" valueType="url">DataModel["Aggregation[EU_Consolidated_SACCR_Positions]"{Aggregation[1fdff296-3bfe-4ce5-b045-abcf5678ea1a]}].hierarchy["Aggregation"{1fdff296-3bfe-4ce5-b045-abcf5678ea1a}].dataSource.layout["id_cntrprty"{eeb225eb-b6d0-4acb-b931-74187925edf2}]</property>
						</object>
						<object type="SQLExpressionPart" version="2">
							<property name="value" value=" ELSE " valueType="string"/>
						</object>
						<object type="DataModel:fieldReference" version="3">
							<property name="value" valueType="url">DataModel["Aggregation[EU_Consolidated_SACCR_Positions]"{Aggregation[1fdff296-3bfe-4ce5-b045-abcf5678ea1a]}].hierarchy["Aggregation"{1fdff296-3bfe-4ce5-b045-abcf5678ea1a}].dataSource.layout["id_nttng_agrmnt"{45aed8d7-00f0-404d-9af1-5a2720a2f585}]</property>
						</object>
						<object type="SQLExpressionPart" version="2">
							<property name="value" value=" " valueType="string"/>
						</object>
						<object type="SQLConstant" version="2">
							<property name="name" value="CONCAT_STR" valueType="string"/>
						</object>
						<object type="SQLExpressionPart" version="2">
							<property name="value" value=" '_' " valueType="string"/>
						</object>
						<object type="SQLConstant" version="2">
							<property name="name" value="CONCAT_STR" valueType="string"/>
						</object>
						<object type="SQLExpressionPart" version="2">
							<property name="value" value=" " valueType="string"/>
						</object>
						<object type="DataModel:fieldReference" version="3">
							<property name="value" valueType="url">DataModel["Aggregation[EU_Consolidated_SACCR_Positions]"{Aggregation[1fdff296-3bfe-4ce5-b045-abcf5678ea1a]}].hierarchy["Aggregation"{1fdff296-3bfe-4ce5-b045-abcf5678ea1a}].dataSource.layout["id_cntrprty"{eeb225eb-b6d0-4acb-b931-74187925edf2}]</property>
						</object>
						<object type="SQLExpressionPart" version="2">
							<property name="value" value=" END" valueType="string"/>
						</object>
					</property>
					<property name="valueSize" value="400" valueType="integer"/>
					<property name="valueNullable" value="false" valueType="boolean"/>
					<property name="valueType" value="VARCHAR" valueType="string"/>
				</object>
				<object type="Aggregation:fieldMapping" version="7">
					<property name="model" valueType="object">
						<object type="DataModel:reference" version="3">
							<property name="value" valueType="url">DataModel["ModifyModel[CCR_MNA].shared_calcs:Aggregation[Consolidated_CR_Exposure_Inputs]"{ModifyModel[0a2db94b-80da-4697-a019-61e9b484d457].015fe472-ce70-41e1-9583-ebf524ac86a8:Aggregation[e656b996-3c81-4229-a299-6d0d56226654]}]</property>
						</object>
					</property>
					<property name="expression" valueType="table">
						<object type="DataModel:fieldReference" version="3">
							<property name="value" valueType="url">DataModel["ModifyModel[CCR_MNA].shared_calcs:Aggregation[Consolidated_CR_Exposure_Inputs]"{ModifyModel[0a2db94b-80da-4697-a019-61e9b484d457].015fe472-ce70-41e1-9583-ebf524ac86a8:Aggregation[e656b996-3c81-4229-a299-6d0d56226654]}].hierarchy["Aggregation"{e656b996-3c81-4229-a299-6d0d56226654}].dataSource.layout["id_nttng_agrmnt"{75994d04-37d5-4b2c-85ad-565a47c42689}]</property>
						</object>
						<object type="SQLExpressionPart" version="2">
							<property name="value" value=" " valueType="string"/>
						</object>
						<object type="SQLConstant" version="2">
							<property name="name" value="CONCAT_STR" valueType="string"/>
						</object>
						<object type="SQLExpressionPart" version="2">
							<property name="value" value=" '_' " valueType="string"/>
						</object>
						<object type="SQLConstant" version="2">
							<property name="name" value="CONCAT_STR" valueType="string"/>
						</object>
						<object type="SQLExpressionPart" version="2">
							<property name="value" value=" " valueType="string"/>
						</object>
						<object type="DataModel:fieldReference" version="3">
							<property name="value" valueType="url">DataModel["ModifyModel[CCR_MNA].shared_calcs:Aggregation[Consolidated_CR_Exposure_Inputs]"{ModifyModel[0a2db94b-80da-4697-a019-61e9b484d457].015fe472-ce70-41e1-9583-ebf524ac86a8:Aggregation[e656b996-3c81-4229-a299-6d0d56226654]}].hierarchy["Aggregation"{e656b996-3c81-4229-a299-6d0d56226654}].dataSource.layout["id_cntrprty"{14c6aaeb-7c53-458f-89c6-0a2d063fa06d}]</property>
						</object>
					</property>
					<property name="valueSize" value="400" valueType="integer"/>
					<property name="valueNullable" value="false" valueType="boolean"/>
					<property name="valueType" value="VARCHAR" valueType="string"/>
				</object>
			</property>
		</object>
		<object type="Aggregation:mapping" version="7">
			<property name="field" valueType="object">
				<object type="Aggregation:localCalcFieldReference" version="7">
					<property name="value" valueType="url">Aggregation[this].calcFields["id_cntrprty"{ec363268-c73c-4be6-9275-a0f0ee3a6146}]</property>
				</object>
			</property>
			<property name="fieldMapping" valueType="table">
				<object type="Aggregation:fieldMapping" version="7">
					<property name="model" valueType="object">
						<object type="DataModel:reference" version="3">
							<property name="value" valueType="url">DataModel["Aggregation[EU_Consolidated_SACCR_Positions]"{Aggregation[1fdff296-3bfe-4ce5-b045-abcf5678ea1a]}]</property>
						</object>
					</property>
					<property name="expression" valueType="table">
						<object type="DataModel:fieldReference" version="3">
							<property name="value" valueType="url">DataModel["Aggregation[EU_Consolidated_SACCR_Positions]"{Aggregation[1fdff296-3bfe-4ce5-b045-abcf5678ea1a]}].hierarchy["Aggregation"{1fdff296-3bfe-4ce5-b045-abcf5678ea1a}].dataSource.layout["id_cntrprty"{eeb225eb-b6d0-4acb-b931-74187925edf2}]</property>
						</object>
					</property>
				</object>
				<object type="Aggregation:fieldMapping" version="7">
					<property name="model" valueType="object">
						<object type="DataModel:reference" version="3">
							<property name="value" valueType="url">DataModel["ModifyModel[CCR_MNA].shared_calcs:Aggregation[Consolidated_CR_Exposure_Inputs]"{ModifyModel[0a2db94b-80da-4697-a019-61e9b484d457].015fe472-ce70-41e1-9583-ebf524ac86a8:Aggregation[e656b996-3c81-4229-a299-6d0d56226654]}]</property>
						</object>
					</property>
					<property name="expression" valueType="table">
						<object type="DataModel:fieldReference" version="3">
							<property name="value" valueType="url">DataModel["ModifyModel[CCR_MNA].shared_calcs:Aggregation[Consolidated_CR_Exposure_Inputs]"{ModifyModel[0a2db94b-80da-4697-a019-61e9b484d457].015fe472-ce70-41e1-9583-ebf524ac86a8:Aggregation[e656b996-3c81-4229-a299-6d0d56226654]}].hierarchy["Aggregation"{e656b996-3c81-4229-a299-6d0d56226654}].dataSource.layout["id_cntrprty"{14c6aaeb-7c53-458f-89c6-0a2d063fa06d}]</property>
						</object>
					</property>
				</object>
			</property>
		</object>
		<object type="Aggregation:mapping" version="7">
			<property name="field" valueType="object">
				<object type="Aggregation:localCalcFieldReference" version="7">
					<property name="value" valueType="url">Aggregation[this].calcFields["cmv_vl"{8c5406f3-1867-4ab2-b0b7-e705d97d5040}]</property>
				</object>
			</property>
			<property name="fieldMapping" valueType="table">
				<object type="Aggregation:fieldMapping" version="7">
					<property name="model" valueType="object">
						<object type="DataModel:reference" version="3">
							<property name="value" valueType="url">DataModel["Aggregation[EU_Consolidated_SACCR_Positions]"{Aggregation[1fdff296-3bfe-4ce5-b045-abcf5678ea1a]}]</property>
						</object>
					</property>
					<property name="expression" valueType="table">
						<object type="DataModel:fieldReference" version="3">
							<property name="value" valueType="url">DataModel["Aggregation[EU_Consolidated_SACCR_Positions]"{Aggregation[1fdff296-3bfe-4ce5-b045-abcf5678ea1a]}].hierarchy["Aggregation"{1fdff296-3bfe-4ce5-b045-abcf5678ea1a}].dataSource.layout["drvtv_mrkt_vl"{91ca2fc3-6406-47a2-9ed2-287b2c580cbf}]</property>
						</object>
					</property>
				</object>
				<object type="Aggregation:fieldMapping" version="7">
					<property name="model" valueType="object">
						<object type="DataModel:reference" version="3">
							<property name="value" valueType="url">DataModel["ModifyModel[CCR_MNA].shared_calcs:Aggregation[Consolidated_CR_Exposure_Inputs]"{ModifyModel[0a2db94b-80da-4697-a019-61e9b484d457].015fe472-ce70-41e1-9583-ebf524ac86a8:Aggregation[e656b996-3c81-4229-a299-6d0d56226654]}]</property>
						</object>
					</property>
					<property name="expression" valueType="table">
						<object type="DataModel:fieldReference" version="3">
							<property name="value" valueType="url">DataModel["ModifyModel[CCR_MNA].shared_calcs:Aggregation[Consolidated_CR_Exposure_Inputs]"{ModifyModel[0a2db94b-80da-4697-a019-61e9b484d457].015fe472-ce70-41e1-9583-ebf524ac86a8:Aggregation[e656b996-3c81-4229-a299-6d0d56226654]}].hierarchy["mna"{ad798e31-f95c-491a-806b-38ed9ef6cb5f}].dataSource.layout["expsr_vl"{442130c3-c292-4f8c-9e42-866907df130f}]</property>
						</object>
					</property>
				</object>
			</property>
		</object>
	</property>
	<property name="storageType" value="CONTINUOUS_PARTITION" valueType="string"/>
	<property name="postTableCreationStatements" valueType="table"/>
	<property name="postAdjustmentTableCreationStatements" valueType="table"/>
	<property name="detailsAsKeys" value="true" valueType="boolean"/>
	<property name="dbSourceForResults" valueType="url">DBSource["POSTGRES"{7141b02a-a2bf-46bb-9ad0-fa1087f431e1}]</property>
	<property name="archivalProperties" valueType="object">
		<object type="ArchivalProperties" version="2">
			<property name="daily" value="false" valueType="boolean"/>
			<property name="weekly" value="false" valueType="boolean"/>
			<property name="monthly" value="false" valueType="boolean"/>
			<property name="quarterly" value="false" valueType="boolean"/>
			<property name="semiAnnually" value="false" valueType="boolean"/>
			<property name="annually" value="false" valueType="boolean"/>
			<property name="intraDay" value="false" valueType="boolean"/>
			<property name="userDefined" value="false" valueType="boolean"/>
		</object>
	</property>
	<property name="condition" valueType="tree">
		<objectNode type="Condition" version="3">
			<property name="isNegated" value="false" valueType="boolean"/>
			<property name="groupingOperator" value="AND" valueType="string"/>
			<children>
				<objectNode type="Condition:shorthand" version="3">
					<property name="shorthand" valueType="url">Shorthand["CCR_SACCR_CMV_Counterparty"{1fee4d48-4f10-4a1f-b4d5-87d02762f300}]</property>
					<property name="operation" value="=" valueType="string"/>
				</objectNode>
			</children>
		</objectNode>
	</property>
	<property name="doNotAggregate" value="false" valueType="boolean"/>
	<property name="fourEyesCheck" value="false" valueType="boolean"/>
	<property name="trackDrilldownInformation" value="true" valueType="boolean"/>
	<property name="trackAllInstancesMode" value="NONE" valueType="string"/>
	<property name="computeStatistics" value="FOR_ALL_COLUMNS" valueType="string"/>
	<property name="instanceRebuildRestriction" value="AlterFullRebuild" valueType="string"/>
	<property name="allowExternalDataPermissions" value="true" valueType="boolean"/>
</object>