<object stamp="a74d7b6e-0fcd-4779-a823-371ec0a372b5_1713423899334" type="Aggregation" version="12">
	<property name="name" value="CCR_OEM_NS" valueType="string"/>
	<property name="description" value="" valueType="string"/>
	<property name="objectId" value="f3cbf4a2-d524-4fe1-99fb-e647c208e182" valueType="string"/>
	<property name="branchId" value="44f98cc4-3c7c-41c3-8daa-5b9828f45d7a" valueType="string"/>
	<property name="models" valueType="table">
		<object type="ModelBasedTask:modelEntry" version="3">
			<property name="dataModel" valueType="url">DataModel["Portfolio[PFE_EAD].ModifyModel[PFE_EAD].Portfolio[Scalling_up_of_volatility_adjustments].ModifyModel[Volatility_Adjustments_Codes].Portfolio[Volatility_Adjustments_Codes].ModifyModel[Exposure_With_Risk_Weight].shared_calcs:Aggregation[Consolidated_CR_Exposure_Inputs]"{Portfolio[792f36ef-811d-4294-8a27-1ae31d1e9877].ModifyModel[2f6f6637-12af-4562-a082-5f28a04568f5].Portfolio[8d68cd12-8e52-4b66-b749-1eb66e357307].ModifyModel[1fb0d1a6-4ce9-4755-ac85-5a85b9c37963].Portfolio[1e52e8e4-728a-4778-a98e-5e9e523be314].ModifyModel[b154acb6-0a48-4f1c-9e4b-3403ededee6b].015fe472-ce70-41e1-9583-ebf524ac86a8:Aggregation[e656b996-3c81-4229-a299-6d0d56226654]}]</property>
			<property name="instanceSelectionRule" valueType="object">
				<object type="InstanceSelectionRule" version="3">
					<property name="instanceDateRule" valueType="object">
						<object type="InstanceSelectionRule:rule" version="3">
							<property name="type" value="EQUAL" valueType="string"/>
						</object>
					</property>
					<property name="instanceKeyRules" valueType="table"/>
				</object>
			</property>
		</object>
	</property>
	<property name="requiresAllModels" value="true" valueType="boolean"/>
	<property name="parameters" valueType="table"/>
	<property name="details" valueType="table">
		<object type="Aggregation:detail" version="6">
			<property name="name" value="entity" valueType="string"/>
			<property name="description" value="" valueType="string"/>
			<property name="id" value="051f2f6e-3838-4263-8312-7150f6120692" valueType="string"/>
			<property name="overrideLookupInformation" value="false" valueType="boolean"/>
			<property name="displayFormat" value="" valueType="string"/>
			<property name="title" value="Entity" valueType="string"/>
			<property name="overrideNullable" value="DEFAULT" valueType="string"/>
		</object>
		<object type="Aggregation:detail" version="6">
			<property name="name" value="id_unique" valueType="string"/>
			<property name="description" value="" valueType="string"/>
			<property name="id" value="86f747ee-a2ee-4e67-b0fb-b5bd000059a6" valueType="string"/>
			<property name="overrideLookupInformation" value="false" valueType="boolean"/>
			<property name="displayFormat" value="" valueType="string"/>
			<property name="title" value="Unique ID" valueType="string"/>
			<property name="overrideNullable" value="DEFAULT" valueType="string"/>
		</object>
	</property>
	<property name="calcFields" valueType="table">
		<object type="Aggregation:calcField" version="7">
			<property name="name" value="swwr_ind" valueType="string"/>
			<property name="description" value="" valueType="string"/>
			<property name="id" value="52b8a81e-2581-40e9-bb49-9ed971e64c34" valueType="string"/>
			<property name="aggrMethod" value="MAX" valueType="string"/>
			<property name="calcTotal" value="true" valueType="boolean"/>
			<property name="calcFormula" valueType="table"/>
			<property name="displayFormat" value="" valueType="string"/>
			<property name="overrideLookupInformation" value="false" valueType="boolean"/>
			<property name="title" value="Specific Wrong Way Risk Indicator" valueType="string"/>
			<property name="overrideNullable" value="DEFAULT" valueType="string"/>
		</object>
		<object type="Aggregation:calcField" version="7">
			<property name="name" value="mrgnd_ind" valueType="string"/>
			<property name="description" value="" valueType="string"/>
			<property name="id" value="5929c144-8783-400b-9440-ea9951276e42" valueType="string"/>
			<property name="aggrMethod" value="MAX" valueType="string"/>
			<property name="calcTotal" value="true" valueType="boolean"/>
			<property name="calcFormula" valueType="table"/>
			<property name="displayFormat" value="" valueType="string"/>
			<property name="overrideLookupInformation" value="false" valueType="boolean"/>
			<property name="title" value="Margined Indicator" valueType="string"/>
			<property name="overrideNullable" value="DEFAULT" valueType="string"/>
		</object>
		<object type="Aggregation:calcField" version="7">
			<property name="name" value="ccp_ind" valueType="string"/>
			<property name="description" value="" valueType="string"/>
			<property name="id" value="218119f8-4a55-42b0-920b-8861cc3e228e" valueType="string"/>
			<property name="aggrMethod" value="MAX" valueType="string"/>
			<property name="calcTotal" value="true" valueType="boolean"/>
			<property name="calcFormula" valueType="table"/>
			<property name="displayFormat" value="" valueType="string"/>
			<property name="overrideLookupInformation" value="false" valueType="boolean"/>
			<property name="title" value="CCP Indicator" valueType="string"/>
			<property name="overrideNullable" value="DEFAULT" valueType="string"/>
		</object>
		<object type="Aggregation:calcField" version="7">
			<property name="name" value="cmv_vl" valueType="string"/>
			<property name="description" value="" valueType="string"/>
			<property name="id" value="40b29c73-a863-422e-ba4b-060ce67b140e" valueType="string"/>
			<property name="aggrMethod" value="SUM" valueType="string"/>
			<property name="calcTotal" value="true" valueType="boolean"/>
			<property name="calcFormula" valueType="table"/>
			<property name="displayFormat" value="" valueType="string"/>
			<property name="overrideLookupInformation" value="false" valueType="boolean"/>
			<property name="title" value="Current Market Value" valueType="string"/>
			<property name="overrideNullable" value="DEFAULT" valueType="string"/>
		</object>
		<object type="Aggregation:calcField" version="7">
			<property name="name" value="id_nttng_agrmnt" valueType="string"/>
			<property name="description" value="" valueType="string"/>
			<property name="id" value="e3931ee9-078a-4c50-b007-e1bc3792cc6e" valueType="string"/>
			<property name="aggrMethod" value="MAX" valueType="string"/>
			<property name="calcTotal" value="true" valueType="boolean"/>
			<property name="calcFormula" valueType="table"/>
			<property name="displayFormat" value="" valueType="string"/>
			<property name="overrideLookupInformation" value="false" valueType="boolean"/>
			<property name="title" value="Netting Agreement ID" valueType="string"/>
			<property name="overrideNullable" value="DEFAULT" valueType="string"/>
		</object>
		<object type="Aggregation:calcField" version="7">
			<property name="name" value="id_cntrprty" valueType="string"/>
			<property name="description" value="" valueType="string"/>
			<property name="id" value="7f794c44-646c-4938-947b-1abfcd80446e" valueType="string"/>
			<property name="aggrMethod" value="MAX" valueType="string"/>
			<property name="calcTotal" value="true" valueType="boolean"/>
			<property name="calcFormula" valueType="table"/>
			<property name="displayFormat" value="" valueType="string"/>
			<property name="overrideLookupInformation" value="false" valueType="boolean"/>
			<property name="title" value="Counterparty ID" valueType="string"/>
			<property name="overrideNullable" value="DEFAULT" valueType="string"/>
		</object>
	</property>
	<property name="auxFields" valueType="table"/>
	<property name="syntheticFields" valueType="table"/>
	<property name="additionalIndices" valueType="table"/>
	<property name="mappings" valueType="table">
		<object type="Aggregation:mapping" version="7">
			<property name="field" valueType="object">
				<object type="Aggregation:localDetailReference" version="7">
					<property name="value" valueType="url">Aggregation[this].details["entity"{051f2f6e-3838-4263-8312-7150f6120692}]</property>
				</object>
			</property>
			<property name="fieldMapping" valueType="table">
				<object type="Aggregation:fieldMapping" version="7">
					<property name="model" valueType="object">
						<object type="DataModel:reference" version="3">
							<property name="value" valueType="url">DataModel["Portfolio[PFE_EAD].ModifyModel[PFE_EAD].Portfolio[Scalling_up_of_volatility_adjustments].ModifyModel[Volatility_Adjustments_Codes].Portfolio[Volatility_Adjustments_Codes].ModifyModel[Exposure_With_Risk_Weight].shared_calcs:Aggregation[Consolidated_CR_Exposure_Inputs]"{Portfolio[792f36ef-811d-4294-8a27-1ae31d1e9877].ModifyModel[2f6f6637-12af-4562-a082-5f28a04568f5].Portfolio[8d68cd12-8e52-4b66-b749-1eb66e357307].ModifyModel[1fb0d1a6-4ce9-4755-ac85-5a85b9c37963].Portfolio[1e52e8e4-728a-4778-a98e-5e9e523be314].ModifyModel[b154acb6-0a48-4f1c-9e4b-3403ededee6b].015fe472-ce70-41e1-9583-ebf524ac86a8:Aggregation[e656b996-3c81-4229-a299-6d0d56226654]}]</property>
						</object>
					</property>
					<property name="expression" valueType="table">
						<object type="DataModel:fieldReference" version="3">
							<property name="value" valueType="url">DataModel["Portfolio[PFE_EAD].ModifyModel[PFE_EAD].Portfolio[Scalling_up_of_volatility_adjustments].ModifyModel[Volatility_Adjustments_Codes].Portfolio[Volatility_Adjustments_Codes].ModifyModel[Exposure_With_Risk_Weight].shared_calcs:Aggregation[Consolidated_CR_Exposure_Inputs]"{Portfolio[792f36ef-811d-4294-8a27-1ae31d1e9877].ModifyModel[2f6f6637-12af-4562-a082-5f28a04568f5].Portfolio[8d68cd12-8e52-4b66-b749-1eb66e357307].ModifyModel[1fb0d1a6-4ce9-4755-ac85-5a85b9c37963].Portfolio[1e52e8e4-728a-4778-a98e-5e9e523be314].ModifyModel[b154acb6-0a48-4f1c-9e4b-3403ededee6b].015fe472-ce70-41e1-9583-ebf524ac86a8:Aggregation[e656b996-3c81-4229-a299-6d0d56226654]}].hierarchy["Portfolio[PFE_EAD]"{792f36ef-811d-4294-8a27-1ae31d1e9877}].dataSource.layout["entity"{6774a62e-c315-4490-bae4-2cbfb9891b45}]</property>
						</object>
					</property>
				</object>
			</property>
		</object>
		<object type="Aggregation:mapping" version="7">
			<property name="field" valueType="object">
				<object type="Aggregation:localDetailReference" version="7">
					<property name="value" valueType="url">Aggregation[this].details["id_unique"{86f747ee-a2ee-4e67-b0fb-b5bd000059a6}]</property>
				</object>
			</property>
			<property name="fieldMapping" valueType="table">
				<object type="Aggregation:fieldMapping" version="7">
					<property name="model" valueType="object">
						<object type="DataModel:reference" version="3">
							<property name="value" valueType="url">DataModel["Portfolio[PFE_EAD].ModifyModel[PFE_EAD].Portfolio[Scalling_up_of_volatility_adjustments].ModifyModel[Volatility_Adjustments_Codes].Portfolio[Volatility_Adjustments_Codes].ModifyModel[Exposure_With_Risk_Weight].shared_calcs:Aggregation[Consolidated_CR_Exposure_Inputs]"{Portfolio[792f36ef-811d-4294-8a27-1ae31d1e9877].ModifyModel[2f6f6637-12af-4562-a082-5f28a04568f5].Portfolio[8d68cd12-8e52-4b66-b749-1eb66e357307].ModifyModel[1fb0d1a6-4ce9-4755-ac85-5a85b9c37963].Portfolio[1e52e8e4-728a-4778-a98e-5e9e523be314].ModifyModel[b154acb6-0a48-4f1c-9e4b-3403ededee6b].015fe472-ce70-41e1-9583-ebf524ac86a8:Aggregation[e656b996-3c81-4229-a299-6d0d56226654]}]</property>
						</object>
					</property>
					<property name="expression" valueType="table">
						<object type="DataModel:fieldReference" version="3">
							<property name="value" valueType="url">DataModel["Portfolio[PFE_EAD].ModifyModel[PFE_EAD].Portfolio[Scalling_up_of_volatility_adjustments].ModifyModel[Volatility_Adjustments_Codes].Portfolio[Volatility_Adjustments_Codes].ModifyModel[Exposure_With_Risk_Weight].shared_calcs:Aggregation[Consolidated_CR_Exposure_Inputs]"{Portfolio[792f36ef-811d-4294-8a27-1ae31d1e9877].ModifyModel[2f6f6637-12af-4562-a082-5f28a04568f5].Portfolio[8d68cd12-8e52-4b66-b749-1eb66e357307].ModifyModel[1fb0d1a6-4ce9-4755-ac85-5a85b9c37963].Portfolio[1e52e8e4-728a-4778-a98e-5e9e523be314].ModifyModel[b154acb6-0a48-4f1c-9e4b-3403ededee6b].015fe472-ce70-41e1-9583-ebf524ac86a8:Aggregation[e656b996-3c81-4229-a299-6d0d56226654]}].hierarchy["Aggregation"{e656b996-3c81-4229-a299-6d0d56226654}].dataSource.layout["id_nttng_agrmnt"{75994d04-37d5-4b2c-85ad-565a47c42689}]</property>
						</object>
						<object type="SQLExpressionPart" version="2">
							<property name="value" value=" " valueType="string"/>
						</object>
						<object type="SQLConstant" version="2">
							<property name="name" value="CONCAT_STR" valueType="string"/>
						</object>
						<object type="SQLExpressionPart" version="2">
							<property name="value" value=" '_' " valueType="string"/>
						</object>
						<object type="SQLConstant" version="2">
							<property name="name" value="CONCAT_STR" valueType="string"/>
						</object>
						<object type="SQLExpressionPart" version="2">
							<property name="value" value=" " valueType="string"/>
						</object>
						<object type="DataModel:fieldReference" version="3">
							<property name="value" valueType="url">DataModel["Portfolio[PFE_EAD].ModifyModel[PFE_EAD].Portfolio[Scalling_up_of_volatility_adjustments].ModifyModel[Volatility_Adjustments_Codes].Portfolio[Volatility_Adjustments_Codes].ModifyModel[Exposure_With_Risk_Weight].shared_calcs:Aggregation[Consolidated_CR_Exposure_Inputs]"{Portfolio[792f36ef-811d-4294-8a27-1ae31d1e9877].ModifyModel[2f6f6637-12af-4562-a082-5f28a04568f5].Portfolio[8d68cd12-8e52-4b66-b749-1eb66e357307].ModifyModel[1fb0d1a6-4ce9-4755-ac85-5a85b9c37963].Portfolio[1e52e8e4-728a-4778-a98e-5e9e523be314].ModifyModel[b154acb6-0a48-4f1c-9e4b-3403ededee6b].015fe472-ce70-41e1-9583-ebf524ac86a8:Aggregation[e656b996-3c81-4229-a299-6d0d56226654]}].hierarchy["Aggregation"{e656b996-3c81-4229-a299-6d0d56226654}].dataSource.layout["id_cntrprty"{14c6aaeb-7c53-458f-89c6-0a2d063fa06d}]</property>
						</object>
					</property>
					<property name="valueSize" value="400" valueType="integer"/>
					<property name="valueNullable" value="false" valueType="boolean"/>
					<property name="valueType" value="VARCHAR" valueType="string"/>
				</object>
			</property>
		</object>
		<object type="Aggregation:mapping" version="7">
			<property name="field" valueType="object">
				<object type="Aggregation:localCalcFieldReference" version="7">
					<property name="value" valueType="url">Aggregation[this].calcFields["swwr_ind"{52b8a81e-2581-40e9-bb49-9ed971e64c34}]</property>
				</object>
			</property>
			<property name="fieldMapping" valueType="table">
				<object type="Aggregation:fieldMapping" version="7">
					<property name="model" valueType="object">
						<object type="DataModel:reference" version="3">
							<property name="value" valueType="url">DataModel["Portfolio[PFE_EAD].ModifyModel[PFE_EAD].Portfolio[Scalling_up_of_volatility_adjustments].ModifyModel[Volatility_Adjustments_Codes].Portfolio[Volatility_Adjustments_Codes].ModifyModel[Exposure_With_Risk_Weight].shared_calcs:Aggregation[Consolidated_CR_Exposure_Inputs]"{Portfolio[792f36ef-811d-4294-8a27-1ae31d1e9877].ModifyModel[2f6f6637-12af-4562-a082-5f28a04568f5].Portfolio[8d68cd12-8e52-4b66-b749-1eb66e357307].ModifyModel[1fb0d1a6-4ce9-4755-ac85-5a85b9c37963].Portfolio[1e52e8e4-728a-4778-a98e-5e9e523be314].ModifyModel[b154acb6-0a48-4f1c-9e4b-3403ededee6b].015fe472-ce70-41e1-9583-ebf524ac86a8:Aggregation[e656b996-3c81-4229-a299-6d0d56226654]}]</property>
						</object>
					</property>
					<property name="expression" valueType="table">
						<object type="SQLExpressionPart" version="2">
							<property name="value" value="CASE WHEN " valueType="string"/>
						</object>
						<object type="DataModel:fieldReference" version="3">
							<property name="value" valueType="url">DataModel["Portfolio[PFE_EAD].ModifyModel[PFE_EAD].Portfolio[Scalling_up_of_volatility_adjustments].ModifyModel[Volatility_Adjustments_Codes].Portfolio[Volatility_Adjustments_Codes].ModifyModel[Exposure_With_Risk_Weight].shared_calcs:Aggregation[Consolidated_CR_Exposure_Inputs]"{Portfolio[792f36ef-811d-4294-8a27-1ae31d1e9877].ModifyModel[2f6f6637-12af-4562-a082-5f28a04568f5].Portfolio[8d68cd12-8e52-4b66-b749-1eb66e357307].ModifyModel[1fb0d1a6-4ce9-4755-ac85-5a85b9c37963].Portfolio[1e52e8e4-728a-4778-a98e-5e9e523be314].ModifyModel[b154acb6-0a48-4f1c-9e4b-3403ededee6b].015fe472-ce70-41e1-9583-ebf524ac86a8:Aggregation[e656b996-3c81-4229-a299-6d0d56226654]}].hierarchy["Aggregation"{e656b996-3c81-4229-a299-6d0d56226654}].dataSource.layout["spcfc_wrng_way_rsk_ind"{f49147f4-e3c4-460f-abbc-1b34675f3b51}]</property>
						</object>
						<object type="SQLExpressionPart" version="2">
							<property name="value" value=" = 'Y' THEN 'Y' ELSE 'N' END" valueType="string"/>
						</object>
					</property>
					<property name="valueSize" value="1" valueType="integer"/>
					<property name="valueNullable" value="false" valueType="boolean"/>
					<property name="valueType" value="VARCHAR" valueType="string"/>
				</object>
			</property>
		</object>
		<object type="Aggregation:mapping" version="7">
			<property name="field" valueType="object">
				<object type="Aggregation:localCalcFieldReference" version="7">
					<property name="value" valueType="url">Aggregation[this].calcFields["mrgnd_ind"{5929c144-8783-400b-9440-ea9951276e42}]</property>
				</object>
			</property>
			<property name="fieldMapping" valueType="table">
				<object type="Aggregation:fieldMapping" version="7">
					<property name="model" valueType="object">
						<object type="DataModel:reference" version="3">
							<property name="value" valueType="url">DataModel["Portfolio[PFE_EAD].ModifyModel[PFE_EAD].Portfolio[Scalling_up_of_volatility_adjustments].ModifyModel[Volatility_Adjustments_Codes].Portfolio[Volatility_Adjustments_Codes].ModifyModel[Exposure_With_Risk_Weight].shared_calcs:Aggregation[Consolidated_CR_Exposure_Inputs]"{Portfolio[792f36ef-811d-4294-8a27-1ae31d1e9877].ModifyModel[2f6f6637-12af-4562-a082-5f28a04568f5].Portfolio[8d68cd12-8e52-4b66-b749-1eb66e357307].ModifyModel[1fb0d1a6-4ce9-4755-ac85-5a85b9c37963].Portfolio[1e52e8e4-728a-4778-a98e-5e9e523be314].ModifyModel[b154acb6-0a48-4f1c-9e4b-3403ededee6b].015fe472-ce70-41e1-9583-ebf524ac86a8:Aggregation[e656b996-3c81-4229-a299-6d0d56226654]}]</property>
						</object>
					</property>
					<property name="expression" valueType="table">
						<object type="SQLExpressionPart" version="2">
							<property name="value" value="CASE WHEN " valueType="string"/>
						</object>
						<object type="SQLPattern" version="3">
							<property name="name" value="isNull" valueType="string"/>
							<property name="parameters" valueType="table">
								<object type="SQLPattern:parameter" version="3">
									<property name="expressions" valueType="table">
										<object type="DataModel:fieldReference" version="3">
											<property name="value" valueType="url">DataModel["Portfolio[PFE_EAD].ModifyModel[PFE_EAD].Portfolio[Scalling_up_of_volatility_adjustments].ModifyModel[Volatility_Adjustments_Codes].Portfolio[Volatility_Adjustments_Codes].ModifyModel[Exposure_With_Risk_Weight].shared_calcs:Aggregation[Consolidated_CR_Exposure_Inputs]"{Portfolio[792f36ef-811d-4294-8a27-1ae31d1e9877].ModifyModel[2f6f6637-12af-4562-a082-5f28a04568f5].Portfolio[8d68cd12-8e52-4b66-b749-1eb66e357307].ModifyModel[1fb0d1a6-4ce9-4755-ac85-5a85b9c37963].Portfolio[1e52e8e4-728a-4778-a98e-5e9e523be314].ModifyModel[b154acb6-0a48-4f1c-9e4b-3403ededee6b].015fe472-ce70-41e1-9583-ebf524ac86a8:Aggregation[e656b996-3c81-4229-a299-6d0d56226654]}].hierarchy["Aggregation"{e656b996-3c81-4229-a299-6d0d56226654}].dataSource.layout["id_mrgn_agrmnt"{1dee778a-34bf-4fa3-ae83-48c3de009e71}]</property>
										</object>
									</property>
								</object>
								<object type="SQLPattern:parameter" version="3">
									<property name="expressions" valueType="table">
										<object type="SQLExpressionPart" version="2">
											<property name="value" value="''" valueType="string"/>
										</object>
									</property>
								</object>
							</property>
						</object>
						<object type="SQLExpressionPart" version="2">
							<property name="value" value=" != '' THEN 'Y' ELSE 'N' END" valueType="string"/>
						</object>
					</property>
					<property name="valueSize" value="1" valueType="integer"/>
					<property name="valueNullable" value="false" valueType="boolean"/>
					<property name="valueType" value="VARCHAR" valueType="string"/>
				</object>
			</property>
		</object>
		<object type="Aggregation:mapping" version="7">
			<property name="field" valueType="object">
				<object type="Aggregation:localCalcFieldReference" version="7">
					<property name="value" valueType="url">Aggregation[this].calcFields["ccp_ind"{218119f8-4a55-42b0-920b-8861cc3e228e}]</property>
				</object>
			</property>
			<property name="fieldMapping" valueType="table">
				<object type="Aggregation:fieldMapping" version="7">
					<property name="model" valueType="object">
						<object type="DataModel:reference" version="3">
							<property name="value" valueType="url">DataModel["Portfolio[PFE_EAD].ModifyModel[PFE_EAD].Portfolio[Scalling_up_of_volatility_adjustments].ModifyModel[Volatility_Adjustments_Codes].Portfolio[Volatility_Adjustments_Codes].ModifyModel[Exposure_With_Risk_Weight].shared_calcs:Aggregation[Consolidated_CR_Exposure_Inputs]"{Portfolio[792f36ef-811d-4294-8a27-1ae31d1e9877].ModifyModel[2f6f6637-12af-4562-a082-5f28a04568f5].Portfolio[8d68cd12-8e52-4b66-b749-1eb66e357307].ModifyModel[1fb0d1a6-4ce9-4755-ac85-5a85b9c37963].Portfolio[1e52e8e4-728a-4778-a98e-5e9e523be314].ModifyModel[b154acb6-0a48-4f1c-9e4b-3403ededee6b].015fe472-ce70-41e1-9583-ebf524ac86a8:Aggregation[e656b996-3c81-4229-a299-6d0d56226654]}]</property>
						</object>
					</property>
					<property name="expression" valueType="table">
						<object type="SQLExpressionPart" version="2">
							<property name="value" value="CASE WHEN (" valueType="string"/>
						</object>
						<object type="DataModel:fieldReference" version="3">
							<property name="value" valueType="url">DataModel["Portfolio[PFE_EAD].ModifyModel[PFE_EAD].Portfolio[Scalling_up_of_volatility_adjustments].ModifyModel[Volatility_Adjustments_Codes].Portfolio[Volatility_Adjustments_Codes].ModifyModel[Exposure_With_Risk_Weight].shared_calcs:Aggregation[Consolidated_CR_Exposure_Inputs]"{Portfolio[792f36ef-811d-4294-8a27-1ae31d1e9877].ModifyModel[2f6f6637-12af-4562-a082-5f28a04568f5].Portfolio[8d68cd12-8e52-4b66-b749-1eb66e357307].ModifyModel[1fb0d1a6-4ce9-4755-ac85-5a85b9c37963].Portfolio[1e52e8e4-728a-4778-a98e-5e9e523be314].ModifyModel[b154acb6-0a48-4f1c-9e4b-3403ededee6b].015fe472-ce70-41e1-9583-ebf524ac86a8:Aggregation[e656b996-3c81-4229-a299-6d0d56226654]}].hierarchy["Aggregation"{e656b996-3c81-4229-a299-6d0d56226654}].dataSource.layout["enm_ccp_role_typ"{ee77e2ab-e3aa-43db-b25a-49afdaf36f34}]</property>
						</object>
						<object type="SQLExpressionPart" version="2">
							<property name="value" value=" = 'CLIENT_EXPOSURE'   &#x9;AND " valueType="string"/>
						</object>
						<object type="DataModel:fieldReference" version="3">
							<property name="value" valueType="url">DataModel["Portfolio[PFE_EAD].ModifyModel[PFE_EAD].Portfolio[Scalling_up_of_volatility_adjustments].ModifyModel[Volatility_Adjustments_Codes].Portfolio[Volatility_Adjustments_Codes].ModifyModel[Exposure_With_Risk_Weight].shared_calcs:Aggregation[Consolidated_CR_Exposure_Inputs]"{Portfolio[792f36ef-811d-4294-8a27-1ae31d1e9877].ModifyModel[2f6f6637-12af-4562-a082-5f28a04568f5].Portfolio[8d68cd12-8e52-4b66-b749-1eb66e357307].ModifyModel[1fb0d1a6-4ce9-4755-ac85-5a85b9c37963].Portfolio[1e52e8e4-728a-4778-a98e-5e9e523be314].ModifyModel[b154acb6-0a48-4f1c-9e4b-3403ededee6b].015fe472-ce70-41e1-9583-ebf524ac86a8:Aggregation[e656b996-3c81-4229-a299-6d0d56226654]}].hierarchy["Aggregation"{e656b996-3c81-4229-a299-6d0d56226654}].dataSource.layout["c34_10_incld_clnt_expsrs_ind"{2723f3e5-bdf3-45d9-8d4f-6b49896c8eb3}]</property>
						</object>
						<object type="SQLExpressionPart" version="2">
							<property name="value" value=" = 'Y') OR " valueType="string"/>
						</object>
						<object type="DataModel:fieldReference" version="3">
							<property name="value" valueType="url">DataModel["Portfolio[PFE_EAD].ModifyModel[PFE_EAD].Portfolio[Scalling_up_of_volatility_adjustments].ModifyModel[Volatility_Adjustments_Codes].Portfolio[Volatility_Adjustments_Codes].ModifyModel[Exposure_With_Risk_Weight].shared_calcs:Aggregation[Consolidated_CR_Exposure_Inputs]"{Portfolio[792f36ef-811d-4294-8a27-1ae31d1e9877].ModifyModel[2f6f6637-12af-4562-a082-5f28a04568f5].Portfolio[8d68cd12-8e52-4b66-b749-1eb66e357307].ModifyModel[1fb0d1a6-4ce9-4755-ac85-5a85b9c37963].Portfolio[1e52e8e4-728a-4778-a98e-5e9e523be314].ModifyModel[b154acb6-0a48-4f1c-9e4b-3403ededee6b].015fe472-ce70-41e1-9583-ebf524ac86a8:Aggregation[e656b996-3c81-4229-a299-6d0d56226654]}].hierarchy["Aggregation"{e656b996-3c81-4229-a299-6d0d56226654}].dataSource.layout["enm_ccp_role_typ"{ee77e2ab-e3aa-43db-b25a-49afdaf36f34}]</property>
						</object>
						<object type="SQLExpressionPart" version="2">
							<property name="value" value=" IN ('DIRECT_CCP_OWN_ACCT','DIRECT_CCP_CLIENT_ACCT','CLEARING_MEMBER_EXPOSURE') THEN 'Y' ELSE 'N' END" valueType="string"/>
						</object>
					</property>
					<property name="valueSize" value="1" valueType="integer"/>
					<property name="valueNullable" value="false" valueType="boolean"/>
					<property name="valueType" value="VARCHAR" valueType="string"/>
				</object>
			</property>
		</object>
		<object type="Aggregation:mapping" version="7">
			<property name="field" valueType="object">
				<object type="Aggregation:localCalcFieldReference" version="7">
					<property name="value" valueType="url">Aggregation[this].calcFields["cmv_vl"{40b29c73-a863-422e-ba4b-060ce67b140e}]</property>
				</object>
			</property>
			<property name="fieldMapping" valueType="table">
				<object type="Aggregation:fieldMapping" version="7">
					<property name="model" valueType="object">
						<object type="DataModel:reference" version="3">
							<property name="value" valueType="url">DataModel["Portfolio[PFE_EAD].ModifyModel[PFE_EAD].Portfolio[Scalling_up_of_volatility_adjustments].ModifyModel[Volatility_Adjustments_Codes].Portfolio[Volatility_Adjustments_Codes].ModifyModel[Exposure_With_Risk_Weight].shared_calcs:Aggregation[Consolidated_CR_Exposure_Inputs]"{Portfolio[792f36ef-811d-4294-8a27-1ae31d1e9877].ModifyModel[2f6f6637-12af-4562-a082-5f28a04568f5].Portfolio[8d68cd12-8e52-4b66-b749-1eb66e357307].ModifyModel[1fb0d1a6-4ce9-4755-ac85-5a85b9c37963].Portfolio[1e52e8e4-728a-4778-a98e-5e9e523be314].ModifyModel[b154acb6-0a48-4f1c-9e4b-3403ededee6b].015fe472-ce70-41e1-9583-ebf524ac86a8:Aggregation[e656b996-3c81-4229-a299-6d0d56226654]}]</property>
						</object>
					</property>
					<property name="expression" valueType="table">
						<object type="DataModel:fieldReference" version="3">
							<property name="value" valueType="url">DataModel["Portfolio[PFE_EAD].ModifyModel[PFE_EAD].Portfolio[Scalling_up_of_volatility_adjustments].ModifyModel[Volatility_Adjustments_Codes].Portfolio[Volatility_Adjustments_Codes].ModifyModel[Exposure_With_Risk_Weight].shared_calcs:Aggregation[Consolidated_CR_Exposure_Inputs]"{Portfolio[792f36ef-811d-4294-8a27-1ae31d1e9877].ModifyModel[2f6f6637-12af-4562-a082-5f28a04568f5].Portfolio[8d68cd12-8e52-4b66-b749-1eb66e357307].ModifyModel[1fb0d1a6-4ce9-4755-ac85-5a85b9c37963].Portfolio[1e52e8e4-728a-4778-a98e-5e9e523be314].ModifyModel[b154acb6-0a48-4f1c-9e4b-3403ededee6b].015fe472-ce70-41e1-9583-ebf524ac86a8:Aggregation[e656b996-3c81-4229-a299-6d0d56226654]}].hierarchy["Aggregation"{e656b996-3c81-4229-a299-6d0d56226654}].dataSource.layout["drvtv_mrkt_vl_rpt"{401e76ba-11bf-45e0-a2d8-ada09636ecd3}]</property>
						</object>
					</property>
				</object>
			</property>
		</object>
		<object type="Aggregation:mapping" version="7">
			<property name="field" valueType="object">
				<object type="Aggregation:localCalcFieldReference" version="7">
					<property name="value" valueType="url">Aggregation[this].calcFields["id_nttng_agrmnt"{e3931ee9-078a-4c50-b007-e1bc3792cc6e}]</property>
				</object>
			</property>
			<property name="fieldMapping" valueType="table">
				<object type="Aggregation:fieldMapping" version="7">
					<property name="model" valueType="object">
						<object type="DataModel:reference" version="3">
							<property name="value" valueType="url">DataModel["Portfolio[PFE_EAD].ModifyModel[PFE_EAD].Portfolio[Scalling_up_of_volatility_adjustments].ModifyModel[Volatility_Adjustments_Codes].Portfolio[Volatility_Adjustments_Codes].ModifyModel[Exposure_With_Risk_Weight].shared_calcs:Aggregation[Consolidated_CR_Exposure_Inputs]"{Portfolio[792f36ef-811d-4294-8a27-1ae31d1e9877].ModifyModel[2f6f6637-12af-4562-a082-5f28a04568f5].Portfolio[8d68cd12-8e52-4b66-b749-1eb66e357307].ModifyModel[1fb0d1a6-4ce9-4755-ac85-5a85b9c37963].Portfolio[1e52e8e4-728a-4778-a98e-5e9e523be314].ModifyModel[b154acb6-0a48-4f1c-9e4b-3403ededee6b].015fe472-ce70-41e1-9583-ebf524ac86a8:Aggregation[e656b996-3c81-4229-a299-6d0d56226654]}]</property>
						</object>
					</property>
					<property name="expression" valueType="table">
						<object type="DataModel:fieldReference" version="3">
							<property name="value" valueType="url">DataModel["Portfolio[PFE_EAD].ModifyModel[PFE_EAD].Portfolio[Scalling_up_of_volatility_adjustments].ModifyModel[Volatility_Adjustments_Codes].Portfolio[Volatility_Adjustments_Codes].ModifyModel[Exposure_With_Risk_Weight].shared_calcs:Aggregation[Consolidated_CR_Exposure_Inputs]"{Portfolio[792f36ef-811d-4294-8a27-1ae31d1e9877].ModifyModel[2f6f6637-12af-4562-a082-5f28a04568f5].Portfolio[8d68cd12-8e52-4b66-b749-1eb66e357307].ModifyModel[1fb0d1a6-4ce9-4755-ac85-5a85b9c37963].Portfolio[1e52e8e4-728a-4778-a98e-5e9e523be314].ModifyModel[b154acb6-0a48-4f1c-9e4b-3403ededee6b].015fe472-ce70-41e1-9583-ebf524ac86a8:Aggregation[e656b996-3c81-4229-a299-6d0d56226654]}].hierarchy["Aggregation"{e656b996-3c81-4229-a299-6d0d56226654}].dataSource.layout["id_nttng_agrmnt"{75994d04-37d5-4b2c-85ad-565a47c42689}]</property>
						</object>
					</property>
				</object>
			</property>
		</object>
		<object type="Aggregation:mapping" version="7">
			<property name="field" valueType="object">
				<object type="Aggregation:localCalcFieldReference" version="7">
					<property name="value" valueType="url">Aggregation[this].calcFields["id_cntrprty"{7f794c44-646c-4938-947b-1abfcd80446e}]</property>
				</object>
			</property>
			<property name="fieldMapping" valueType="table">
				<object type="Aggregation:fieldMapping" version="7">
					<property name="model" valueType="object">
						<object type="DataModel:reference" version="3">
							<property name="value" valueType="url">DataModel["Portfolio[PFE_EAD].ModifyModel[PFE_EAD].Portfolio[Scalling_up_of_volatility_adjustments].ModifyModel[Volatility_Adjustments_Codes].Portfolio[Volatility_Adjustments_Codes].ModifyModel[Exposure_With_Risk_Weight].shared_calcs:Aggregation[Consolidated_CR_Exposure_Inputs]"{Portfolio[792f36ef-811d-4294-8a27-1ae31d1e9877].ModifyModel[2f6f6637-12af-4562-a082-5f28a04568f5].Portfolio[8d68cd12-8e52-4b66-b749-1eb66e357307].ModifyModel[1fb0d1a6-4ce9-4755-ac85-5a85b9c37963].Portfolio[1e52e8e4-728a-4778-a98e-5e9e523be314].ModifyModel[b154acb6-0a48-4f1c-9e4b-3403ededee6b].015fe472-ce70-41e1-9583-ebf524ac86a8:Aggregation[e656b996-3c81-4229-a299-6d0d56226654]}]</property>
						</object>
					</property>
					<property name="expression" valueType="table">
						<object type="DataModel:fieldReference" version="3">
							<property name="value" valueType="url">DataModel["Portfolio[PFE_EAD].ModifyModel[PFE_EAD].Portfolio[Scalling_up_of_volatility_adjustments].ModifyModel[Volatility_Adjustments_Codes].Portfolio[Volatility_Adjustments_Codes].ModifyModel[Exposure_With_Risk_Weight].shared_calcs:Aggregation[Consolidated_CR_Exposure_Inputs]"{Portfolio[792f36ef-811d-4294-8a27-1ae31d1e9877].ModifyModel[2f6f6637-12af-4562-a082-5f28a04568f5].Portfolio[8d68cd12-8e52-4b66-b749-1eb66e357307].ModifyModel[1fb0d1a6-4ce9-4755-ac85-5a85b9c37963].Portfolio[1e52e8e4-728a-4778-a98e-5e9e523be314].ModifyModel[b154acb6-0a48-4f1c-9e4b-3403ededee6b].015fe472-ce70-41e1-9583-ebf524ac86a8:Aggregation[e656b996-3c81-4229-a299-6d0d56226654]}].hierarchy["Aggregation"{e656b996-3c81-4229-a299-6d0d56226654}].dataSource.layout["id_cntrprty"{14c6aaeb-7c53-458f-89c6-0a2d063fa06d}]</property>
						</object>
					</property>
				</object>
			</property>
		</object>
	</property>
	<property name="storageType" value="CONTINUOUS_PARTITION" valueType="string"/>
	<property name="postTableCreationStatements" valueType="table"/>
	<property name="postAdjustmentTableCreationStatements" valueType="table"/>
	<property name="detailsAsKeys" value="true" valueType="boolean"/>
	<property name="dbSourceForResults" valueType="url">DBSource["POSTGRES"{7141b02a-a2bf-46bb-9ad0-fa1087f431e1}]</property>
	<property name="archivalProperties" valueType="object">
		<object type="ArchivalProperties" version="2">
			<property name="daily" value="false" valueType="boolean"/>
			<property name="weekly" value="false" valueType="boolean"/>
			<property name="monthly" value="false" valueType="boolean"/>
			<property name="quarterly" value="false" valueType="boolean"/>
			<property name="semiAnnually" value="false" valueType="boolean"/>
			<property name="annually" value="false" valueType="boolean"/>
			<property name="intraDay" value="false" valueType="boolean"/>
			<property name="userDefined" value="false" valueType="boolean"/>
		</object>
	</property>
	<property name="condition" valueType="tree">
		<objectNode type="Condition" version="3">
			<property name="isNegated" value="false" valueType="boolean"/>
			<property name="groupingOperator" value="AND" valueType="string"/>
			<children>
				<objectNode type="Condition:freehandExpression" version="3">
					<property name="expression" valueType="table">
						<object type="SQLPattern" version="3">
							<property name="name" value="isNull" valueType="string"/>
							<property name="parameters" valueType="table">
								<object type="SQLPattern:parameter" version="3">
									<property name="expressions" valueType="table">
										<object type="DataModel:fieldMap" version="3">
											<property name="map" valueType="table">
												<object type="DataModel:fieldReference" version="3">
													<property name="value" valueType="url">DataModel["Portfolio[PFE_EAD].ModifyModel[PFE_EAD].Portfolio[Scalling_up_of_volatility_adjustments].ModifyModel[Volatility_Adjustments_Codes].Portfolio[Volatility_Adjustments_Codes].ModifyModel[Exposure_With_Risk_Weight].shared_calcs:Aggregation[Consolidated_CR_Exposure_Inputs]"{Portfolio[792f36ef-811d-4294-8a27-1ae31d1e9877].ModifyModel[2f6f6637-12af-4562-a082-5f28a04568f5].Portfolio[8d68cd12-8e52-4b66-b749-1eb66e357307].ModifyModel[1fb0d1a6-4ce9-4755-ac85-5a85b9c37963].Portfolio[1e52e8e4-728a-4778-a98e-5e9e523be314].ModifyModel[b154acb6-0a48-4f1c-9e4b-3403ededee6b].015fe472-ce70-41e1-9583-ebf524ac86a8:Aggregation[e656b996-3c81-4229-a299-6d0d56226654]}].hierarchy["Aggregation"{e656b996-3c81-4229-a299-6d0d56226654}].dataSource.layout["id_nttng_agrmnt"{75994d04-37d5-4b2c-85ad-565a47c42689}]</property>
												</object>
											</property>
										</object>
									</property>
								</object>
								<object type="SQLPattern:parameter" version="3">
									<property name="expressions" valueType="table">
										<object type="SQLExpressionPart" version="2">
											<property name="value" value="''" valueType="string"/>
										</object>
									</property>
								</object>
							</property>
						</object>
						<object type="SQLExpressionPart" version="2">
							<property name="value" value=" != ''" valueType="string"/>
						</object>
					</property>
				</objectNode>
				<objectNode type="Condition:freehandExpression" version="3">
					<property name="expression" valueType="table">
						<object type="SQLPattern" version="3">
							<property name="name" value="isNull" valueType="string"/>
							<property name="parameters" valueType="table">
								<object type="SQLPattern:parameter" version="3">
									<property name="expressions" valueType="table">
										<object type="DataModel:fieldMap" version="3">
											<property name="map" valueType="table">
												<object type="DataModel:fieldReference" version="3">
													<property name="value" valueType="url">DataModel["Portfolio[PFE_EAD].ModifyModel[PFE_EAD].Portfolio[Scalling_up_of_volatility_adjustments].ModifyModel[Volatility_Adjustments_Codes].Portfolio[Volatility_Adjustments_Codes].ModifyModel[Exposure_With_Risk_Weight].shared_calcs:Aggregation[Consolidated_CR_Exposure_Inputs]"{Portfolio[792f36ef-811d-4294-8a27-1ae31d1e9877].ModifyModel[2f6f6637-12af-4562-a082-5f28a04568f5].Portfolio[8d68cd12-8e52-4b66-b749-1eb66e357307].ModifyModel[1fb0d1a6-4ce9-4755-ac85-5a85b9c37963].Portfolio[1e52e8e4-728a-4778-a98e-5e9e523be314].ModifyModel[b154acb6-0a48-4f1c-9e4b-3403ededee6b].015fe472-ce70-41e1-9583-ebf524ac86a8:Aggregation[e656b996-3c81-4229-a299-6d0d56226654]}].hierarchy["Aggregation"{e656b996-3c81-4229-a299-6d0d56226654}].dataSource.layout["id_cntrprty"{14c6aaeb-7c53-458f-89c6-0a2d063fa06d}]</property>
												</object>
											</property>
										</object>
									</property>
								</object>
								<object type="SQLPattern:parameter" version="3">
									<property name="expressions" valueType="table">
										<object type="SQLExpressionPart" version="2">
											<property name="value" value="''" valueType="string"/>
										</object>
									</property>
								</object>
							</property>
						</object>
						<object type="SQLExpressionPart" version="2">
							<property name="value" value=" != ''" valueType="string"/>
						</object>
					</property>
				</objectNode>
			</children>
		</objectNode>
	</property>
	<property name="doNotAggregate" value="false" valueType="boolean"/>
	<property name="fourEyesCheck" value="false" valueType="boolean"/>
	<property name="trackDrilldownInformation" value="true" valueType="boolean"/>
	<property name="trackAllInstancesMode" value="NONE" valueType="string"/>
	<property name="computeStatistics" value="FOR_ALL_COLUMNS" valueType="string"/>
	<property name="instanceRebuildRestriction" value="AlterFullRebuild" valueType="string"/>
	<property name="allowExternalDataPermissions" value="true" valueType="boolean"/>
</object>