<object stamp="d8bf0dd2-fe1e-4029-9ed0-7649abe85de4_1632926160945" type="Aggregation" version="12">
	<property name="name" value="EU_SACCR_Addon_FX" valueType="string"/>
	<property name="description" value="" valueType="string"/>
	<property name="objectId" value="8d724a8a-d675-4e2c-9548-88e7237bccca" valueType="string"/>
	<property name="branchId" value="44f98cc4-3c7c-41c3-8daa-5b9828f45d7a" valueType="string"/>
	<property name="models" valueType="table">
		<object type="ModelBasedTask:modelEntry" version="3">
			<property name="dataModel" valueType="url">DataModel["Aggregation[EU_SACCR_Addon_HS_FX]"{Aggregation[453bcc75-dfc8-4785-a181-fe70d8c2f078]}]</property>
			<property name="instanceSelectionRule" valueType="object">
				<object type="InstanceSelectionRule" version="3">
					<property name="instanceDateRule" valueType="object">
						<object type="InstanceSelectionRule:rule" version="3">
							<property name="type" value="EQUAL" valueType="string"/>
						</object>
					</property>
					<property name="instanceKeyRules" valueType="table"/>
				</object>
			</property>
		</object>
	</property>
	<property name="requiresAllModels" value="true" valueType="boolean"/>
	<property name="parameters" valueType="table"/>
	<property name="details" valueType="table">
		<object type="Aggregation:detail" version="6">
			<property name="name" value="entity" valueType="string"/>
			<property name="description" value="" valueType="string"/>
			<property name="id" value="4d9973ed-c141-4a0a-8543-82acbf279632" valueType="string"/>
			<property name="overrideLookupInformation" value="false" valueType="boolean"/>
			<property name="displayFormat" value="" valueType="string"/>
			<property name="title" value="Entity" valueType="string"/>
			<property name="overrideNullable" value="DEFAULT" valueType="string"/>
		</object>
		<object type="Aggregation:detail" version="6">
			<property name="name" value="id_nttng_agrmnt" valueType="string"/>
			<property name="description" value="" valueType="string"/>
			<property name="id" value="919d54a8-ead7-42ca-a46d-6388d627e63a" valueType="string"/>
			<property name="overrideLookupInformation" value="false" valueType="boolean"/>
			<property name="displayFormat" value="" valueType="string"/>
			<property name="title" value="Netting Agreement ID" valueType="string"/>
			<property name="overrideNullable" value="DEFAULT" valueType="string"/>
		</object>
		<object type="Aggregation:detail" version="6">
			<property name="name" value="id_mrgn_agrmnt" valueType="string"/>
			<property name="description" value="" valueType="string"/>
			<property name="id" value="79278bc7-add3-47b6-8a7a-da35c4304d11" valueType="string"/>
			<property name="overrideLookupInformation" value="false" valueType="boolean"/>
			<property name="displayFormat" value="" valueType="string"/>
			<property name="title" value="Margin Agreement ID" valueType="string"/>
			<property name="overrideNullable" value="DEFAULT" valueType="string"/>
		</object>
	</property>
	<property name="calcFields" valueType="table">
		<object type="Aggregation:calcField" version="7">
			<property name="name" value="add_on_fx" valueType="string"/>
			<property name="description" value="" valueType="string"/>
			<property name="id" value="308d9576-b1c4-490c-b0fd-4f660de1336c" valueType="string"/>
			<property name="aggrMethod" value="SUM" valueType="string"/>
			<property name="calcTotal" value="true" valueType="boolean"/>
			<property name="calcFormula" valueType="table"/>
			<property name="displayFormat" value="" valueType="string"/>
			<property name="overrideLookupInformation" value="false" valueType="boolean"/>
			<property name="title" value="Add-on FX" valueType="string"/>
			<property name="overrideNullable" value="DEFAULT" valueType="string"/>
		</object>
		<object type="Aggregation:calcField" version="7">
			<property name="name" value="unmrgnd_mrgnd_add_on_fx" valueType="string"/>
			<property name="description" value="" valueType="string"/>
			<property name="id" value="dafa38e2-20fc-4bf2-a47f-f21cb8939f17" valueType="string"/>
			<property name="aggrMethod" value="SUM" valueType="string"/>
			<property name="calcTotal" value="true" valueType="boolean"/>
			<property name="calcFormula" valueType="table"/>
			<property name="displayFormat" value="" valueType="string"/>
			<property name="overrideLookupInformation" value="false" valueType="boolean"/>
			<property name="title" value="Unmargined Equivalent Margined Add-on FX" valueType="string"/>
			<property name="overrideNullable" value="DEFAULT" valueType="string"/>
		</object>
		<object type="Aggregation:calcField" version="7">
			<property name="name" value="prmm_upfrnt_ind" valueType="string"/>
			<property name="description" value="" valueType="string"/>
			<property name="id" value="7f32cf62-a25e-405a-8682-7804565f779e" valueType="string"/>
			<property name="aggrMethod" value="MAX" valueType="string"/>
			<property name="calcTotal" value="false" valueType="boolean"/>
			<property name="calcFormula" valueType="table"/>
			<property name="displayFormat" value="" valueType="string"/>
			<property name="overrideLookupInformation" value="false" valueType="boolean"/>
			<property name="title" value="Premium Upfront Indicator" valueType="string"/>
			<property name="overrideNullable" value="DEFAULT" valueType="string"/>
		</object>
		<object type="Aggregation:calcField" version="7">
			<property name="name" value="uk_multi_mrgnd_mthd_ind" valueType="string"/>
			<property name="description" value="" valueType="string"/>
			<property name="id" value="9ce2d7cb-cd1d-4285-afda-85c7f2053a5f" valueType="string"/>
			<property name="aggrMethod" value="MAX" valueType="string"/>
			<property name="calcTotal" value="false" valueType="boolean"/>
			<property name="calcFormula" valueType="table"/>
			<property name="displayFormat" value="" valueType="string"/>
			<property name="overrideLookupInformation" value="false" valueType="boolean"/>
			<property name="title" value="UK Multi Margined Method Indicator" valueType="string"/>
			<property name="overrideNullable" value="DEFAULT" valueType="string"/>
		</object>
	</property>
	<property name="auxFields" valueType="table"/>
	<property name="syntheticFields" valueType="table"/>
	<property name="additionalIndices" valueType="table"/>
	<property name="mappings" valueType="table">
		<object type="Aggregation:mapping" version="7">
			<property name="field" valueType="object">
				<object type="Aggregation:localDetailReference" version="7">
					<property name="value" valueType="url">Aggregation[this].details["entity"{4d9973ed-c141-4a0a-8543-82acbf279632}]</property>
				</object>
			</property>
			<property name="fieldMapping" valueType="table">
				<object type="Aggregation:fieldMapping" version="7">
					<property name="model" valueType="object">
						<object type="DataModel:reference" version="3">
							<property name="value" valueType="url">DataModel["Aggregation[EU_SACCR_Addon_HS_FX]"{Aggregation[453bcc75-dfc8-4785-a181-fe70d8c2f078]}]</property>
						</object>
					</property>
					<property name="expression" valueType="table">
						<object type="DataModel:fieldReference" version="3">
							<property name="value" valueType="url">DataModel["Aggregation[EU_SACCR_Addon_HS_FX]"{Aggregation[453bcc75-dfc8-4785-a181-fe70d8c2f078]}].hierarchy["Aggregation"{453bcc75-dfc8-4785-a181-fe70d8c2f078}].dataSource.layout["entity"{4d9973ed-c141-4a0a-8543-82acbf279632}]</property>
						</object>
					</property>
				</object>
			</property>
		</object>
		<object type="Aggregation:mapping" version="7">
			<property name="field" valueType="object">
				<object type="Aggregation:localDetailReference" version="7">
					<property name="value" valueType="url">Aggregation[this].details["id_nttng_agrmnt"{919d54a8-ead7-42ca-a46d-6388d627e63a}]</property>
				</object>
			</property>
			<property name="fieldMapping" valueType="table">
				<object type="Aggregation:fieldMapping" version="7">
					<property name="model" valueType="object">
						<object type="DataModel:reference" version="3">
							<property name="value" valueType="url">DataModel["Aggregation[EU_SACCR_Addon_HS_FX]"{Aggregation[453bcc75-dfc8-4785-a181-fe70d8c2f078]}]</property>
						</object>
					</property>
					<property name="expression" valueType="table">
						<object type="DataModel:fieldReference" version="3">
							<property name="value" valueType="url">DataModel["Aggregation[EU_SACCR_Addon_HS_FX]"{Aggregation[453bcc75-dfc8-4785-a181-fe70d8c2f078]}].hierarchy["Aggregation"{453bcc75-dfc8-4785-a181-fe70d8c2f078}].dataSource.layout["id_nttng_agrmnt"{919d54a8-ead7-42ca-a46d-6388d627e63a}]</property>
						</object>
					</property>
				</object>
			</property>
		</object>
		<object type="Aggregation:mapping" version="7">
			<property name="field" valueType="object">
				<object type="Aggregation:localDetailReference" version="7">
					<property name="value" valueType="url">Aggregation[this].details["id_mrgn_agrmnt"{79278bc7-add3-47b6-8a7a-da35c4304d11}]</property>
				</object>
			</property>
			<property name="fieldMapping" valueType="table">
				<object type="Aggregation:fieldMapping" version="7">
					<property name="model" valueType="object">
						<object type="DataModel:reference" version="3">
							<property name="value" valueType="url">DataModel["Aggregation[EU_SACCR_Addon_HS_FX]"{Aggregation[453bcc75-dfc8-4785-a181-fe70d8c2f078]}]</property>
						</object>
					</property>
					<property name="expression" valueType="table">
						<object type="SQLExpressionPart" version="2">
							<property name="value" value="CASE WHEN " valueType="string"/>
						</object>
						<object type="DataModel:fieldReference" version="3">
							<property name="value" valueType="url">DataModel["Aggregation[EU_SACCR_Addon_HS_FX]"{Aggregation[453bcc75-dfc8-4785-a181-fe70d8c2f078]}].hierarchy["Aggregation"{453bcc75-dfc8-4785-a181-fe70d8c2f078}].dataSource.layout["uk_multi_mrgnd_mthd_ind"{bf9aeacf-2471-4c6d-a787-99b6683fcf76}]</property>
						</object>
						<object type="SQLExpressionPart" version="2">
							<property name="value" value=" = 'Y' THEN '' ELSE " valueType="string"/>
						</object>
						<object type="DataModel:fieldReference" version="3">
							<property name="value" valueType="url">DataModel["Aggregation[EU_SACCR_Addon_HS_FX]"{Aggregation[453bcc75-dfc8-4785-a181-fe70d8c2f078]}].hierarchy["Aggregation"{453bcc75-dfc8-4785-a181-fe70d8c2f078}].dataSource.layout["id_mrgn_agrmnt"{79278bc7-add3-47b6-8a7a-da35c4304d11}]</property>
						</object>
						<object type="SQLExpressionPart" version="2">
							<property name="value" value="  END" valueType="string"/>
						</object>
					</property>
					<property name="valueSize" value="100" valueType="integer"/>
					<property name="valueNullable" value="false" valueType="boolean"/>
					<property name="valueType" value="VARCHAR" valueType="string"/>
				</object>
			</property>
		</object>
		<object type="Aggregation:mapping" version="7">
			<property name="field" valueType="object">
				<object type="Aggregation:localCalcFieldReference" version="7">
					<property name="value" valueType="url">Aggregation[this].calcFields["add_on_fx"{308d9576-b1c4-490c-b0fd-4f660de1336c}]</property>
				</object>
			</property>
			<property name="fieldMapping" valueType="table">
				<object type="Aggregation:fieldMapping" version="7">
					<property name="model" valueType="object">
						<object type="DataModel:reference" version="3">
							<property name="value" valueType="url">DataModel["Aggregation[EU_SACCR_Addon_HS_FX]"{Aggregation[453bcc75-dfc8-4785-a181-fe70d8c2f078]}]</property>
						</object>
					</property>
					<property name="expression" valueType="table">
						<object type="DataModel:fieldReference" version="3">
							<property name="value" valueType="url">DataModel["Aggregation[EU_SACCR_Addon_HS_FX]"{Aggregation[453bcc75-dfc8-4785-a181-fe70d8c2f078]}].hierarchy["Aggregation"{453bcc75-dfc8-4785-a181-fe70d8c2f078}].dataSource.layout["add_on_hdgng_set"{6799ae35-be5d-430a-a74d-729cf5e317a1}]</property>
						</object>
					</property>
				</object>
			</property>
		</object>
		<object type="Aggregation:mapping" version="7">
			<property name="field" valueType="object">
				<object type="Aggregation:localCalcFieldReference" version="7">
					<property name="value" valueType="url">Aggregation[this].calcFields["unmrgnd_mrgnd_add_on_fx"{dafa38e2-20fc-4bf2-a47f-f21cb8939f17}]</property>
				</object>
			</property>
			<property name="fieldMapping" valueType="table">
				<object type="Aggregation:fieldMapping" version="7">
					<property name="model" valueType="object">
						<object type="DataModel:reference" version="3">
							<property name="value" valueType="url">DataModel["Aggregation[EU_SACCR_Addon_HS_FX]"{Aggregation[453bcc75-dfc8-4785-a181-fe70d8c2f078]}]</property>
						</object>
					</property>
					<property name="expression" valueType="table">
						<object type="DataModel:fieldReference" version="3">
							<property name="value" valueType="url">DataModel["Aggregation[EU_SACCR_Addon_HS_FX]"{Aggregation[453bcc75-dfc8-4785-a181-fe70d8c2f078]}].hierarchy["Aggregation"{453bcc75-dfc8-4785-a181-fe70d8c2f078}].dataSource.layout["unmrgnd_mrgnd_add_on_hdgng_set"{b7a2b0be-8ce7-404e-8b95-e2127f6f8734}]</property>
						</object>
					</property>
				</object>
			</property>
		</object>
		<object type="Aggregation:mapping" version="7">
			<property name="field" valueType="object">
				<object type="Aggregation:localCalcFieldReference" version="7">
					<property name="value" valueType="url">Aggregation[this].calcFields["prmm_upfrnt_ind"{7f32cf62-a25e-405a-8682-7804565f779e}]</property>
				</object>
			</property>
			<property name="fieldMapping" valueType="table">
				<object type="Aggregation:fieldMapping" version="7">
					<property name="model" valueType="object">
						<object type="DataModel:reference" version="3">
							<property name="value" valueType="url">DataModel["Aggregation[EU_SACCR_Addon_HS_FX]"{Aggregation[453bcc75-dfc8-4785-a181-fe70d8c2f078]}]</property>
						</object>
					</property>
					<property name="expression" valueType="table">
						<object type="DataModel:fieldReference" version="3">
							<property name="value" valueType="url">DataModel["Aggregation[EU_SACCR_Addon_HS_FX]"{Aggregation[453bcc75-dfc8-4785-a181-fe70d8c2f078]}].hierarchy["Aggregation"{453bcc75-dfc8-4785-a181-fe70d8c2f078}].dataSource.layout["prmm_upfrnt_ind"{a540d17b-7e5f-4abf-a600-09bd8e8ea016}]</property>
						</object>
					</property>
				</object>
			</property>
		</object>
		<object type="Aggregation:mapping" version="7">
			<property name="field" valueType="object">
				<object type="Aggregation:localCalcFieldReference" version="7">
					<property name="value" valueType="url">Aggregation[this].calcFields["uk_multi_mrgnd_mthd_ind"{9ce2d7cb-cd1d-4285-afda-85c7f2053a5f}]</property>
				</object>
			</property>
			<property name="fieldMapping" valueType="table">
				<object type="Aggregation:fieldMapping" version="7">
					<property name="model" valueType="object">
						<object type="DataModel:reference" version="3">
							<property name="value" valueType="url">DataModel["Aggregation[EU_SACCR_Addon_HS_FX]"{Aggregation[453bcc75-dfc8-4785-a181-fe70d8c2f078]}]</property>
						</object>
					</property>
					<property name="expression" valueType="table">
						<object type="DataModel:fieldReference" version="3">
							<property name="value" valueType="url">DataModel["Aggregation[EU_SACCR_Addon_HS_FX]"{Aggregation[453bcc75-dfc8-4785-a181-fe70d8c2f078]}].hierarchy["Aggregation"{453bcc75-dfc8-4785-a181-fe70d8c2f078}].dataSource.layout["uk_multi_mrgnd_mthd_ind"{bf9aeacf-2471-4c6d-a787-99b6683fcf76}]</property>
						</object>
					</property>
				</object>
			</property>
		</object>
	</property>
	<property name="storageType" value="CONTINUOUS_PARTITION" valueType="string"/>
	<property name="postTableCreationStatements" valueType="table"/>
	<property name="postAdjustmentTableCreationStatements" valueType="table"/>
	<property name="detailsAsKeys" value="true" valueType="boolean"/>
	<property name="dbSourceForResults" valueType="url">DBSource["POSTGRES"{7141b02a-a2bf-46bb-9ad0-fa1087f431e1}]</property>
	<property name="archivalProperties" valueType="object">
		<object type="ArchivalProperties" version="2">
			<property name="daily" value="false" valueType="boolean"/>
			<property name="weekly" value="false" valueType="boolean"/>
			<property name="monthly" value="false" valueType="boolean"/>
			<property name="quarterly" value="false" valueType="boolean"/>
			<property name="semiAnnually" value="false" valueType="boolean"/>
			<property name="annually" value="false" valueType="boolean"/>
			<property name="intraDay" value="false" valueType="boolean"/>
			<property name="userDefined" value="false" valueType="boolean"/>
		</object>
	</property>
	<property name="condition" valueType="tree">
		<objectNode type="Condition" version="3">
			<property name="isNegated" value="false" valueType="boolean"/>
			<property name="groupingOperator" value="AND" valueType="string"/>
		</objectNode>
	</property>
	<property name="doNotAggregate" value="false" valueType="boolean"/>
	<property name="fourEyesCheck" value="false" valueType="boolean"/>
	<property name="trackDrilldownInformation" value="true" valueType="boolean"/>
	<property name="trackAllInstancesMode" value="NONE" valueType="string"/>
	<property name="computeStatistics" value="FOR_ALL_COLUMNS" valueType="string"/>
	<property name="instanceRebuildRestriction" value="AlterFullRebuild" valueType="string"/>
	<property name="allowExternalDataPermissions" value="false" valueType="boolean"/>
</object>