<object stamp="fe9d4f8b-0c41-46f3-8875-e60143e312c4_1706123562535" type="Aggregation" version="12">
	<property name="name" value="EU_SACCR_Addon_HS_Other_Deriv" valueType="string"/>
	<property name="description" value="" valueType="string"/>
	<property name="objectId" value="94d5176c-92f7-44af-85be-5072b440ab73" valueType="string"/>
	<property name="branchId" value="44f98cc4-3c7c-41c3-8daa-5b9828f45d7a" valueType="string"/>
	<property name="models" valueType="table">
		<object type="ModelBasedTask:modelEntry" version="3">
			<property name="dataModel" valueType="url">DataModel["ModifyModel[EU_SACCR_Addon_Calculation].Aggregation[EU_Consolidated_SACCR_Positions]"{ModifyModel[9c04043f-7901-45ff-933f-2ce6a6b6ae70].Aggregation[1fdff296-3bfe-4ce5-b045-abcf5678ea1a]}]</property>
			<property name="instanceSelectionRule" valueType="object">
				<object type="InstanceSelectionRule" version="3">
					<property name="instanceDateRule" valueType="object">
						<object type="InstanceSelectionRule:rule" version="3">
							<property name="type" value="EQUAL" valueType="string"/>
						</object>
					</property>
					<property name="instanceKeyRules" valueType="table"/>
				</object>
			</property>
		</object>
		<object type="ModelBasedTask:modelEntry" version="3">
			<property name="dataModel" valueType="url">DataModel["ModifyModel[EU_SACCR_Addon_Calculation_MRD].Aggregation[EU_SACCR_Consolidated_MRD_Inputs]"{ModifyModel[3516833f-5c17-46a8-ab49-cc931e0f434c].Aggregation[9cddecd8-ba28-4175-9cc5-6fcdd30dbc72]}]</property>
			<property name="instanceSelectionRule" valueType="object">
				<object type="InstanceSelectionRule" version="3">
					<property name="instanceDateRule" valueType="object">
						<object type="InstanceSelectionRule:rule" version="3">
							<property name="type" value="EQUAL" valueType="string"/>
						</object>
					</property>
					<property name="instanceKeyRules" valueType="table"/>
				</object>
			</property>
		</object>
	</property>
	<property name="requiresAllModels" value="true" valueType="boolean"/>
	<property name="parameters" valueType="table"/>
	<property name="details" valueType="table">
		<object type="Aggregation:detail" version="6">
			<property name="name" value="entity" valueType="string"/>
			<property name="description" value="" valueType="string"/>
			<property name="id" value="4d9973ed-c141-4a0a-8543-82acbf279632" valueType="string"/>
			<property name="overrideLookupInformation" value="false" valueType="boolean"/>
			<property name="displayFormat" value="" valueType="string"/>
			<property name="title" value="Entity" valueType="string"/>
			<property name="overrideNullable" value="DEFAULT" valueType="string"/>
		</object>
		<object type="Aggregation:detail" version="6">
			<property name="name" value="nttng_agrmnt_id" valueType="string"/>
			<property name="description" value="" valueType="string"/>
			<property name="id" value="919d54a8-ead7-42ca-a46d-6388d627e63a" valueType="string"/>
			<property name="overrideLookupInformation" value="false" valueType="boolean"/>
			<property name="displayFormat" value="" valueType="string"/>
			<property name="title" value="Netting Agreement ID" valueType="string"/>
			<property name="overrideNullable" value="DEFAULT" valueType="string"/>
		</object>
		<object type="Aggregation:detail" version="6">
			<property name="name" value="mrgn_agrmnt_id" valueType="string"/>
			<property name="description" value="" valueType="string"/>
			<property name="id" value="79278bc7-add3-47b6-8a7a-da35c4304d11" valueType="string"/>
			<property name="overrideLookupInformation" value="false" valueType="boolean"/>
			<property name="displayFormat" value="" valueType="string"/>
			<property name="title" value="Margin Agreement ID" valueType="string"/>
			<property name="overrideNullable" value="DEFAULT" valueType="string"/>
		</object>
		<object type="Aggregation:detail" version="6">
			<property name="name" value="id_saccr_hdgng_set" valueType="string"/>
			<property name="description" value="" valueType="string"/>
			<property name="id" value="d32300ef-05b4-4742-bbb7-da5858b3106a" valueType="string"/>
			<property name="overrideLookupInformation" value="false" valueType="boolean"/>
			<property name="displayFormat" value="" valueType="string"/>
			<property name="title" value="SACCR Hedging Set ID" valueType="string"/>
			<property name="overrideNullable" value="DEFAULT" valueType="string"/>
		</object>
		<object type="Aggregation:detail" version="6">
			<property name="name" value="enm_saccr_typ" valueType="string"/>
			<property name="description" value="" valueType="string"/>
			<property name="id" value="99ede0be-2297-41d6-a3e9-62bbfa4d0a5f" valueType="string"/>
			<property name="overrideLookupInformation" value="false" valueType="boolean"/>
			<property name="displayFormat" value="" valueType="string"/>
			<property name="title" value="SACCR Type" valueType="string"/>
			<property name="overrideNullable" value="DEFAULT" valueType="string"/>
		</object>
	</property>
	<property name="calcFields" valueType="table">
		<object type="Aggregation:calcField" version="7">
			<property name="name" value="unmrgnd_mrgnd_effctv_ntnl" valueType="string"/>
			<property name="description" value="" valueType="string"/>
			<property name="id" value="af0084fb-4959-4542-a5c8-53388367e22a" valueType="string"/>
			<property name="aggrMethod" value="SUM" valueType="string"/>
			<property name="calcTotal" value="true" valueType="boolean"/>
			<property name="calcFormula" valueType="table"/>
			<property name="displayFormat" value="" valueType="string"/>
			<property name="overrideLookupInformation" value="false" valueType="boolean"/>
			<property name="title" value="Unmargined Equivalent Margined Effective Notional" valueType="string"/>
			<property name="overrideNullable" value="DEFAULT" valueType="string"/>
		</object>
		<object type="Aggregation:calcField" version="7">
			<property name="name" value="sprvsry_fctr" valueType="string"/>
			<property name="description" value="" valueType="string"/>
			<property name="id" value="337d4fbb-42d5-420f-9fe7-95fe79f09889" valueType="string"/>
			<property name="aggrMethod" value="MAX" valueType="string"/>
			<property name="calcTotal" value="false" valueType="boolean"/>
			<property name="calcFormula" valueType="table"/>
			<property name="displayFormat" value="" valueType="string"/>
			<property name="overrideLookupInformation" value="false" valueType="boolean"/>
			<property name="title" value="Supervisory Factor" valueType="string"/>
			<property name="overrideNullable" value="DEFAULT" valueType="string"/>
		</object>
		<object type="Aggregation:calcField" version="7">
			<property name="name" value="abs_unmrgnd_mrgnd_effctv_ntnl" valueType="string"/>
			<property name="description" value="" valueType="string"/>
			<property name="id" value="c749e08b-34ad-4dcc-96d5-7264f76d664c" valueType="string"/>
			<property name="aggrMethod" value="SUM" valueType="string"/>
			<property name="calcTotal" value="true" valueType="boolean"/>
			<property name="calcFormula" valueType="table">
				<object type="SQLExpressionPart" version="2">
					<property name="value" value="ABS(" valueType="string"/>
				</object>
				<object type="Aggregation:localCalcFieldReference" version="7">
					<property name="value" valueType="url">Aggregation[this].calcFields["unmrgnd_mrgnd_effctv_ntnl"{af0084fb-4959-4542-a5c8-53388367e22a}]</property>
				</object>
				<object type="SQLExpressionPart" version="2">
					<property name="value" value=")" valueType="string"/>
				</object>
			</property>
			<property name="valueType" value="FLOAT" valueType="string"/>
			<property name="valueNullable" value="true" valueType="boolean"/>
			<property name="displayFormat" value="" valueType="string"/>
			<property name="overrideLookupInformation" value="false" valueType="boolean"/>
			<property name="title" value="Absolute Unmargined Equivalent Effective Notional" valueType="string"/>
			<property name="overrideNullable" value="DEFAULT" valueType="string"/>
		</object>
		<object type="Aggregation:calcField" version="7">
			<property name="name" value="rsk_pstn" valueType="string"/>
			<property name="description" value="" valueType="string"/>
			<property name="id" value="33545aa5-40ff-4d98-82e0-f7a796c942fc" valueType="string"/>
			<property name="aggrMethod" value="SUM" valueType="string"/>
			<property name="calcTotal" value="true" valueType="boolean"/>
			<property name="calcFormula" valueType="table"/>
			<property name="displayFormat" value="" valueType="string"/>
			<property name="overrideLookupInformation" value="false" valueType="boolean"/>
			<property name="title" value="Risk Position" valueType="string"/>
			<property name="overrideNullable" value="DEFAULT" valueType="string"/>
		</object>
		<object type="Aggregation:calcField" version="7">
			<property name="name" value="sprvsry_fctr_cffcnt" valueType="string"/>
			<property name="description" value="" valueType="string"/>
			<property name="id" value="4d6467f1-3750-491a-a0b8-034bd9a7e40d" valueType="string"/>
			<property name="aggrMethod" value="MAX" valueType="string"/>
			<property name="calcTotal" value="true" valueType="boolean"/>
			<property name="calcFormula" valueType="table"/>
			<property name="displayFormat" value="" valueType="string"/>
			<property name="overrideLookupInformation" value="false" valueType="boolean"/>
			<property name="title" value="Supervisory Factor Coefficient" valueType="string"/>
			<property name="overrideNullable" value="DEFAULT" valueType="string"/>
		</object>
		<object type="Aggregation:calcField" version="7">
			<property name="name" value="effctv_ntnl" valueType="string"/>
			<property name="description" value="" valueType="string"/>
			<property name="id" value="9f408b81-8a77-47ff-8d7c-646338fb9e1c" valueType="string"/>
			<property name="aggrMethod" value="SUM" valueType="string"/>
			<property name="calcTotal" value="true" valueType="boolean"/>
			<property name="calcFormula" valueType="table">
				<object type="Aggregation:localCalcFieldReference" version="7">
					<property name="value" valueType="url">Aggregation[this].calcFields["rsk_pstn"{33545aa5-40ff-4d98-82e0-f7a796c942fc}]</property>
				</object>
			</property>
			<property name="valueType" value="FLOAT" valueType="string"/>
			<property name="valueNullable" value="false" valueType="boolean"/>
			<property name="displayFormat" value="" valueType="string"/>
			<property name="overrideLookupInformation" value="false" valueType="boolean"/>
			<property name="title" value="Effective Notional" valueType="string"/>
			<property name="overrideNullable" value="DEFAULT" valueType="string"/>
		</object>
		<object type="Aggregation:calcField" version="7">
			<property name="name" value="abs_effctv_ntnl" valueType="string"/>
			<property name="description" value="" valueType="string"/>
			<property name="id" value="415d1a59-ba41-45c2-a34a-26218d17a54b" valueType="string"/>
			<property name="aggrMethod" value="SUM" valueType="string"/>
			<property name="calcTotal" value="true" valueType="boolean"/>
			<property name="calcFormula" valueType="table">
				<object type="SQLExpressionPart" version="2">
					<property name="value" value="ABS(" valueType="string"/>
				</object>
				<object type="Aggregation:localCalcFieldReference" version="7">
					<property name="value" valueType="url">Aggregation[this].calcFields["effctv_ntnl"{9f408b81-8a77-47ff-8d7c-646338fb9e1c}]</property>
				</object>
				<object type="SQLExpressionPart" version="2">
					<property name="value" value=")" valueType="string"/>
				</object>
			</property>
			<property name="valueType" value="FLOAT" valueType="string"/>
			<property name="valueNullable" value="true" valueType="boolean"/>
			<property name="displayFormat" value="" valueType="string"/>
			<property name="overrideLookupInformation" value="false" valueType="boolean"/>
			<property name="title" value="Absolute Effective Notional" valueType="string"/>
			<property name="overrideNullable" value="DEFAULT" valueType="string"/>
		</object>
		<object type="Aggregation:calcField" version="7">
			<property name="name" value="prmm_upfrnt_ind" valueType="string"/>
			<property name="description" value="" valueType="string"/>
			<property name="id" value="b1a5e5e4-8e2f-4bc2-b968-980feb111d6f" valueType="string"/>
			<property name="aggrMethod" value="MAX" valueType="string"/>
			<property name="calcTotal" value="false" valueType="boolean"/>
			<property name="calcFormula" valueType="table"/>
			<property name="displayFormat" value="" valueType="string"/>
			<property name="overrideLookupInformation" value="false" valueType="boolean"/>
			<property name="title" value="Premium Upfront Indicator" valueType="string"/>
			<property name="overrideNullable" value="DEFAULT" valueType="string"/>
		</object>
		<object type="Aggregation:calcField" version="7">
			<property name="name" value="uk_multi_mrgnd_mthd_ind" valueType="string"/>
			<property name="description" value="" valueType="string"/>
			<property name="id" value="c5041fa5-6ade-435c-9d6f-1abe9c759cbf" valueType="string"/>
			<property name="aggrMethod" value="MAX" valueType="string"/>
			<property name="calcTotal" value="false" valueType="boolean"/>
			<property name="calcFormula" valueType="table"/>
			<property name="displayFormat" value="" valueType="string"/>
			<property name="overrideLookupInformation" value="false" valueType="boolean"/>
			<property name="title" value="UK Multi Margined Method Indicator" valueType="string"/>
			<property name="overrideNullable" value="DEFAULT" valueType="string"/>
		</object>
	</property>
	<property name="auxFields" valueType="table">
		<object type="Aggregation:auxField" version="6">
			<property name="name" value="mtrty_fctr" valueType="string"/>
			<property name="description" value="Maturity Factor" valueType="string"/>
			<property name="id" value="97c15eaa-78e6-46e1-a3c8-c6bc55cd5438" valueType="string"/>
		</object>
		<object type="Aggregation:auxField" version="6">
			<property name="name" value="unmrgnd_mrgnd_mtrty_fctr" valueType="string"/>
			<property name="description" value="Unmargined Equivalent Margined Maturity Factor" valueType="string"/>
			<property name="id" value="97c39e8d-bd3f-4688-bde8-a49a24accb83" valueType="string"/>
		</object>
		<object type="Aggregation:auxField" version="6">
			<property name="name" value="prdct_of_delta_and_ntnl" valueType="string"/>
			<property name="description" value="Product of Delta and Notional" valueType="string"/>
			<property name="id" value="82982b1e-d60b-4a2e-942b-20b3c38d5f91" valueType="string"/>
		</object>
	</property>
	<property name="syntheticFields" valueType="table">
		<object type="Aggregation:syntheticField" version="7">
			<property name="name" value="add_on_hdgng_set" valueType="string"/>
			<property name="description" value="" valueType="string"/>
			<property name="id" value="6799ae35-be5d-430a-a74d-729cf5e317a1" valueType="string"/>
			<property name="formula" valueType="table">
				<object type="Aggregation:localCalcFieldReference" version="7">
					<property name="value" valueType="url">Aggregation[this].calcFields["sprvsry_fctr_cffcnt"{4d6467f1-3750-491a-a0b8-034bd9a7e40d}]</property>
				</object>
				<object type="SQLExpressionPart" version="2">
					<property name="value" value="*  " valueType="string"/>
				</object>
				<object type="Aggregation:localCalcFieldReference" version="7">
					<property name="value" valueType="url">Aggregation[this].calcFields["sprvsry_fctr"{337d4fbb-42d5-420f-9fe7-95fe79f09889}]</property>
				</object>
				<object type="SQLExpressionPart" version="2">
					<property name="value" value="  * ABS(" valueType="string"/>
				</object>
				<object type="Aggregation:localCalcFieldReference" version="7">
					<property name="value" valueType="url">Aggregation[this].calcFields["effctv_ntnl"{9f408b81-8a77-47ff-8d7c-646338fb9e1c}]</property>
				</object>
				<object type="SQLExpressionPart" version="2">
					<property name="value" value=")" valueType="string"/>
				</object>
			</property>
			<property name="calcTotal" value="true" valueType="boolean"/>
			<property name="valueType" value="FLOAT" valueType="string"/>
			<property name="valueNullable" value="false" valueType="boolean"/>
			<property name="title" value="Add-on Hedging Set" valueType="string"/>
			<property name="displayFormat" value="" valueType="string"/>
		</object>
		<object type="Aggregation:syntheticField" version="7">
			<property name="name" value="unmrgnd_mrgnd_add_on_hdgng_set" valueType="string"/>
			<property name="description" value="" valueType="string"/>
			<property name="id" value="b7a2b0be-8ce7-404e-8b95-e2127f6f8734" valueType="string"/>
			<property name="formula" valueType="table">
				<object type="Aggregation:localCalcFieldReference" version="7">
					<property name="value" valueType="url">Aggregation[this].calcFields["sprvsry_fctr_cffcnt"{4d6467f1-3750-491a-a0b8-034bd9a7e40d}]</property>
				</object>
				<object type="SQLExpressionPart" version="2">
					<property name="value" value=" *  " valueType="string"/>
				</object>
				<object type="Aggregation:localCalcFieldReference" version="7">
					<property name="value" valueType="url">Aggregation[this].calcFields["sprvsry_fctr"{337d4fbb-42d5-420f-9fe7-95fe79f09889}]</property>
				</object>
				<object type="SQLExpressionPart" version="2">
					<property name="value" value=" * ABS(" valueType="string"/>
				</object>
				<object type="Aggregation:localCalcFieldReference" version="7">
					<property name="value" valueType="url">Aggregation[this].calcFields["unmrgnd_mrgnd_effctv_ntnl"{af0084fb-4959-4542-a5c8-53388367e22a}]</property>
				</object>
				<object type="SQLExpressionPart" version="2">
					<property name="value" value=")" valueType="string"/>
				</object>
			</property>
			<property name="calcTotal" value="true" valueType="boolean"/>
			<property name="valueType" value="FLOAT" valueType="string"/>
			<property name="valueNullable" value="false" valueType="boolean"/>
			<property name="title" value="Absolute Unmargined Equivalent Add-on Hedging Set" valueType="string"/>
			<property name="displayFormat" value="" valueType="string"/>
		</object>
	</property>
	<property name="additionalIndices" valueType="table"/>
	<property name="mappings" valueType="table">
		<object type="Aggregation:mapping" version="7">
			<property name="field" valueType="object">
				<object type="Aggregation:localDetailReference" version="7">
					<property name="value" valueType="url">Aggregation[this].details["entity"{4d9973ed-c141-4a0a-8543-82acbf279632}]</property>
				</object>
			</property>
			<property name="fieldMapping" valueType="table">
				<object type="Aggregation:fieldMapping" version="7">
					<property name="model" valueType="object">
						<object type="DataModel:reference" version="3">
							<property name="value" valueType="url">DataModel["ModifyModel[EU_SACCR_Addon_Calculation].Aggregation[EU_Consolidated_SACCR_Positions]"{ModifyModel[9c04043f-7901-45ff-933f-2ce6a6b6ae70].Aggregation[1fdff296-3bfe-4ce5-b045-abcf5678ea1a]}]</property>
						</object>
					</property>
					<property name="expression" valueType="table">
						<object type="DataModel:fieldReference" version="3">
							<property name="value" valueType="url">DataModel["ModifyModel[EU_SACCR_Addon_Calculation].Aggregation[EU_Consolidated_SACCR_Positions]"{ModifyModel[9c04043f-7901-45ff-933f-2ce6a6b6ae70].Aggregation[1fdff296-3bfe-4ce5-b045-abcf5678ea1a]}].hierarchy["Aggregation"{1fdff296-3bfe-4ce5-b045-abcf5678ea1a}].dataSource.layout["entity"{2b51c5db-a176-4e3d-9d52-f7b66587ed6d}]</property>
						</object>
					</property>
				</object>
				<object type="Aggregation:fieldMapping" version="7">
					<property name="model" valueType="object">
						<object type="DataModel:reference" version="3">
							<property name="value" valueType="url">DataModel["ModifyModel[EU_SACCR_Addon_Calculation_MRD].Aggregation[EU_SACCR_Consolidated_MRD_Inputs]"{ModifyModel[3516833f-5c17-46a8-ab49-cc931e0f434c].Aggregation[9cddecd8-ba28-4175-9cc5-6fcdd30dbc72]}]</property>
						</object>
					</property>
					<property name="expression" valueType="table">
						<object type="DataModel:fieldReference" version="3">
							<property name="value" valueType="url">DataModel["ModifyModel[EU_SACCR_Addon_Calculation_MRD].Aggregation[EU_SACCR_Consolidated_MRD_Inputs]"{ModifyModel[3516833f-5c17-46a8-ab49-cc931e0f434c].Aggregation[9cddecd8-ba28-4175-9cc5-6fcdd30dbc72]}].hierarchy["Aggregation"{9cddecd8-ba28-4175-9cc5-6fcdd30dbc72}].dataSource.layout["entity"{0a36a161-b01a-4231-8e95-7487e1c7835e}]</property>
						</object>
					</property>
				</object>
			</property>
		</object>
		<object type="Aggregation:mapping" version="7">
			<property name="field" valueType="object">
				<object type="Aggregation:localDetailReference" version="7">
					<property name="value" valueType="url">Aggregation[this].details["nttng_agrmnt_id"{919d54a8-ead7-42ca-a46d-6388d627e63a}]</property>
				</object>
			</property>
			<property name="fieldMapping" valueType="table">
				<object type="Aggregation:fieldMapping" version="7">
					<property name="model" valueType="object">
						<object type="DataModel:reference" version="3">
							<property name="value" valueType="url">DataModel["ModifyModel[EU_SACCR_Addon_Calculation].Aggregation[EU_Consolidated_SACCR_Positions]"{ModifyModel[9c04043f-7901-45ff-933f-2ce6a6b6ae70].Aggregation[1fdff296-3bfe-4ce5-b045-abcf5678ea1a]}]</property>
						</object>
					</property>
					<property name="expression" valueType="table">
						<object type="DataModel:fieldReference" version="3">
							<property name="value" valueType="url">DataModel["ModifyModel[EU_SACCR_Addon_Calculation].Aggregation[EU_Consolidated_SACCR_Positions]"{ModifyModel[9c04043f-7901-45ff-933f-2ce6a6b6ae70].Aggregation[1fdff296-3bfe-4ce5-b045-abcf5678ea1a]}].hierarchy["Aggregation"{1fdff296-3bfe-4ce5-b045-abcf5678ea1a}].dataSource.layout["id_nttng_agrmnt"{45aed8d7-00f0-404d-9af1-5a2720a2f585}]</property>
						</object>
					</property>
				</object>
				<object type="Aggregation:fieldMapping" version="7">
					<property name="model" valueType="object">
						<object type="DataModel:reference" version="3">
							<property name="value" valueType="url">DataModel["ModifyModel[EU_SACCR_Addon_Calculation_MRD].Aggregation[EU_SACCR_Consolidated_MRD_Inputs]"{ModifyModel[3516833f-5c17-46a8-ab49-cc931e0f434c].Aggregation[9cddecd8-ba28-4175-9cc5-6fcdd30dbc72]}]</property>
						</object>
					</property>
					<property name="expression" valueType="table">
						<object type="DataModel:fieldReference" version="3">
							<property name="value" valueType="url">DataModel["ModifyModel[EU_SACCR_Addon_Calculation_MRD].Aggregation[EU_SACCR_Consolidated_MRD_Inputs]"{ModifyModel[3516833f-5c17-46a8-ab49-cc931e0f434c].Aggregation[9cddecd8-ba28-4175-9cc5-6fcdd30dbc72]}].hierarchy["saccr_consol"{6b15d2cc-4a2c-4591-8e45-83932044e340}].dataSource.layout["id_nttng_agrmnt"{45aed8d7-00f0-404d-9af1-5a2720a2f585}]</property>
						</object>
					</property>
				</object>
			</property>
		</object>
		<object type="Aggregation:mapping" version="7">
			<property name="field" valueType="object">
				<object type="Aggregation:localDetailReference" version="7">
					<property name="value" valueType="url">Aggregation[this].details["mrgn_agrmnt_id"{79278bc7-add3-47b6-8a7a-da35c4304d11}]</property>
				</object>
			</property>
			<property name="fieldMapping" valueType="table">
				<object type="Aggregation:fieldMapping" version="7">
					<property name="model" valueType="object">
						<object type="DataModel:reference" version="3">
							<property name="value" valueType="url">DataModel["ModifyModel[EU_SACCR_Addon_Calculation].Aggregation[EU_Consolidated_SACCR_Positions]"{ModifyModel[9c04043f-7901-45ff-933f-2ce6a6b6ae70].Aggregation[1fdff296-3bfe-4ce5-b045-abcf5678ea1a]}]</property>
						</object>
					</property>
					<property name="expression" valueType="table">
						<object type="DataModel:fieldReference" version="3">
							<property name="value" valueType="url">DataModel["ModifyModel[EU_SACCR_Addon_Calculation].Aggregation[EU_Consolidated_SACCR_Positions]"{ModifyModel[9c04043f-7901-45ff-933f-2ce6a6b6ae70].Aggregation[1fdff296-3bfe-4ce5-b045-abcf5678ea1a]}].hierarchy["Aggregation"{1fdff296-3bfe-4ce5-b045-abcf5678ea1a}].dataSource.layout["id_mrgn_agrmnt"{80d26e7e-8248-4285-8bda-b9b42f26aaad}]</property>
						</object>
					</property>
				</object>
				<object type="Aggregation:fieldMapping" version="7">
					<property name="model" valueType="object">
						<object type="DataModel:reference" version="3">
							<property name="value" valueType="url">DataModel["ModifyModel[EU_SACCR_Addon_Calculation_MRD].Aggregation[EU_SACCR_Consolidated_MRD_Inputs]"{ModifyModel[3516833f-5c17-46a8-ab49-cc931e0f434c].Aggregation[9cddecd8-ba28-4175-9cc5-6fcdd30dbc72]}]</property>
						</object>
					</property>
					<property name="expression" valueType="table">
						<object type="DataModel:fieldReference" version="3">
							<property name="value" valueType="url">DataModel["ModifyModel[EU_SACCR_Addon_Calculation_MRD].Aggregation[EU_SACCR_Consolidated_MRD_Inputs]"{ModifyModel[3516833f-5c17-46a8-ab49-cc931e0f434c].Aggregation[9cddecd8-ba28-4175-9cc5-6fcdd30dbc72]}].hierarchy["saccr_consol"{6b15d2cc-4a2c-4591-8e45-83932044e340}].dataSource.layout["id_mrgn_agrmnt"{80d26e7e-8248-4285-8bda-b9b42f26aaad}]</property>
						</object>
					</property>
				</object>
			</property>
		</object>
		<object type="Aggregation:mapping" version="7">
			<property name="field" valueType="object">
				<object type="Aggregation:localDetailReference" version="7">
					<property name="value" valueType="url">Aggregation[this].details["id_saccr_hdgng_set"{d32300ef-05b4-4742-bbb7-da5858b3106a}]</property>
				</object>
			</property>
			<property name="fieldMapping" valueType="table">
				<object type="Aggregation:fieldMapping" version="7">
					<property name="model" valueType="object">
						<object type="DataModel:reference" version="3">
							<property name="value" valueType="url">DataModel["ModifyModel[EU_SACCR_Addon_Calculation].Aggregation[EU_Consolidated_SACCR_Positions]"{ModifyModel[9c04043f-7901-45ff-933f-2ce6a6b6ae70].Aggregation[1fdff296-3bfe-4ce5-b045-abcf5678ea1a]}]</property>
						</object>
					</property>
					<property name="expression" valueType="table">
						<object type="DataModel:fieldReference" version="3">
							<property name="value" valueType="url">DataModel["ModifyModel[EU_SACCR_Addon_Calculation].Aggregation[EU_Consolidated_SACCR_Positions]"{ModifyModel[9c04043f-7901-45ff-933f-2ce6a6b6ae70].Aggregation[1fdff296-3bfe-4ce5-b045-abcf5678ea1a]}].hierarchy["Aggregation"{1fdff296-3bfe-4ce5-b045-abcf5678ea1a}].dataSource.layout["id_saccr_hdgng_set"{28f57abf-24d1-4f99-aceb-f067b7198c50}]</property>
						</object>
					</property>
				</object>
				<object type="Aggregation:fieldMapping" version="7">
					<property name="model" valueType="object">
						<object type="DataModel:reference" version="3">
							<property name="value" valueType="url">DataModel["ModifyModel[EU_SACCR_Addon_Calculation_MRD].Aggregation[EU_SACCR_Consolidated_MRD_Inputs]"{ModifyModel[3516833f-5c17-46a8-ab49-cc931e0f434c].Aggregation[9cddecd8-ba28-4175-9cc5-6fcdd30dbc72]}]</property>
						</object>
					</property>
					<property name="expression" valueType="table">
						<object type="DataModel:fieldReference" version="3">
							<property name="value" valueType="url">DataModel["ModifyModel[EU_SACCR_Addon_Calculation_MRD].Aggregation[EU_SACCR_Consolidated_MRD_Inputs]"{ModifyModel[3516833f-5c17-46a8-ab49-cc931e0f434c].Aggregation[9cddecd8-ba28-4175-9cc5-6fcdd30dbc72]}].hierarchy["Aggregation"{9cddecd8-ba28-4175-9cc5-6fcdd30dbc72}].dataSource.layout["id_saccr_hdgng_set"{44dfbd89-4c18-4545-b77f-0306c4534aa2}]</property>
						</object>
					</property>
				</object>
			</property>
		</object>
		<object type="Aggregation:mapping" version="7">
			<property name="field" valueType="object">
				<object type="Aggregation:localDetailReference" version="7">
					<property name="value" valueType="url">Aggregation[this].details["enm_saccr_typ"{99ede0be-2297-41d6-a3e9-62bbfa4d0a5f}]</property>
				</object>
			</property>
			<property name="fieldMapping" valueType="table">
				<object type="Aggregation:fieldMapping" version="7">
					<property name="model" valueType="object">
						<object type="DataModel:reference" version="3">
							<property name="value" valueType="url">DataModel["ModifyModel[EU_SACCR_Addon_Calculation].Aggregation[EU_Consolidated_SACCR_Positions]"{ModifyModel[9c04043f-7901-45ff-933f-2ce6a6b6ae70].Aggregation[1fdff296-3bfe-4ce5-b045-abcf5678ea1a]}]</property>
						</object>
					</property>
					<property name="expression" valueType="table">
						<object type="DataModel:fieldReference" version="3">
							<property name="value" valueType="url">DataModel["ModifyModel[EU_SACCR_Addon_Calculation].Aggregation[EU_Consolidated_SACCR_Positions]"{ModifyModel[9c04043f-7901-45ff-933f-2ce6a6b6ae70].Aggregation[1fdff296-3bfe-4ce5-b045-abcf5678ea1a]}].hierarchy["Aggregation"{1fdff296-3bfe-4ce5-b045-abcf5678ea1a}].dataSource.layout["enm_saccr_typ"{8a20362b-fe10-4746-85f6-f44734159108}]</property>
						</object>
					</property>
				</object>
				<object type="Aggregation:fieldMapping" version="7">
					<property name="model" valueType="object">
						<object type="DataModel:reference" version="3">
							<property name="value" valueType="url">DataModel["ModifyModel[EU_SACCR_Addon_Calculation_MRD].Aggregation[EU_SACCR_Consolidated_MRD_Inputs]"{ModifyModel[3516833f-5c17-46a8-ab49-cc931e0f434c].Aggregation[9cddecd8-ba28-4175-9cc5-6fcdd30dbc72]}]</property>
						</object>
					</property>
					<property name="expression" valueType="table">
						<object type="DataModel:fieldReference" version="3">
							<property name="value" valueType="url">DataModel["ModifyModel[EU_SACCR_Addon_Calculation_MRD].Aggregation[EU_SACCR_Consolidated_MRD_Inputs]"{ModifyModel[3516833f-5c17-46a8-ab49-cc931e0f434c].Aggregation[9cddecd8-ba28-4175-9cc5-6fcdd30dbc72]}].hierarchy["saccr_consol"{6b15d2cc-4a2c-4591-8e45-83932044e340}].dataSource.layout["enm_saccr_typ"{8a20362b-fe10-4746-85f6-f44734159108}]</property>
						</object>
					</property>
				</object>
			</property>
		</object>
		<object type="Aggregation:mapping" version="7">
			<property name="field" valueType="object">
				<object type="Aggregation:localCalcFieldReference" version="7">
					<property name="value" valueType="url">Aggregation[this].calcFields["unmrgnd_mrgnd_effctv_ntnl"{af0084fb-4959-4542-a5c8-53388367e22a}]</property>
				</object>
			</property>
			<property name="fieldMapping" valueType="table">
				<object type="Aggregation:fieldMapping" version="7">
					<property name="model" valueType="object">
						<object type="DataModel:reference" version="3">
							<property name="value" valueType="url">DataModel["ModifyModel[EU_SACCR_Addon_Calculation].Aggregation[EU_Consolidated_SACCR_Positions]"{ModifyModel[9c04043f-7901-45ff-933f-2ce6a6b6ae70].Aggregation[1fdff296-3bfe-4ce5-b045-abcf5678ea1a]}]</property>
						</object>
					</property>
					<property name="expression" valueType="table">
						<object type="SQLPattern" version="3">
							<property name="name" value="round" valueType="string"/>
							<property name="parameters" valueType="table">
								<object type="SQLPattern:parameter" version="3">
									<property name="expressions" valueType="table">
										<object type="SQLPattern" version="3">
											<property name="name" value="isNull" valueType="string"/>
											<property name="parameters" valueType="table">
												<object type="SQLPattern:parameter" version="3">
													<property name="expressions" valueType="table">
														<object type="DataModel:fieldReference" version="3">
															<property name="value" valueType="url">DataModel["ModifyModel[EU_SACCR_Addon_Calculation].Aggregation[EU_Consolidated_SACCR_Positions]"{ModifyModel[9c04043f-7901-45ff-933f-2ce6a6b6ae70].Aggregation[1fdff296-3bfe-4ce5-b045-abcf5678ea1a]}].hierarchy["digital_effective_notional"{3153c96b-9d81-440c-97ba-c91fb4d0795e}].dataSource.layout["unmrg_mrg_final_effctv_ntnl"{74d05346-ba17-4f5e-83c3-eb42f58f3fdb}]</property>
														</object>
													</property>
												</object>
												<object type="SQLPattern:parameter" version="3">
													<property name="expressions" valueType="table">
														<object type="SQLPattern" version="3">
															<property name="name" value="isNull" valueType="string"/>
															<property name="parameters" valueType="table">
																<object type="SQLPattern:parameter" version="3">
																	<property name="expressions" valueType="table">
																		<object type="DataModel:fieldReference" version="3">
																			<property name="value" valueType="url">DataModel["ModifyModel[EU_SACCR_Addon_Calculation].Aggregation[EU_Consolidated_SACCR_Positions]"{ModifyModel[9c04043f-7901-45ff-933f-2ce6a6b6ae70].Aggregation[1fdff296-3bfe-4ce5-b045-abcf5678ea1a]}].hierarchy["supervisory_delta"{4619e83a-1b35-46b0-8dcb-21ce709b6bf9}].dataSource.layout["sprvsry_delta"{1b79cc1b-785c-4a09-a1a2-d283614391f5}]</property>
																		</object>
																	</property>
																</object>
																<object type="SQLPattern:parameter" version="3">
																	<property name="expressions" valueType="table">
																		<object type="DataModel:fieldReference" version="3">
																			<property name="value" valueType="url">DataModel["ModifyModel[EU_SACCR_Addon_Calculation].Aggregation[EU_Consolidated_SACCR_Positions]"{ModifyModel[9c04043f-7901-45ff-933f-2ce6a6b6ae70].Aggregation[1fdff296-3bfe-4ce5-b045-abcf5678ea1a]}].hierarchy["supervisory_delta_option"{f83eb83a-f066-4abf-a972-0ebc97ddc0ba}].dataSource.layout["sprvsry_delta"{sprvsry_delta}]</property>
																		</object>
																	</property>
																</object>
															</property>
														</object>
														<object type="SQLExpressionPart" version="2">
															<property name="value" value=" * " valueType="string"/>
														</object>
														<object type="DataModel:fieldReference" version="3">
															<property name="value" valueType="url">DataModel["ModifyModel[EU_SACCR_Addon_Calculation].Aggregation[EU_Consolidated_SACCR_Positions]"{ModifyModel[9c04043f-7901-45ff-933f-2ce6a6b6ae70].Aggregation[1fdff296-3bfe-4ce5-b045-abcf5678ea1a]}].hierarchy["adjusted_notional"{8f0f26a6-cfc5-491d-bb2c-55f6383fa782}].dataSource.layout["adjstd_ntnl"{585f3919-17e1-496b-87ad-e3f7352db0b2}]</property>
														</object>
														<object type="SQLExpressionPart" version="2">
															<property name="value" value=" * " valueType="string"/>
														</object>
														<object type="DataModel:fieldReference" version="3">
															<property name="value" valueType="url">DataModel["ModifyModel[EU_SACCR_Addon_Calculation].Aggregation[EU_Consolidated_SACCR_Positions]"{ModifyModel[9c04043f-7901-45ff-933f-2ce6a6b6ae70].Aggregation[1fdff296-3bfe-4ce5-b045-abcf5678ea1a]}].hierarchy["maturity_factor"{b06846bd-13de-437f-9c6a-fd2d3cae48d5}].dataSource.layout["unmrgnd_mrgnd_mtrty_fctr"{07b5872d-5aa7-4bc1-ad93-8592a5df1f12}]</property>
														</object>
													</property>
												</object>
											</property>
										</object>
									</property>
								</object>
								<object type="SQLPattern:parameter" version="3">
									<property name="expressions" valueType="table">
										<object type="SQLExpressionPart" version="2">
											<property name="value" value="6" valueType="string"/>
										</object>
									</property>
								</object>
							</property>
						</object>
					</property>
					<property name="valueNullable" value="false" valueType="boolean"/>
					<property name="valueType" value="FLOAT" valueType="string"/>
				</object>
				<object type="Aggregation:fieldMapping" version="7">
					<property name="model" valueType="object">
						<object type="DataModel:reference" version="3">
							<property name="value" valueType="url">DataModel["ModifyModel[EU_SACCR_Addon_Calculation_MRD].Aggregation[EU_SACCR_Consolidated_MRD_Inputs]"{ModifyModel[3516833f-5c17-46a8-ab49-cc931e0f434c].Aggregation[9cddecd8-ba28-4175-9cc5-6fcdd30dbc72]}]</property>
						</object>
					</property>
					<property name="expression" valueType="table">
						<object type="SQLPattern" version="3">
							<property name="name" value="round" valueType="string"/>
							<property name="parameters" valueType="table">
								<object type="SQLPattern:parameter" version="3">
									<property name="expressions" valueType="table">
										<object type="SQLPattern" version="3">
											<property name="name" value="isNull" valueType="string"/>
											<property name="parameters" valueType="table">
												<object type="SQLPattern:parameter" version="3">
													<property name="expressions" valueType="table">
														<object type="DataModel:fieldReference" version="3">
															<property name="value" valueType="url">DataModel["ModifyModel[EU_SACCR_Addon_Calculation_MRD].Aggregation[EU_SACCR_Consolidated_MRD_Inputs]"{ModifyModel[3516833f-5c17-46a8-ab49-cc931e0f434c].Aggregation[9cddecd8-ba28-4175-9cc5-6fcdd30dbc72]}].hierarchy["digital_effective_notional"{747e54e8-aba3-40af-ad15-2c1e593318d5}].dataSource.layout["unmrg_mrg_final_effctv_ntnl"{74d05346-ba17-4f5e-83c3-eb42f58f3fdb}]</property>
														</object>
													</property>
												</object>
												<object type="SQLPattern:parameter" version="3">
													<property name="expressions" valueType="table">
														<object type="SQLPattern" version="3">
															<property name="name" value="isNull" valueType="string"/>
															<property name="parameters" valueType="table">
																<object type="SQLPattern:parameter" version="3">
																	<property name="expressions" valueType="table">
																		<object type="DataModel:fieldReference" version="3">
																			<property name="value" valueType="url">DataModel["ModifyModel[EU_SACCR_Addon_Calculation_MRD].Aggregation[EU_SACCR_Consolidated_MRD_Inputs]"{ModifyModel[3516833f-5c17-46a8-ab49-cc931e0f434c].Aggregation[9cddecd8-ba28-4175-9cc5-6fcdd30dbc72]}].hierarchy["supervisory_delta"{4619e83a-1b35-46b0-8dcb-21ce709b6bf9}].dataSource.layout["sprvsry_delta"{1b79cc1b-785c-4a09-a1a2-d283614391f5}]</property>
																		</object>
																	</property>
																</object>
																<object type="SQLPattern:parameter" version="3">
																	<property name="expressions" valueType="table">
																		<object type="DataModel:fieldReference" version="3">
																			<property name="value" valueType="url">DataModel["ModifyModel[EU_SACCR_Addon_Calculation_MRD].Aggregation[EU_SACCR_Consolidated_MRD_Inputs]"{ModifyModel[3516833f-5c17-46a8-ab49-cc931e0f434c].Aggregation[9cddecd8-ba28-4175-9cc5-6fcdd30dbc72]}].hierarchy["supervisory_delta_option"{f83eb83a-f066-4abf-a972-0ebc97ddc0ba}].dataSource.layout["sprvsry_delta"{sprvsry_delta}]</property>
																		</object>
																	</property>
																</object>
															</property>
														</object>
														<object type="SQLExpressionPart" version="2">
															<property name="value" value=" * " valueType="string"/>
														</object>
														<object type="DataModel:fieldReference" version="3">
															<property name="value" valueType="url">DataModel["ModifyModel[EU_SACCR_Addon_Calculation_MRD].Aggregation[EU_SACCR_Consolidated_MRD_Inputs]"{ModifyModel[3516833f-5c17-46a8-ab49-cc931e0f434c].Aggregation[9cddecd8-ba28-4175-9cc5-6fcdd30dbc72]}].hierarchy["adjusted_notional"{8f0f26a6-cfc5-491d-bb2c-55f6383fa782}].dataSource.layout["adjstd_ntnl"{585f3919-17e1-496b-87ad-e3f7352db0b2}]</property>
														</object>
														<object type="SQLExpressionPart" version="2">
															<property name="value" value=" * " valueType="string"/>
														</object>
														<object type="DataModel:fieldReference" version="3">
															<property name="value" valueType="url">DataModel["ModifyModel[EU_SACCR_Addon_Calculation_MRD].Aggregation[EU_SACCR_Consolidated_MRD_Inputs]"{ModifyModel[3516833f-5c17-46a8-ab49-cc931e0f434c].Aggregation[9cddecd8-ba28-4175-9cc5-6fcdd30dbc72]}].hierarchy["maturity_factor"{b06846bd-13de-437f-9c6a-fd2d3cae48d5}].dataSource.layout["unmrgnd_mrgnd_mtrty_fctr"{07b5872d-5aa7-4bc1-ad93-8592a5df1f12}]</property>
														</object>
													</property>
												</object>
											</property>
										</object>
									</property>
								</object>
								<object type="SQLPattern:parameter" version="3">
									<property name="expressions" valueType="table">
										<object type="SQLExpressionPart" version="2">
											<property name="value" value="6" valueType="string"/>
										</object>
									</property>
								</object>
							</property>
						</object>
					</property>
					<property name="valueNullable" value="false" valueType="boolean"/>
					<property name="valueType" value="FLOAT" valueType="string"/>
				</object>
			</property>
		</object>
		<object type="Aggregation:mapping" version="7">
			<property name="field" valueType="object">
				<object type="Aggregation:localCalcFieldReference" version="7">
					<property name="value" valueType="url">Aggregation[this].calcFields["sprvsry_fctr"{337d4fbb-42d5-420f-9fe7-95fe79f09889}]</property>
				</object>
			</property>
			<property name="fieldMapping" valueType="table">
				<object type="Aggregation:fieldMapping" version="7">
					<property name="model" valueType="object">
						<object type="DataModel:reference" version="3">
							<property name="value" valueType="url">DataModel["ModifyModel[EU_SACCR_Addon_Calculation].Aggregation[EU_Consolidated_SACCR_Positions]"{ModifyModel[9c04043f-7901-45ff-933f-2ce6a6b6ae70].Aggregation[1fdff296-3bfe-4ce5-b045-abcf5678ea1a]}]</property>
						</object>
					</property>
					<property name="expression" valueType="table">
						<object type="DataModel:fieldReference" version="3">
							<property name="value" valueType="url">DataModel["ModifyModel[EU_SACCR_Addon_Calculation].Aggregation[EU_Consolidated_SACCR_Positions]"{ModifyModel[9c04043f-7901-45ff-933f-2ce6a6b6ae70].Aggregation[1fdff296-3bfe-4ce5-b045-abcf5678ea1a]}].hierarchy["supervisory_par"{be535e6f-32b7-449b-a022-44db0e37ae6a}].dataSource.layout["sprvsry_fctr"{e868a7be-0c2e-49e0-8fff-2d9b91088e8f}]</property>
						</object>
					</property>
				</object>
				<object type="Aggregation:fieldMapping" version="7">
					<property name="model" valueType="object">
						<object type="DataModel:reference" version="3">
							<property name="value" valueType="url">DataModel["ModifyModel[EU_SACCR_Addon_Calculation_MRD].Aggregation[EU_SACCR_Consolidated_MRD_Inputs]"{ModifyModel[3516833f-5c17-46a8-ab49-cc931e0f434c].Aggregation[9cddecd8-ba28-4175-9cc5-6fcdd30dbc72]}]</property>
						</object>
					</property>
					<property name="expression" valueType="table">
						<object type="DataModel:fieldReference" version="3">
							<property name="value" valueType="url">DataModel["ModifyModel[EU_SACCR_Addon_Calculation_MRD].Aggregation[EU_SACCR_Consolidated_MRD_Inputs]"{ModifyModel[3516833f-5c17-46a8-ab49-cc931e0f434c].Aggregation[9cddecd8-ba28-4175-9cc5-6fcdd30dbc72]}].hierarchy["supervisory_par"{be535e6f-32b7-449b-a022-44db0e37ae6a}].dataSource.layout["sprvsry_fctr"{e868a7be-0c2e-49e0-8fff-2d9b91088e8f}]</property>
						</object>
					</property>
				</object>
			</property>
		</object>
		<object type="Aggregation:mapping" version="7">
			<property name="field" valueType="object">
				<object type="Aggregation:localCalcFieldReference" version="7">
					<property name="value" valueType="url">Aggregation[this].calcFields["rsk_pstn"{33545aa5-40ff-4d98-82e0-f7a796c942fc}]</property>
				</object>
			</property>
			<property name="fieldMapping" valueType="table">
				<object type="Aggregation:fieldMapping" version="7">
					<property name="model" valueType="object">
						<object type="DataModel:reference" version="3">
							<property name="value" valueType="url">DataModel["ModifyModel[EU_SACCR_Addon_Calculation].Aggregation[EU_Consolidated_SACCR_Positions]"{ModifyModel[9c04043f-7901-45ff-933f-2ce6a6b6ae70].Aggregation[1fdff296-3bfe-4ce5-b045-abcf5678ea1a]}]</property>
						</object>
					</property>
					<property name="expression" valueType="table">
						<object type="SQLPattern" version="3">
							<property name="name" value="round" valueType="string"/>
							<property name="parameters" valueType="table">
								<object type="SQLPattern:parameter" version="3">
									<property name="expressions" valueType="table">
										<object type="SQLPattern" version="3">
											<property name="name" value="isNull" valueType="string"/>
											<property name="parameters" valueType="table">
												<object type="SQLPattern:parameter" version="3">
													<property name="expressions" valueType="table">
														<object type="DataModel:fieldReference" version="3">
															<property name="value" valueType="url">DataModel["ModifyModel[EU_SACCR_Addon_Calculation].Aggregation[EU_Consolidated_SACCR_Positions]"{ModifyModel[9c04043f-7901-45ff-933f-2ce6a6b6ae70].Aggregation[1fdff296-3bfe-4ce5-b045-abcf5678ea1a]}].hierarchy["digital_effective_notional"{3153c96b-9d81-440c-97ba-c91fb4d0795e}].dataSource.layout["final_effctv_ntnl"{cdcc7383-bc50-4c90-a677-f62d701f1d56}]</property>
														</object>
													</property>
												</object>
												<object type="SQLPattern:parameter" version="3">
													<property name="expressions" valueType="table">
														<object type="SQLPattern" version="3">
															<property name="name" value="isNull" valueType="string"/>
															<property name="parameters" valueType="table">
																<object type="SQLPattern:parameter" version="3">
																	<property name="expressions" valueType="table">
																		<object type="DataModel:fieldReference" version="3">
																			<property name="value" valueType="url">DataModel["ModifyModel[EU_SACCR_Addon_Calculation].Aggregation[EU_Consolidated_SACCR_Positions]"{ModifyModel[9c04043f-7901-45ff-933f-2ce6a6b6ae70].Aggregation[1fdff296-3bfe-4ce5-b045-abcf5678ea1a]}].hierarchy["supervisory_delta"{4619e83a-1b35-46b0-8dcb-21ce709b6bf9}].dataSource.layout["sprvsry_delta"{1b79cc1b-785c-4a09-a1a2-d283614391f5}]</property>
																		</object>
																	</property>
																</object>
																<object type="SQLPattern:parameter" version="3">
																	<property name="expressions" valueType="table">
																		<object type="DataModel:fieldReference" version="3">
																			<property name="value" valueType="url">DataModel["ModifyModel[EU_SACCR_Addon_Calculation].Aggregation[EU_Consolidated_SACCR_Positions]"{ModifyModel[9c04043f-7901-45ff-933f-2ce6a6b6ae70].Aggregation[1fdff296-3bfe-4ce5-b045-abcf5678ea1a]}].hierarchy["supervisory_delta_option"{f83eb83a-f066-4abf-a972-0ebc97ddc0ba}].dataSource.layout["sprvsry_delta"{sprvsry_delta}]</property>
																		</object>
																	</property>
																</object>
															</property>
														</object>
														<object type="SQLExpressionPart" version="2">
															<property name="value" value=" * " valueType="string"/>
														</object>
														<object type="DataModel:fieldReference" version="3">
															<property name="value" valueType="url">DataModel["ModifyModel[EU_SACCR_Addon_Calculation].Aggregation[EU_Consolidated_SACCR_Positions]"{ModifyModel[9c04043f-7901-45ff-933f-2ce6a6b6ae70].Aggregation[1fdff296-3bfe-4ce5-b045-abcf5678ea1a]}].hierarchy["adjusted_notional"{8f0f26a6-cfc5-491d-bb2c-55f6383fa782}].dataSource.layout["adjstd_ntnl"{585f3919-17e1-496b-87ad-e3f7352db0b2}]</property>
														</object>
														<object type="SQLExpressionPart" version="2">
															<property name="value" value=" * " valueType="string"/>
														</object>
														<object type="DataModel:fieldReference" version="3">
															<property name="value" valueType="url">DataModel["ModifyModel[EU_SACCR_Addon_Calculation].Aggregation[EU_Consolidated_SACCR_Positions]"{ModifyModel[9c04043f-7901-45ff-933f-2ce6a6b6ae70].Aggregation[1fdff296-3bfe-4ce5-b045-abcf5678ea1a]}].hierarchy["maturity_factor"{b06846bd-13de-437f-9c6a-fd2d3cae48d5}].dataSource.layout["mtrty_fctr"{5a4ff41b-0358-4c1a-9dab-6a92d69def4a}]</property>
														</object>
													</property>
												</object>
											</property>
										</object>
									</property>
								</object>
								<object type="SQLPattern:parameter" version="3">
									<property name="expressions" valueType="table">
										<object type="SQLExpressionPart" version="2">
											<property name="value" value="6" valueType="string"/>
										</object>
									</property>
								</object>
							</property>
						</object>
					</property>
					<property name="valueNullable" value="false" valueType="boolean"/>
					<property name="valueType" value="FLOAT" valueType="string"/>
				</object>
				<object type="Aggregation:fieldMapping" version="7">
					<property name="model" valueType="object">
						<object type="DataModel:reference" version="3">
							<property name="value" valueType="url">DataModel["ModifyModel[EU_SACCR_Addon_Calculation_MRD].Aggregation[EU_SACCR_Consolidated_MRD_Inputs]"{ModifyModel[3516833f-5c17-46a8-ab49-cc931e0f434c].Aggregation[9cddecd8-ba28-4175-9cc5-6fcdd30dbc72]}]</property>
						</object>
					</property>
					<property name="expression" valueType="table">
						<object type="SQLPattern" version="3">
							<property name="name" value="round" valueType="string"/>
							<property name="parameters" valueType="table">
								<object type="SQLPattern:parameter" version="3">
									<property name="expressions" valueType="table">
										<object type="SQLPattern" version="3">
											<property name="name" value="isNull" valueType="string"/>
											<property name="parameters" valueType="table">
												<object type="SQLPattern:parameter" version="3">
													<property name="expressions" valueType="table">
														<object type="DataModel:fieldReference" version="3">
															<property name="value" valueType="url">DataModel["ModifyModel[EU_SACCR_Addon_Calculation_MRD].Aggregation[EU_SACCR_Consolidated_MRD_Inputs]"{ModifyModel[3516833f-5c17-46a8-ab49-cc931e0f434c].Aggregation[9cddecd8-ba28-4175-9cc5-6fcdd30dbc72]}].hierarchy["digital_effective_notional"{747e54e8-aba3-40af-ad15-2c1e593318d5}].dataSource.layout["final_effctv_ntnl"{cdcc7383-bc50-4c90-a677-f62d701f1d56}]</property>
														</object>
													</property>
												</object>
												<object type="SQLPattern:parameter" version="3">
													<property name="expressions" valueType="table">
														<object type="SQLPattern" version="3">
															<property name="name" value="isNull" valueType="string"/>
															<property name="parameters" valueType="table">
																<object type="SQLPattern:parameter" version="3">
																	<property name="expressions" valueType="table">
																		<object type="DataModel:fieldReference" version="3">
																			<property name="value" valueType="url">DataModel["ModifyModel[EU_SACCR_Addon_Calculation_MRD].Aggregation[EU_SACCR_Consolidated_MRD_Inputs]"{ModifyModel[3516833f-5c17-46a8-ab49-cc931e0f434c].Aggregation[9cddecd8-ba28-4175-9cc5-6fcdd30dbc72]}].hierarchy["supervisory_delta"{4619e83a-1b35-46b0-8dcb-21ce709b6bf9}].dataSource.layout["sprvsry_delta"{1b79cc1b-785c-4a09-a1a2-d283614391f5}]</property>
																		</object>
																	</property>
																</object>
																<object type="SQLPattern:parameter" version="3">
																	<property name="expressions" valueType="table">
																		<object type="DataModel:fieldReference" version="3">
																			<property name="value" valueType="url">DataModel["ModifyModel[EU_SACCR_Addon_Calculation_MRD].Aggregation[EU_SACCR_Consolidated_MRD_Inputs]"{ModifyModel[3516833f-5c17-46a8-ab49-cc931e0f434c].Aggregation[9cddecd8-ba28-4175-9cc5-6fcdd30dbc72]}].hierarchy["supervisory_delta_option"{f83eb83a-f066-4abf-a972-0ebc97ddc0ba}].dataSource.layout["sprvsry_delta"{sprvsry_delta}]</property>
																		</object>
																	</property>
																</object>
															</property>
														</object>
														<object type="SQLExpressionPart" version="2">
															<property name="value" value=" * " valueType="string"/>
														</object>
														<object type="DataModel:fieldReference" version="3">
															<property name="value" valueType="url">DataModel["ModifyModel[EU_SACCR_Addon_Calculation_MRD].Aggregation[EU_SACCR_Consolidated_MRD_Inputs]"{ModifyModel[3516833f-5c17-46a8-ab49-cc931e0f434c].Aggregation[9cddecd8-ba28-4175-9cc5-6fcdd30dbc72]}].hierarchy["adjusted_notional"{8f0f26a6-cfc5-491d-bb2c-55f6383fa782}].dataSource.layout["adjstd_ntnl"{585f3919-17e1-496b-87ad-e3f7352db0b2}]</property>
														</object>
														<object type="SQLExpressionPart" version="2">
															<property name="value" value=" * " valueType="string"/>
														</object>
														<object type="DataModel:fieldReference" version="3">
															<property name="value" valueType="url">DataModel["ModifyModel[EU_SACCR_Addon_Calculation_MRD].Aggregation[EU_SACCR_Consolidated_MRD_Inputs]"{ModifyModel[3516833f-5c17-46a8-ab49-cc931e0f434c].Aggregation[9cddecd8-ba28-4175-9cc5-6fcdd30dbc72]}].hierarchy["maturity_factor"{b06846bd-13de-437f-9c6a-fd2d3cae48d5}].dataSource.layout["mtrty_fctr"{5a4ff41b-0358-4c1a-9dab-6a92d69def4a}]</property>
														</object>
													</property>
												</object>
											</property>
										</object>
									</property>
								</object>
								<object type="SQLPattern:parameter" version="3">
									<property name="expressions" valueType="table">
										<object type="SQLExpressionPart" version="2">
											<property name="value" value="6" valueType="string"/>
										</object>
									</property>
								</object>
							</property>
						</object>
					</property>
					<property name="valueNullable" value="false" valueType="boolean"/>
					<property name="valueType" value="FLOAT" valueType="string"/>
				</object>
			</property>
		</object>
		<object type="Aggregation:mapping" version="7">
			<property name="field" valueType="object">
				<object type="Aggregation:localCalcFieldReference" version="7">
					<property name="value" valueType="url">Aggregation[this].calcFields["sprvsry_fctr_cffcnt"{4d6467f1-3750-491a-a0b8-034bd9a7e40d}]</property>
				</object>
			</property>
			<property name="fieldMapping" valueType="table">
				<object type="Aggregation:fieldMapping" version="7">
					<property name="model" valueType="object">
						<object type="DataModel:reference" version="3">
							<property name="value" valueType="url">DataModel["ModifyModel[EU_SACCR_Addon_Calculation].Aggregation[EU_Consolidated_SACCR_Positions]"{ModifyModel[9c04043f-7901-45ff-933f-2ce6a6b6ae70].Aggregation[1fdff296-3bfe-4ce5-b045-abcf5678ea1a]}]</property>
						</object>
					</property>
					<property name="expression" valueType="table">
						<object type="DataModel:fieldReference" version="3">
							<property name="value" valueType="url">DataModel["ModifyModel[EU_SACCR_Addon_Calculation].Aggregation[EU_Consolidated_SACCR_Positions]"{ModifyModel[9c04043f-7901-45ff-933f-2ce6a6b6ae70].Aggregation[1fdff296-3bfe-4ce5-b045-abcf5678ea1a]}].hierarchy["Aggregation"{1fdff296-3bfe-4ce5-b045-abcf5678ea1a}].dataSource.layout["sprvsry_fctr_cffcnt"{45e143c0-bf24-4b6f-bca3-9c67287e9fcc}]</property>
						</object>
					</property>
				</object>
				<object type="Aggregation:fieldMapping" version="7">
					<property name="model" valueType="object">
						<object type="DataModel:reference" version="3">
							<property name="value" valueType="url">DataModel["ModifyModel[EU_SACCR_Addon_Calculation_MRD].Aggregation[EU_SACCR_Consolidated_MRD_Inputs]"{ModifyModel[3516833f-5c17-46a8-ab49-cc931e0f434c].Aggregation[9cddecd8-ba28-4175-9cc5-6fcdd30dbc72]}]</property>
						</object>
					</property>
					<property name="expression" valueType="table">
						<object type="DataModel:fieldReference" version="3">
							<property name="value" valueType="url">DataModel["ModifyModel[EU_SACCR_Addon_Calculation_MRD].Aggregation[EU_SACCR_Consolidated_MRD_Inputs]"{ModifyModel[3516833f-5c17-46a8-ab49-cc931e0f434c].Aggregation[9cddecd8-ba28-4175-9cc5-6fcdd30dbc72]}].hierarchy["saccr_consol"{6b15d2cc-4a2c-4591-8e45-83932044e340}].dataSource.layout["sprvsry_fctr_cffcnt"{45e143c0-bf24-4b6f-bca3-9c67287e9fcc}]</property>
						</object>
					</property>
				</object>
			</property>
		</object>
		<object type="Aggregation:mapping" version="7">
			<property name="field" valueType="object">
				<object type="Aggregation:localCalcFieldReference" version="7">
					<property name="value" valueType="url">Aggregation[this].calcFields["prmm_upfrnt_ind"{b1a5e5e4-8e2f-4bc2-b968-980feb111d6f}]</property>
				</object>
			</property>
			<property name="fieldMapping" valueType="table">
				<object type="Aggregation:fieldMapping" version="7">
					<property name="model" valueType="object">
						<object type="DataModel:reference" version="3">
							<property name="value" valueType="url">DataModel["ModifyModel[EU_SACCR_Addon_Calculation].Aggregation[EU_Consolidated_SACCR_Positions]"{ModifyModel[9c04043f-7901-45ff-933f-2ce6a6b6ae70].Aggregation[1fdff296-3bfe-4ce5-b045-abcf5678ea1a]}]</property>
						</object>
					</property>
					<property name="expression" valueType="table">
						<object type="DataModel:fieldReference" version="3">
							<property name="value" valueType="url">DataModel["ModifyModel[EU_SACCR_Addon_Calculation].Aggregation[EU_Consolidated_SACCR_Positions]"{ModifyModel[9c04043f-7901-45ff-933f-2ce6a6b6ae70].Aggregation[1fdff296-3bfe-4ce5-b045-abcf5678ea1a]}].hierarchy["Aggregation"{1fdff296-3bfe-4ce5-b045-abcf5678ea1a}].dataSource.layout["prmm_upfrnt_ind"{4248334e-59fa-48ae-af23-2665a9601fb7}]</property>
						</object>
					</property>
				</object>
				<object type="Aggregation:fieldMapping" version="7">
					<property name="model" valueType="object">
						<object type="DataModel:reference" version="3">
							<property name="value" valueType="url">DataModel["ModifyModel[EU_SACCR_Addon_Calculation_MRD].Aggregation[EU_SACCR_Consolidated_MRD_Inputs]"{ModifyModel[3516833f-5c17-46a8-ab49-cc931e0f434c].Aggregation[9cddecd8-ba28-4175-9cc5-6fcdd30dbc72]}]</property>
						</object>
					</property>
					<property name="expression" valueType="table">
						<object type="DataModel:fieldReference" version="3">
							<property name="value" valueType="url">DataModel["ModifyModel[EU_SACCR_Addon_Calculation_MRD].Aggregation[EU_SACCR_Consolidated_MRD_Inputs]"{ModifyModel[3516833f-5c17-46a8-ab49-cc931e0f434c].Aggregation[9cddecd8-ba28-4175-9cc5-6fcdd30dbc72]}].hierarchy["saccr_consol"{6b15d2cc-4a2c-4591-8e45-83932044e340}].dataSource.layout["prmm_upfrnt_ind"{4248334e-59fa-48ae-af23-2665a9601fb7}]</property>
						</object>
					</property>
				</object>
			</property>
		</object>
		<object type="Aggregation:mapping" version="7">
			<property name="field" valueType="object">
				<object type="Aggregation:localCalcFieldReference" version="7">
					<property name="value" valueType="url">Aggregation[this].calcFields["uk_multi_mrgnd_mthd_ind"{c5041fa5-6ade-435c-9d6f-1abe9c759cbf}]</property>
				</object>
			</property>
			<property name="fieldMapping" valueType="table">
				<object type="Aggregation:fieldMapping" version="7">
					<property name="model" valueType="object">
						<object type="DataModel:reference" version="3">
							<property name="value" valueType="url">DataModel["ModifyModel[EU_SACCR_Addon_Calculation].Aggregation[EU_Consolidated_SACCR_Positions]"{ModifyModel[9c04043f-7901-45ff-933f-2ce6a6b6ae70].Aggregation[1fdff296-3bfe-4ce5-b045-abcf5678ea1a]}]</property>
						</object>
					</property>
					<property name="expression" valueType="table">
						<object type="DataModel:fieldReference" version="3">
							<property name="value" valueType="url">DataModel["ModifyModel[EU_SACCR_Addon_Calculation].Aggregation[EU_Consolidated_SACCR_Positions]"{ModifyModel[9c04043f-7901-45ff-933f-2ce6a6b6ae70].Aggregation[1fdff296-3bfe-4ce5-b045-abcf5678ea1a]}].hierarchy["Aggregation"{1fdff296-3bfe-4ce5-b045-abcf5678ea1a}].dataSource.layout["uk_multi_mrgnd_mthd_ind"{546df711-87f9-47c0-afb9-3b3707fa61b9}]</property>
						</object>
					</property>
				</object>
				<object type="Aggregation:fieldMapping" version="7">
					<property name="model" valueType="object">
						<object type="DataModel:reference" version="3">
							<property name="value" valueType="url">DataModel["ModifyModel[EU_SACCR_Addon_Calculation_MRD].Aggregation[EU_SACCR_Consolidated_MRD_Inputs]"{ModifyModel[3516833f-5c17-46a8-ab49-cc931e0f434c].Aggregation[9cddecd8-ba28-4175-9cc5-6fcdd30dbc72]}]</property>
						</object>
					</property>
					<property name="expression" valueType="table">
						<object type="DataModel:fieldReference" version="3">
							<property name="value" valueType="url">DataModel["ModifyModel[EU_SACCR_Addon_Calculation_MRD].Aggregation[EU_SACCR_Consolidated_MRD_Inputs]"{ModifyModel[3516833f-5c17-46a8-ab49-cc931e0f434c].Aggregation[9cddecd8-ba28-4175-9cc5-6fcdd30dbc72]}].hierarchy["saccr_consol"{6b15d2cc-4a2c-4591-8e45-83932044e340}].dataSource.layout["uk_multi_mrgnd_mthd_ind"{546df711-87f9-47c0-afb9-3b3707fa61b9}]</property>
						</object>
					</property>
				</object>
			</property>
		</object>
		<object type="Aggregation:mapping" version="7">
			<property name="field" valueType="object">
				<object type="Aggregation:localAuxFieldReference" version="7">
					<property name="value" valueType="url">Aggregation[this].auxFields["mtrty_fctr"{97c15eaa-78e6-46e1-a3c8-c6bc55cd5438}]</property>
				</object>
			</property>
			<property name="fieldMapping" valueType="table">
				<object type="Aggregation:fieldMapping" version="7">
					<property name="model" valueType="object">
						<object type="DataModel:reference" version="3">
							<property name="value" valueType="url">DataModel["ModifyModel[EU_SACCR_Addon_Calculation].Aggregation[EU_Consolidated_SACCR_Positions]"{ModifyModel[9c04043f-7901-45ff-933f-2ce6a6b6ae70].Aggregation[1fdff296-3bfe-4ce5-b045-abcf5678ea1a]}]</property>
						</object>
					</property>
					<property name="expression" valueType="table">
						<object type="DataModel:fieldReference" version="3">
							<property name="value" valueType="url">DataModel["ModifyModel[EU_SACCR_Addon_Calculation].Aggregation[EU_Consolidated_SACCR_Positions]"{ModifyModel[9c04043f-7901-45ff-933f-2ce6a6b6ae70].Aggregation[1fdff296-3bfe-4ce5-b045-abcf5678ea1a]}].hierarchy["maturity_factor"{b06846bd-13de-437f-9c6a-fd2d3cae48d5}].dataSource.layout["mtrty_fctr"{5a4ff41b-0358-4c1a-9dab-6a92d69def4a}]</property>
						</object>
					</property>
				</object>
				<object type="Aggregation:fieldMapping" version="7">
					<property name="model" valueType="object">
						<object type="DataModel:reference" version="3">
							<property name="value" valueType="url">DataModel["ModifyModel[EU_SACCR_Addon_Calculation_MRD].Aggregation[EU_SACCR_Consolidated_MRD_Inputs]"{ModifyModel[3516833f-5c17-46a8-ab49-cc931e0f434c].Aggregation[9cddecd8-ba28-4175-9cc5-6fcdd30dbc72]}]</property>
						</object>
					</property>
					<property name="expression" valueType="table">
						<object type="DataModel:fieldReference" version="3">
							<property name="value" valueType="url">DataModel["ModifyModel[EU_SACCR_Addon_Calculation_MRD].Aggregation[EU_SACCR_Consolidated_MRD_Inputs]"{ModifyModel[3516833f-5c17-46a8-ab49-cc931e0f434c].Aggregation[9cddecd8-ba28-4175-9cc5-6fcdd30dbc72]}].hierarchy["maturity_factor"{b06846bd-13de-437f-9c6a-fd2d3cae48d5}].dataSource.layout["mtrty_fctr"{5a4ff41b-0358-4c1a-9dab-6a92d69def4a}]</property>
						</object>
					</property>
				</object>
			</property>
		</object>
		<object type="Aggregation:mapping" version="7">
			<property name="field" valueType="object">
				<object type="Aggregation:localAuxFieldReference" version="7">
					<property name="value" valueType="url">Aggregation[this].auxFields["unmrgnd_mrgnd_mtrty_fctr"{97c39e8d-bd3f-4688-bde8-a49a24accb83}]</property>
				</object>
			</property>
			<property name="fieldMapping" valueType="table">
				<object type="Aggregation:fieldMapping" version="7">
					<property name="model" valueType="object">
						<object type="DataModel:reference" version="3">
							<property name="value" valueType="url">DataModel["ModifyModel[EU_SACCR_Addon_Calculation].Aggregation[EU_Consolidated_SACCR_Positions]"{ModifyModel[9c04043f-7901-45ff-933f-2ce6a6b6ae70].Aggregation[1fdff296-3bfe-4ce5-b045-abcf5678ea1a]}]</property>
						</object>
					</property>
					<property name="expression" valueType="table">
						<object type="DataModel:fieldReference" version="3">
							<property name="value" valueType="url">DataModel["ModifyModel[EU_SACCR_Addon_Calculation].Aggregation[EU_Consolidated_SACCR_Positions]"{ModifyModel[9c04043f-7901-45ff-933f-2ce6a6b6ae70].Aggregation[1fdff296-3bfe-4ce5-b045-abcf5678ea1a]}].hierarchy["maturity_factor"{b06846bd-13de-437f-9c6a-fd2d3cae48d5}].dataSource.layout["unmrgnd_mrgnd_mtrty_fctr"{07b5872d-5aa7-4bc1-ad93-8592a5df1f12}]</property>
						</object>
					</property>
				</object>
				<object type="Aggregation:fieldMapping" version="7">
					<property name="model" valueType="object">
						<object type="DataModel:reference" version="3">
							<property name="value" valueType="url">DataModel["ModifyModel[EU_SACCR_Addon_Calculation_MRD].Aggregation[EU_SACCR_Consolidated_MRD_Inputs]"{ModifyModel[3516833f-5c17-46a8-ab49-cc931e0f434c].Aggregation[9cddecd8-ba28-4175-9cc5-6fcdd30dbc72]}]</property>
						</object>
					</property>
					<property name="expression" valueType="table">
						<object type="DataModel:fieldReference" version="3">
							<property name="value" valueType="url">DataModel["ModifyModel[EU_SACCR_Addon_Calculation_MRD].Aggregation[EU_SACCR_Consolidated_MRD_Inputs]"{ModifyModel[3516833f-5c17-46a8-ab49-cc931e0f434c].Aggregation[9cddecd8-ba28-4175-9cc5-6fcdd30dbc72]}].hierarchy["maturity_factor"{b06846bd-13de-437f-9c6a-fd2d3cae48d5}].dataSource.layout["unmrgnd_mrgnd_mtrty_fctr"{07b5872d-5aa7-4bc1-ad93-8592a5df1f12}]</property>
						</object>
					</property>
				</object>
			</property>
		</object>
		<object type="Aggregation:mapping" version="7">
			<property name="field" valueType="object">
				<object type="Aggregation:localAuxFieldReference" version="7">
					<property name="value" valueType="url">Aggregation[this].auxFields["prdct_of_delta_and_ntnl"{82982b1e-d60b-4a2e-942b-20b3c38d5f91}]</property>
				</object>
			</property>
			<property name="fieldMapping" valueType="table">
				<object type="Aggregation:fieldMapping" version="7">
					<property name="model" valueType="object">
						<object type="DataModel:reference" version="3">
							<property name="value" valueType="url">DataModel["ModifyModel[EU_SACCR_Addon_Calculation].Aggregation[EU_Consolidated_SACCR_Positions]"{ModifyModel[9c04043f-7901-45ff-933f-2ce6a6b6ae70].Aggregation[1fdff296-3bfe-4ce5-b045-abcf5678ea1a]}]</property>
						</object>
					</property>
					<property name="expression" valueType="table">
						<object type="SQLPattern" version="3">
							<property name="name" value="isNull" valueType="string"/>
							<property name="parameters" valueType="table">
								<object type="SQLPattern:parameter" version="3">
									<property name="expressions" valueType="table">
										<object type="DataModel:fieldReference" version="3">
											<property name="value" valueType="url">DataModel["ModifyModel[EU_SACCR_Addon_Calculation].Aggregation[EU_Consolidated_SACCR_Positions]"{ModifyModel[9c04043f-7901-45ff-933f-2ce6a6b6ae70].Aggregation[1fdff296-3bfe-4ce5-b045-abcf5678ea1a]}].hierarchy["supervisory_delta"{4619e83a-1b35-46b0-8dcb-21ce709b6bf9}].dataSource.layout["sprvsry_delta"{1b79cc1b-785c-4a09-a1a2-d283614391f5}]</property>
										</object>
									</property>
								</object>
								<object type="SQLPattern:parameter" version="3">
									<property name="expressions" valueType="table">
										<object type="DataModel:fieldReference" version="3">
											<property name="value" valueType="url">DataModel["ModifyModel[EU_SACCR_Addon_Calculation].Aggregation[EU_Consolidated_SACCR_Positions]"{ModifyModel[9c04043f-7901-45ff-933f-2ce6a6b6ae70].Aggregation[1fdff296-3bfe-4ce5-b045-abcf5678ea1a]}].hierarchy["supervisory_delta_option"{f83eb83a-f066-4abf-a972-0ebc97ddc0ba}].dataSource.layout["sprvsry_delta"{sprvsry_delta}]</property>
										</object>
									</property>
								</object>
							</property>
						</object>
						<object type="SQLExpressionPart" version="2">
							<property name="value" value=" * " valueType="string"/>
						</object>
						<object type="DataModel:fieldReference" version="3">
							<property name="value" valueType="url">DataModel["ModifyModel[EU_SACCR_Addon_Calculation].Aggregation[EU_Consolidated_SACCR_Positions]"{ModifyModel[9c04043f-7901-45ff-933f-2ce6a6b6ae70].Aggregation[1fdff296-3bfe-4ce5-b045-abcf5678ea1a]}].hierarchy["adjusted_notional"{8f0f26a6-cfc5-491d-bb2c-55f6383fa782}].dataSource.layout["adjstd_ntnl"{585f3919-17e1-496b-87ad-e3f7352db0b2}]</property>
						</object>
					</property>
					<property name="valueNullable" value="false" valueType="boolean"/>
					<property name="valueType" value="FLOAT" valueType="string"/>
				</object>
				<object type="Aggregation:fieldMapping" version="7">
					<property name="model" valueType="object">
						<object type="DataModel:reference" version="3">
							<property name="value" valueType="url">DataModel["ModifyModel[EU_SACCR_Addon_Calculation_MRD].Aggregation[EU_SACCR_Consolidated_MRD_Inputs]"{ModifyModel[3516833f-5c17-46a8-ab49-cc931e0f434c].Aggregation[9cddecd8-ba28-4175-9cc5-6fcdd30dbc72]}]</property>
						</object>
					</property>
					<property name="expression" valueType="table">
						<object type="SQLPattern" version="3">
							<property name="name" value="isNull" valueType="string"/>
							<property name="parameters" valueType="table">
								<object type="SQLPattern:parameter" version="3">
									<property name="expressions" valueType="table">
										<object type="DataModel:fieldReference" version="3">
											<property name="value" valueType="url">DataModel["ModifyModel[EU_SACCR_Addon_Calculation_MRD].Aggregation[EU_SACCR_Consolidated_MRD_Inputs]"{ModifyModel[3516833f-5c17-46a8-ab49-cc931e0f434c].Aggregation[9cddecd8-ba28-4175-9cc5-6fcdd30dbc72]}].hierarchy["supervisory_delta"{4619e83a-1b35-46b0-8dcb-21ce709b6bf9}].dataSource.layout["sprvsry_delta"{1b79cc1b-785c-4a09-a1a2-d283614391f5}]</property>
										</object>
									</property>
								</object>
								<object type="SQLPattern:parameter" version="3">
									<property name="expressions" valueType="table">
										<object type="DataModel:fieldReference" version="3">
											<property name="value" valueType="url">DataModel["ModifyModel[EU_SACCR_Addon_Calculation_MRD].Aggregation[EU_SACCR_Consolidated_MRD_Inputs]"{ModifyModel[3516833f-5c17-46a8-ab49-cc931e0f434c].Aggregation[9cddecd8-ba28-4175-9cc5-6fcdd30dbc72]}].hierarchy["supervisory_delta_option"{f83eb83a-f066-4abf-a972-0ebc97ddc0ba}].dataSource.layout["sprvsry_delta"{sprvsry_delta}]</property>
										</object>
									</property>
								</object>
							</property>
						</object>
						<object type="SQLExpressionPart" version="2">
							<property name="value" value=" * " valueType="string"/>
						</object>
						<object type="DataModel:fieldReference" version="3">
							<property name="value" valueType="url">DataModel["ModifyModel[EU_SACCR_Addon_Calculation_MRD].Aggregation[EU_SACCR_Consolidated_MRD_Inputs]"{ModifyModel[3516833f-5c17-46a8-ab49-cc931e0f434c].Aggregation[9cddecd8-ba28-4175-9cc5-6fcdd30dbc72]}].hierarchy["adjusted_notional"{8f0f26a6-cfc5-491d-bb2c-55f6383fa782}].dataSource.layout["adjstd_ntnl"{585f3919-17e1-496b-87ad-e3f7352db0b2}]</property>
						</object>
					</property>
					<property name="valueNullable" value="false" valueType="boolean"/>
					<property name="valueType" value="FLOAT" valueType="string"/>
				</object>
			</property>
		</object>
	</property>
	<property name="storageType" value="CONTINUOUS_PARTITION" valueType="string"/>
	<property name="postTableCreationStatements" valueType="table"/>
	<property name="postAdjustmentTableCreationStatements" valueType="table"/>
	<property name="detailsAsKeys" value="true" valueType="boolean"/>
	<property name="dbSourceForResults" valueType="url">DBSource["POSTGRES"{7141b02a-a2bf-46bb-9ad0-fa1087f431e1}]</property>
	<property name="archivalProperties" valueType="object">
		<object type="ArchivalProperties" version="2">
			<property name="daily" value="false" valueType="boolean"/>
			<property name="weekly" value="false" valueType="boolean"/>
			<property name="monthly" value="false" valueType="boolean"/>
			<property name="quarterly" value="false" valueType="boolean"/>
			<property name="semiAnnually" value="false" valueType="boolean"/>
			<property name="annually" value="false" valueType="boolean"/>
			<property name="intraDay" value="false" valueType="boolean"/>
			<property name="userDefined" value="false" valueType="boolean"/>
		</object>
	</property>
	<property name="condition" valueType="tree">
		<objectNode type="Condition" version="3">
			<property name="isNegated" value="false" valueType="boolean"/>
			<property name="groupingOperator" value="AND" valueType="string"/>
			<children>
				<objectNode type="Condition:shorthand" version="3">
					<property name="shorthand" valueType="url">Shorthand["EU_SACCR_Addon_HS_Other_Deriv"{6636b3ac-7de9-47e1-87dd-42f82d7a208e}]</property>
					<property name="operation" value="=" valueType="string"/>
				</objectNode>
			</children>
		</objectNode>
	</property>
	<property name="doNotAggregate" value="false" valueType="boolean"/>
	<property name="fourEyesCheck" value="false" valueType="boolean"/>
	<property name="trackDrilldownInformation" value="true" valueType="boolean"/>
	<property name="trackAllInstancesMode" value="NONE" valueType="string"/>
	<property name="computeStatistics" value="FOR_ALL_COLUMNS" valueType="string"/>
	<property name="instanceRebuildRestriction" value="AlterFullRebuild" valueType="string"/>
	<property name="allowExternalDataPermissions" value="false" valueType="boolean"/>
</object>