<object stamp="cd13df0a-0d2e-4731-9b1a-b41bd01f3562_1743086580411" type="Aggregation" version="12">
	<property name="name" value="PFE_Collateral_Allocation" valueType="string"/>
	<property name="description" value="" valueType="string"/>
	<property name="objectId" value="2dc5ee9f-e5b2-46bb-83d1-890b87d87e29" valueType="string"/>
	<property name="branchId" value="44f98cc4-3c7c-41c3-8daa-5b9828f45d7a" valueType="string"/>
	<property name="models" valueType="table">
		<object type="ModelBasedTask:modelEntry" version="3">
			<property name="dataModel" valueType="url">DataModel["ModifyModel[PFE_Collateral_Allocation].ModifyModel[PFE_Collateral_Addon].Aggregation[CRM_Pledge_Calc_Inputs]"{ModifyModel[d1e7c7dd-e27b-44ff-bbcb-1e627d35e7c9].ModifyModel[17eaf921-9162-4bcb-8a89-87f4e51b44ea].Aggregation[631cf59e-6add-4844-9a30-7cb79ae107e5]}]</property>
			<property name="instanceSelectionRule" valueType="object">
				<object type="InstanceSelectionRule" version="3">
					<property name="instanceDateRule" valueType="object">
						<object type="InstanceSelectionRule:rule" version="3">
							<property name="type" value="EQUAL" valueType="string"/>
						</object>
					</property>
					<property name="instanceKeyRules" valueType="table"/>
				</object>
			</property>
		</object>
	</property>
	<property name="requiresAllModels" value="true" valueType="boolean"/>
	<property name="parameters" valueType="table"/>
	<property name="details" valueType="table">
		<object type="Aggregation:detail" version="6">
			<property name="name" value="entity" valueType="string"/>
			<property name="description" value="" valueType="string"/>
			<property name="id" value="a7db2b78-cdb0-4e28-92cb-bb2d01901a48" valueType="string"/>
			<property name="overrideLookupInformation" value="false" valueType="boolean"/>
			<property name="displayFormat" value="" valueType="string"/>
			<property name="title" value="Entity" valueType="string"/>
			<property name="overrideNullable" value="DEFAULT" valueType="string"/>
		</object>
		<object type="Aggregation:detail" version="6">
			<property name="name" value="id_clltrl_unique" valueType="string"/>
			<property name="description" value="" valueType="string"/>
			<property name="id" value="27191fd9-d1b4-4b8d-a472-9c78b133cdbd" valueType="string"/>
			<property name="overrideLookupInformation" value="false" valueType="boolean"/>
			<property name="displayFormat" value="" valueType="string"/>
			<property name="title" value="Collateral Unique ID" valueType="string"/>
			<property name="overrideNullable" value="DEFAULT" valueType="string"/>
		</object>
		<object type="Aggregation:detail" version="6">
			<property name="name" value="id_expsr_unique" valueType="string"/>
			<property name="description" value="" valueType="string"/>
			<property name="id" value="39346a17-d5ba-4064-bd8b-17e69fb0ac41" valueType="string"/>
			<property name="overrideLookupInformation" value="false" valueType="boolean"/>
			<property name="displayFormat" value="" valueType="string"/>
			<property name="title" value="Exposure Unique ID" valueType="string"/>
			<property name="overrideNullable" value="DEFAULT" valueType="string"/>
		</object>
	</property>
	<property name="calcFields" valueType="table">
		<object type="Aggregation:calcField" version="7">
			<property name="name" value="mrgnd_allctd_pfe" valueType="string"/>
			<property name="description" value="" valueType="string"/>
			<property name="id" value="7c20c124-4547-4a9a-8c24-c05986ef6b32" valueType="string"/>
			<property name="aggrMethod" value="MAX" valueType="string"/>
			<property name="calcTotal" value="true" valueType="boolean"/>
			<property name="calcFormula" valueType="table"/>
			<property name="displayFormat" value="" valueType="string"/>
			<property name="overrideLookupInformation" value="false" valueType="boolean"/>
			<property name="title" value="Margined Allocated PFE" valueType="string"/>
			<property name="overrideNullable" value="DEFAULT" valueType="string"/>
		</object>
		<object type="Aggregation:calcField" version="7">
			<property name="name" value="unmrgnd_allctd_pfe" valueType="string"/>
			<property name="description" value="" valueType="string"/>
			<property name="id" value="53574086-9ba0-4120-ae11-da2c3fa6ffdb" valueType="string"/>
			<property name="aggrMethod" value="MAX" valueType="string"/>
			<property name="calcTotal" value="true" valueType="boolean"/>
			<property name="calcFormula" valueType="table"/>
			<property name="displayFormat" value="" valueType="string"/>
			<property name="overrideLookupInformation" value="false" valueType="boolean"/>
			<property name="title" value="Unmargined Allocated PFE" valueType="string"/>
			<property name="overrideNullable" value="DEFAULT" valueType="string"/>
		</object>
		<object type="Aggregation:calcField" version="7">
			<property name="name" value="unmrgnd_mrgnd_allctd_pfe" valueType="string"/>
			<property name="description" value="" valueType="string"/>
			<property name="id" value="e5e18799-345f-43c7-b345-63459a2a1f78" valueType="string"/>
			<property name="aggrMethod" value="MAX" valueType="string"/>
			<property name="calcTotal" value="true" valueType="boolean"/>
			<property name="calcFormula" valueType="table"/>
			<property name="displayFormat" value="" valueType="string"/>
			<property name="overrideLookupInformation" value="false" valueType="boolean"/>
			<property name="title" value="Unmargined Equivalent Margined Allocated PFE" valueType="string"/>
			<property name="overrideNullable" value="DEFAULT" valueType="string"/>
		</object>
		<object type="Aggregation:calcField" version="7">
			<property name="name" value="vltlty_hc" valueType="string"/>
			<property name="description" value="" valueType="string"/>
			<property name="id" value="63951372-2fc1-4d71-b221-51f2a7645d29" valueType="string"/>
			<property name="aggrMethod" value="MAX" valueType="string"/>
			<property name="calcTotal" value="true" valueType="boolean"/>
			<property name="calcFormula" valueType="table"/>
			<property name="displayFormat" value="" valueType="string"/>
			<property name="overrideLookupInformation" value="false" valueType="boolean"/>
			<property name="title" value="Volatility Haircut" valueType="string"/>
			<property name="overrideNullable" value="DEFAULT" valueType="string"/>
		</object>
		<object type="Aggregation:calcField" version="7">
			<property name="name" value="fx_hrct" valueType="string"/>
			<property name="description" value="" valueType="string"/>
			<property name="id" value="0372fb2d-1eb7-43a8-b7f8-974bafaba288" valueType="string"/>
			<property name="aggrMethod" value="MAX" valueType="string"/>
			<property name="calcTotal" value="true" valueType="boolean"/>
			<property name="calcFormula" valueType="table"/>
			<property name="displayFormat" value="" valueType="string"/>
			<property name="overrideLookupInformation" value="false" valueType="boolean"/>
			<property name="title" value="FX Haircut" valueType="string"/>
			<property name="overrideNullable" value="DEFAULT" valueType="string"/>
		</object>
	</property>
	<property name="auxFields" valueType="table"/>
	<property name="syntheticFields" valueType="table"/>
	<property name="additionalIndices" valueType="table"/>
	<property name="mappings" valueType="table">
		<object type="Aggregation:mapping" version="7">
			<property name="field" valueType="object">
				<object type="Aggregation:localDetailReference" version="7">
					<property name="value" valueType="url">Aggregation[this].details["entity"{a7db2b78-cdb0-4e28-92cb-bb2d01901a48}]</property>
				</object>
			</property>
			<property name="fieldMapping" valueType="table">
				<object type="Aggregation:fieldMapping" version="7">
					<property name="model" valueType="object">
						<object type="DataModel:reference" version="3">
							<property name="value" valueType="url">DataModel["ModifyModel[PFE_Collateral_Allocation].ModifyModel[PFE_Collateral_Addon].Aggregation[CRM_Pledge_Calc_Inputs]"{ModifyModel[d1e7c7dd-e27b-44ff-bbcb-1e627d35e7c9].ModifyModel[17eaf921-9162-4bcb-8a89-87f4e51b44ea].Aggregation[631cf59e-6add-4844-9a30-7cb79ae107e5]}]</property>
						</object>
					</property>
					<property name="expression" valueType="table">
						<object type="DataModel:fieldReference" version="3">
							<property name="value" valueType="url">DataModel["ModifyModel[PFE_Collateral_Allocation].ModifyModel[PFE_Collateral_Addon].Aggregation[CRM_Pledge_Calc_Inputs]"{ModifyModel[d1e7c7dd-e27b-44ff-bbcb-1e627d35e7c9].ModifyModel[17eaf921-9162-4bcb-8a89-87f4e51b44ea].Aggregation[631cf59e-6add-4844-9a30-7cb79ae107e5]}].hierarchy["Aggregation"{631cf59e-6add-4844-9a30-7cb79ae107e5}].dataSource.layout["entity"{60b611fa-68fe-4851-8996-d2583e969841}]</property>
						</object>
					</property>
				</object>
			</property>
		</object>
		<object type="Aggregation:mapping" version="7">
			<property name="field" valueType="object">
				<object type="Aggregation:localDetailReference" version="7">
					<property name="value" valueType="url">Aggregation[this].details["id_clltrl_unique"{27191fd9-d1b4-4b8d-a472-9c78b133cdbd}]</property>
				</object>
			</property>
			<property name="fieldMapping" valueType="table">
				<object type="Aggregation:fieldMapping" version="7">
					<property name="model" valueType="object">
						<object type="DataModel:reference" version="3">
							<property name="value" valueType="url">DataModel["ModifyModel[PFE_Collateral_Allocation].ModifyModel[PFE_Collateral_Addon].Aggregation[CRM_Pledge_Calc_Inputs]"{ModifyModel[d1e7c7dd-e27b-44ff-bbcb-1e627d35e7c9].ModifyModel[17eaf921-9162-4bcb-8a89-87f4e51b44ea].Aggregation[631cf59e-6add-4844-9a30-7cb79ae107e5]}]</property>
						</object>
					</property>
					<property name="expression" valueType="table">
						<object type="DataModel:fieldReference" version="3">
							<property name="value" valueType="url">DataModel["ModifyModel[PFE_Collateral_Allocation].ModifyModel[PFE_Collateral_Addon].Aggregation[CRM_Pledge_Calc_Inputs]"{ModifyModel[d1e7c7dd-e27b-44ff-bbcb-1e627d35e7c9].ModifyModel[17eaf921-9162-4bcb-8a89-87f4e51b44ea].Aggregation[631cf59e-6add-4844-9a30-7cb79ae107e5]}].hierarchy["reserved_pfe"{cd4be025-d67a-45a7-8681-1c79893d0a7a}].dataSource.layout["collateral_ID"{collateral_ID}]</property>
						</object>
					</property>
				</object>
			</property>
		</object>
		<object type="Aggregation:mapping" version="7">
			<property name="field" valueType="object">
				<object type="Aggregation:localDetailReference" version="7">
					<property name="value" valueType="url">Aggregation[this].details["id_expsr_unique"{39346a17-d5ba-4064-bd8b-17e69fb0ac41}]</property>
				</object>
			</property>
			<property name="fieldMapping" valueType="table">
				<object type="Aggregation:fieldMapping" version="7">
					<property name="model" valueType="object">
						<object type="DataModel:reference" version="3">
							<property name="value" valueType="url">DataModel["ModifyModel[PFE_Collateral_Allocation].ModifyModel[PFE_Collateral_Addon].Aggregation[CRM_Pledge_Calc_Inputs]"{ModifyModel[d1e7c7dd-e27b-44ff-bbcb-1e627d35e7c9].ModifyModel[17eaf921-9162-4bcb-8a89-87f4e51b44ea].Aggregation[631cf59e-6add-4844-9a30-7cb79ae107e5]}]</property>
						</object>
					</property>
					<property name="expression" valueType="table">
						<object type="DataModel:fieldReference" version="3">
							<property name="value" valueType="url">DataModel["ModifyModel[PFE_Collateral_Allocation].ModifyModel[PFE_Collateral_Addon].Aggregation[CRM_Pledge_Calc_Inputs]"{ModifyModel[d1e7c7dd-e27b-44ff-bbcb-1e627d35e7c9].ModifyModel[17eaf921-9162-4bcb-8a89-87f4e51b44ea].Aggregation[631cf59e-6add-4844-9a30-7cb79ae107e5]}].hierarchy["prealloc_exposure"{fb5352df-10e8-473d-9780-ff8cfdc24ac1}].dataSource.layout["id_unique"{2e54731c-1a48-4165-9b7d-092b712bd570}]</property>
						</object>
					</property>
				</object>
			</property>
		</object>
		<object type="Aggregation:mapping" version="7">
			<property name="field" valueType="object">
				<object type="Aggregation:localCalcFieldReference" version="7">
					<property name="value" valueType="url">Aggregation[this].calcFields["mrgnd_allctd_pfe"{7c20c124-4547-4a9a-8c24-c05986ef6b32}]</property>
				</object>
			</property>
			<property name="fieldMapping" valueType="table">
				<object type="Aggregation:fieldMapping" version="7">
					<property name="model" valueType="object">
						<object type="DataModel:reference" version="3">
							<property name="value" valueType="url">DataModel["ModifyModel[PFE_Collateral_Allocation].ModifyModel[PFE_Collateral_Addon].Aggregation[CRM_Pledge_Calc_Inputs]"{ModifyModel[d1e7c7dd-e27b-44ff-bbcb-1e627d35e7c9].ModifyModel[17eaf921-9162-4bcb-8a89-87f4e51b44ea].Aggregation[631cf59e-6add-4844-9a30-7cb79ae107e5]}]</property>
						</object>
					</property>
					<property name="expression" valueType="table">
						<object type="SQLExpressionPart" version="2">
							<property name="value" value="CASE WHEN " valueType="string"/>
						</object>
						<object type="DataModel:fieldReference" version="3">
							<property name="value" valueType="url">DataModel["ModifyModel[PFE_Collateral_Allocation].ModifyModel[PFE_Collateral_Addon].Aggregation[CRM_Pledge_Calc_Inputs]"{ModifyModel[d1e7c7dd-e27b-44ff-bbcb-1e627d35e7c9].ModifyModel[17eaf921-9162-4bcb-8a89-87f4e51b44ea].Aggregation[631cf59e-6add-4844-9a30-7cb79ae107e5]}].hierarchy["coll_sum_add_on"{fa4058b6-d33f-47d1-96a8-4e71c05b12f1}].dataSource.layout["ttl_add_on"{a0d8d85d-2914-43bd-aa4a-972822cbb389}]</property>
						</object>
						<object type="SQLExpressionPart" version="2">
							<property name="value" value=" > 0 AND " valueType="string"/>
						</object>
						<object type="SQLPattern" version="3">
							<property name="name" value="isNull" valueType="string"/>
							<property name="parameters" valueType="table">
								<object type="SQLPattern:parameter" version="3">
									<property name="expressions" valueType="table">
										<object type="DataModel:fieldReference" version="3">
											<property name="value" valueType="url">DataModel["ModifyModel[PFE_Collateral_Allocation].ModifyModel[PFE_Collateral_Addon].Aggregation[CRM_Pledge_Calc_Inputs]"{ModifyModel[d1e7c7dd-e27b-44ff-bbcb-1e627d35e7c9].ModifyModel[17eaf921-9162-4bcb-8a89-87f4e51b44ea].Aggregation[631cf59e-6add-4844-9a30-7cb79ae107e5]}].hierarchy["prealloc_exposure"{fb5352df-10e8-473d-9780-ff8cfdc24ac1}].dataSource.layout["id_mrgn_agrmnt"{1dee778a-34bf-4fa3-ae83-48c3de009e71}]</property>
										</object>
									</property>
								</object>
								<object type="SQLPattern:parameter" version="3">
									<property name="expressions" valueType="table">
										<object type="SQLExpressionPart" version="2">
											<property name="value" value="''" valueType="string"/>
										</object>
									</property>
								</object>
							</property>
						</object>
						<object type="SQLExpressionPart" version="2">
							<property name="value" value=" != '' THEN (" valueType="string"/>
						</object>
						<object type="DataModel:fieldReference" version="3">
							<property name="value" valueType="url">DataModel["ModifyModel[PFE_Collateral_Allocation].ModifyModel[PFE_Collateral_Addon].Aggregation[CRM_Pledge_Calc_Inputs]"{ModifyModel[d1e7c7dd-e27b-44ff-bbcb-1e627d35e7c9].ModifyModel[17eaf921-9162-4bcb-8a89-87f4e51b44ea].Aggregation[631cf59e-6add-4844-9a30-7cb79ae107e5]}].hierarchy["reserved_pfe"{cd4be025-d67a-45a7-8681-1c79893d0a7a}].dataSource.layout["reserved"{reserved}]</property>
						</object>
						<object type="SQLExpressionPart" version="2">
							<property name="value" value=" * " valueType="string"/>
						</object>
						<object type="SQLPattern" version="3">
							<property name="name" value="greatest" valueType="string"/>
							<property name="parameters" valueType="table">
								<object type="SQLPattern:parameter" version="3">
									<property name="expressions" valueType="table">
										<object type="SQLExpressionPart" version="2">
											<property name="value" value="(1 - (" valueType="string"/>
										</object>
										<object type="DataModel:fieldReference" version="3">
											<property name="value" valueType="url">DataModel["ModifyModel[PFE_Collateral_Allocation].ModifyModel[PFE_Collateral_Addon].Aggregation[CRM_Pledge_Calc_Inputs]"{ModifyModel[d1e7c7dd-e27b-44ff-bbcb-1e627d35e7c9].ModifyModel[17eaf921-9162-4bcb-8a89-87f4e51b44ea].Aggregation[631cf59e-6add-4844-9a30-7cb79ae107e5]}].hierarchy["prealloc_collateral"{ee99c55b-d845-440c-9685-68399bcf3da6}].dataSource.layout["sclld_10dy_hrct"{1c26e122-d452-401c-a76a-5929631e30c8}]</property>
										</object>
										<object type="SQLExpressionPart" version="2">
											<property name="value" value="/100 * SQRT(" valueType="string"/>
										</object>
										<object type="DataModel:fieldReference" version="3">
											<property name="value" valueType="url">DataModel["ModifyModel[PFE_Collateral_Allocation].ModifyModel[PFE_Collateral_Addon].Aggregation[CRM_Pledge_Calc_Inputs]"{ModifyModel[d1e7c7dd-e27b-44ff-bbcb-1e627d35e7c9].ModifyModel[17eaf921-9162-4bcb-8a89-87f4e51b44ea].Aggregation[631cf59e-6add-4844-9a30-7cb79ae107e5]}].hierarchy["prealloc_exposure"{fb5352df-10e8-473d-9780-ff8cfdc24ac1}].dataSource.layout["mpor"{b74aebdf-f375-490e-b1d0-dba373ee453e}]</property>
										</object>
										<object type="SQLExpressionPart" version="2">
											<property name="value" value="  /10)) - (CASE WHEN " valueType="string"/>
										</object>
										<object type="SQLPattern" version="3">
											<property name="name" value="isNull" valueType="string"/>
											<property name="parameters" valueType="table">
												<object type="SQLPattern:parameter" version="3">
													<property name="expressions" valueType="table">
														<object type="SQLExpressionPart" version="2">
															<property name="value" value="CASE WHEN " valueType="string"/>
														</object>
														<object type="DataModel:fieldReference" version="3">
															<property name="value" valueType="url">DataModel["ModifyModel[PFE_Collateral_Allocation].ModifyModel[PFE_Collateral_Addon].Aggregation[CRM_Pledge_Calc_Inputs]"{ModifyModel[d1e7c7dd-e27b-44ff-bbcb-1e627d35e7c9].ModifyModel[17eaf921-9162-4bcb-8a89-87f4e51b44ea].Aggregation[631cf59e-6add-4844-9a30-7cb79ae107e5]}].hierarchy["prealloc_exposure"{fb5352df-10e8-473d-9780-ff8cfdc24ac1}].dataSource.layout["orgnl_ccy_code"{d2d605c2-7033-493b-a892-78c5b6f4410d}]</property>
														</object>
														<object type="SQLExpressionPart" version="2">
															<property name="value" value="='' THEN NULL ELSE " valueType="string"/>
														</object>
														<object type="DataModel:fieldReference" version="3">
															<property name="value" valueType="url">DataModel["ModifyModel[PFE_Collateral_Allocation].ModifyModel[PFE_Collateral_Addon].Aggregation[CRM_Pledge_Calc_Inputs]"{ModifyModel[d1e7c7dd-e27b-44ff-bbcb-1e627d35e7c9].ModifyModel[17eaf921-9162-4bcb-8a89-87f4e51b44ea].Aggregation[631cf59e-6add-4844-9a30-7cb79ae107e5]}].hierarchy["prealloc_exposure"{fb5352df-10e8-473d-9780-ff8cfdc24ac1}].dataSource.layout["orgnl_ccy_code"{d2d605c2-7033-493b-a892-78c5b6f4410d}]</property>
														</object>
														<object type="SQLExpressionPart" version="2">
															<property name="value" value=" END" valueType="string"/>
														</object>
													</property>
												</object>
												<object type="SQLPattern:parameter" version="3">
													<property name="expressions" valueType="table">
														<object type="SQLExpressionPart" version="2">
															<property name="value" value="'N/A'" valueType="string"/>
														</object>
													</property>
												</object>
											</property>
										</object>
										<object type="SQLExpressionPart" version="2">
											<property name="value" value=" != " valueType="string"/>
										</object>
										<object type="DataModel:fieldReference" version="3">
											<property name="value" valueType="url">DataModel["ModifyModel[PFE_Collateral_Allocation].ModifyModel[PFE_Collateral_Addon].Aggregation[CRM_Pledge_Calc_Inputs]"{ModifyModel[d1e7c7dd-e27b-44ff-bbcb-1e627d35e7c9].ModifyModel[17eaf921-9162-4bcb-8a89-87f4e51b44ea].Aggregation[631cf59e-6add-4844-9a30-7cb79ae107e5]}].hierarchy["prealloc_collateral"{ee99c55b-d845-440c-9685-68399bcf3da6}].dataSource.layout["clltrl_ccy"{793715b3-f601-4b8b-b95e-5e206440bd0f}]</property>
										</object>
										<object type="SQLExpressionPart" version="2">
											<property name="value" value=" THEN 0.08 * SQRT(" valueType="string"/>
										</object>
										<object type="DataModel:fieldReference" version="3">
											<property name="value" valueType="url">DataModel["ModifyModel[PFE_Collateral_Allocation].ModifyModel[PFE_Collateral_Addon].Aggregation[CRM_Pledge_Calc_Inputs]"{ModifyModel[d1e7c7dd-e27b-44ff-bbcb-1e627d35e7c9].ModifyModel[17eaf921-9162-4bcb-8a89-87f4e51b44ea].Aggregation[631cf59e-6add-4844-9a30-7cb79ae107e5]}].hierarchy["prealloc_exposure"{fb5352df-10e8-473d-9780-ff8cfdc24ac1}].dataSource.layout["mpor"{b74aebdf-f375-490e-b1d0-dba373ee453e}]</property>
										</object>
										<object type="SQLExpressionPart" version="2">
											<property name="value" value="  /10) ELSE 0 END))" valueType="string"/>
										</object>
									</property>
								</object>
								<object type="SQLPattern:parameter" version="3">
									<property name="expressions" valueType="table">
										<object type="SQLExpressionPart" version="2">
											<property name="value" value="0" valueType="string"/>
										</object>
									</property>
								</object>
							</property>
						</object>
						<object type="SQLExpressionPart" version="2">
							<property name="value" value=") * " valueType="string"/>
						</object>
						<object type="SQLPattern" version="3">
							<property name="name" value="greatest" valueType="string"/>
							<property name="parameters" valueType="table">
								<object type="SQLPattern:parameter" version="3">
									<property name="expressions" valueType="table">
										<object type="SQLExpressionPart" version="2">
											<property name="value" value="(CASE WHEN " valueType="string"/>
										</object>
										<object type="DataModel:fieldReference" version="3">
											<property name="value" valueType="url">DataModel["ModifyModel[PFE_Collateral_Allocation].ModifyModel[PFE_Collateral_Addon].Aggregation[CRM_Pledge_Calc_Inputs]"{ModifyModel[d1e7c7dd-e27b-44ff-bbcb-1e627d35e7c9].ModifyModel[17eaf921-9162-4bcb-8a89-87f4e51b44ea].Aggregation[631cf59e-6add-4844-9a30-7cb79ae107e5]}].hierarchy["addons"{3eb08469-3e6e-446d-abb6-64327542e1f1}].dataSource.layout["uk_multi_mrgnd_mthd_ind"{75cc5348-d0b5-4534-8989-c5d12dfff66c}]</property>
										</object>
										<object type="SQLExpressionPart" version="2">
											<property name="value" value="='Y' THEN " valueType="string"/>
										</object>
										<object type="DataModel:fieldReference" version="3">
											<property name="value" valueType="url">DataModel["ModifyModel[PFE_Collateral_Allocation].ModifyModel[PFE_Collateral_Addon].Aggregation[CRM_Pledge_Calc_Inputs]"{ModifyModel[d1e7c7dd-e27b-44ff-bbcb-1e627d35e7c9].ModifyModel[17eaf921-9162-4bcb-8a89-87f4e51b44ea].Aggregation[631cf59e-6add-4844-9a30-7cb79ae107e5]}].hierarchy["addons"{3eb08469-3e6e-446d-abb6-64327542e1f1}].dataSource.layout["mrgnd_add_on"{1a9b6646-a3c8-41ff-9eac-cd0d784d0a3a}]</property>
										</object>
										<object type="SQLExpressionPart" version="2">
											<property name="value" value=" WHEN " valueType="string"/>
										</object>
										<object type="SQLPattern" version="3">
											<property name="name" value="isNull" valueType="string"/>
											<property name="parameters" valueType="table">
												<object type="SQLPattern:parameter" version="3">
													<property name="expressions" valueType="table">
														<object type="DataModel:fieldReference" version="3">
															<property name="value" valueType="url">DataModel["ModifyModel[PFE_Collateral_Allocation].ModifyModel[PFE_Collateral_Addon].Aggregation[CRM_Pledge_Calc_Inputs]"{ModifyModel[d1e7c7dd-e27b-44ff-bbcb-1e627d35e7c9].ModifyModel[17eaf921-9162-4bcb-8a89-87f4e51b44ea].Aggregation[631cf59e-6add-4844-9a30-7cb79ae107e5]}].hierarchy["addons"{3eb08469-3e6e-446d-abb6-64327542e1f1}].dataSource.layout["id_mrgn_agrmnt"{d6b7d17b-5a26-4b01-af16-32a1e58ba351}]</property>
														</object>
													</property>
												</object>
												<object type="SQLPattern:parameter" version="3">
													<property name="expressions" valueType="table">
														<object type="SQLExpressionPart" version="2">
															<property name="value" value="''" valueType="string"/>
														</object>
													</property>
												</object>
											</property>
										</object>
										<object type="SQLExpressionPart" version="2">
											<property name="value" value="!='' THEN " valueType="string"/>
										</object>
										<object type="DataModel:fieldReference" version="3">
											<property name="value" valueType="url">DataModel["ModifyModel[PFE_Collateral_Allocation].ModifyModel[PFE_Collateral_Addon].Aggregation[CRM_Pledge_Calc_Inputs]"{ModifyModel[d1e7c7dd-e27b-44ff-bbcb-1e627d35e7c9].ModifyModel[17eaf921-9162-4bcb-8a89-87f4e51b44ea].Aggregation[631cf59e-6add-4844-9a30-7cb79ae107e5]}].hierarchy["addons"{3eb08469-3e6e-446d-abb6-64327542e1f1}].dataSource.layout["mrgnd_add_on"{1a9b6646-a3c8-41ff-9eac-cd0d784d0a3a}]</property>
										</object>
										<object type="SQLExpressionPart" version="2">
											<property name="value" value=" ELSE " valueType="string"/>
										</object>
										<object type="DataModel:fieldReference" version="3">
											<property name="value" valueType="url">DataModel["ModifyModel[PFE_Collateral_Allocation].ModifyModel[PFE_Collateral_Addon].Aggregation[CRM_Pledge_Calc_Inputs]"{ModifyModel[d1e7c7dd-e27b-44ff-bbcb-1e627d35e7c9].ModifyModel[17eaf921-9162-4bcb-8a89-87f4e51b44ea].Aggregation[631cf59e-6add-4844-9a30-7cb79ae107e5]}].hierarchy["addons"{3eb08469-3e6e-446d-abb6-64327542e1f1}].dataSource.layout["unmrgnd_add_on"{d425ddb5-6ee5-4ab3-8c27-39ea1e946ec8}]</property>
										</object>
										<object type="SQLExpressionPart" version="2">
											<property name="value" value=" END)" valueType="string"/>
										</object>
									</property>
								</object>
								<object type="SQLPattern:parameter" version="3">
									<property name="expressions" valueType="table">
										<object type="SQLExpressionPart" version="2">
											<property name="value" value="0" valueType="string"/>
										</object>
									</property>
								</object>
							</property>
						</object>
						<object type="SQLExpressionPart" version="2">
							<property name="value" value=" /" valueType="string"/>
						</object>
						<object type="DataModel:fieldReference" version="3">
							<property name="value" valueType="url">DataModel["ModifyModel[PFE_Collateral_Allocation].ModifyModel[PFE_Collateral_Addon].Aggregation[CRM_Pledge_Calc_Inputs]"{ModifyModel[d1e7c7dd-e27b-44ff-bbcb-1e627d35e7c9].ModifyModel[17eaf921-9162-4bcb-8a89-87f4e51b44ea].Aggregation[631cf59e-6add-4844-9a30-7cb79ae107e5]}].hierarchy["coll_sum_add_on"{fa4058b6-d33f-47d1-96a8-4e71c05b12f1}].dataSource.layout["ttl_add_on"{a0d8d85d-2914-43bd-aa4a-972822cbb389}]</property>
						</object>
						<object type="SQLExpressionPart" version="2">
							<property name="value" value=" END" valueType="string"/>
						</object>
					</property>
					<property name="valueNullable" value="false" valueType="boolean"/>
					<property name="valueType" value="FLOAT" valueType="string"/>
				</object>
			</property>
		</object>
		<object type="Aggregation:mapping" version="7">
			<property name="field" valueType="object">
				<object type="Aggregation:localCalcFieldReference" version="7">
					<property name="value" valueType="url">Aggregation[this].calcFields["unmrgnd_allctd_pfe"{53574086-9ba0-4120-ae11-da2c3fa6ffdb}]</property>
				</object>
			</property>
			<property name="fieldMapping" valueType="table">
				<object type="Aggregation:fieldMapping" version="7">
					<property name="model" valueType="object">
						<object type="DataModel:reference" version="3">
							<property name="value" valueType="url">DataModel["ModifyModel[PFE_Collateral_Allocation].ModifyModel[PFE_Collateral_Addon].Aggregation[CRM_Pledge_Calc_Inputs]"{ModifyModel[d1e7c7dd-e27b-44ff-bbcb-1e627d35e7c9].ModifyModel[17eaf921-9162-4bcb-8a89-87f4e51b44ea].Aggregation[631cf59e-6add-4844-9a30-7cb79ae107e5]}]</property>
						</object>
					</property>
					<property name="expression" valueType="table">
						<object type="SQLExpressionPart" version="2">
							<property name="value" value="CASE WHEN " valueType="string"/>
						</object>
						<object type="DataModel:fieldReference" version="3">
							<property name="value" valueType="url">DataModel["ModifyModel[PFE_Collateral_Allocation].ModifyModel[PFE_Collateral_Addon].Aggregation[CRM_Pledge_Calc_Inputs]"{ModifyModel[d1e7c7dd-e27b-44ff-bbcb-1e627d35e7c9].ModifyModel[17eaf921-9162-4bcb-8a89-87f4e51b44ea].Aggregation[631cf59e-6add-4844-9a30-7cb79ae107e5]}].hierarchy["coll_sum_add_on"{fa4058b6-d33f-47d1-96a8-4e71c05b12f1}].dataSource.layout["ttl_add_on"{a0d8d85d-2914-43bd-aa4a-972822cbb389}]</property>
						</object>
						<object type="SQLExpressionPart" version="2">
							<property name="value" value=" > 0 AND " valueType="string"/>
						</object>
						<object type="SQLPattern" version="3">
							<property name="name" value="isNull" valueType="string"/>
							<property name="parameters" valueType="table">
								<object type="SQLPattern:parameter" version="3">
									<property name="expressions" valueType="table">
										<object type="DataModel:fieldReference" version="3">
											<property name="value" valueType="url">DataModel["ModifyModel[PFE_Collateral_Allocation].ModifyModel[PFE_Collateral_Addon].Aggregation[CRM_Pledge_Calc_Inputs]"{ModifyModel[d1e7c7dd-e27b-44ff-bbcb-1e627d35e7c9].ModifyModel[17eaf921-9162-4bcb-8a89-87f4e51b44ea].Aggregation[631cf59e-6add-4844-9a30-7cb79ae107e5]}].hierarchy["prealloc_exposure"{fb5352df-10e8-473d-9780-ff8cfdc24ac1}].dataSource.layout["id_mrgn_agrmnt"{1dee778a-34bf-4fa3-ae83-48c3de009e71}]</property>
										</object>
									</property>
								</object>
								<object type="SQLPattern:parameter" version="3">
									<property name="expressions" valueType="table">
										<object type="SQLExpressionPart" version="2">
											<property name="value" value="''" valueType="string"/>
										</object>
									</property>
								</object>
							</property>
						</object>
						<object type="SQLExpressionPart" version="2">
							<property name="value" value=" = '' THEN  (" valueType="string"/>
						</object>
						<object type="DataModel:fieldReference" version="3">
							<property name="value" valueType="url">DataModel["ModifyModel[PFE_Collateral_Allocation].ModifyModel[PFE_Collateral_Addon].Aggregation[CRM_Pledge_Calc_Inputs]"{ModifyModel[d1e7c7dd-e27b-44ff-bbcb-1e627d35e7c9].ModifyModel[17eaf921-9162-4bcb-8a89-87f4e51b44ea].Aggregation[631cf59e-6add-4844-9a30-7cb79ae107e5]}].hierarchy["reserved_pfe"{cd4be025-d67a-45a7-8681-1c79893d0a7a}].dataSource.layout["reserved"{reserved}]</property>
						</object>
						<object type="SQLExpressionPart" version="2">
							<property name="value" value=" * " valueType="string"/>
						</object>
						<object type="SQLPattern" version="3">
							<property name="name" value="greatest" valueType="string"/>
							<property name="parameters" valueType="table">
								<object type="SQLPattern:parameter" version="3">
									<property name="expressions" valueType="table">
										<object type="SQLExpressionPart" version="2">
											<property name="value" value="(1 - " valueType="string"/>
										</object>
										<object type="DataModel:fieldReference" version="3">
											<property name="value" valueType="url">DataModel["ModifyModel[PFE_Collateral_Allocation].ModifyModel[PFE_Collateral_Addon].Aggregation[CRM_Pledge_Calc_Inputs]"{ModifyModel[d1e7c7dd-e27b-44ff-bbcb-1e627d35e7c9].ModifyModel[17eaf921-9162-4bcb-8a89-87f4e51b44ea].Aggregation[631cf59e-6add-4844-9a30-7cb79ae107e5]}].hierarchy["prealloc_collateral"{ee99c55b-d845-440c-9685-68399bcf3da6}].dataSource.layout["sclld_10dy_hrct"{1c26e122-d452-401c-a76a-5929631e30c8}]</property>
										</object>
										<object type="SQLExpressionPart" version="2">
											<property name="value" value="/100 * SQRT(" valueType="string"/>
										</object>
										<object type="DataModel:fieldReference" version="3">
											<property name="value" valueType="url">DataModel["ModifyModel[PFE_Collateral_Allocation].ModifyModel[PFE_Collateral_Addon].Aggregation[CRM_Pledge_Calc_Inputs]"{ModifyModel[d1e7c7dd-e27b-44ff-bbcb-1e627d35e7c9].ModifyModel[17eaf921-9162-4bcb-8a89-87f4e51b44ea].Aggregation[631cf59e-6add-4844-9a30-7cb79ae107e5]}].hierarchy["prealloc_exposure"{fb5352df-10e8-473d-9780-ff8cfdc24ac1}].dataSource.layout["saccr_bsnss_dys"{ee1cc6fb-f8ba-40dd-b8a8-086c9d17b3d3}]</property>
										</object>
										<object type="SQLExpressionPart" version="2">
											<property name="value" value="  /10) - (CASE WHEN " valueType="string"/>
										</object>
										<object type="SQLPattern" version="3">
											<property name="name" value="isNull" valueType="string"/>
											<property name="parameters" valueType="table">
												<object type="SQLPattern:parameter" version="3">
													<property name="expressions" valueType="table">
														<object type="SQLExpressionPart" version="2">
															<property name="value" value="CASE WHEN " valueType="string"/>
														</object>
														<object type="DataModel:fieldReference" version="3">
															<property name="value" valueType="url">DataModel["ModifyModel[PFE_Collateral_Allocation].ModifyModel[PFE_Collateral_Addon].Aggregation[CRM_Pledge_Calc_Inputs]"{ModifyModel[d1e7c7dd-e27b-44ff-bbcb-1e627d35e7c9].ModifyModel[17eaf921-9162-4bcb-8a89-87f4e51b44ea].Aggregation[631cf59e-6add-4844-9a30-7cb79ae107e5]}].hierarchy["prealloc_exposure"{fb5352df-10e8-473d-9780-ff8cfdc24ac1}].dataSource.layout["orgnl_ccy_code"{d2d605c2-7033-493b-a892-78c5b6f4410d}]</property>
														</object>
														<object type="SQLExpressionPart" version="2">
															<property name="value" value="='' THEN NULL ELSE " valueType="string"/>
														</object>
														<object type="DataModel:fieldReference" version="3">
															<property name="value" valueType="url">DataModel["ModifyModel[PFE_Collateral_Allocation].ModifyModel[PFE_Collateral_Addon].Aggregation[CRM_Pledge_Calc_Inputs]"{ModifyModel[d1e7c7dd-e27b-44ff-bbcb-1e627d35e7c9].ModifyModel[17eaf921-9162-4bcb-8a89-87f4e51b44ea].Aggregation[631cf59e-6add-4844-9a30-7cb79ae107e5]}].hierarchy["prealloc_exposure"{fb5352df-10e8-473d-9780-ff8cfdc24ac1}].dataSource.layout["orgnl_ccy_code"{d2d605c2-7033-493b-a892-78c5b6f4410d}]</property>
														</object>
														<object type="SQLExpressionPart" version="2">
															<property name="value" value=" END" valueType="string"/>
														</object>
													</property>
												</object>
												<object type="SQLPattern:parameter" version="3">
													<property name="expressions" valueType="table">
														<object type="SQLExpressionPart" version="2">
															<property name="value" value="'N/A'" valueType="string"/>
														</object>
													</property>
												</object>
											</property>
										</object>
										<object type="SQLExpressionPart" version="2">
											<property name="value" value=" != " valueType="string"/>
										</object>
										<object type="DataModel:fieldReference" version="3">
											<property name="value" valueType="url">DataModel["ModifyModel[PFE_Collateral_Allocation].ModifyModel[PFE_Collateral_Addon].Aggregation[CRM_Pledge_Calc_Inputs]"{ModifyModel[d1e7c7dd-e27b-44ff-bbcb-1e627d35e7c9].ModifyModel[17eaf921-9162-4bcb-8a89-87f4e51b44ea].Aggregation[631cf59e-6add-4844-9a30-7cb79ae107e5]}].hierarchy["prealloc_collateral"{ee99c55b-d845-440c-9685-68399bcf3da6}].dataSource.layout["clltrl_ccy"{793715b3-f601-4b8b-b95e-5e206440bd0f}]</property>
										</object>
										<object type="SQLExpressionPart" version="2">
											<property name="value" value=" THEN 0.08 *SQRT(" valueType="string"/>
										</object>
										<object type="DataModel:fieldReference" version="3">
											<property name="value" valueType="url">DataModel["ModifyModel[PFE_Collateral_Allocation].ModifyModel[PFE_Collateral_Addon].Aggregation[CRM_Pledge_Calc_Inputs]"{ModifyModel[d1e7c7dd-e27b-44ff-bbcb-1e627d35e7c9].ModifyModel[17eaf921-9162-4bcb-8a89-87f4e51b44ea].Aggregation[631cf59e-6add-4844-9a30-7cb79ae107e5]}].hierarchy["prealloc_exposure"{fb5352df-10e8-473d-9780-ff8cfdc24ac1}].dataSource.layout["saccr_bsnss_dys"{ee1cc6fb-f8ba-40dd-b8a8-086c9d17b3d3}]</property>
										</object>
										<object type="SQLExpressionPart" version="2">
											<property name="value" value="  /10)  ELSE 0 END))" valueType="string"/>
										</object>
									</property>
								</object>
								<object type="SQLPattern:parameter" version="3">
									<property name="expressions" valueType="table">
										<object type="SQLExpressionPart" version="2">
											<property name="value" value="0" valueType="string"/>
										</object>
									</property>
								</object>
							</property>
						</object>
						<object type="SQLExpressionPart" version="2">
							<property name="value" value=")  * " valueType="string"/>
						</object>
						<object type="SQLPattern" version="3">
							<property name="name" value="greatest" valueType="string"/>
							<property name="parameters" valueType="table">
								<object type="SQLPattern:parameter" version="3">
									<property name="expressions" valueType="table">
										<object type="SQLExpressionPart" version="2">
											<property name="value" value="(CASE WHEN " valueType="string"/>
										</object>
										<object type="DataModel:fieldReference" version="3">
											<property name="value" valueType="url">DataModel["ModifyModel[PFE_Collateral_Allocation].ModifyModel[PFE_Collateral_Addon].Aggregation[CRM_Pledge_Calc_Inputs]"{ModifyModel[d1e7c7dd-e27b-44ff-bbcb-1e627d35e7c9].ModifyModel[17eaf921-9162-4bcb-8a89-87f4e51b44ea].Aggregation[631cf59e-6add-4844-9a30-7cb79ae107e5]}].hierarchy["addons"{3eb08469-3e6e-446d-abb6-64327542e1f1}].dataSource.layout["uk_multi_mrgnd_mthd_ind"{75cc5348-d0b5-4534-8989-c5d12dfff66c}]</property>
										</object>
										<object type="SQLExpressionPart" version="2">
											<property name="value" value="='Y' THEN " valueType="string"/>
										</object>
										<object type="DataModel:fieldReference" version="3">
											<property name="value" valueType="url">DataModel["ModifyModel[PFE_Collateral_Allocation].ModifyModel[PFE_Collateral_Addon].Aggregation[CRM_Pledge_Calc_Inputs]"{ModifyModel[d1e7c7dd-e27b-44ff-bbcb-1e627d35e7c9].ModifyModel[17eaf921-9162-4bcb-8a89-87f4e51b44ea].Aggregation[631cf59e-6add-4844-9a30-7cb79ae107e5]}].hierarchy["addons"{3eb08469-3e6e-446d-abb6-64327542e1f1}].dataSource.layout["mrgnd_add_on"{1a9b6646-a3c8-41ff-9eac-cd0d784d0a3a}]</property>
										</object>
										<object type="SQLExpressionPart" version="2">
											<property name="value" value=" WHEN " valueType="string"/>
										</object>
										<object type="SQLPattern" version="3">
											<property name="name" value="isNull" valueType="string"/>
											<property name="parameters" valueType="table">
												<object type="SQLPattern:parameter" version="3">
													<property name="expressions" valueType="table">
														<object type="DataModel:fieldReference" version="3">
															<property name="value" valueType="url">DataModel["ModifyModel[PFE_Collateral_Allocation].ModifyModel[PFE_Collateral_Addon].Aggregation[CRM_Pledge_Calc_Inputs]"{ModifyModel[d1e7c7dd-e27b-44ff-bbcb-1e627d35e7c9].ModifyModel[17eaf921-9162-4bcb-8a89-87f4e51b44ea].Aggregation[631cf59e-6add-4844-9a30-7cb79ae107e5]}].hierarchy["addons"{3eb08469-3e6e-446d-abb6-64327542e1f1}].dataSource.layout["id_mrgn_agrmnt"{d6b7d17b-5a26-4b01-af16-32a1e58ba351}]</property>
														</object>
													</property>
												</object>
												<object type="SQLPattern:parameter" version="3">
													<property name="expressions" valueType="table">
														<object type="SQLExpressionPart" version="2">
															<property name="value" value="''" valueType="string"/>
														</object>
													</property>
												</object>
											</property>
										</object>
										<object type="SQLExpressionPart" version="2">
											<property name="value" value="!='' THEN " valueType="string"/>
										</object>
										<object type="DataModel:fieldReference" version="3">
											<property name="value" valueType="url">DataModel["ModifyModel[PFE_Collateral_Allocation].ModifyModel[PFE_Collateral_Addon].Aggregation[CRM_Pledge_Calc_Inputs]"{ModifyModel[d1e7c7dd-e27b-44ff-bbcb-1e627d35e7c9].ModifyModel[17eaf921-9162-4bcb-8a89-87f4e51b44ea].Aggregation[631cf59e-6add-4844-9a30-7cb79ae107e5]}].hierarchy["addons"{3eb08469-3e6e-446d-abb6-64327542e1f1}].dataSource.layout["mrgnd_add_on"{1a9b6646-a3c8-41ff-9eac-cd0d784d0a3a}]</property>
										</object>
										<object type="SQLExpressionPart" version="2">
											<property name="value" value=" ELSE " valueType="string"/>
										</object>
										<object type="DataModel:fieldReference" version="3">
											<property name="value" valueType="url">DataModel["ModifyModel[PFE_Collateral_Allocation].ModifyModel[PFE_Collateral_Addon].Aggregation[CRM_Pledge_Calc_Inputs]"{ModifyModel[d1e7c7dd-e27b-44ff-bbcb-1e627d35e7c9].ModifyModel[17eaf921-9162-4bcb-8a89-87f4e51b44ea].Aggregation[631cf59e-6add-4844-9a30-7cb79ae107e5]}].hierarchy["addons"{3eb08469-3e6e-446d-abb6-64327542e1f1}].dataSource.layout["unmrgnd_add_on"{d425ddb5-6ee5-4ab3-8c27-39ea1e946ec8}]</property>
										</object>
										<object type="SQLExpressionPart" version="2">
											<property name="value" value=" END)" valueType="string"/>
										</object>
									</property>
								</object>
								<object type="SQLPattern:parameter" version="3">
									<property name="expressions" valueType="table">
										<object type="SQLExpressionPart" version="2">
											<property name="value" value="0" valueType="string"/>
										</object>
									</property>
								</object>
							</property>
						</object>
						<object type="SQLExpressionPart" version="2">
							<property name="value" value=" / " valueType="string"/>
						</object>
						<object type="DataModel:fieldReference" version="3">
							<property name="value" valueType="url">DataModel["ModifyModel[PFE_Collateral_Allocation].ModifyModel[PFE_Collateral_Addon].Aggregation[CRM_Pledge_Calc_Inputs]"{ModifyModel[d1e7c7dd-e27b-44ff-bbcb-1e627d35e7c9].ModifyModel[17eaf921-9162-4bcb-8a89-87f4e51b44ea].Aggregation[631cf59e-6add-4844-9a30-7cb79ae107e5]}].hierarchy["coll_sum_add_on"{fa4058b6-d33f-47d1-96a8-4e71c05b12f1}].dataSource.layout["ttl_add_on"{a0d8d85d-2914-43bd-aa4a-972822cbb389}]</property>
						</object>
						<object type="SQLExpressionPart" version="2">
							<property name="value" value=" END" valueType="string"/>
						</object>
					</property>
					<property name="valueNullable" value="false" valueType="boolean"/>
					<property name="valueType" value="FLOAT" valueType="string"/>
				</object>
			</property>
		</object>
		<object type="Aggregation:mapping" version="7">
			<property name="field" valueType="object">
				<object type="Aggregation:localCalcFieldReference" version="7">
					<property name="value" valueType="url">Aggregation[this].calcFields["unmrgnd_mrgnd_allctd_pfe"{e5e18799-345f-43c7-b345-63459a2a1f78}]</property>
				</object>
			</property>
			<property name="fieldMapping" valueType="table">
				<object type="Aggregation:fieldMapping" version="7">
					<property name="model" valueType="object">
						<object type="DataModel:reference" version="3">
							<property name="value" valueType="url">DataModel["ModifyModel[PFE_Collateral_Allocation].ModifyModel[PFE_Collateral_Addon].Aggregation[CRM_Pledge_Calc_Inputs]"{ModifyModel[d1e7c7dd-e27b-44ff-bbcb-1e627d35e7c9].ModifyModel[17eaf921-9162-4bcb-8a89-87f4e51b44ea].Aggregation[631cf59e-6add-4844-9a30-7cb79ae107e5]}]</property>
						</object>
					</property>
					<property name="expression" valueType="table">
						<object type="SQLExpressionPart" version="2">
							<property name="value" value="CASE WHEN " valueType="string"/>
						</object>
						<object type="DataModel:fieldReference" version="3">
							<property name="value" valueType="url">DataModel["ModifyModel[PFE_Collateral_Allocation].ModifyModel[PFE_Collateral_Addon].Aggregation[CRM_Pledge_Calc_Inputs]"{ModifyModel[d1e7c7dd-e27b-44ff-bbcb-1e627d35e7c9].ModifyModel[17eaf921-9162-4bcb-8a89-87f4e51b44ea].Aggregation[631cf59e-6add-4844-9a30-7cb79ae107e5]}].hierarchy["coll_sum_add_on"{fa4058b6-d33f-47d1-96a8-4e71c05b12f1}].dataSource.layout["ttl_add_on"{a0d8d85d-2914-43bd-aa4a-972822cbb389}]</property>
						</object>
						<object type="SQLExpressionPart" version="2">
							<property name="value" value=" > 0 THEN (" valueType="string"/>
						</object>
						<object type="DataModel:fieldReference" version="3">
							<property name="value" valueType="url">DataModel["ModifyModel[PFE_Collateral_Allocation].ModifyModel[PFE_Collateral_Addon].Aggregation[CRM_Pledge_Calc_Inputs]"{ModifyModel[d1e7c7dd-e27b-44ff-bbcb-1e627d35e7c9].ModifyModel[17eaf921-9162-4bcb-8a89-87f4e51b44ea].Aggregation[631cf59e-6add-4844-9a30-7cb79ae107e5]}].hierarchy["reserved_pfe"{cd4be025-d67a-45a7-8681-1c79893d0a7a}].dataSource.layout["reserved"{reserved}]</property>
						</object>
						<object type="SQLExpressionPart" version="2">
							<property name="value" value=" * " valueType="string"/>
						</object>
						<object type="SQLPattern" version="3">
							<property name="name" value="greatest" valueType="string"/>
							<property name="parameters" valueType="table">
								<object type="SQLPattern:parameter" version="3">
									<property name="expressions" valueType="table">
										<object type="SQLExpressionPart" version="2">
											<property name="value" value="(1 - " valueType="string"/>
										</object>
										<object type="DataModel:fieldReference" version="3">
											<property name="value" valueType="url">DataModel["ModifyModel[PFE_Collateral_Allocation].ModifyModel[PFE_Collateral_Addon].Aggregation[CRM_Pledge_Calc_Inputs]"{ModifyModel[d1e7c7dd-e27b-44ff-bbcb-1e627d35e7c9].ModifyModel[17eaf921-9162-4bcb-8a89-87f4e51b44ea].Aggregation[631cf59e-6add-4844-9a30-7cb79ae107e5]}].hierarchy["prealloc_collateral"{ee99c55b-d845-440c-9685-68399bcf3da6}].dataSource.layout["sclld_10dy_hrct"{1c26e122-d452-401c-a76a-5929631e30c8}]</property>
										</object>
										<object type="SQLExpressionPart" version="2">
											<property name="value" value="/100 *SQRT(" valueType="string"/>
										</object>
										<object type="DataModel:fieldReference" version="3">
											<property name="value" valueType="url">DataModel["ModifyModel[PFE_Collateral_Allocation].ModifyModel[PFE_Collateral_Addon].Aggregation[CRM_Pledge_Calc_Inputs]"{ModifyModel[d1e7c7dd-e27b-44ff-bbcb-1e627d35e7c9].ModifyModel[17eaf921-9162-4bcb-8a89-87f4e51b44ea].Aggregation[631cf59e-6add-4844-9a30-7cb79ae107e5]}].hierarchy["prealloc_exposure"{fb5352df-10e8-473d-9780-ff8cfdc24ac1}].dataSource.layout["saccr_bsnss_dys"{ee1cc6fb-f8ba-40dd-b8a8-086c9d17b3d3}]</property>
										</object>
										<object type="SQLExpressionPart" version="2">
											<property name="value" value="  /10) - (CASE WHEN " valueType="string"/>
										</object>
										<object type="SQLPattern" version="3">
											<property name="name" value="isNull" valueType="string"/>
											<property name="parameters" valueType="table">
												<object type="SQLPattern:parameter" version="3">
													<property name="expressions" valueType="table">
														<object type="SQLExpressionPart" version="2">
															<property name="value" value="CASE WHEN " valueType="string"/>
														</object>
														<object type="DataModel:fieldReference" version="3">
															<property name="value" valueType="url">DataModel["ModifyModel[PFE_Collateral_Allocation].ModifyModel[PFE_Collateral_Addon].Aggregation[CRM_Pledge_Calc_Inputs]"{ModifyModel[d1e7c7dd-e27b-44ff-bbcb-1e627d35e7c9].ModifyModel[17eaf921-9162-4bcb-8a89-87f4e51b44ea].Aggregation[631cf59e-6add-4844-9a30-7cb79ae107e5]}].hierarchy["prealloc_exposure"{fb5352df-10e8-473d-9780-ff8cfdc24ac1}].dataSource.layout["orgnl_ccy_code"{d2d605c2-7033-493b-a892-78c5b6f4410d}]</property>
														</object>
														<object type="SQLExpressionPart" version="2">
															<property name="value" value="='' THEN NULL ELSE " valueType="string"/>
														</object>
														<object type="DataModel:fieldReference" version="3">
															<property name="value" valueType="url">DataModel["ModifyModel[PFE_Collateral_Allocation].ModifyModel[PFE_Collateral_Addon].Aggregation[CRM_Pledge_Calc_Inputs]"{ModifyModel[d1e7c7dd-e27b-44ff-bbcb-1e627d35e7c9].ModifyModel[17eaf921-9162-4bcb-8a89-87f4e51b44ea].Aggregation[631cf59e-6add-4844-9a30-7cb79ae107e5]}].hierarchy["prealloc_exposure"{fb5352df-10e8-473d-9780-ff8cfdc24ac1}].dataSource.layout["orgnl_ccy_code"{d2d605c2-7033-493b-a892-78c5b6f4410d}]</property>
														</object>
														<object type="SQLExpressionPart" version="2">
															<property name="value" value=" END" valueType="string"/>
														</object>
													</property>
												</object>
												<object type="SQLPattern:parameter" version="3">
													<property name="expressions" valueType="table">
														<object type="SQLExpressionPart" version="2">
															<property name="value" value="'N/A'" valueType="string"/>
														</object>
													</property>
												</object>
											</property>
										</object>
										<object type="SQLExpressionPart" version="2">
											<property name="value" value=" != " valueType="string"/>
										</object>
										<object type="DataModel:fieldReference" version="3">
											<property name="value" valueType="url">DataModel["ModifyModel[PFE_Collateral_Allocation].ModifyModel[PFE_Collateral_Addon].Aggregation[CRM_Pledge_Calc_Inputs]"{ModifyModel[d1e7c7dd-e27b-44ff-bbcb-1e627d35e7c9].ModifyModel[17eaf921-9162-4bcb-8a89-87f4e51b44ea].Aggregation[631cf59e-6add-4844-9a30-7cb79ae107e5]}].hierarchy["prealloc_collateral"{ee99c55b-d845-440c-9685-68399bcf3da6}].dataSource.layout["clltrl_ccy"{793715b3-f601-4b8b-b95e-5e206440bd0f}]</property>
										</object>
										<object type="SQLExpressionPart" version="2">
											<property name="value" value=" THEN 0.08 * SQRT(" valueType="string"/>
										</object>
										<object type="DataModel:fieldReference" version="3">
											<property name="value" valueType="url">DataModel["ModifyModel[PFE_Collateral_Allocation].ModifyModel[PFE_Collateral_Addon].Aggregation[CRM_Pledge_Calc_Inputs]"{ModifyModel[d1e7c7dd-e27b-44ff-bbcb-1e627d35e7c9].ModifyModel[17eaf921-9162-4bcb-8a89-87f4e51b44ea].Aggregation[631cf59e-6add-4844-9a30-7cb79ae107e5]}].hierarchy["prealloc_exposure"{fb5352df-10e8-473d-9780-ff8cfdc24ac1}].dataSource.layout["saccr_bsnss_dys"{ee1cc6fb-f8ba-40dd-b8a8-086c9d17b3d3}]</property>
										</object>
										<object type="SQLExpressionPart" version="2">
											<property name="value" value="  /10) ELSE 0 END))" valueType="string"/>
										</object>
									</property>
								</object>
								<object type="SQLPattern:parameter" version="3">
									<property name="expressions" valueType="table">
										<object type="SQLExpressionPart" version="2">
											<property name="value" value="0" valueType="string"/>
										</object>
									</property>
								</object>
							</property>
						</object>
						<object type="SQLExpressionPart" version="2">
							<property name="value" value=") * " valueType="string"/>
						</object>
						<object type="SQLPattern" version="3">
							<property name="name" value="greatest" valueType="string"/>
							<property name="parameters" valueType="table">
								<object type="SQLPattern:parameter" version="3">
									<property name="expressions" valueType="table">
										<object type="SQLExpressionPart" version="2">
											<property name="value" value="(CASE WHEN " valueType="string"/>
										</object>
										<object type="DataModel:fieldReference" version="3">
											<property name="value" valueType="url">DataModel["ModifyModel[PFE_Collateral_Allocation].ModifyModel[PFE_Collateral_Addon].Aggregation[CRM_Pledge_Calc_Inputs]"{ModifyModel[d1e7c7dd-e27b-44ff-bbcb-1e627d35e7c9].ModifyModel[17eaf921-9162-4bcb-8a89-87f4e51b44ea].Aggregation[631cf59e-6add-4844-9a30-7cb79ae107e5]}].hierarchy["addons"{3eb08469-3e6e-446d-abb6-64327542e1f1}].dataSource.layout["uk_multi_mrgnd_mthd_ind"{75cc5348-d0b5-4534-8989-c5d12dfff66c}]</property>
										</object>
										<object type="SQLExpressionPart" version="2">
											<property name="value" value="='Y' THEN " valueType="string"/>
										</object>
										<object type="DataModel:fieldReference" version="3">
											<property name="value" valueType="url">DataModel["ModifyModel[PFE_Collateral_Allocation].ModifyModel[PFE_Collateral_Addon].Aggregation[CRM_Pledge_Calc_Inputs]"{ModifyModel[d1e7c7dd-e27b-44ff-bbcb-1e627d35e7c9].ModifyModel[17eaf921-9162-4bcb-8a89-87f4e51b44ea].Aggregation[631cf59e-6add-4844-9a30-7cb79ae107e5]}].hierarchy["addons"{3eb08469-3e6e-446d-abb6-64327542e1f1}].dataSource.layout["mrgnd_add_on"{1a9b6646-a3c8-41ff-9eac-cd0d784d0a3a}]</property>
										</object>
										<object type="SQLExpressionPart" version="2">
											<property name="value" value=" WHEN " valueType="string"/>
										</object>
										<object type="SQLPattern" version="3">
											<property name="name" value="isNull" valueType="string"/>
											<property name="parameters" valueType="table">
												<object type="SQLPattern:parameter" version="3">
													<property name="expressions" valueType="table">
														<object type="DataModel:fieldReference" version="3">
															<property name="value" valueType="url">DataModel["ModifyModel[PFE_Collateral_Allocation].ModifyModel[PFE_Collateral_Addon].Aggregation[CRM_Pledge_Calc_Inputs]"{ModifyModel[d1e7c7dd-e27b-44ff-bbcb-1e627d35e7c9].ModifyModel[17eaf921-9162-4bcb-8a89-87f4e51b44ea].Aggregation[631cf59e-6add-4844-9a30-7cb79ae107e5]}].hierarchy["addons"{3eb08469-3e6e-446d-abb6-64327542e1f1}].dataSource.layout["id_mrgn_agrmnt"{d6b7d17b-5a26-4b01-af16-32a1e58ba351}]</property>
														</object>
													</property>
												</object>
												<object type="SQLPattern:parameter" version="3">
													<property name="expressions" valueType="table">
														<object type="SQLExpressionPart" version="2">
															<property name="value" value="''" valueType="string"/>
														</object>
													</property>
												</object>
											</property>
										</object>
										<object type="SQLExpressionPart" version="2">
											<property name="value" value="!='' THEN " valueType="string"/>
										</object>
										<object type="DataModel:fieldReference" version="3">
											<property name="value" valueType="url">DataModel["ModifyModel[PFE_Collateral_Allocation].ModifyModel[PFE_Collateral_Addon].Aggregation[CRM_Pledge_Calc_Inputs]"{ModifyModel[d1e7c7dd-e27b-44ff-bbcb-1e627d35e7c9].ModifyModel[17eaf921-9162-4bcb-8a89-87f4e51b44ea].Aggregation[631cf59e-6add-4844-9a30-7cb79ae107e5]}].hierarchy["addons"{3eb08469-3e6e-446d-abb6-64327542e1f1}].dataSource.layout["mrgnd_add_on"{1a9b6646-a3c8-41ff-9eac-cd0d784d0a3a}]</property>
										</object>
										<object type="SQLExpressionPart" version="2">
											<property name="value" value=" ELSE " valueType="string"/>
										</object>
										<object type="DataModel:fieldReference" version="3">
											<property name="value" valueType="url">DataModel["ModifyModel[PFE_Collateral_Allocation].ModifyModel[PFE_Collateral_Addon].Aggregation[CRM_Pledge_Calc_Inputs]"{ModifyModel[d1e7c7dd-e27b-44ff-bbcb-1e627d35e7c9].ModifyModel[17eaf921-9162-4bcb-8a89-87f4e51b44ea].Aggregation[631cf59e-6add-4844-9a30-7cb79ae107e5]}].hierarchy["addons"{3eb08469-3e6e-446d-abb6-64327542e1f1}].dataSource.layout["unmrgnd_add_on"{d425ddb5-6ee5-4ab3-8c27-39ea1e946ec8}]</property>
										</object>
										<object type="SQLExpressionPart" version="2">
											<property name="value" value=" END)" valueType="string"/>
										</object>
									</property>
								</object>
								<object type="SQLPattern:parameter" version="3">
									<property name="expressions" valueType="table">
										<object type="SQLExpressionPart" version="2">
											<property name="value" value="0" valueType="string"/>
										</object>
									</property>
								</object>
							</property>
						</object>
						<object type="SQLExpressionPart" version="2">
							<property name="value" value=" / " valueType="string"/>
						</object>
						<object type="DataModel:fieldReference" version="3">
							<property name="value" valueType="url">DataModel["ModifyModel[PFE_Collateral_Allocation].ModifyModel[PFE_Collateral_Addon].Aggregation[CRM_Pledge_Calc_Inputs]"{ModifyModel[d1e7c7dd-e27b-44ff-bbcb-1e627d35e7c9].ModifyModel[17eaf921-9162-4bcb-8a89-87f4e51b44ea].Aggregation[631cf59e-6add-4844-9a30-7cb79ae107e5]}].hierarchy["coll_sum_add_on"{fa4058b6-d33f-47d1-96a8-4e71c05b12f1}].dataSource.layout["ttl_add_on"{a0d8d85d-2914-43bd-aa4a-972822cbb389}]</property>
						</object>
						<object type="SQLExpressionPart" version="2">
							<property name="value" value=" END" valueType="string"/>
						</object>
					</property>
					<property name="valueNullable" value="false" valueType="boolean"/>
					<property name="valueType" value="FLOAT" valueType="string"/>
				</object>
			</property>
		</object>
		<object type="Aggregation:mapping" version="7">
			<property name="field" valueType="object">
				<object type="Aggregation:localCalcFieldReference" version="7">
					<property name="value" valueType="url">Aggregation[this].calcFields["vltlty_hc"{63951372-2fc1-4d71-b221-51f2a7645d29}]</property>
				</object>
			</property>
			<property name="fieldMapping" valueType="table">
				<object type="Aggregation:fieldMapping" version="7">
					<property name="model" valueType="object">
						<object type="DataModel:reference" version="3">
							<property name="value" valueType="url">DataModel["ModifyModel[PFE_Collateral_Allocation].ModifyModel[PFE_Collateral_Addon].Aggregation[CRM_Pledge_Calc_Inputs]"{ModifyModel[d1e7c7dd-e27b-44ff-bbcb-1e627d35e7c9].ModifyModel[17eaf921-9162-4bcb-8a89-87f4e51b44ea].Aggregation[631cf59e-6add-4844-9a30-7cb79ae107e5]}]</property>
						</object>
					</property>
					<property name="expression" valueType="table">
						<object type="SQLExpressionPart" version="2">
							<property name="value" value="CASE WHEN " valueType="string"/>
						</object>
						<object type="DataModel:fieldReference" version="3">
							<property name="value" valueType="url">DataModel["ModifyModel[PFE_Collateral_Allocation].ModifyModel[PFE_Collateral_Addon].Aggregation[CRM_Pledge_Calc_Inputs]"{ModifyModel[d1e7c7dd-e27b-44ff-bbcb-1e627d35e7c9].ModifyModel[17eaf921-9162-4bcb-8a89-87f4e51b44ea].Aggregation[631cf59e-6add-4844-9a30-7cb79ae107e5]}].hierarchy["coll_sum_add_on"{fa4058b6-d33f-47d1-96a8-4e71c05b12f1}].dataSource.layout["ttl_add_on"{a0d8d85d-2914-43bd-aa4a-972822cbb389}]</property>
						</object>
						<object type="SQLExpressionPart" version="2">
							<property name="value" value=" > 0 THEN CASE WHEN " valueType="string"/>
						</object>
						<object type="SQLPattern" version="3">
							<property name="name" value="isNull" valueType="string"/>
							<property name="parameters" valueType="table">
								<object type="SQLPattern:parameter" version="3">
									<property name="expressions" valueType="table">
										<object type="DataModel:fieldReference" version="3">
											<property name="value" valueType="url">DataModel["ModifyModel[PFE_Collateral_Allocation].ModifyModel[PFE_Collateral_Addon].Aggregation[CRM_Pledge_Calc_Inputs]"{ModifyModel[d1e7c7dd-e27b-44ff-bbcb-1e627d35e7c9].ModifyModel[17eaf921-9162-4bcb-8a89-87f4e51b44ea].Aggregation[631cf59e-6add-4844-9a30-7cb79ae107e5]}].hierarchy["prealloc_exposure"{fb5352df-10e8-473d-9780-ff8cfdc24ac1}].dataSource.layout["id_mrgn_agrmnt"{1dee778a-34bf-4fa3-ae83-48c3de009e71}]</property>
										</object>
									</property>
								</object>
								<object type="SQLPattern:parameter" version="3">
									<property name="expressions" valueType="table">
										<object type="SQLExpressionPart" version="2">
											<property name="value" value="''" valueType="string"/>
										</object>
									</property>
								</object>
							</property>
						</object>
						<object type="SQLExpressionPart" version="2">
							<property name="value" value=" != '' THEN " valueType="string"/>
						</object>
						<object type="DataModel:fieldReference" version="3">
							<property name="value" valueType="url">DataModel["ModifyModel[PFE_Collateral_Allocation].ModifyModel[PFE_Collateral_Addon].Aggregation[CRM_Pledge_Calc_Inputs]"{ModifyModel[d1e7c7dd-e27b-44ff-bbcb-1e627d35e7c9].ModifyModel[17eaf921-9162-4bcb-8a89-87f4e51b44ea].Aggregation[631cf59e-6add-4844-9a30-7cb79ae107e5]}].hierarchy["reserved_pfe"{cd4be025-d67a-45a7-8681-1c79893d0a7a}].dataSource.layout["reserved"{reserved}]</property>
						</object>
						<object type="SQLExpressionPart" version="2">
							<property name="value" value="*" valueType="string"/>
						</object>
						<object type="DataModel:fieldReference" version="3">
							<property name="value" valueType="url">DataModel["ModifyModel[PFE_Collateral_Allocation].ModifyModel[PFE_Collateral_Addon].Aggregation[CRM_Pledge_Calc_Inputs]"{ModifyModel[d1e7c7dd-e27b-44ff-bbcb-1e627d35e7c9].ModifyModel[17eaf921-9162-4bcb-8a89-87f4e51b44ea].Aggregation[631cf59e-6add-4844-9a30-7cb79ae107e5]}].hierarchy["prealloc_collateral"{ee99c55b-d845-440c-9685-68399bcf3da6}].dataSource.layout["sclld_10dy_hrct"{1c26e122-d452-401c-a76a-5929631e30c8}]</property>
						</object>
						<object type="SQLExpressionPart" version="2">
							<property name="value" value="/100 * SQRT(" valueType="string"/>
						</object>
						<object type="DataModel:fieldReference" version="3">
							<property name="value" valueType="url">DataModel["ModifyModel[PFE_Collateral_Allocation].ModifyModel[PFE_Collateral_Addon].Aggregation[CRM_Pledge_Calc_Inputs]"{ModifyModel[d1e7c7dd-e27b-44ff-bbcb-1e627d35e7c9].ModifyModel[17eaf921-9162-4bcb-8a89-87f4e51b44ea].Aggregation[631cf59e-6add-4844-9a30-7cb79ae107e5]}].hierarchy["prealloc_exposure"{fb5352df-10e8-473d-9780-ff8cfdc24ac1}].dataSource.layout["mpor"{b74aebdf-f375-490e-b1d0-dba373ee453e}]</property>
						</object>
						<object type="SQLExpressionPart" version="2">
							<property name="value" value="  /10) ELSE " valueType="string"/>
						</object>
						<object type="DataModel:fieldReference" version="3">
							<property name="value" valueType="url">DataModel["ModifyModel[PFE_Collateral_Allocation].ModifyModel[PFE_Collateral_Addon].Aggregation[CRM_Pledge_Calc_Inputs]"{ModifyModel[d1e7c7dd-e27b-44ff-bbcb-1e627d35e7c9].ModifyModel[17eaf921-9162-4bcb-8a89-87f4e51b44ea].Aggregation[631cf59e-6add-4844-9a30-7cb79ae107e5]}].hierarchy["reserved_pfe"{cd4be025-d67a-45a7-8681-1c79893d0a7a}].dataSource.layout["reserved"{reserved}]</property>
						</object>
						<object type="SQLExpressionPart" version="2">
							<property name="value" value="*" valueType="string"/>
						</object>
						<object type="DataModel:fieldReference" version="3">
							<property name="value" valueType="url">DataModel["ModifyModel[PFE_Collateral_Allocation].ModifyModel[PFE_Collateral_Addon].Aggregation[CRM_Pledge_Calc_Inputs]"{ModifyModel[d1e7c7dd-e27b-44ff-bbcb-1e627d35e7c9].ModifyModel[17eaf921-9162-4bcb-8a89-87f4e51b44ea].Aggregation[631cf59e-6add-4844-9a30-7cb79ae107e5]}].hierarchy["prealloc_collateral"{ee99c55b-d845-440c-9685-68399bcf3da6}].dataSource.layout["sclld_10dy_hrct"{1c26e122-d452-401c-a76a-5929631e30c8}]</property>
						</object>
						<object type="SQLExpressionPart" version="2">
							<property name="value" value="/100 * SQRT(" valueType="string"/>
						</object>
						<object type="DataModel:fieldReference" version="3">
							<property name="value" valueType="url">DataModel["ModifyModel[PFE_Collateral_Allocation].ModifyModel[PFE_Collateral_Addon].Aggregation[CRM_Pledge_Calc_Inputs]"{ModifyModel[d1e7c7dd-e27b-44ff-bbcb-1e627d35e7c9].ModifyModel[17eaf921-9162-4bcb-8a89-87f4e51b44ea].Aggregation[631cf59e-6add-4844-9a30-7cb79ae107e5]}].hierarchy["prealloc_exposure"{fb5352df-10e8-473d-9780-ff8cfdc24ac1}].dataSource.layout["saccr_bsnss_dys"{ee1cc6fb-f8ba-40dd-b8a8-086c9d17b3d3}]</property>
						</object>
						<object type="SQLExpressionPart" version="2">
							<property name="value" value="  /10) END END  * " valueType="string"/>
						</object>
						<object type="SQLPattern" version="3">
							<property name="name" value="greatest" valueType="string"/>
							<property name="parameters" valueType="table">
								<object type="SQLPattern:parameter" version="3">
									<property name="expressions" valueType="table">
										<object type="SQLExpressionPart" version="2">
											<property name="value" value="(CASE WHEN " valueType="string"/>
										</object>
										<object type="DataModel:fieldReference" version="3">
											<property name="value" valueType="url">DataModel["ModifyModel[PFE_Collateral_Allocation].ModifyModel[PFE_Collateral_Addon].Aggregation[CRM_Pledge_Calc_Inputs]"{ModifyModel[d1e7c7dd-e27b-44ff-bbcb-1e627d35e7c9].ModifyModel[17eaf921-9162-4bcb-8a89-87f4e51b44ea].Aggregation[631cf59e-6add-4844-9a30-7cb79ae107e5]}].hierarchy["addons"{3eb08469-3e6e-446d-abb6-64327542e1f1}].dataSource.layout["uk_multi_mrgnd_mthd_ind"{75cc5348-d0b5-4534-8989-c5d12dfff66c}]</property>
										</object>
										<object type="SQLExpressionPart" version="2">
											<property name="value" value="='Y' THEN " valueType="string"/>
										</object>
										<object type="DataModel:fieldReference" version="3">
											<property name="value" valueType="url">DataModel["ModifyModel[PFE_Collateral_Allocation].ModifyModel[PFE_Collateral_Addon].Aggregation[CRM_Pledge_Calc_Inputs]"{ModifyModel[d1e7c7dd-e27b-44ff-bbcb-1e627d35e7c9].ModifyModel[17eaf921-9162-4bcb-8a89-87f4e51b44ea].Aggregation[631cf59e-6add-4844-9a30-7cb79ae107e5]}].hierarchy["addons"{3eb08469-3e6e-446d-abb6-64327542e1f1}].dataSource.layout["mrgnd_add_on"{1a9b6646-a3c8-41ff-9eac-cd0d784d0a3a}]</property>
										</object>
										<object type="SQLExpressionPart" version="2">
											<property name="value" value=" WHEN " valueType="string"/>
										</object>
										<object type="SQLPattern" version="3">
											<property name="name" value="isNull" valueType="string"/>
											<property name="parameters" valueType="table">
												<object type="SQLPattern:parameter" version="3">
													<property name="expressions" valueType="table">
														<object type="DataModel:fieldReference" version="3">
															<property name="value" valueType="url">DataModel["ModifyModel[PFE_Collateral_Allocation].ModifyModel[PFE_Collateral_Addon].Aggregation[CRM_Pledge_Calc_Inputs]"{ModifyModel[d1e7c7dd-e27b-44ff-bbcb-1e627d35e7c9].ModifyModel[17eaf921-9162-4bcb-8a89-87f4e51b44ea].Aggregation[631cf59e-6add-4844-9a30-7cb79ae107e5]}].hierarchy["addons"{3eb08469-3e6e-446d-abb6-64327542e1f1}].dataSource.layout["id_mrgn_agrmnt"{d6b7d17b-5a26-4b01-af16-32a1e58ba351}]</property>
														</object>
													</property>
												</object>
												<object type="SQLPattern:parameter" version="3">
													<property name="expressions" valueType="table">
														<object type="SQLExpressionPart" version="2">
															<property name="value" value="''" valueType="string"/>
														</object>
													</property>
												</object>
											</property>
										</object>
										<object type="SQLExpressionPart" version="2">
											<property name="value" value="!='' THEN " valueType="string"/>
										</object>
										<object type="DataModel:fieldReference" version="3">
											<property name="value" valueType="url">DataModel["ModifyModel[PFE_Collateral_Allocation].ModifyModel[PFE_Collateral_Addon].Aggregation[CRM_Pledge_Calc_Inputs]"{ModifyModel[d1e7c7dd-e27b-44ff-bbcb-1e627d35e7c9].ModifyModel[17eaf921-9162-4bcb-8a89-87f4e51b44ea].Aggregation[631cf59e-6add-4844-9a30-7cb79ae107e5]}].hierarchy["addons"{3eb08469-3e6e-446d-abb6-64327542e1f1}].dataSource.layout["mrgnd_add_on"{1a9b6646-a3c8-41ff-9eac-cd0d784d0a3a}]</property>
										</object>
										<object type="SQLExpressionPart" version="2">
											<property name="value" value=" ELSE " valueType="string"/>
										</object>
										<object type="DataModel:fieldReference" version="3">
											<property name="value" valueType="url">DataModel["ModifyModel[PFE_Collateral_Allocation].ModifyModel[PFE_Collateral_Addon].Aggregation[CRM_Pledge_Calc_Inputs]"{ModifyModel[d1e7c7dd-e27b-44ff-bbcb-1e627d35e7c9].ModifyModel[17eaf921-9162-4bcb-8a89-87f4e51b44ea].Aggregation[631cf59e-6add-4844-9a30-7cb79ae107e5]}].hierarchy["addons"{3eb08469-3e6e-446d-abb6-64327542e1f1}].dataSource.layout["unmrgnd_add_on"{d425ddb5-6ee5-4ab3-8c27-39ea1e946ec8}]</property>
										</object>
										<object type="SQLExpressionPart" version="2">
											<property name="value" value=" END)" valueType="string"/>
										</object>
									</property>
								</object>
								<object type="SQLPattern:parameter" version="3">
									<property name="expressions" valueType="table">
										<object type="SQLExpressionPart" version="2">
											<property name="value" value="0" valueType="string"/>
										</object>
									</property>
								</object>
							</property>
						</object>
						<object type="SQLExpressionPart" version="2">
							<property name="value" value=" /" valueType="string"/>
						</object>
						<object type="DataModel:fieldReference" version="3">
							<property name="value" valueType="url">DataModel["ModifyModel[PFE_Collateral_Allocation].ModifyModel[PFE_Collateral_Addon].Aggregation[CRM_Pledge_Calc_Inputs]"{ModifyModel[d1e7c7dd-e27b-44ff-bbcb-1e627d35e7c9].ModifyModel[17eaf921-9162-4bcb-8a89-87f4e51b44ea].Aggregation[631cf59e-6add-4844-9a30-7cb79ae107e5]}].hierarchy["coll_sum_add_on"{fa4058b6-d33f-47d1-96a8-4e71c05b12f1}].dataSource.layout["ttl_add_on"{a0d8d85d-2914-43bd-aa4a-972822cbb389}]</property>
						</object>
					</property>
					<property name="valueNullable" value="false" valueType="boolean"/>
					<property name="valueType" value="FLOAT" valueType="string"/>
				</object>
			</property>
		</object>
		<object type="Aggregation:mapping" version="7">
			<property name="field" valueType="object">
				<object type="Aggregation:localCalcFieldReference" version="7">
					<property name="value" valueType="url">Aggregation[this].calcFields["fx_hrct"{0372fb2d-1eb7-43a8-b7f8-974bafaba288}]</property>
				</object>
			</property>
			<property name="fieldMapping" valueType="table">
				<object type="Aggregation:fieldMapping" version="7">
					<property name="model" valueType="object">
						<object type="DataModel:reference" version="3">
							<property name="value" valueType="url">DataModel["ModifyModel[PFE_Collateral_Allocation].ModifyModel[PFE_Collateral_Addon].Aggregation[CRM_Pledge_Calc_Inputs]"{ModifyModel[d1e7c7dd-e27b-44ff-bbcb-1e627d35e7c9].ModifyModel[17eaf921-9162-4bcb-8a89-87f4e51b44ea].Aggregation[631cf59e-6add-4844-9a30-7cb79ae107e5]}]</property>
						</object>
					</property>
					<property name="expression" valueType="table">
						<object type="SQLExpressionPart" version="2">
							<property name="value" value="CASE WHEN " valueType="string"/>
						</object>
						<object type="DataModel:fieldReference" version="3">
							<property name="value" valueType="url">DataModel["ModifyModel[PFE_Collateral_Allocation].ModifyModel[PFE_Collateral_Addon].Aggregation[CRM_Pledge_Calc_Inputs]"{ModifyModel[d1e7c7dd-e27b-44ff-bbcb-1e627d35e7c9].ModifyModel[17eaf921-9162-4bcb-8a89-87f4e51b44ea].Aggregation[631cf59e-6add-4844-9a30-7cb79ae107e5]}].hierarchy["coll_sum_add_on"{fa4058b6-d33f-47d1-96a8-4e71c05b12f1}].dataSource.layout["ttl_add_on"{a0d8d85d-2914-43bd-aa4a-972822cbb389}]</property>
						</object>
						<object type="SQLExpressionPart" version="2">
							<property name="value" value=" > 0 THEN CASE WHEN " valueType="string"/>
						</object>
						<object type="SQLPattern" version="3">
							<property name="name" value="isNull" valueType="string"/>
							<property name="parameters" valueType="table">
								<object type="SQLPattern:parameter" version="3">
									<property name="expressions" valueType="table">
										<object type="DataModel:fieldReference" version="3">
											<property name="value" valueType="url">DataModel["ModifyModel[PFE_Collateral_Allocation].ModifyModel[PFE_Collateral_Addon].Aggregation[CRM_Pledge_Calc_Inputs]"{ModifyModel[d1e7c7dd-e27b-44ff-bbcb-1e627d35e7c9].ModifyModel[17eaf921-9162-4bcb-8a89-87f4e51b44ea].Aggregation[631cf59e-6add-4844-9a30-7cb79ae107e5]}].hierarchy["prealloc_exposure"{fb5352df-10e8-473d-9780-ff8cfdc24ac1}].dataSource.layout["id_mrgn_agrmnt"{1dee778a-34bf-4fa3-ae83-48c3de009e71}]</property>
										</object>
									</property>
								</object>
								<object type="SQLPattern:parameter" version="3">
									<property name="expressions" valueType="table">
										<object type="SQLExpressionPart" version="2">
											<property name="value" value="''" valueType="string"/>
										</object>
									</property>
								</object>
							</property>
						</object>
						<object type="SQLExpressionPart" version="2">
							<property name="value" value=" != '' THEN " valueType="string"/>
						</object>
						<object type="DataModel:fieldReference" version="3">
							<property name="value" valueType="url">DataModel["ModifyModel[PFE_Collateral_Allocation].ModifyModel[PFE_Collateral_Addon].Aggregation[CRM_Pledge_Calc_Inputs]"{ModifyModel[d1e7c7dd-e27b-44ff-bbcb-1e627d35e7c9].ModifyModel[17eaf921-9162-4bcb-8a89-87f4e51b44ea].Aggregation[631cf59e-6add-4844-9a30-7cb79ae107e5]}].hierarchy["reserved_pfe"{cd4be025-d67a-45a7-8681-1c79893d0a7a}].dataSource.layout["reserved"{reserved}]</property>
						</object>
						<object type="SQLExpressionPart" version="2">
							<property name="value" value="*(CASE WHEN " valueType="string"/>
						</object>
						<object type="SQLPattern" version="3">
							<property name="name" value="isNull" valueType="string"/>
							<property name="parameters" valueType="table">
								<object type="SQLPattern:parameter" version="3">
									<property name="expressions" valueType="table">
										<object type="SQLExpressionPart" version="2">
											<property name="value" value="CASE WHEN " valueType="string"/>
										</object>
										<object type="DataModel:fieldReference" version="3">
											<property name="value" valueType="url">DataModel["ModifyModel[PFE_Collateral_Allocation].ModifyModel[PFE_Collateral_Addon].Aggregation[CRM_Pledge_Calc_Inputs]"{ModifyModel[d1e7c7dd-e27b-44ff-bbcb-1e627d35e7c9].ModifyModel[17eaf921-9162-4bcb-8a89-87f4e51b44ea].Aggregation[631cf59e-6add-4844-9a30-7cb79ae107e5]}].hierarchy["prealloc_exposure"{fb5352df-10e8-473d-9780-ff8cfdc24ac1}].dataSource.layout["orgnl_ccy_code"{d2d605c2-7033-493b-a892-78c5b6f4410d}]</property>
										</object>
										<object type="SQLExpressionPart" version="2">
											<property name="value" value="='' THEN NULL ELSE " valueType="string"/>
										</object>
										<object type="DataModel:fieldReference" version="3">
											<property name="value" valueType="url">DataModel["ModifyModel[PFE_Collateral_Allocation].ModifyModel[PFE_Collateral_Addon].Aggregation[CRM_Pledge_Calc_Inputs]"{ModifyModel[d1e7c7dd-e27b-44ff-bbcb-1e627d35e7c9].ModifyModel[17eaf921-9162-4bcb-8a89-87f4e51b44ea].Aggregation[631cf59e-6add-4844-9a30-7cb79ae107e5]}].hierarchy["prealloc_exposure"{fb5352df-10e8-473d-9780-ff8cfdc24ac1}].dataSource.layout["orgnl_ccy_code"{d2d605c2-7033-493b-a892-78c5b6f4410d}]</property>
										</object>
										<object type="SQLExpressionPart" version="2">
											<property name="value" value=" END" valueType="string"/>
										</object>
									</property>
								</object>
								<object type="SQLPattern:parameter" version="3">
									<property name="expressions" valueType="table">
										<object type="SQLExpressionPart" version="2">
											<property name="value" value="'N/A'" valueType="string"/>
										</object>
									</property>
								</object>
							</property>
						</object>
						<object type="SQLExpressionPart" version="2">
							<property name="value" value=" != " valueType="string"/>
						</object>
						<object type="DataModel:fieldReference" version="3">
							<property name="value" valueType="url">DataModel["ModifyModel[PFE_Collateral_Allocation].ModifyModel[PFE_Collateral_Addon].Aggregation[CRM_Pledge_Calc_Inputs]"{ModifyModel[d1e7c7dd-e27b-44ff-bbcb-1e627d35e7c9].ModifyModel[17eaf921-9162-4bcb-8a89-87f4e51b44ea].Aggregation[631cf59e-6add-4844-9a30-7cb79ae107e5]}].hierarchy["prealloc_collateral"{ee99c55b-d845-440c-9685-68399bcf3da6}].dataSource.layout["clltrl_ccy"{793715b3-f601-4b8b-b95e-5e206440bd0f}]</property>
						</object>
						<object type="SQLExpressionPart" version="2">
							<property name="value" value=" THEN 0.08 * SQRT(" valueType="string"/>
						</object>
						<object type="DataModel:fieldReference" version="3">
							<property name="value" valueType="url">DataModel["ModifyModel[PFE_Collateral_Allocation].ModifyModel[PFE_Collateral_Addon].Aggregation[CRM_Pledge_Calc_Inputs]"{ModifyModel[d1e7c7dd-e27b-44ff-bbcb-1e627d35e7c9].ModifyModel[17eaf921-9162-4bcb-8a89-87f4e51b44ea].Aggregation[631cf59e-6add-4844-9a30-7cb79ae107e5]}].hierarchy["prealloc_exposure"{fb5352df-10e8-473d-9780-ff8cfdc24ac1}].dataSource.layout["mpor"{b74aebdf-f375-490e-b1d0-dba373ee453e}]</property>
						</object>
						<object type="SQLExpressionPart" version="2">
							<property name="value" value="  /10) ELSE 0 END) ELSE " valueType="string"/>
						</object>
						<object type="DataModel:fieldReference" version="3">
							<property name="value" valueType="url">DataModel["ModifyModel[PFE_Collateral_Allocation].ModifyModel[PFE_Collateral_Addon].Aggregation[CRM_Pledge_Calc_Inputs]"{ModifyModel[d1e7c7dd-e27b-44ff-bbcb-1e627d35e7c9].ModifyModel[17eaf921-9162-4bcb-8a89-87f4e51b44ea].Aggregation[631cf59e-6add-4844-9a30-7cb79ae107e5]}].hierarchy["reserved_pfe"{cd4be025-d67a-45a7-8681-1c79893d0a7a}].dataSource.layout["reserved"{reserved}]</property>
						</object>
						<object type="SQLExpressionPart" version="2">
							<property name="value" value="*(CASE WHEN " valueType="string"/>
						</object>
						<object type="SQLPattern" version="3">
							<property name="name" value="isNull" valueType="string"/>
							<property name="parameters" valueType="table">
								<object type="SQLPattern:parameter" version="3">
									<property name="expressions" valueType="table">
										<object type="SQLExpressionPart" version="2">
											<property name="value" value="CASE WHEN " valueType="string"/>
										</object>
										<object type="DataModel:fieldReference" version="3">
											<property name="value" valueType="url">DataModel["ModifyModel[PFE_Collateral_Allocation].ModifyModel[PFE_Collateral_Addon].Aggregation[CRM_Pledge_Calc_Inputs]"{ModifyModel[d1e7c7dd-e27b-44ff-bbcb-1e627d35e7c9].ModifyModel[17eaf921-9162-4bcb-8a89-87f4e51b44ea].Aggregation[631cf59e-6add-4844-9a30-7cb79ae107e5]}].hierarchy["prealloc_exposure"{fb5352df-10e8-473d-9780-ff8cfdc24ac1}].dataSource.layout["orgnl_ccy_code"{d2d605c2-7033-493b-a892-78c5b6f4410d}]</property>
										</object>
										<object type="SQLExpressionPart" version="2">
											<property name="value" value="='' THEN NULL ELSE " valueType="string"/>
										</object>
										<object type="DataModel:fieldReference" version="3">
											<property name="value" valueType="url">DataModel["ModifyModel[PFE_Collateral_Allocation].ModifyModel[PFE_Collateral_Addon].Aggregation[CRM_Pledge_Calc_Inputs]"{ModifyModel[d1e7c7dd-e27b-44ff-bbcb-1e627d35e7c9].ModifyModel[17eaf921-9162-4bcb-8a89-87f4e51b44ea].Aggregation[631cf59e-6add-4844-9a30-7cb79ae107e5]}].hierarchy["prealloc_exposure"{fb5352df-10e8-473d-9780-ff8cfdc24ac1}].dataSource.layout["orgnl_ccy_code"{d2d605c2-7033-493b-a892-78c5b6f4410d}]</property>
										</object>
										<object type="SQLExpressionPart" version="2">
											<property name="value" value=" END" valueType="string"/>
										</object>
									</property>
								</object>
								<object type="SQLPattern:parameter" version="3">
									<property name="expressions" valueType="table">
										<object type="SQLExpressionPart" version="2">
											<property name="value" value="'N/A'" valueType="string"/>
										</object>
									</property>
								</object>
							</property>
						</object>
						<object type="SQLExpressionPart" version="2">
							<property name="value" value=" != " valueType="string"/>
						</object>
						<object type="DataModel:fieldReference" version="3">
							<property name="value" valueType="url">DataModel["ModifyModel[PFE_Collateral_Allocation].ModifyModel[PFE_Collateral_Addon].Aggregation[CRM_Pledge_Calc_Inputs]"{ModifyModel[d1e7c7dd-e27b-44ff-bbcb-1e627d35e7c9].ModifyModel[17eaf921-9162-4bcb-8a89-87f4e51b44ea].Aggregation[631cf59e-6add-4844-9a30-7cb79ae107e5]}].hierarchy["prealloc_collateral"{ee99c55b-d845-440c-9685-68399bcf3da6}].dataSource.layout["clltrl_ccy"{793715b3-f601-4b8b-b95e-5e206440bd0f}]</property>
						</object>
						<object type="SQLExpressionPart" version="2">
							<property name="value" value=" THEN 0.08 *SQRT(" valueType="string"/>
						</object>
						<object type="DataModel:fieldReference" version="3">
							<property name="value" valueType="url">DataModel["ModifyModel[PFE_Collateral_Allocation].ModifyModel[PFE_Collateral_Addon].Aggregation[CRM_Pledge_Calc_Inputs]"{ModifyModel[d1e7c7dd-e27b-44ff-bbcb-1e627d35e7c9].ModifyModel[17eaf921-9162-4bcb-8a89-87f4e51b44ea].Aggregation[631cf59e-6add-4844-9a30-7cb79ae107e5]}].hierarchy["prealloc_exposure"{fb5352df-10e8-473d-9780-ff8cfdc24ac1}].dataSource.layout["saccr_bsnss_dys"{ee1cc6fb-f8ba-40dd-b8a8-086c9d17b3d3}]</property>
						</object>
						<object type="SQLExpressionPart" version="2">
							<property name="value" value="  /10)  ELSE 0 END) END END  * " valueType="string"/>
						</object>
						<object type="SQLPattern" version="3">
							<property name="name" value="greatest" valueType="string"/>
							<property name="parameters" valueType="table">
								<object type="SQLPattern:parameter" version="3">
									<property name="expressions" valueType="table">
										<object type="SQLExpressionPart" version="2">
											<property name="value" value="(CASE WHEN " valueType="string"/>
										</object>
										<object type="DataModel:fieldReference" version="3">
											<property name="value" valueType="url">DataModel["ModifyModel[PFE_Collateral_Allocation].ModifyModel[PFE_Collateral_Addon].Aggregation[CRM_Pledge_Calc_Inputs]"{ModifyModel[d1e7c7dd-e27b-44ff-bbcb-1e627d35e7c9].ModifyModel[17eaf921-9162-4bcb-8a89-87f4e51b44ea].Aggregation[631cf59e-6add-4844-9a30-7cb79ae107e5]}].hierarchy["addons"{3eb08469-3e6e-446d-abb6-64327542e1f1}].dataSource.layout["uk_multi_mrgnd_mthd_ind"{75cc5348-d0b5-4534-8989-c5d12dfff66c}]</property>
										</object>
										<object type="SQLExpressionPart" version="2">
											<property name="value" value="='Y' THEN " valueType="string"/>
										</object>
										<object type="DataModel:fieldReference" version="3">
											<property name="value" valueType="url">DataModel["ModifyModel[PFE_Collateral_Allocation].ModifyModel[PFE_Collateral_Addon].Aggregation[CRM_Pledge_Calc_Inputs]"{ModifyModel[d1e7c7dd-e27b-44ff-bbcb-1e627d35e7c9].ModifyModel[17eaf921-9162-4bcb-8a89-87f4e51b44ea].Aggregation[631cf59e-6add-4844-9a30-7cb79ae107e5]}].hierarchy["addons"{3eb08469-3e6e-446d-abb6-64327542e1f1}].dataSource.layout["mrgnd_add_on"{1a9b6646-a3c8-41ff-9eac-cd0d784d0a3a}]</property>
										</object>
										<object type="SQLExpressionPart" version="2">
											<property name="value" value=" WHEN " valueType="string"/>
										</object>
										<object type="SQLPattern" version="3">
											<property name="name" value="isNull" valueType="string"/>
											<property name="parameters" valueType="table">
												<object type="SQLPattern:parameter" version="3">
													<property name="expressions" valueType="table">
														<object type="DataModel:fieldReference" version="3">
															<property name="value" valueType="url">DataModel["ModifyModel[PFE_Collateral_Allocation].ModifyModel[PFE_Collateral_Addon].Aggregation[CRM_Pledge_Calc_Inputs]"{ModifyModel[d1e7c7dd-e27b-44ff-bbcb-1e627d35e7c9].ModifyModel[17eaf921-9162-4bcb-8a89-87f4e51b44ea].Aggregation[631cf59e-6add-4844-9a30-7cb79ae107e5]}].hierarchy["addons"{3eb08469-3e6e-446d-abb6-64327542e1f1}].dataSource.layout["id_mrgn_agrmnt"{d6b7d17b-5a26-4b01-af16-32a1e58ba351}]</property>
														</object>
													</property>
												</object>
												<object type="SQLPattern:parameter" version="3">
													<property name="expressions" valueType="table">
														<object type="SQLExpressionPart" version="2">
															<property name="value" value="''" valueType="string"/>
														</object>
													</property>
												</object>
											</property>
										</object>
										<object type="SQLExpressionPart" version="2">
											<property name="value" value="!='' THEN " valueType="string"/>
										</object>
										<object type="DataModel:fieldReference" version="3">
											<property name="value" valueType="url">DataModel["ModifyModel[PFE_Collateral_Allocation].ModifyModel[PFE_Collateral_Addon].Aggregation[CRM_Pledge_Calc_Inputs]"{ModifyModel[d1e7c7dd-e27b-44ff-bbcb-1e627d35e7c9].ModifyModel[17eaf921-9162-4bcb-8a89-87f4e51b44ea].Aggregation[631cf59e-6add-4844-9a30-7cb79ae107e5]}].hierarchy["addons"{3eb08469-3e6e-446d-abb6-64327542e1f1}].dataSource.layout["mrgnd_add_on"{1a9b6646-a3c8-41ff-9eac-cd0d784d0a3a}]</property>
										</object>
										<object type="SQLExpressionPart" version="2">
											<property name="value" value=" ELSE " valueType="string"/>
										</object>
										<object type="DataModel:fieldReference" version="3">
											<property name="value" valueType="url">DataModel["ModifyModel[PFE_Collateral_Allocation].ModifyModel[PFE_Collateral_Addon].Aggregation[CRM_Pledge_Calc_Inputs]"{ModifyModel[d1e7c7dd-e27b-44ff-bbcb-1e627d35e7c9].ModifyModel[17eaf921-9162-4bcb-8a89-87f4e51b44ea].Aggregation[631cf59e-6add-4844-9a30-7cb79ae107e5]}].hierarchy["addons"{3eb08469-3e6e-446d-abb6-64327542e1f1}].dataSource.layout["unmrgnd_add_on"{d425ddb5-6ee5-4ab3-8c27-39ea1e946ec8}]</property>
										</object>
										<object type="SQLExpressionPart" version="2">
											<property name="value" value=" END)" valueType="string"/>
										</object>
									</property>
								</object>
								<object type="SQLPattern:parameter" version="3">
									<property name="expressions" valueType="table">
										<object type="SQLExpressionPart" version="2">
											<property name="value" value="0" valueType="string"/>
										</object>
									</property>
								</object>
							</property>
						</object>
						<object type="SQLExpressionPart" version="2">
							<property name="value" value=" /" valueType="string"/>
						</object>
						<object type="DataModel:fieldReference" version="3">
							<property name="value" valueType="url">DataModel["ModifyModel[PFE_Collateral_Allocation].ModifyModel[PFE_Collateral_Addon].Aggregation[CRM_Pledge_Calc_Inputs]"{ModifyModel[d1e7c7dd-e27b-44ff-bbcb-1e627d35e7c9].ModifyModel[17eaf921-9162-4bcb-8a89-87f4e51b44ea].Aggregation[631cf59e-6add-4844-9a30-7cb79ae107e5]}].hierarchy["coll_sum_add_on"{fa4058b6-d33f-47d1-96a8-4e71c05b12f1}].dataSource.layout["ttl_add_on"{a0d8d85d-2914-43bd-aa4a-972822cbb389}]</property>
						</object>
					</property>
					<property name="valueNullable" value="false" valueType="boolean"/>
					<property name="valueType" value="FLOAT" valueType="string"/>
				</object>
			</property>
		</object>
	</property>
	<property name="storageType" value="CONTINUOUS_PARTITION" valueType="string"/>
	<property name="postTableCreationStatements" valueType="table"/>
	<property name="postAdjustmentTableCreationStatements" valueType="table"/>
	<property name="detailsAsKeys" value="true" valueType="boolean"/>
	<property name="dbSourceForResults" valueType="url">DBSource["POSTGRES"{7141b02a-a2bf-46bb-9ad0-fa1087f431e1}]</property>
	<property name="archivalProperties" valueType="object">
		<object type="ArchivalProperties" version="2">
			<property name="daily" value="false" valueType="boolean"/>
			<property name="weekly" value="false" valueType="boolean"/>
			<property name="monthly" value="false" valueType="boolean"/>
			<property name="quarterly" value="false" valueType="boolean"/>
			<property name="semiAnnually" value="false" valueType="boolean"/>
			<property name="annually" value="false" valueType="boolean"/>
			<property name="intraDay" value="false" valueType="boolean"/>
			<property name="userDefined" value="false" valueType="boolean"/>
		</object>
	</property>
	<property name="condition" valueType="tree">
		<objectNode type="Condition" version="3">
			<property name="isNegated" value="false" valueType="boolean"/>
			<property name="groupingOperator" value="AND" valueType="string"/>
		</objectNode>
	</property>
	<property name="doNotAggregate" value="true" valueType="boolean"/>
	<property name="useUnionAll" value="false" valueType="boolean"/>
	<property name="fourEyesCheck" value="false" valueType="boolean"/>
	<property name="trackDrilldownInformation" value="true" valueType="boolean"/>
	<property name="trackAllInstancesMode" value="NONE" valueType="string"/>
	<property name="computeStatistics" value="FOR_ALL_COLUMNS" valueType="string"/>
	<property name="instanceRebuildRestriction" value="AlterFullRebuild" valueType="string"/>
	<property name="allowExternalDataPermissions" value="true" valueType="boolean"/>
</object>