<object stamp="1d37bb45-a7b4-4a71-aa65-afd84710910b_1726784512389" type="Aggregation" version="12">
	<property name="name" value="Retail_Whole_Loan_Exempt_Ultimate_Party" valueType="string"/>
	<property name="description" value="" valueType="string"/>
	<property name="objectId" value="bcef62da-a224-430f-b07b-d6644b669d24" valueType="string"/>
	<property name="branchId" value="44f98cc4-3c7c-41c3-8daa-5b9828f45d7a" valueType="string"/>
	<property name="models" valueType="table">
		<object type="ModelBasedTask:modelEntry" version="3">
			<property name="dataModel" valueType="url">DataModel["ModifyModel[Retail_Whole_Loan_Exempt_Ultimate_Party].Aggregation[Retail_Whole_Loan_Exempt_Party]"{ModifyModel[7907eaff-2bad-4f57-9af4-8dee023a4b22].Aggregation[3bcb53a0-7a18-4618-94a4-bf5e9aa974e6]}]</property>
			<property name="instanceSelectionRule" valueType="object">
				<object type="InstanceSelectionRule" version="3">
					<property name="instanceDateRule" valueType="object">
						<object type="InstanceSelectionRule:rule" version="3">
							<property name="type" value="EQUAL" valueType="string"/>
						</object>
					</property>
					<property name="instanceKeyRules" valueType="table"/>
				</object>
			</property>
		</object>
	</property>
	<property name="requiresAllModels" value="true" valueType="boolean"/>
	<property name="parameters" valueType="table"/>
	<property name="details" valueType="table">
		<object type="Aggregation:detail" version="6">
			<property name="name" value="entity" valueType="string"/>
			<property name="description" value="" valueType="string"/>
			<property name="id" value="8d0c18c6-1086-4258-954e-f82cdfabb551" valueType="string"/>
			<property name="overrideLookupInformation" value="false" valueType="boolean"/>
			<property name="displayFormat" value="" valueType="string"/>
			<property name="title" value="Entity" valueType="string"/>
			<property name="overrideNullable" value="DEFAULT" valueType="string"/>
		</object>
		<object type="Aggregation:detail" version="6">
			<property name="name" value="id_ultmt_prnt" valueType="string"/>
			<property name="description" value="" valueType="string"/>
			<property name="id" value="2f3e31e3-aa03-40f2-8108-6f9aa12bce51" valueType="string"/>
			<property name="overrideLookupInformation" value="false" valueType="boolean"/>
			<property name="displayFormat" value="" valueType="string"/>
			<property name="title" value="Ultimate Parent ID" valueType="string"/>
			<property name="overrideNullable" value="DEFAULT" valueType="string"/>
		</object>
	</property>
	<property name="calcFields" valueType="table">
		<object type="Aggregation:calcField" version="7">
			<property name="name" value="prprty_exmpt_amnt" valueType="string"/>
			<property name="description" value="" valueType="string"/>
			<property name="id" value="465fe187-e5e1-4743-af2d-841ac7f4714c" valueType="string"/>
			<property name="aggrMethod" value="SUM" valueType="string"/>
			<property name="calcTotal" value="true" valueType="boolean"/>
			<property name="calcFormula" valueType="table"/>
			<property name="displayFormat" value="" valueType="string"/>
			<property name="overrideLookupInformation" value="false" valueType="boolean"/>
			<property name="title" value="Property Exempt Amount" valueType="string"/>
			<property name="overrideNullable" value="DEFAULT" valueType="string"/>
		</object>
	</property>
	<property name="auxFields" valueType="table"/>
	<property name="syntheticFields" valueType="table"/>
	<property name="additionalIndices" valueType="table"/>
	<property name="mappings" valueType="table">
		<object type="Aggregation:mapping" version="7">
			<property name="field" valueType="object">
				<object type="Aggregation:localDetailReference" version="7">
					<property name="value" valueType="url">Aggregation[this].details["entity"{8d0c18c6-1086-4258-954e-f82cdfabb551}]</property>
				</object>
			</property>
			<property name="fieldMapping" valueType="table">
				<object type="Aggregation:fieldMapping" version="7">
					<property name="model" valueType="object">
						<object type="DataModel:reference" version="3">
							<property name="value" valueType="url">DataModel["ModifyModel[Retail_Whole_Loan_Exempt_Ultimate_Party].Aggregation[Retail_Whole_Loan_Exempt_Party]"{ModifyModel[7907eaff-2bad-4f57-9af4-8dee023a4b22].Aggregation[3bcb53a0-7a18-4618-94a4-bf5e9aa974e6]}]</property>
						</object>
					</property>
					<property name="expression" valueType="table">
						<object type="DataModel:fieldReference" version="3">
							<property name="value" valueType="url">DataModel["ModifyModel[Retail_Whole_Loan_Exempt_Ultimate_Party].Aggregation[Retail_Whole_Loan_Exempt_Party]"{ModifyModel[7907eaff-2bad-4f57-9af4-8dee023a4b22].Aggregation[3bcb53a0-7a18-4618-94a4-bf5e9aa974e6]}].hierarchy["Aggregation"{3bcb53a0-7a18-4618-94a4-bf5e9aa974e6}].dataSource.layout["entity"{4290a4b3-9ccf-4183-bc0b-3711e12ed37f}]</property>
						</object>
					</property>
				</object>
			</property>
		</object>
		<object type="Aggregation:mapping" version="7">
			<property name="field" valueType="object">
				<object type="Aggregation:localDetailReference" version="7">
					<property name="value" valueType="url">Aggregation[this].details["id_ultmt_prnt"{2f3e31e3-aa03-40f2-8108-6f9aa12bce51}]</property>
				</object>
			</property>
			<property name="fieldMapping" valueType="table">
				<object type="Aggregation:fieldMapping" version="7">
					<property name="model" valueType="object">
						<object type="DataModel:reference" version="3">
							<property name="value" valueType="url">DataModel["ModifyModel[Retail_Whole_Loan_Exempt_Ultimate_Party].Aggregation[Retail_Whole_Loan_Exempt_Party]"{ModifyModel[7907eaff-2bad-4f57-9af4-8dee023a4b22].Aggregation[3bcb53a0-7a18-4618-94a4-bf5e9aa974e6]}]</property>
						</object>
					</property>
					<property name="expression" valueType="table">
						<object type="DataModel:fieldReference" version="3">
							<property name="value" valueType="url">DataModel["ModifyModel[Retail_Whole_Loan_Exempt_Ultimate_Party].Aggregation[Retail_Whole_Loan_Exempt_Party]"{ModifyModel[7907eaff-2bad-4f57-9af4-8dee023a4b22].Aggregation[3bcb53a0-7a18-4618-94a4-bf5e9aa974e6]}].hierarchy["ultimate_party"{f78e0021-4468-4424-9476-48e0dcc5138c}].dataSource.layout["id_ultmt_prnt"{f3d0a2ef-3d4f-4d27-a345-910faeeb1aef}]</property>
						</object>
					</property>
				</object>
			</property>
		</object>
		<object type="Aggregation:mapping" version="7">
			<property name="field" valueType="object">
				<object type="Aggregation:localCalcFieldReference" version="7">
					<property name="value" valueType="url">Aggregation[this].calcFields["prprty_exmpt_amnt"{465fe187-e5e1-4743-af2d-841ac7f4714c}]</property>
				</object>
			</property>
			<property name="fieldMapping" valueType="table">
				<object type="Aggregation:fieldMapping" version="7">
					<property name="model" valueType="object">
						<object type="DataModel:reference" version="3">
							<property name="value" valueType="url">DataModel["ModifyModel[Retail_Whole_Loan_Exempt_Ultimate_Party].Aggregation[Retail_Whole_Loan_Exempt_Party]"{ModifyModel[7907eaff-2bad-4f57-9af4-8dee023a4b22].Aggregation[3bcb53a0-7a18-4618-94a4-bf5e9aa974e6]}]</property>
						</object>
					</property>
					<property name="expression" valueType="table">
						<object type="DataModel:fieldReference" version="3">
							<property name="value" valueType="url">DataModel["ModifyModel[Retail_Whole_Loan_Exempt_Ultimate_Party].Aggregation[Retail_Whole_Loan_Exempt_Party]"{ModifyModel[7907eaff-2bad-4f57-9af4-8dee023a4b22].Aggregation[3bcb53a0-7a18-4618-94a4-bf5e9aa974e6]}].hierarchy["Aggregation"{3bcb53a0-7a18-4618-94a4-bf5e9aa974e6}].dataSource.layout["prprty_exmpt_amnt"{e1ade60b-1596-48fa-b37d-407662309911}]</property>
						</object>
					</property>
				</object>
			</property>
		</object>
	</property>
	<property name="storageType" value="CONTINUOUS_PARTITION" valueType="string"/>
	<property name="postTableCreationStatements" valueType="table"/>
	<property name="postAdjustmentTableCreationStatements" valueType="table"/>
	<property name="detailsAsKeys" value="true" valueType="boolean"/>
	<property name="dbSourceForResults" valueType="url">DBSource["POSTGRES"{7141b02a-a2bf-46bb-9ad0-fa1087f431e1}]</property>
	<property name="archivalProperties" valueType="object">
		<object type="ArchivalProperties" version="2">
			<property name="daily" value="false" valueType="boolean"/>
			<property name="weekly" value="false" valueType="boolean"/>
			<property name="monthly" value="false" valueType="boolean"/>
			<property name="quarterly" value="false" valueType="boolean"/>
			<property name="semiAnnually" value="false" valueType="boolean"/>
			<property name="annually" value="false" valueType="boolean"/>
			<property name="intraDay" value="false" valueType="boolean"/>
			<property name="userDefined" value="false" valueType="boolean"/>
		</object>
	</property>
	<property name="condition" valueType="tree">
		<objectNode type="Condition" version="3">
			<property name="isNegated" value="false" valueType="boolean"/>
			<property name="groupingOperator" value="AND" valueType="string"/>
		</objectNode>
	</property>
	<property name="doNotAggregate" value="false" valueType="boolean"/>
	<property name="fourEyesCheck" value="false" valueType="boolean"/>
	<property name="trackDrilldownInformation" value="true" valueType="boolean"/>
	<property name="trackAllInstancesMode" value="NONE" valueType="string"/>
	<property name="computeStatistics" value="FOR_ALL_COLUMNS" valueType="string"/>
	<property name="instanceRebuildRestriction" value="AlterFullRebuild" valueType="string"/>
	<property name="allowExternalDataPermissions" value="true" valueType="boolean"/>
</object>