<object stamp="73e436f5-fba6-46d2-8784-8f8b7a20464c_1742609232099" type="Aggregation" version="12">
	<property name="name" value="Retail_SME_Limit_Check" valueType="string"/>
	<property name="description" value="Retail_SME_Limit_Check" valueType="string"/>
	<property name="objectId" value="3028d34f-b2c0-4868-aa66-110e8ec91906" valueType="string"/>
	<property name="branchId" value="44f98cc4-3c7c-41c3-8daa-5b9828f45d7a" valueType="string"/>
	<property name="models" valueType="table">
		<object type="ModelBasedTask:modelEntry" version="3">
			<property name="dataModel" valueType="url">DataModel["ModifyModel[Retail_SME_Limit_Check].Aggregation[Retail_SME_Limit_Check_Total_Exposures]"{ModifyModel[18070c0d-fcb6-4d17-a0ce-d6dee68a59d5].Aggregation[76fa0c92-e8a9-457a-adc2-a76463a462f7]}]</property>
			<property name="instanceSelectionRule" valueType="object">
				<object type="InstanceSelectionRule" version="3">
					<property name="instanceDateRule" valueType="object">
						<object type="InstanceSelectionRule:rule" version="3">
							<property name="type" value="EQUAL" valueType="string"/>
						</object>
					</property>
					<property name="instanceKeyRules" valueType="table"/>
				</object>
			</property>
		</object>
	</property>
	<property name="requiresAllModels" value="true" valueType="boolean"/>
	<property name="parameters" valueType="table"/>
	<property name="details" valueType="table">
		<object type="Aggregation:detail" version="6">
			<property name="name" value="entity" valueType="string"/>
			<property name="description" value="" valueType="string"/>
			<property name="id" value="35934453-c58c-4629-9880-4ebe51beba78" valueType="string"/>
			<property name="overrideLookupInformation" value="false" valueType="boolean"/>
			<property name="displayFormat" value="" valueType="string"/>
			<property name="title" value="Entity" valueType="string"/>
			<property name="overrideNullable" value="DEFAULT" valueType="string"/>
		</object>
		<object type="Aggregation:detail" version="6">
			<property name="name" value="id_ultmt_prnt" valueType="string"/>
			<property name="description" value="" valueType="string"/>
			<property name="id" value="21792960-4016-42c2-aba0-e1957c3dc309" valueType="string"/>
			<property name="overrideLookupInformation" value="false" valueType="boolean"/>
			<property name="displayFormat" value="" valueType="string"/>
			<property name="title" value="Ultimate Parent ID" valueType="string"/>
			<property name="overrideNullable" value="NOT_NULLABLE" valueType="string"/>
		</object>
	</property>
	<property name="calcFields" valueType="table">
		<object type="Aggregation:calcField" version="7">
			<property name="name" value="apply_rtl_lmt_chck_ind" valueType="string"/>
			<property name="description" value="" valueType="string"/>
			<property name="id" value="d8dd0a88-06a4-4464-a052-0042159f16ac" valueType="string"/>
			<property name="aggrMethod" value="MAX" valueType="string"/>
			<property name="calcTotal" value="false" valueType="boolean"/>
			<property name="calcFormula" valueType="table"/>
			<property name="displayFormat" value="" valueType="string"/>
			<property name="overrideLookupInformation" value="false" valueType="boolean"/>
			<property name="title" value="Retail Check Indicator" valueType="string"/>
			<property name="overrideNullable" value="DEFAULT" valueType="string"/>
		</object>
		<object type="Aggregation:calcField" version="7">
			<property name="name" value="sme_sf_chck_ind" valueType="string"/>
			<property name="description" value="" valueType="string"/>
			<property name="id" value="56e5c900-00e0-4e6b-ac90-0c0fa131ebff" valueType="string"/>
			<property name="aggrMethod" value="MAX" valueType="string"/>
			<property name="calcTotal" value="false" valueType="boolean"/>
			<property name="calcFormula" valueType="table"/>
			<property name="displayFormat" value="" valueType="string"/>
			<property name="overrideLookupInformation" value="false" valueType="boolean"/>
			<property name="title" value="SME Supporting Factor Check Indicator" valueType="string"/>
			<property name="overrideNullable" value="DEFAULT" valueType="string"/>
		</object>
		<object type="Aggregation:calcField" version="7">
			<property name="name" value="ttl_expsrs" valueType="string"/>
			<property name="description" value="" valueType="string"/>
			<property name="id" value="9babc20b-40c9-4115-8943-b0d7ab016b69" valueType="string"/>
			<property name="aggrMethod" value="MAX" valueType="string"/>
			<property name="calcTotal" value="true" valueType="boolean"/>
			<property name="calcFormula" valueType="table"/>
			<property name="displayFormat" value="" valueType="string"/>
			<property name="overrideLookupInformation" value="false" valueType="boolean"/>
			<property name="title" value="Total Exposures" valueType="string"/>
			<property name="overrideNullable" value="DEFAULT" valueType="string"/>
		</object>
		<object type="Aggregation:calcField" version="7">
			<property name="name" value="ttl_owd_eur" valueType="string"/>
			<property name="description" value="" valueType="string"/>
			<property name="id" value="da976996-838b-4b4d-99c2-0dbfa1f52ad1" valueType="string"/>
			<property name="aggrMethod" value="MAX" valueType="string"/>
			<property name="calcTotal" value="true" valueType="boolean"/>
			<property name="calcFormula" valueType="table"/>
			<property name="displayFormat" value="" valueType="string"/>
			<property name="overrideLookupInformation" value="false" valueType="boolean"/>
			<property name="title" value="Total Owed in EUR" valueType="string"/>
			<property name="overrideNullable" value="DEFAULT" valueType="string"/>
		</object>
		<object type="Aggregation:calcField" version="7">
			<property name="name" value="ttl_owd_chf" valueType="string"/>
			<property name="description" value="" valueType="string"/>
			<property name="id" value="664e57f0-569e-49ce-9221-8296e955c173" valueType="string"/>
			<property name="aggrMethod" value="MAX" valueType="string"/>
			<property name="calcTotal" value="true" valueType="boolean"/>
			<property name="calcFormula" valueType="table"/>
			<property name="displayFormat" value="" valueType="string"/>
			<property name="overrideLookupInformation" value="false" valueType="boolean"/>
			<property name="title" value="Total Owed in CHF" valueType="string"/>
			<property name="overrideNullable" value="DEFAULT" valueType="string"/>
		</object>
		<object type="Aggregation:calcField" version="7">
			<property name="name" value="ttl_obs_expsrs_eur" valueType="string"/>
			<property name="description" value="" valueType="string"/>
			<property name="id" value="d3c0b25d-4ed5-4c02-828d-8ba8e019eac6" valueType="string"/>
			<property name="aggrMethod" value="MAX" valueType="string"/>
			<property name="calcTotal" value="true" valueType="boolean"/>
			<property name="calcFormula" valueType="table"/>
			<property name="displayFormat" value="" valueType="string"/>
			<property name="overrideLookupInformation" value="false" valueType="boolean"/>
			<property name="title" value="Total Off Balance Sheet Exposures in EUR" valueType="string"/>
			<property name="overrideNullable" value="DEFAULT" valueType="string"/>
		</object>
		<object type="Aggregation:calcField" version="7">
			<property name="name" value="ttl_obs_expsrs_chf" valueType="string"/>
			<property name="description" value="" valueType="string"/>
			<property name="id" value="5190cb74-197c-4d8a-a8a4-5a190d56ee3f" valueType="string"/>
			<property name="aggrMethod" value="MAX" valueType="string"/>
			<property name="calcTotal" value="true" valueType="boolean"/>
			<property name="calcFormula" valueType="table"/>
			<property name="displayFormat" value="" valueType="string"/>
			<property name="overrideLookupInformation" value="false" valueType="boolean"/>
			<property name="title" value="Total Off Balance Sheet Exposures in CHF" valueType="string"/>
			<property name="overrideNullable" value="DEFAULT" valueType="string"/>
		</object>
		<object type="Aggregation:calcField" version="7">
			<property name="name" value="cntns_stndrds" valueType="string"/>
			<property name="description" value="" valueType="string"/>
			<property name="id" value="aa8fad7d-9a8d-4e5a-b34d-24234522e8a6" valueType="string"/>
			<property name="aggrMethod" value="MAX" valueType="string"/>
			<property name="calcTotal" value="false" valueType="boolean"/>
			<property name="calcFormula" valueType="table"/>
			<property name="displayFormat" value="" valueType="string"/>
			<property name="overrideLookupInformation" value="false" valueType="boolean"/>
			<property name="title" value="Contains Standardised Exposures" valueType="string"/>
			<property name="overrideNullable" value="DEFAULT" valueType="string"/>
		</object>
		<object type="Aggregation:calcField" version="7">
			<property name="name" value="cntns_irb" valueType="string"/>
			<property name="description" value="" valueType="string"/>
			<property name="id" value="ef492f5c-6c6d-49c3-b810-4e498bc27074" valueType="string"/>
			<property name="aggrMethod" value="MAX" valueType="string"/>
			<property name="calcTotal" value="false" valueType="boolean"/>
			<property name="calcFormula" valueType="table"/>
			<property name="displayFormat" value="" valueType="string"/>
			<property name="overrideLookupInformation" value="false" valueType="boolean"/>
			<property name="title" value="Contains IRB Exposures" valueType="string"/>
			<property name="overrideNullable" value="DEFAULT" valueType="string"/>
		</object>
		<object type="Aggregation:calcField" version="7">
			<property name="name" value="mxd_rw_mthd_gcc" valueType="string"/>
			<property name="description" value="" valueType="string"/>
			<property name="id" value="3c2673e8-952d-4597-a4fe-0e4a70076e3c" valueType="string"/>
			<property name="aggrMethod" value="MAX" valueType="string"/>
			<property name="calcTotal" value="false" valueType="boolean"/>
			<property name="calcFormula" valueType="table"/>
			<property name="displayFormat" value="" valueType="string"/>
			<property name="overrideLookupInformation" value="false" valueType="boolean"/>
			<property name="title" value="Mixed RW Method GCC Indicator" valueType="string"/>
			<property name="overrideNullable" value="DEFAULT" valueType="string"/>
		</object>
		<object type="Aggregation:calcField" version="7">
			<property name="name" value="fnl_ttl_expsrs" valueType="string"/>
			<property name="description" value="" valueType="string"/>
			<property name="id" value="4daaa374-123d-4251-896b-200abc85d542" valueType="string"/>
			<property name="aggrMethod" value="MAX" valueType="string"/>
			<property name="calcTotal" value="true" valueType="boolean"/>
			<property name="calcFormula" valueType="table">
				<object type="Aggregation:localCalcFieldReference" version="7">
					<property name="value" valueType="url">Aggregation[this].calcFields["ttl_expsrs"{9babc20b-40c9-4115-8943-b0d7ab016b69}]</property>
				</object>
				<object type="SQLExpressionPart" version="2">
					<property name="value" value=" + " valueType="string"/>
				</object>
				<object type="Aggregation:localCalcFieldReference" version="7">
					<property name="value" valueType="url">Aggregation[this].calcFields["ttl_owd_eur"{da976996-838b-4b4d-99c2-0dbfa1f52ad1}]</property>
				</object>
				<object type="SQLExpressionPart" version="2">
					<property name="value" value=" + " valueType="string"/>
				</object>
				<object type="Aggregation:localCalcFieldReference" version="7">
					<property name="value" valueType="url">Aggregation[this].calcFields["ttl_owd_chf"{664e57f0-569e-49ce-9221-8296e955c173}]</property>
				</object>
			</property>
			<property name="valueType" value="FLOAT" valueType="string"/>
			<property name="valueNullable" value="false" valueType="boolean"/>
			<property name="displayFormat" value="" valueType="string"/>
			<property name="overrideLookupInformation" value="false" valueType="boolean"/>
			<property name="title" value="Final Total Exposures" valueType="string"/>
			<property name="overrideNullable" value="DEFAULT" valueType="string"/>
		</object>
		<object type="Aggregation:calcField" version="7">
			<property name="name" value="ttl_expsrs_excldng_obs" valueType="string"/>
			<property name="description" value="" valueType="string"/>
			<property name="id" value="e5175758-0fa2-406d-99c8-460ac0e3c48b" valueType="string"/>
			<property name="aggrMethod" value="SUM" valueType="string"/>
			<property name="calcTotal" value="true" valueType="boolean"/>
			<property name="calcFormula" valueType="table">
				<object type="Aggregation:localCalcFieldReference" version="7">
					<property name="value" valueType="url">Aggregation[this].calcFields["fnl_ttl_expsrs"{4daaa374-123d-4251-896b-200abc85d542}]</property>
				</object>
				<object type="SQLExpressionPart" version="2">
					<property name="value" value=" - (" valueType="string"/>
				</object>
				<object type="Aggregation:localCalcFieldReference" version="7">
					<property name="value" valueType="url">Aggregation[this].calcFields["ttl_obs_expsrs_eur"{d3c0b25d-4ed5-4c02-828d-8ba8e019eac6}]</property>
				</object>
				<object type="SQLExpressionPart" version="2">
					<property name="value" value=" + " valueType="string"/>
				</object>
				<object type="Aggregation:localCalcFieldReference" version="7">
					<property name="value" valueType="url">Aggregation[this].calcFields["ttl_obs_expsrs_chf"{5190cb74-197c-4d8a-a8a4-5a190d56ee3f}]</property>
				</object>
				<object type="SQLExpressionPart" version="2">
					<property name="value" value=")" valueType="string"/>
				</object>
			</property>
			<property name="valueType" value="FLOAT" valueType="string"/>
			<property name="valueNullable" value="false" valueType="boolean"/>
			<property name="displayFormat" value="" valueType="string"/>
			<property name="overrideLookupInformation" value="false" valueType="boolean"/>
			<property name="title" value="Total Exposures Excluding OBS" valueType="string"/>
			<property name="overrideNullable" value="DEFAULT" valueType="string"/>
		</object>
		<object type="Aggregation:calcField" version="7">
			<property name="name" value="whl_ln_prprty_exmpt_amnt" valueType="string"/>
			<property name="description" value="" valueType="string"/>
			<property name="id" value="8a95319b-4627-469e-bb15-6ed1aa97e6f0" valueType="string"/>
			<property name="aggrMethod" value="MAX" valueType="string"/>
			<property name="calcTotal" value="true" valueType="boolean"/>
			<property name="calcFormula" valueType="table"/>
			<property name="displayFormat" value="" valueType="string"/>
			<property name="overrideLookupInformation" value="false" valueType="boolean"/>
			<property name="title" value="Whole Loan Property Exempt Amount" valueType="string"/>
			<property name="overrideNullable" value="DEFAULT" valueType="string"/>
		</object>
	</property>
	<property name="auxFields" valueType="table"/>
	<property name="syntheticFields" valueType="table"/>
	<property name="additionalIndices" valueType="table"/>
	<property name="mappings" valueType="table">
		<object type="Aggregation:mapping" version="7">
			<property name="field" valueType="object">
				<object type="Aggregation:localDetailReference" version="7">
					<property name="value" valueType="url">Aggregation[this].details["entity"{35934453-c58c-4629-9880-4ebe51beba78}]</property>
				</object>
			</property>
			<property name="fieldMapping" valueType="table">
				<object type="Aggregation:fieldMapping" version="7">
					<property name="model" valueType="object">
						<object type="DataModel:reference" version="3">
							<property name="value" valueType="url">DataModel["ModifyModel[Retail_SME_Limit_Check].Aggregation[Retail_SME_Limit_Check_Total_Exposures]"{ModifyModel[18070c0d-fcb6-4d17-a0ce-d6dee68a59d5].Aggregation[76fa0c92-e8a9-457a-adc2-a76463a462f7]}]</property>
						</object>
					</property>
					<property name="expression" valueType="table">
						<object type="DataModel:fieldReference" version="3">
							<property name="value" valueType="url">DataModel["ModifyModel[Retail_SME_Limit_Check].Aggregation[Retail_SME_Limit_Check_Total_Exposures]"{ModifyModel[18070c0d-fcb6-4d17-a0ce-d6dee68a59d5].Aggregation[76fa0c92-e8a9-457a-adc2-a76463a462f7]}].hierarchy["Aggregation"{76fa0c92-e8a9-457a-adc2-a76463a462f7}].dataSource.layout["entity"{35934453-c58c-4629-9880-4ebe51beba78}]</property>
						</object>
					</property>
				</object>
			</property>
		</object>
		<object type="Aggregation:mapping" version="7">
			<property name="field" valueType="object">
				<object type="Aggregation:localDetailReference" version="7">
					<property name="value" valueType="url">Aggregation[this].details["id_ultmt_prnt"{21792960-4016-42c2-aba0-e1957c3dc309}]</property>
				</object>
			</property>
			<property name="fieldMapping" valueType="table">
				<object type="Aggregation:fieldMapping" version="7">
					<property name="model" valueType="object">
						<object type="DataModel:reference" version="3">
							<property name="value" valueType="url">DataModel["ModifyModel[Retail_SME_Limit_Check].Aggregation[Retail_SME_Limit_Check_Total_Exposures]"{ModifyModel[18070c0d-fcb6-4d17-a0ce-d6dee68a59d5].Aggregation[76fa0c92-e8a9-457a-adc2-a76463a462f7]}]</property>
						</object>
					</property>
					<property name="expression" valueType="table">
						<object type="DataModel:fieldReference" version="3">
							<property name="value" valueType="url">DataModel["ModifyModel[Retail_SME_Limit_Check].Aggregation[Retail_SME_Limit_Check_Total_Exposures]"{ModifyModel[18070c0d-fcb6-4d17-a0ce-d6dee68a59d5].Aggregation[76fa0c92-e8a9-457a-adc2-a76463a462f7]}].hierarchy["Aggregation"{76fa0c92-e8a9-457a-adc2-a76463a462f7}].dataSource.layout["id_ultmt_prnt"{21792960-4016-42c2-aba0-e1957c3dc309}]</property>
						</object>
					</property>
				</object>
			</property>
		</object>
		<object type="Aggregation:mapping" version="7">
			<property name="field" valueType="object">
				<object type="Aggregation:localCalcFieldReference" version="7">
					<property name="value" valueType="url">Aggregation[this].calcFields["apply_rtl_lmt_chck_ind"{d8dd0a88-06a4-4464-a052-0042159f16ac}]</property>
				</object>
			</property>
			<property name="fieldMapping" valueType="table">
				<object type="Aggregation:fieldMapping" version="7">
					<property name="model" valueType="object">
						<object type="DataModel:reference" version="3">
							<property name="value" valueType="url">DataModel["ModifyModel[Retail_SME_Limit_Check].Aggregation[Retail_SME_Limit_Check_Total_Exposures]"{ModifyModel[18070c0d-fcb6-4d17-a0ce-d6dee68a59d5].Aggregation[76fa0c92-e8a9-457a-adc2-a76463a462f7]}]</property>
						</object>
					</property>
					<property name="expression" valueType="table">
						<object type="DataModel:fieldReference" version="3">
							<property name="value" valueType="url">DataModel["ModifyModel[Retail_SME_Limit_Check].Aggregation[Retail_SME_Limit_Check_Total_Exposures]"{ModifyModel[18070c0d-fcb6-4d17-a0ce-d6dee68a59d5].Aggregation[76fa0c92-e8a9-457a-adc2-a76463a462f7]}].hierarchy["Aggregation"{76fa0c92-e8a9-457a-adc2-a76463a462f7}].dataSource.layout["apply_rtl_lmt_chck_ind"{d8dd0a88-06a4-4464-a052-0042159f16ac}]</property>
						</object>
					</property>
				</object>
			</property>
		</object>
		<object type="Aggregation:mapping" version="7">
			<property name="field" valueType="object">
				<object type="Aggregation:localCalcFieldReference" version="7">
					<property name="value" valueType="url">Aggregation[this].calcFields["sme_sf_chck_ind"{56e5c900-00e0-4e6b-ac90-0c0fa131ebff}]</property>
				</object>
			</property>
			<property name="fieldMapping" valueType="table">
				<object type="Aggregation:fieldMapping" version="7">
					<property name="model" valueType="object">
						<object type="DataModel:reference" version="3">
							<property name="value" valueType="url">DataModel["ModifyModel[Retail_SME_Limit_Check].Aggregation[Retail_SME_Limit_Check_Total_Exposures]"{ModifyModel[18070c0d-fcb6-4d17-a0ce-d6dee68a59d5].Aggregation[76fa0c92-e8a9-457a-adc2-a76463a462f7]}]</property>
						</object>
					</property>
					<property name="expression" valueType="table">
						<object type="DataModel:fieldReference" version="3">
							<property name="value" valueType="url">DataModel["ModifyModel[Retail_SME_Limit_Check].Aggregation[Retail_SME_Limit_Check_Total_Exposures]"{ModifyModel[18070c0d-fcb6-4d17-a0ce-d6dee68a59d5].Aggregation[76fa0c92-e8a9-457a-adc2-a76463a462f7]}].hierarchy["Aggregation"{76fa0c92-e8a9-457a-adc2-a76463a462f7}].dataSource.layout["sme_sf_chck_ind"{56e5c900-00e0-4e6b-ac90-0c0fa131ebff}]</property>
						</object>
					</property>
				</object>
			</property>
		</object>
		<object type="Aggregation:mapping" version="7">
			<property name="field" valueType="object">
				<object type="Aggregation:localCalcFieldReference" version="7">
					<property name="value" valueType="url">Aggregation[this].calcFields["ttl_expsrs"{9babc20b-40c9-4115-8943-b0d7ab016b69}]</property>
				</object>
			</property>
			<property name="fieldMapping" valueType="table">
				<object type="Aggregation:fieldMapping" version="7">
					<property name="model" valueType="object">
						<object type="DataModel:reference" version="3">
							<property name="value" valueType="url">DataModel["ModifyModel[Retail_SME_Limit_Check].Aggregation[Retail_SME_Limit_Check_Total_Exposures]"{ModifyModel[18070c0d-fcb6-4d17-a0ce-d6dee68a59d5].Aggregation[76fa0c92-e8a9-457a-adc2-a76463a462f7]}]</property>
						</object>
					</property>
					<property name="expression" valueType="table">
						<object type="DataModel:fieldReference" version="3">
							<property name="value" valueType="url">DataModel["ModifyModel[Retail_SME_Limit_Check].Aggregation[Retail_SME_Limit_Check_Total_Exposures]"{ModifyModel[18070c0d-fcb6-4d17-a0ce-d6dee68a59d5].Aggregation[76fa0c92-e8a9-457a-adc2-a76463a462f7]}].hierarchy["Aggregation"{76fa0c92-e8a9-457a-adc2-a76463a462f7}].dataSource.layout["ttl_expsrs"{9babc20b-40c9-4115-8943-b0d7ab016b69}]</property>
						</object>
					</property>
				</object>
			</property>
		</object>
		<object type="Aggregation:mapping" version="7">
			<property name="field" valueType="object">
				<object type="Aggregation:localCalcFieldReference" version="7">
					<property name="value" valueType="url">Aggregation[this].calcFields["ttl_owd_eur"{da976996-838b-4b4d-99c2-0dbfa1f52ad1}]</property>
				</object>
			</property>
			<property name="fieldMapping" valueType="table">
				<object type="Aggregation:fieldMapping" version="7">
					<property name="model" valueType="object">
						<object type="DataModel:reference" version="3">
							<property name="value" valueType="url">DataModel["ModifyModel[Retail_SME_Limit_Check].Aggregation[Retail_SME_Limit_Check_Total_Exposures]"{ModifyModel[18070c0d-fcb6-4d17-a0ce-d6dee68a59d5].Aggregation[76fa0c92-e8a9-457a-adc2-a76463a462f7]}]</property>
						</object>
					</property>
					<property name="expression" valueType="table">
						<object type="SQLExpressionPart" version="2">
							<property name="value" value="CASE WHEN " valueType="string"/>
						</object>
						<object type="DataModel:fieldReference" version="3">
							<property name="value" valueType="url">DataModel["ModifyModel[Retail_SME_Limit_Check].Aggregation[Retail_SME_Limit_Check_Total_Exposures]"{ModifyModel[18070c0d-fcb6-4d17-a0ce-d6dee68a59d5].Aggregation[76fa0c92-e8a9-457a-adc2-a76463a462f7]}].hierarchy["Aggregation"{76fa0c92-e8a9-457a-adc2-a76463a462f7}].dataSource.layout["entity_cntry"{d3ea9f99-9e3f-4daf-834a-ae586ae9ab70}]</property>
						</object>
						<object type="SQLExpressionPart" version="2">
							<property name="value" value=" NOT IN ('GB', 'LI') THEN " valueType="string"/>
						</object>
						<object type="SQLPattern" version="3">
							<property name="name" value="isNull" valueType="string"/>
							<property name="parameters" valueType="table">
								<object type="SQLPattern:parameter" version="3">
									<property name="expressions" valueType="table">
										<object type="DataModel:fieldReference" version="3">
											<property name="value" valueType="url">DataModel["ModifyModel[Retail_SME_Limit_Check].Aggregation[Retail_SME_Limit_Check_Total_Exposures]"{ModifyModel[18070c0d-fcb6-4d17-a0ce-d6dee68a59d5].Aggregation[76fa0c92-e8a9-457a-adc2-a76463a462f7]}].hierarchy["total_owed"{b24d2e60-b41f-4ce0-a132-3ad91c7ffd08}].dataSource.layout["ttl_owd_eur"{2c0b8f6d-7c8c-4755-8e2f-aae90662524c}]</property>
										</object>
									</property>
								</object>
								<object type="SQLPattern:parameter" version="3">
									<property name="expressions" valueType="table">
										<object type="SQLExpressionPart" version="2">
											<property name="value" value="0" valueType="string"/>
										</object>
									</property>
								</object>
							</property>
						</object>
						<object type="SQLExpressionPart" version="2">
							<property name="value" value=" ELSE 0 END" valueType="string"/>
						</object>
					</property>
					<property name="valueNullable" value="false" valueType="boolean"/>
					<property name="valueType" value="FLOAT" valueType="string"/>
				</object>
			</property>
		</object>
		<object type="Aggregation:mapping" version="7">
			<property name="field" valueType="object">
				<object type="Aggregation:localCalcFieldReference" version="7">
					<property name="value" valueType="url">Aggregation[this].calcFields["ttl_owd_chf"{664e57f0-569e-49ce-9221-8296e955c173}]</property>
				</object>
			</property>
			<property name="fieldMapping" valueType="table">
				<object type="Aggregation:fieldMapping" version="7">
					<property name="model" valueType="object">
						<object type="DataModel:reference" version="3">
							<property name="value" valueType="url">DataModel["ModifyModel[Retail_SME_Limit_Check].Aggregation[Retail_SME_Limit_Check_Total_Exposures]"{ModifyModel[18070c0d-fcb6-4d17-a0ce-d6dee68a59d5].Aggregation[76fa0c92-e8a9-457a-adc2-a76463a462f7]}]</property>
						</object>
					</property>
					<property name="expression" valueType="table">
						<object type="SQLExpressionPart" version="2">
							<property name="value" value="CASE WHEN " valueType="string"/>
						</object>
						<object type="DataModel:fieldReference" version="3">
							<property name="value" valueType="url">DataModel["ModifyModel[Retail_SME_Limit_Check].Aggregation[Retail_SME_Limit_Check_Total_Exposures]"{ModifyModel[18070c0d-fcb6-4d17-a0ce-d6dee68a59d5].Aggregation[76fa0c92-e8a9-457a-adc2-a76463a462f7]}].hierarchy["Aggregation"{76fa0c92-e8a9-457a-adc2-a76463a462f7}].dataSource.layout["entity_cntry"{d3ea9f99-9e3f-4daf-834a-ae586ae9ab70}]</property>
						</object>
						<object type="SQLExpressionPart" version="2">
							<property name="value" value=" = 'LI' THEN " valueType="string"/>
						</object>
						<object type="SQLPattern" version="3">
							<property name="name" value="isNull" valueType="string"/>
							<property name="parameters" valueType="table">
								<object type="SQLPattern:parameter" version="3">
									<property name="expressions" valueType="table">
										<object type="DataModel:fieldReference" version="3">
											<property name="value" valueType="url">DataModel["ModifyModel[Retail_SME_Limit_Check].Aggregation[Retail_SME_Limit_Check_Total_Exposures]"{ModifyModel[18070c0d-fcb6-4d17-a0ce-d6dee68a59d5].Aggregation[76fa0c92-e8a9-457a-adc2-a76463a462f7]}].hierarchy["total_owed"{b24d2e60-b41f-4ce0-a132-3ad91c7ffd08}].dataSource.layout["ttl_owd_chf"{28af8849-5848-4f0f-ac3a-dfe353b4e108}]</property>
										</object>
									</property>
								</object>
								<object type="SQLPattern:parameter" version="3">
									<property name="expressions" valueType="table">
										<object type="SQLExpressionPart" version="2">
											<property name="value" value="0" valueType="string"/>
										</object>
									</property>
								</object>
							</property>
						</object>
						<object type="SQLExpressionPart" version="2">
							<property name="value" value=" ELSE 0 END" valueType="string"/>
						</object>
					</property>
					<property name="valueNullable" value="false" valueType="boolean"/>
					<property name="valueType" value="FLOAT" valueType="string"/>
				</object>
			</property>
		</object>
		<object type="Aggregation:mapping" version="7">
			<property name="field" valueType="object">
				<object type="Aggregation:localCalcFieldReference" version="7">
					<property name="value" valueType="url">Aggregation[this].calcFields["ttl_obs_expsrs_eur"{d3c0b25d-4ed5-4c02-828d-8ba8e019eac6}]</property>
				</object>
			</property>
			<property name="fieldMapping" valueType="table">
				<object type="Aggregation:fieldMapping" version="7">
					<property name="model" valueType="object">
						<object type="DataModel:reference" version="3">
							<property name="value" valueType="url">DataModel["ModifyModel[Retail_SME_Limit_Check].Aggregation[Retail_SME_Limit_Check_Total_Exposures]"{ModifyModel[18070c0d-fcb6-4d17-a0ce-d6dee68a59d5].Aggregation[76fa0c92-e8a9-457a-adc2-a76463a462f7]}]</property>
						</object>
					</property>
					<property name="expression" valueType="table">
						<object type="SQLPattern" version="3">
							<property name="name" value="isNull" valueType="string"/>
							<property name="parameters" valueType="table">
								<object type="SQLPattern:parameter" version="3">
									<property name="expressions" valueType="table">
										<object type="DataModel:fieldReference" version="3">
											<property name="value" valueType="url">DataModel["ModifyModel[Retail_SME_Limit_Check].Aggregation[Retail_SME_Limit_Check_Total_Exposures]"{ModifyModel[18070c0d-fcb6-4d17-a0ce-d6dee68a59d5].Aggregation[76fa0c92-e8a9-457a-adc2-a76463a462f7]}].hierarchy["Aggregation"{76fa0c92-e8a9-457a-adc2-a76463a462f7}].dataSource.layout["ttl_obs_expsrs_eur"{d3c0b25d-4ed5-4c02-828d-8ba8e019eac6}]</property>
										</object>
									</property>
								</object>
								<object type="SQLPattern:parameter" version="3">
									<property name="expressions" valueType="table">
										<object type="SQLExpressionPart" version="2">
											<property name="value" value="0" valueType="string"/>
										</object>
									</property>
								</object>
							</property>
						</object>
					</property>
					<property name="valueNullable" value="false" valueType="boolean"/>
					<property name="valueType" value="FLOAT" valueType="string"/>
				</object>
			</property>
		</object>
		<object type="Aggregation:mapping" version="7">
			<property name="field" valueType="object">
				<object type="Aggregation:localCalcFieldReference" version="7">
					<property name="value" valueType="url">Aggregation[this].calcFields["ttl_obs_expsrs_chf"{5190cb74-197c-4d8a-a8a4-5a190d56ee3f}]</property>
				</object>
			</property>
			<property name="fieldMapping" valueType="table">
				<object type="Aggregation:fieldMapping" version="7">
					<property name="model" valueType="object">
						<object type="DataModel:reference" version="3">
							<property name="value" valueType="url">DataModel["ModifyModel[Retail_SME_Limit_Check].Aggregation[Retail_SME_Limit_Check_Total_Exposures]"{ModifyModel[18070c0d-fcb6-4d17-a0ce-d6dee68a59d5].Aggregation[76fa0c92-e8a9-457a-adc2-a76463a462f7]}]</property>
						</object>
					</property>
					<property name="expression" valueType="table">
						<object type="SQLPattern" version="3">
							<property name="name" value="isNull" valueType="string"/>
							<property name="parameters" valueType="table">
								<object type="SQLPattern:parameter" version="3">
									<property name="expressions" valueType="table">
										<object type="DataModel:fieldReference" version="3">
											<property name="value" valueType="url">DataModel["ModifyModel[Retail_SME_Limit_Check].Aggregation[Retail_SME_Limit_Check_Total_Exposures]"{ModifyModel[18070c0d-fcb6-4d17-a0ce-d6dee68a59d5].Aggregation[76fa0c92-e8a9-457a-adc2-a76463a462f7]}].hierarchy["Aggregation"{76fa0c92-e8a9-457a-adc2-a76463a462f7}].dataSource.layout["ttl_obs_expsrs_chf"{db28ea99-dfa5-4fd9-b0d6-7a80b77f0ef9}]</property>
										</object>
									</property>
								</object>
								<object type="SQLPattern:parameter" version="3">
									<property name="expressions" valueType="table">
										<object type="SQLExpressionPart" version="2">
											<property name="value" value="0" valueType="string"/>
										</object>
									</property>
								</object>
							</property>
						</object>
					</property>
					<property name="valueNullable" value="false" valueType="boolean"/>
					<property name="valueType" value="FLOAT" valueType="string"/>
				</object>
			</property>
		</object>
		<object type="Aggregation:mapping" version="7">
			<property name="field" valueType="object">
				<object type="Aggregation:localCalcFieldReference" version="7">
					<property name="value" valueType="url">Aggregation[this].calcFields["cntns_stndrds"{aa8fad7d-9a8d-4e5a-b34d-24234522e8a6}]</property>
				</object>
			</property>
			<property name="fieldMapping" valueType="table">
				<object type="Aggregation:fieldMapping" version="7">
					<property name="model" valueType="object">
						<object type="DataModel:reference" version="3">
							<property name="value" valueType="url">DataModel["ModifyModel[Retail_SME_Limit_Check].Aggregation[Retail_SME_Limit_Check_Total_Exposures]"{ModifyModel[18070c0d-fcb6-4d17-a0ce-d6dee68a59d5].Aggregation[76fa0c92-e8a9-457a-adc2-a76463a462f7]}]</property>
						</object>
					</property>
					<property name="expression" valueType="table">
						<object type="DataModel:fieldReference" version="3">
							<property name="value" valueType="url">DataModel["ModifyModel[Retail_SME_Limit_Check].Aggregation[Retail_SME_Limit_Check_Total_Exposures]"{ModifyModel[18070c0d-fcb6-4d17-a0ce-d6dee68a59d5].Aggregation[76fa0c92-e8a9-457a-adc2-a76463a462f7]}].hierarchy["Aggregation"{76fa0c92-e8a9-457a-adc2-a76463a462f7}].dataSource.layout["cntns_stndrds"{aa8fad7d-9a8d-4e5a-b34d-24234522e8a6}]</property>
						</object>
					</property>
				</object>
			</property>
		</object>
		<object type="Aggregation:mapping" version="7">
			<property name="field" valueType="object">
				<object type="Aggregation:localCalcFieldReference" version="7">
					<property name="value" valueType="url">Aggregation[this].calcFields["cntns_irb"{ef492f5c-6c6d-49c3-b810-4e498bc27074}]</property>
				</object>
			</property>
			<property name="fieldMapping" valueType="table">
				<object type="Aggregation:fieldMapping" version="7">
					<property name="model" valueType="object">
						<object type="DataModel:reference" version="3">
							<property name="value" valueType="url">DataModel["ModifyModel[Retail_SME_Limit_Check].Aggregation[Retail_SME_Limit_Check_Total_Exposures]"{ModifyModel[18070c0d-fcb6-4d17-a0ce-d6dee68a59d5].Aggregation[76fa0c92-e8a9-457a-adc2-a76463a462f7]}]</property>
						</object>
					</property>
					<property name="expression" valueType="table">
						<object type="DataModel:fieldReference" version="3">
							<property name="value" valueType="url">DataModel["ModifyModel[Retail_SME_Limit_Check].Aggregation[Retail_SME_Limit_Check_Total_Exposures]"{ModifyModel[18070c0d-fcb6-4d17-a0ce-d6dee68a59d5].Aggregation[76fa0c92-e8a9-457a-adc2-a76463a462f7]}].hierarchy["Aggregation"{76fa0c92-e8a9-457a-adc2-a76463a462f7}].dataSource.layout["cntns_irb"{ef492f5c-6c6d-49c3-b810-4e498bc27074}]</property>
						</object>
					</property>
				</object>
			</property>
		</object>
		<object type="Aggregation:mapping" version="7">
			<property name="field" valueType="object">
				<object type="Aggregation:localCalcFieldReference" version="7">
					<property name="value" valueType="url">Aggregation[this].calcFields["mxd_rw_mthd_gcc"{3c2673e8-952d-4597-a4fe-0e4a70076e3c}]</property>
				</object>
			</property>
			<property name="fieldMapping" valueType="table">
				<object type="Aggregation:fieldMapping" version="7">
					<property name="model" valueType="object">
						<object type="DataModel:reference" version="3">
							<property name="value" valueType="url">DataModel["ModifyModel[Retail_SME_Limit_Check].Aggregation[Retail_SME_Limit_Check_Total_Exposures]"{ModifyModel[18070c0d-fcb6-4d17-a0ce-d6dee68a59d5].Aggregation[76fa0c92-e8a9-457a-adc2-a76463a462f7]}]</property>
						</object>
					</property>
					<property name="expression" valueType="table">
						<object type="DataModel:fieldReference" version="3">
							<property name="value" valueType="url">DataModel["ModifyModel[Retail_SME_Limit_Check].Aggregation[Retail_SME_Limit_Check_Total_Exposures]"{ModifyModel[18070c0d-fcb6-4d17-a0ce-d6dee68a59d5].Aggregation[76fa0c92-e8a9-457a-adc2-a76463a462f7]}].hierarchy["Aggregation"{76fa0c92-e8a9-457a-adc2-a76463a462f7}].dataSource.layout["mxd_rw_mthd_gcc"{b231f0ed-622d-4c04-bff2-5afe68cb4772}]</property>
						</object>
					</property>
				</object>
			</property>
		</object>
		<object type="Aggregation:mapping" version="7">
			<property name="field" valueType="object">
				<object type="Aggregation:localCalcFieldReference" version="7">
					<property name="value" valueType="url">Aggregation[this].calcFields["whl_ln_prprty_exmpt_amnt"{8a95319b-4627-469e-bb15-6ed1aa97e6f0}]</property>
				</object>
			</property>
			<property name="fieldMapping" valueType="table">
				<object type="Aggregation:fieldMapping" version="7">
					<property name="model" valueType="object">
						<object type="DataModel:reference" version="3">
							<property name="value" valueType="url">DataModel["ModifyModel[Retail_SME_Limit_Check].Aggregation[Retail_SME_Limit_Check_Total_Exposures]"{ModifyModel[18070c0d-fcb6-4d17-a0ce-d6dee68a59d5].Aggregation[76fa0c92-e8a9-457a-adc2-a76463a462f7]}]</property>
						</object>
					</property>
					<property name="expression" valueType="table">
						<object type="SQLPattern" version="3">
							<property name="name" value="isNull" valueType="string"/>
							<property name="parameters" valueType="table">
								<object type="SQLPattern:parameter" version="3">
									<property name="expressions" valueType="table">
										<object type="DataModel:fieldReference" version="3">
											<property name="value" valueType="url">DataModel["ModifyModel[Retail_SME_Limit_Check].Aggregation[Retail_SME_Limit_Check_Total_Exposures]"{ModifyModel[18070c0d-fcb6-4d17-a0ce-d6dee68a59d5].Aggregation[76fa0c92-e8a9-457a-adc2-a76463a462f7]}].hierarchy["whole_loan_exempt"{0980aa58-7ade-400a-80cd-862e40d944b8}].dataSource.layout["prprty_exmpt_amnt"{465fe187-e5e1-4743-af2d-841ac7f4714c}]</property>
										</object>
									</property>
								</object>
								<object type="SQLPattern:parameter" version="3">
									<property name="expressions" valueType="table">
										<object type="SQLExpressionPart" version="2">
											<property name="value" value="0" valueType="string"/>
										</object>
									</property>
								</object>
							</property>
						</object>
					</property>
					<property name="valueNullable" value="false" valueType="boolean"/>
					<property name="valueType" value="FLOAT" valueType="string"/>
				</object>
			</property>
		</object>
	</property>
	<property name="storageType" value="CONTINUOUS_PARTITION" valueType="string"/>
	<property name="postTableCreationStatements" valueType="table"/>
	<property name="postAdjustmentTableCreationStatements" valueType="table"/>
	<property name="detailsAsKeys" value="true" valueType="boolean"/>
	<property name="dbSourceForResults" valueType="url">DBSource["POSTGRES"{7141b02a-a2bf-46bb-9ad0-fa1087f431e1}]</property>
	<property name="archivalProperties" valueType="object">
		<object type="ArchivalProperties" version="2">
			<property name="daily" value="false" valueType="boolean"/>
			<property name="weekly" value="false" valueType="boolean"/>
			<property name="monthly" value="false" valueType="boolean"/>
			<property name="quarterly" value="false" valueType="boolean"/>
			<property name="semiAnnually" value="false" valueType="boolean"/>
			<property name="annually" value="false" valueType="boolean"/>
			<property name="intraDay" value="false" valueType="boolean"/>
			<property name="userDefined" value="false" valueType="boolean"/>
		</object>
	</property>
	<property name="condition" valueType="tree">
		<objectNode type="Condition" version="3">
			<property name="isNegated" value="false" valueType="boolean"/>
			<property name="groupingOperator" value="AND" valueType="string"/>
		</objectNode>
	</property>
	<property name="doNotAggregate" value="true" valueType="boolean"/>
	<property name="useUnionAll" value="false" valueType="boolean"/>
	<property name="fourEyesCheck" value="false" valueType="boolean"/>
	<property name="trackDrilldownInformation" value="true" valueType="boolean"/>
	<property name="trackAllInstancesMode" value="NONE" valueType="string"/>
	<property name="computeStatistics" value="FOR_ALL_COLUMNS" valueType="string"/>
	<property name="instanceRebuildRestriction" value="AlterFullRebuild" valueType="string"/>
	<property name="allowExternalDataPermissions" value="true" valueType="boolean"/>
</object>