<object stamp="89471beb-212e-419b-8208-16fa6be98176_1713426276535" type="Aggregation" version="12">
	<property name="name" value="Retail_SME_Multiple_GCC" valueType="string"/>
	<property name="description" value="" valueType="string"/>
	<property name="objectId" value="fc0cc25e-6dae-4273-9139-cab200ff2b5e" valueType="string"/>
	<property name="branchId" value="44f98cc4-3c7c-41c3-8daa-5b9828f45d7a" valueType="string"/>
	<property name="models" valueType="table">
		<object type="ModelBasedTask:modelEntry" version="3">
			<property name="dataModel" valueType="url">DataModel["ModifyModel[Retail_SME_Multiple_GCC].shared_calcs:cm_ref_data_inputs:Aggregation[Ref_Party_Groups]"{ModifyModel[16036de5-e489-41d4-9a92-0d8931de3056].015fe472-ce70-41e1-9583-ebf524ac86a8:e9157cc6-c461-4637-ae9b-757cdb0c2552:Aggregation[1230a21b-b620-4abb-988e-1429b2092637]}]</property>
			<property name="instanceSelectionRule" valueType="object">
				<object type="InstanceSelectionRule" version="3">
					<property name="instanceDateRule" valueType="object">
						<object type="InstanceSelectionRule:rule" version="3">
							<property name="type" value="EQUAL" valueType="string"/>
						</object>
					</property>
					<property name="instanceKeyRules" valueType="table"/>
				</object>
			</property>
		</object>
	</property>
	<property name="requiresAllModels" value="true" valueType="boolean"/>
	<property name="parameters" valueType="table"/>
	<property name="details" valueType="table">
		<object type="Aggregation:detail" version="6">
			<property name="name" value="entity" valueType="string"/>
			<property name="description" value="" valueType="string"/>
			<property name="id" value="b157850b-0ab3-421f-8049-9bf0dee0bbe0" valueType="string"/>
			<property name="overrideLookupInformation" value="false" valueType="boolean"/>
			<property name="displayFormat" value="" valueType="string"/>
			<property name="title" value="Entity" valueType="string"/>
			<property name="overrideNullable" value="DEFAULT" valueType="string"/>
		</object>
		<object type="Aggregation:detail" version="6">
			<property name="name" value="id_prty" valueType="string"/>
			<property name="description" value="" valueType="string"/>
			<property name="id" value="f9301270-5d4f-4be8-8c3c-12fce069025b" valueType="string"/>
			<property name="overrideLookupInformation" value="false" valueType="boolean"/>
			<property name="displayFormat" value="" valueType="string"/>
			<property name="title" value="Party ID" valueType="string"/>
			<property name="overrideNullable" value="DEFAULT" valueType="string"/>
		</object>
	</property>
	<property name="calcFields" valueType="table">
		<object type="Aggregation:calcField" version="7">
			<property name="name" value="mxd_rw_mthd_gcc" valueType="string"/>
			<property name="description" value="" valueType="string"/>
			<property name="id" value="69af54a0-0e06-40ab-ae44-8dc863771fee" valueType="string"/>
			<property name="aggrMethod" value="MAX" valueType="string"/>
			<property name="calcTotal" value="true" valueType="boolean"/>
			<property name="calcFormula" valueType="table"/>
			<property name="displayFormat" value="" valueType="string"/>
			<property name="overrideLookupInformation" value="false" valueType="boolean"/>
			<property name="title" value="Mixed RW Method GCC Indicator" valueType="string"/>
			<property name="overrideNullable" value="DEFAULT" valueType="string"/>
		</object>
	</property>
	<property name="auxFields" valueType="table"/>
	<property name="syntheticFields" valueType="table"/>
	<property name="additionalIndices" valueType="table"/>
	<property name="mappings" valueType="table">
		<object type="Aggregation:mapping" version="7">
			<property name="field" valueType="object">
				<object type="Aggregation:localDetailReference" version="7">
					<property name="value" valueType="url">Aggregation[this].details["entity"{b157850b-0ab3-421f-8049-9bf0dee0bbe0}]</property>
				</object>
			</property>
			<property name="fieldMapping" valueType="table">
				<object type="Aggregation:fieldMapping" version="7">
					<property name="model" valueType="object">
						<object type="DataModel:reference" version="3">
							<property name="value" valueType="url">DataModel["ModifyModel[Retail_SME_Multiple_GCC].shared_calcs:cm_ref_data_inputs:Aggregation[Ref_Party_Groups]"{ModifyModel[16036de5-e489-41d4-9a92-0d8931de3056].015fe472-ce70-41e1-9583-ebf524ac86a8:e9157cc6-c461-4637-ae9b-757cdb0c2552:Aggregation[1230a21b-b620-4abb-988e-1429b2092637]}]</property>
						</object>
					</property>
					<property name="expression" valueType="table">
						<object type="DataModel:fieldReference" version="3">
							<property name="value" valueType="url">DataModel["ModifyModel[Retail_SME_Multiple_GCC].shared_calcs:cm_ref_data_inputs:Aggregation[Ref_Party_Groups]"{ModifyModel[16036de5-e489-41d4-9a92-0d8931de3056].015fe472-ce70-41e1-9583-ebf524ac86a8:e9157cc6-c461-4637-ae9b-757cdb0c2552:Aggregation[1230a21b-b620-4abb-988e-1429b2092637]}].hierarchy["groups"{8a343396-97dc-4ad2-94c3-05e4340a5689}].dataSource.layout["entity"{35934453-c58c-4629-9880-4ebe51beba78}]</property>
						</object>
					</property>
				</object>
			</property>
		</object>
		<object type="Aggregation:mapping" version="7">
			<property name="field" valueType="object">
				<object type="Aggregation:localDetailReference" version="7">
					<property name="value" valueType="url">Aggregation[this].details["id_prty"{f9301270-5d4f-4be8-8c3c-12fce069025b}]</property>
				</object>
			</property>
			<property name="fieldMapping" valueType="table">
				<object type="Aggregation:fieldMapping" version="7">
					<property name="model" valueType="object">
						<object type="DataModel:reference" version="3">
							<property name="value" valueType="url">DataModel["ModifyModel[Retail_SME_Multiple_GCC].shared_calcs:cm_ref_data_inputs:Aggregation[Ref_Party_Groups]"{ModifyModel[16036de5-e489-41d4-9a92-0d8931de3056].015fe472-ce70-41e1-9583-ebf524ac86a8:e9157cc6-c461-4637-ae9b-757cdb0c2552:Aggregation[1230a21b-b620-4abb-988e-1429b2092637]}]</property>
						</object>
					</property>
					<property name="expression" valueType="table">
						<object type="DataModel:fieldReference" version="3">
							<property name="value" valueType="url">DataModel["ModifyModel[Retail_SME_Multiple_GCC].shared_calcs:cm_ref_data_inputs:Aggregation[Ref_Party_Groups]"{ModifyModel[16036de5-e489-41d4-9a92-0d8931de3056].015fe472-ce70-41e1-9583-ebf524ac86a8:e9157cc6-c461-4637-ae9b-757cdb0c2552:Aggregation[1230a21b-b620-4abb-988e-1429b2092637]}].hierarchy["Aggregation"{1230a21b-b620-4abb-988e-1429b2092637}].dataSource.layout["id_prty"{4158dcbb-7832-4811-9d63-6856c36d5461}]</property>
						</object>
					</property>
				</object>
			</property>
		</object>
		<object type="Aggregation:mapping" version="7">
			<property name="field" valueType="object">
				<object type="Aggregation:localCalcFieldReference" version="7">
					<property name="value" valueType="url">Aggregation[this].calcFields["mxd_rw_mthd_gcc"{69af54a0-0e06-40ab-ae44-8dc863771fee}]</property>
				</object>
			</property>
			<property name="fieldMapping" valueType="table">
				<object type="Aggregation:fieldMapping" version="7">
					<property name="model" valueType="object">
						<object type="DataModel:reference" version="3">
							<property name="value" valueType="url">DataModel["ModifyModel[Retail_SME_Multiple_GCC].shared_calcs:cm_ref_data_inputs:Aggregation[Ref_Party_Groups]"{ModifyModel[16036de5-e489-41d4-9a92-0d8931de3056].015fe472-ce70-41e1-9583-ebf524ac86a8:e9157cc6-c461-4637-ae9b-757cdb0c2552:Aggregation[1230a21b-b620-4abb-988e-1429b2092637]}]</property>
						</object>
					</property>
					<property name="expression" valueType="table">
						<object type="DataModel:fieldReference" version="3">
							<property name="value" valueType="url">DataModel["ModifyModel[Retail_SME_Multiple_GCC].shared_calcs:cm_ref_data_inputs:Aggregation[Ref_Party_Groups]"{ModifyModel[16036de5-e489-41d4-9a92-0d8931de3056].015fe472-ce70-41e1-9583-ebf524ac86a8:e9157cc6-c461-4637-ae9b-757cdb0c2552:Aggregation[1230a21b-b620-4abb-988e-1429b2092637]}].hierarchy["groups"{8a343396-97dc-4ad2-94c3-05e4340a5689}].dataSource.layout["mxd_rw_mthd_gcc"{3c2673e8-952d-4597-a4fe-0e4a70076e3c}]</property>
						</object>
					</property>
				</object>
			</property>
		</object>
	</property>
	<property name="storageType" value="CONTINUOUS_PARTITION" valueType="string"/>
	<property name="postTableCreationStatements" valueType="table"/>
	<property name="postAdjustmentTableCreationStatements" valueType="table"/>
	<property name="detailsAsKeys" value="true" valueType="boolean"/>
	<property name="dbSourceForResults" valueType="url">DBSource["POSTGRES"{7141b02a-a2bf-46bb-9ad0-fa1087f431e1}]</property>
	<property name="archivalProperties" valueType="object">
		<object type="ArchivalProperties" version="2">
			<property name="daily" value="false" valueType="boolean"/>
			<property name="weekly" value="false" valueType="boolean"/>
			<property name="monthly" value="false" valueType="boolean"/>
			<property name="quarterly" value="false" valueType="boolean"/>
			<property name="semiAnnually" value="false" valueType="boolean"/>
			<property name="annually" value="false" valueType="boolean"/>
			<property name="intraDay" value="false" valueType="boolean"/>
			<property name="userDefined" value="false" valueType="boolean"/>
		</object>
	</property>
	<property name="condition" valueType="tree">
		<objectNode type="Condition" version="3">
			<property name="isNegated" value="false" valueType="boolean"/>
			<property name="groupingOperator" value="AND" valueType="string"/>
		</objectNode>
	</property>
	<property name="doNotAggregate" value="false" valueType="boolean"/>
	<property name="fourEyesCheck" value="false" valueType="boolean"/>
	<property name="trackDrilldownInformation" value="true" valueType="boolean"/>
	<property name="trackAllInstancesMode" value="NONE" valueType="string"/>
	<property name="computeStatistics" value="FOR_ALL_COLUMNS" valueType="string"/>
	<property name="instanceRebuildRestriction" value="AlterFullRebuild" valueType="string"/>
	<property name="allowExternalDataPermissions" value="true" valueType="boolean"/>
</object>