<object stamp="d86abbcf-26fc-4318-bb53-9c8d0e8f95e0_1728296105352" type="Aggregation" version="12">
	<property name="name" value="Total_Relevant_Credit_Exposure_Per_Country" valueType="string"/>
	<property name="description" value="Total_Relevant_Credit_Exposure_Per_Country" valueType="string"/>
	<property name="objectId" value="0ade497b-9646-4bb9-b1b5-ce14a7377049" valueType="string"/>
	<property name="branchId" value="5e94b423-7b8f-4c0e-b8a2-f3e8ccce14ee" valueType="string"/>
	<property name="comment" value="This object is used to calculate the total relevant credit exposure amount per country of exposure" valueType="string"/>
	<property name="models" valueType="table">
		<object type="ModelBasedTask:modelEntry" version="3">
			<property name="dataModel" valueType="url">DataModel["ModifyModel[Relevant_Credit_Rate].Aggregation[Relevant_Credit_Exposure]"{ModifyModel[7243969c-ee05-445c-95b8-db0d3e649d49].Aggregation[7f856223-e7a0-4c5a-b569-a9e707f9135d]}]</property>
			<property name="instanceSelectionRule" valueType="object">
				<object type="InstanceSelectionRule" version="3">
					<property name="instanceDateRule" valueType="object">
						<object type="InstanceSelectionRule:rule" version="3">
							<property name="type" value="EQUAL" valueType="string"/>
						</object>
					</property>
					<property name="instanceKeyRules" valueType="table"/>
				</object>
			</property>
		</object>
	</property>
	<property name="requiresAllModels" value="true" valueType="boolean"/>
	<property name="parameters" valueType="table"/>
	<property name="details" valueType="table">
		<object type="Aggregation:detail" version="6">
			<property name="name" value="entity" valueType="string"/>
			<property name="description" value="" valueType="string"/>
			<property name="id" value="10ea5f6a-2b84-4c08-9b15-c7eac4dd6f0c" valueType="string"/>
			<property name="overrideLookupInformation" value="false" valueType="boolean"/>
			<property name="displayFormat" value="" valueType="string"/>
			<property name="title" value="Entity" valueType="string"/>
			<property name="overrideNullable" value="DEFAULT" valueType="string"/>
		</object>
		<object type="Aggregation:detail" version="6">
			<property name="name" value="ccb_cntry_rsdnc" valueType="string"/>
			<property name="description" value="" valueType="string"/>
			<property name="id" value="c2764ca5-2d0e-4f30-9185-17ef80a66d78" valueType="string"/>
			<property name="overrideLookupInformation" value="false" valueType="boolean"/>
			<property name="displayFormat" value="" valueType="string"/>
			<property name="title" value="CCB Country of Residence" valueType="string"/>
			<property name="overrideNullable" value="DEFAULT" valueType="string"/>
		</object>
	</property>
	<property name="calcFields" valueType="table">
		<object type="Aggregation:calcField" version="7">
			<property name="name" value="ttl_rlvnt_crdt_expsr" valueType="string"/>
			<property name="description" value="" valueType="string"/>
			<property name="id" value="8073f8bd-c59d-4eb4-a6a5-b77ab8edf368" valueType="string"/>
			<property name="aggrMethod" value="SUM" valueType="string"/>
			<property name="calcTotal" value="true" valueType="boolean"/>
			<property name="calcFormula" valueType="table"/>
			<property name="displayFormat" value="" valueType="string"/>
			<property name="overrideLookupInformation" value="false" valueType="boolean"/>
			<property name="title" value="Total Relevant Credit Exposure" valueType="string"/>
			<property name="overrideNullable" value="DEFAULT" valueType="string"/>
		</object>
		<object type="Aggregation:calcField" version="7">
			<property name="name" value="ccb_rt_set_by_bcbs" valueType="string"/>
			<property name="description" value="" valueType="string"/>
			<property name="id" value="96e38f00-edca-448c-a69f-4dab64bc0868" valueType="string"/>
			<property name="aggrMethod" value="MAX" valueType="string"/>
			<property name="calcTotal" value="true" valueType="boolean"/>
			<property name="calcFormula" valueType="table"/>
			<property name="displayFormat" value="" valueType="string"/>
			<property name="overrideLookupInformation" value="false" valueType="boolean"/>
			<property name="title" value="CCB Rate set by Banks NA" valueType="string"/>
			<property name="overrideNullable" value="DEFAULT" valueType="string"/>
		</object>
		<object type="Aggregation:calcField" version="7">
			<property name="name" value="ccb_rt_set_by_ntnl_athrty" valueType="string"/>
			<property name="description" value="" valueType="string"/>
			<property name="id" value="acacb69d-4188-4a3b-a456-4f629f9f1245" valueType="string"/>
			<property name="aggrMethod" value="MAX" valueType="string"/>
			<property name="calcTotal" value="true" valueType="boolean"/>
			<property name="calcFormula" valueType="table"/>
			<property name="displayFormat" value="" valueType="string"/>
			<property name="overrideLookupInformation" value="false" valueType="boolean"/>
			<property name="title" value="CCB Rate set by National Authority" valueType="string"/>
			<property name="overrideNullable" value="DEFAULT" valueType="string"/>
		</object>
		<object type="Aggregation:calcField" version="7">
			<property name="name" value="expsr_vl_non_scrtstn" valueType="string"/>
			<property name="description" value="" valueType="string"/>
			<property name="id" value="c0beed68-ee60-4028-b1c0-52fb9c479422" valueType="string"/>
			<property name="aggrMethod" value="SUM" valueType="string"/>
			<property name="calcTotal" value="true" valueType="boolean"/>
			<property name="calcFormula" valueType="table"/>
			<property name="displayFormat" value="" valueType="string"/>
			<property name="overrideLookupInformation" value="false" valueType="boolean"/>
			<property name="title" value="Exposure Value Non Securitisation" valueType="string"/>
			<property name="overrideNullable" value="DEFAULT" valueType="string"/>
		</object>
		<object type="Aggregation:calcField" version="7">
			<property name="name" value="expsr_vl_irb" valueType="string"/>
			<property name="description" value="" valueType="string"/>
			<property name="id" value="c4e32447-fcd5-46e5-9a9d-61341bd57b57" valueType="string"/>
			<property name="aggrMethod" value="SUM" valueType="string"/>
			<property name="calcTotal" value="true" valueType="boolean"/>
			<property name="calcFormula" valueType="table"/>
			<property name="displayFormat" value="" valueType="string"/>
			<property name="overrideLookupInformation" value="false" valueType="boolean"/>
			<property name="title" value="IRB Exposure Value" valueType="string"/>
			<property name="overrideNullable" value="DEFAULT" valueType="string"/>
		</object>
		<object type="Aggregation:calcField" version="7">
			<property name="name" value="mrkt_vl" valueType="string"/>
			<property name="description" value="" valueType="string"/>
			<property name="id" value="890182fa-2dd6-4993-9bff-82d971b71d42" valueType="string"/>
			<property name="aggrMethod" value="SUM" valueType="string"/>
			<property name="calcTotal" value="true" valueType="boolean"/>
			<property name="calcFormula" valueType="table"/>
			<property name="displayFormat" value="" valueType="string"/>
			<property name="overrideLookupInformation" value="false" valueType="boolean"/>
			<property name="title" value="Market Value" valueType="string"/>
			<property name="overrideNullable" value="DEFAULT" valueType="string"/>
		</object>
		<object type="Aggregation:calcField" version="7">
			<property name="name" value="expsr_vl_ima" valueType="string"/>
			<property name="description" value="" valueType="string"/>
			<property name="id" value="38a03179-800b-4f4f-8d30-a341c4169091" valueType="string"/>
			<property name="aggrMethod" value="SUM" valueType="string"/>
			<property name="calcTotal" value="true" valueType="boolean"/>
			<property name="calcFormula" valueType="table"/>
			<property name="displayFormat" value="" valueType="string"/>
			<property name="overrideLookupInformation" value="false" valueType="boolean"/>
			<property name="title" value="IMA Exposure Value" valueType="string"/>
			<property name="overrideNullable" value="DEFAULT" valueType="string"/>
		</object>
		<object type="Aggregation:calcField" version="7">
			<property name="name" value="scrtstn_ind" valueType="string"/>
			<property name="description" value="" valueType="string"/>
			<property name="id" value="7149258b-caab-4edf-9ecb-54a7ac313de4" valueType="string"/>
			<property name="aggrMethod" value="MAX" valueType="string"/>
			<property name="calcTotal" value="true" valueType="boolean"/>
			<property name="calcFormula" valueType="table"/>
			<property name="displayFormat" value="" valueType="string"/>
			<property name="overrideLookupInformation" value="false" valueType="boolean"/>
			<property name="title" value="Securitisation Indicator" valueType="string"/>
			<property name="overrideNullable" value="DEFAULT" valueType="string"/>
		</object>
		<object type="Aggregation:calcField" version="7">
			<property name="name" value="expsr_typ" valueType="string"/>
			<property name="description" value="" valueType="string"/>
			<property name="id" value="58df50b4-f483-4b83-9096-e374ae3ac30a" valueType="string"/>
			<property name="aggrMethod" value="MAX" valueType="string"/>
			<property name="calcTotal" value="true" valueType="boolean"/>
			<property name="calcFormula" valueType="table"/>
			<property name="displayFormat" value="" valueType="string"/>
			<property name="overrideLookupInformation" value="false" valueType="boolean"/>
			<property name="title" value="Exposure Type" valueType="string"/>
			<property name="overrideNullable" value="DEFAULT" valueType="string"/>
		</object>
		<object type="Aggregation:calcField" version="7">
			<property name="name" value="rlvnt_crdt_expsr" valueType="string"/>
			<property name="description" value="" valueType="string"/>
			<property name="id" value="7ef63d95-1ead-41dc-9365-41647f41ffc1" valueType="string"/>
			<property name="aggrMethod" value="SUM" valueType="string"/>
			<property name="calcTotal" value="true" valueType="boolean"/>
			<property name="calcFormula" valueType="table"/>
			<property name="displayFormat" value="" valueType="string"/>
			<property name="overrideLookupInformation" value="false" valueType="boolean"/>
			<property name="title" value="Relevant Credit Exposure" valueType="string"/>
			<property name="overrideNullable" value="DEFAULT" valueType="string"/>
		</object>
		<object type="Aggregation:calcField" version="7">
			<property name="name" value="expsr_vl_scrtstn" valueType="string"/>
			<property name="description" value="" valueType="string"/>
			<property name="id" value="54e584f2-b379-4d0e-a023-7148074be26f" valueType="string"/>
			<property name="aggrMethod" value="SUM" valueType="string"/>
			<property name="calcTotal" value="true" valueType="boolean"/>
			<property name="calcFormula" valueType="table"/>
			<property name="displayFormat" value="" valueType="string"/>
			<property name="overrideLookupInformation" value="false" valueType="boolean"/>
			<property name="title" value="Exposure Value Securitisation" valueType="string"/>
			<property name="overrideNullable" value="DEFAULT" valueType="string"/>
		</object>
	</property>
	<property name="auxFields" valueType="table"/>
	<property name="syntheticFields" valueType="table"/>
	<property name="additionalIndices" valueType="table"/>
	<property name="mappings" valueType="table">
		<object type="Aggregation:mapping" version="7">
			<property name="field" valueType="object">
				<object type="Aggregation:localDetailReference" version="7">
					<property name="value" valueType="url">Aggregation[this].details["entity"{10ea5f6a-2b84-4c08-9b15-c7eac4dd6f0c}]</property>
				</object>
			</property>
			<property name="fieldMapping" valueType="table">
				<object type="Aggregation:fieldMapping" version="7">
					<property name="model" valueType="object">
						<object type="DataModel:reference" version="3">
							<property name="value" valueType="url">DataModel["ModifyModel[Relevant_Credit_Rate].Aggregation[Relevant_Credit_Exposure]"{ModifyModel[7243969c-ee05-445c-95b8-db0d3e649d49].Aggregation[7f856223-e7a0-4c5a-b569-a9e707f9135d]}]</property>
						</object>
					</property>
					<property name="expression" valueType="table">
						<object type="DataModel:fieldReference" version="3">
							<property name="value" valueType="url">DataModel["ModifyModel[Relevant_Credit_Rate].Aggregation[Relevant_Credit_Exposure]"{ModifyModel[7243969c-ee05-445c-95b8-db0d3e649d49].Aggregation[7f856223-e7a0-4c5a-b569-a9e707f9135d]}].hierarchy["Aggregation"{7f856223-e7a0-4c5a-b569-a9e707f9135d}].dataSource.layout["entity"{9ef63595-a926-4381-9547-d4618b0c5235}]</property>
						</object>
					</property>
				</object>
			</property>
		</object>
		<object type="Aggregation:mapping" version="7">
			<property name="field" valueType="object">
				<object type="Aggregation:localDetailReference" version="7">
					<property name="value" valueType="url">Aggregation[this].details["ccb_cntry_rsdnc"{c2764ca5-2d0e-4f30-9185-17ef80a66d78}]</property>
				</object>
			</property>
			<property name="fieldMapping" valueType="table">
				<object type="Aggregation:fieldMapping" version="7">
					<property name="model" valueType="object">
						<object type="DataModel:reference" version="3">
							<property name="value" valueType="url">DataModel["ModifyModel[Relevant_Credit_Rate].Aggregation[Relevant_Credit_Exposure]"{ModifyModel[7243969c-ee05-445c-95b8-db0d3e649d49].Aggregation[7f856223-e7a0-4c5a-b569-a9e707f9135d]}]</property>
						</object>
					</property>
					<property name="expression" valueType="table">
						<object type="DataModel:fieldReference" version="3">
							<property name="value" valueType="url">DataModel["ModifyModel[Relevant_Credit_Rate].Aggregation[Relevant_Credit_Exposure]"{ModifyModel[7243969c-ee05-445c-95b8-db0d3e649d49].Aggregation[7f856223-e7a0-4c5a-b569-a9e707f9135d]}].hierarchy["Aggregation"{7f856223-e7a0-4c5a-b569-a9e707f9135d}].dataSource.layout["ccb_cntry_rsdnc"{5608db48-4a42-4f76-92e4-c8420d707a16}]</property>
						</object>
					</property>
				</object>
			</property>
		</object>
		<object type="Aggregation:mapping" version="7">
			<property name="field" valueType="object">
				<object type="Aggregation:localCalcFieldReference" version="7">
					<property name="value" valueType="url">Aggregation[this].calcFields["ttl_rlvnt_crdt_expsr"{8073f8bd-c59d-4eb4-a6a5-b77ab8edf368}]</property>
				</object>
			</property>
			<property name="fieldMapping" valueType="table">
				<object type="Aggregation:fieldMapping" version="7">
					<property name="model" valueType="object">
						<object type="DataModel:reference" version="3">
							<property name="value" valueType="url">DataModel["ModifyModel[Relevant_Credit_Rate].Aggregation[Relevant_Credit_Exposure]"{ModifyModel[7243969c-ee05-445c-95b8-db0d3e649d49].Aggregation[7f856223-e7a0-4c5a-b569-a9e707f9135d]}]</property>
						</object>
					</property>
					<property name="expression" valueType="table">
						<object type="DataModel:fieldReference" version="3">
							<property name="value" valueType="url">DataModel["ModifyModel[Relevant_Credit_Rate].Aggregation[Relevant_Credit_Exposure]"{ModifyModel[7243969c-ee05-445c-95b8-db0d3e649d49].Aggregation[7f856223-e7a0-4c5a-b569-a9e707f9135d]}].hierarchy["Aggregation"{7f856223-e7a0-4c5a-b569-a9e707f9135d}].dataSource.layout["rlvnt_crdt_expsr"{2947b4c6-50e5-4d7c-ade7-daa77199e0e4}]</property>
						</object>
					</property>
				</object>
			</property>
		</object>
		<object type="Aggregation:mapping" version="7">
			<property name="field" valueType="object">
				<object type="Aggregation:localCalcFieldReference" version="7">
					<property name="value" valueType="url">Aggregation[this].calcFields["ccb_rt_set_by_bcbs"{96e38f00-edca-448c-a69f-4dab64bc0868}]</property>
				</object>
			</property>
			<property name="fieldMapping" valueType="table">
				<object type="Aggregation:fieldMapping" version="7">
					<property name="model" valueType="object">
						<object type="DataModel:reference" version="3">
							<property name="value" valueType="url">DataModel["ModifyModel[Relevant_Credit_Rate].Aggregation[Relevant_Credit_Exposure]"{ModifyModel[7243969c-ee05-445c-95b8-db0d3e649d49].Aggregation[7f856223-e7a0-4c5a-b569-a9e707f9135d]}]</property>
						</object>
					</property>
					<property name="expression" valueType="table">
						<object type="DataModel:fieldReference" version="3">
							<property name="value" valueType="url">DataModel["ModifyModel[Relevant_Credit_Rate].Aggregation[Relevant_Credit_Exposure]"{ModifyModel[7243969c-ee05-445c-95b8-db0d3e649d49].Aggregation[7f856223-e7a0-4c5a-b569-a9e707f9135d]}].hierarchy["ccb_rate"{220bd959-b260-459a-9548-11aa2b2b21db}].dataSource.layout["ccb_rt"{9ca43690-90ee-4322-91f6-5d54798a03f4}]</property>
						</object>
					</property>
				</object>
			</property>
		</object>
		<object type="Aggregation:mapping" version="7">
			<property name="field" valueType="object">
				<object type="Aggregation:localCalcFieldReference" version="7">
					<property name="value" valueType="url">Aggregation[this].calcFields["ccb_rt_set_by_ntnl_athrty"{acacb69d-4188-4a3b-a456-4f629f9f1245}]</property>
				</object>
			</property>
			<property name="fieldMapping" valueType="table">
				<object type="Aggregation:fieldMapping" version="7">
					<property name="model" valueType="object">
						<object type="DataModel:reference" version="3">
							<property name="value" valueType="url">DataModel["ModifyModel[Relevant_Credit_Rate].Aggregation[Relevant_Credit_Exposure]"{ModifyModel[7243969c-ee05-445c-95b8-db0d3e649d49].Aggregation[7f856223-e7a0-4c5a-b569-a9e707f9135d]}]</property>
						</object>
					</property>
					<property name="expression" valueType="table">
						<object type="DataModel:fieldReference" version="3">
							<property name="value" valueType="url">DataModel["ModifyModel[Relevant_Credit_Rate].Aggregation[Relevant_Credit_Exposure]"{ModifyModel[7243969c-ee05-445c-95b8-db0d3e649d49].Aggregation[7f856223-e7a0-4c5a-b569-a9e707f9135d]}].hierarchy["national_authority_ccb_rate"{ea40e2be-f617-4860-8737-09daf4284aef}].dataSource.layout["ccb_rt"{8aea7fa0-ed0a-428e-816d-de983bd5be35}]</property>
						</object>
					</property>
				</object>
			</property>
		</object>
		<object type="Aggregation:mapping" version="7">
			<property name="field" valueType="object">
				<object type="Aggregation:localCalcFieldReference" version="7">
					<property name="value" valueType="url">Aggregation[this].calcFields["expsr_vl_non_scrtstn"{c0beed68-ee60-4028-b1c0-52fb9c479422}]</property>
				</object>
			</property>
			<property name="fieldMapping" valueType="table">
				<object type="Aggregation:fieldMapping" version="7">
					<property name="model" valueType="object">
						<object type="DataModel:reference" version="3">
							<property name="value" valueType="url">DataModel["ModifyModel[Relevant_Credit_Rate].Aggregation[Relevant_Credit_Exposure]"{ModifyModel[7243969c-ee05-445c-95b8-db0d3e649d49].Aggregation[7f856223-e7a0-4c5a-b569-a9e707f9135d]}]</property>
						</object>
					</property>
					<property name="expression" valueType="table">
						<object type="DataModel:fieldReference" version="3">
							<property name="value" valueType="url">DataModel["ModifyModel[Relevant_Credit_Rate].Aggregation[Relevant_Credit_Exposure]"{ModifyModel[7243969c-ee05-445c-95b8-db0d3e649d49].Aggregation[7f856223-e7a0-4c5a-b569-a9e707f9135d]}].hierarchy["Aggregation"{7f856223-e7a0-4c5a-b569-a9e707f9135d}].dataSource.layout["expsr_vl_non_scrtstn"{829790b1-6c50-4d19-8f22-a5a7778a48c5}]</property>
						</object>
					</property>
				</object>
			</property>
		</object>
		<object type="Aggregation:mapping" version="7">
			<property name="field" valueType="object">
				<object type="Aggregation:localCalcFieldReference" version="7">
					<property name="value" valueType="url">Aggregation[this].calcFields["expsr_vl_irb"{c4e32447-fcd5-46e5-9a9d-61341bd57b57}]</property>
				</object>
			</property>
			<property name="fieldMapping" valueType="table">
				<object type="Aggregation:fieldMapping" version="7">
					<property name="model" valueType="object">
						<object type="DataModel:reference" version="3">
							<property name="value" valueType="url">DataModel["ModifyModel[Relevant_Credit_Rate].Aggregation[Relevant_Credit_Exposure]"{ModifyModel[7243969c-ee05-445c-95b8-db0d3e649d49].Aggregation[7f856223-e7a0-4c5a-b569-a9e707f9135d]}]</property>
						</object>
					</property>
					<property name="expression" valueType="table">
						<object type="DataModel:fieldReference" version="3">
							<property name="value" valueType="url">DataModel["ModifyModel[Relevant_Credit_Rate].Aggregation[Relevant_Credit_Exposure]"{ModifyModel[7243969c-ee05-445c-95b8-db0d3e649d49].Aggregation[7f856223-e7a0-4c5a-b569-a9e707f9135d]}].hierarchy["Aggregation"{7f856223-e7a0-4c5a-b569-a9e707f9135d}].dataSource.layout["expsr_vl_irb"{3f6b1b88-223c-4b92-aae0-a6235fd44b92}]</property>
						</object>
					</property>
				</object>
			</property>
		</object>
		<object type="Aggregation:mapping" version="7">
			<property name="field" valueType="object">
				<object type="Aggregation:localCalcFieldReference" version="7">
					<property name="value" valueType="url">Aggregation[this].calcFields["mrkt_vl"{890182fa-2dd6-4993-9bff-82d971b71d42}]</property>
				</object>
			</property>
			<property name="fieldMapping" valueType="table">
				<object type="Aggregation:fieldMapping" version="7">
					<property name="model" valueType="object">
						<object type="DataModel:reference" version="3">
							<property name="value" valueType="url">DataModel["ModifyModel[Relevant_Credit_Rate].Aggregation[Relevant_Credit_Exposure]"{ModifyModel[7243969c-ee05-445c-95b8-db0d3e649d49].Aggregation[7f856223-e7a0-4c5a-b569-a9e707f9135d]}]</property>
						</object>
					</property>
					<property name="expression" valueType="table">
						<object type="DataModel:fieldReference" version="3">
							<property name="value" valueType="url">DataModel["ModifyModel[Relevant_Credit_Rate].Aggregation[Relevant_Credit_Exposure]"{ModifyModel[7243969c-ee05-445c-95b8-db0d3e649d49].Aggregation[7f856223-e7a0-4c5a-b569-a9e707f9135d]}].hierarchy["Aggregation"{7f856223-e7a0-4c5a-b569-a9e707f9135d}].dataSource.layout["mrkt_vl"{3d96a2e2-eb2a-4cba-a76e-4d9bc714b52f}]</property>
						</object>
					</property>
				</object>
			</property>
		</object>
		<object type="Aggregation:mapping" version="7">
			<property name="field" valueType="object">
				<object type="Aggregation:localCalcFieldReference" version="7">
					<property name="value" valueType="url">Aggregation[this].calcFields["expsr_vl_ima"{38a03179-800b-4f4f-8d30-a341c4169091}]</property>
				</object>
			</property>
			<property name="fieldMapping" valueType="table">
				<object type="Aggregation:fieldMapping" version="7">
					<property name="model" valueType="object">
						<object type="DataModel:reference" version="3">
							<property name="value" valueType="url">DataModel["ModifyModel[Relevant_Credit_Rate].Aggregation[Relevant_Credit_Exposure]"{ModifyModel[7243969c-ee05-445c-95b8-db0d3e649d49].Aggregation[7f856223-e7a0-4c5a-b569-a9e707f9135d]}]</property>
						</object>
					</property>
					<property name="expression" valueType="table">
						<object type="DataModel:fieldReference" version="3">
							<property name="value" valueType="url">DataModel["ModifyModel[Relevant_Credit_Rate].Aggregation[Relevant_Credit_Exposure]"{ModifyModel[7243969c-ee05-445c-95b8-db0d3e649d49].Aggregation[7f856223-e7a0-4c5a-b569-a9e707f9135d]}].hierarchy["Aggregation"{7f856223-e7a0-4c5a-b569-a9e707f9135d}].dataSource.layout["expsr_vl_ima"{1d8b443a-8377-4135-9372-b16374ff4386}]</property>
						</object>
					</property>
				</object>
			</property>
		</object>
		<object type="Aggregation:mapping" version="7">
			<property name="field" valueType="object">
				<object type="Aggregation:localCalcFieldReference" version="7">
					<property name="value" valueType="url">Aggregation[this].calcFields["scrtstn_ind"{7149258b-caab-4edf-9ecb-54a7ac313de4}]</property>
				</object>
			</property>
			<property name="fieldMapping" valueType="table">
				<object type="Aggregation:fieldMapping" version="7">
					<property name="model" valueType="object">
						<object type="DataModel:reference" version="3">
							<property name="value" valueType="url">DataModel["ModifyModel[Relevant_Credit_Rate].Aggregation[Relevant_Credit_Exposure]"{ModifyModel[7243969c-ee05-445c-95b8-db0d3e649d49].Aggregation[7f856223-e7a0-4c5a-b569-a9e707f9135d]}]</property>
						</object>
					</property>
					<property name="expression" valueType="table">
						<object type="DataModel:fieldReference" version="3">
							<property name="value" valueType="url">DataModel["ModifyModel[Relevant_Credit_Rate].Aggregation[Relevant_Credit_Exposure]"{ModifyModel[7243969c-ee05-445c-95b8-db0d3e649d49].Aggregation[7f856223-e7a0-4c5a-b569-a9e707f9135d]}].hierarchy["Aggregation"{7f856223-e7a0-4c5a-b569-a9e707f9135d}].dataSource.layout["scrtstn_ind"{d6a51f06-b5bb-4bcd-b6c2-169f7b0494f5}]</property>
						</object>
					</property>
				</object>
			</property>
		</object>
		<object type="Aggregation:mapping" version="7">
			<property name="field" valueType="object">
				<object type="Aggregation:localCalcFieldReference" version="7">
					<property name="value" valueType="url">Aggregation[this].calcFields["expsr_typ"{58df50b4-f483-4b83-9096-e374ae3ac30a}]</property>
				</object>
			</property>
			<property name="fieldMapping" valueType="table">
				<object type="Aggregation:fieldMapping" version="7">
					<property name="model" valueType="object">
						<object type="DataModel:reference" version="3">
							<property name="value" valueType="url">DataModel["ModifyModel[Relevant_Credit_Rate].Aggregation[Relevant_Credit_Exposure]"{ModifyModel[7243969c-ee05-445c-95b8-db0d3e649d49].Aggregation[7f856223-e7a0-4c5a-b569-a9e707f9135d]}]</property>
						</object>
					</property>
					<property name="expression" valueType="table">
						<object type="DataModel:fieldReference" version="3">
							<property name="value" valueType="url">DataModel["ModifyModel[Relevant_Credit_Rate].Aggregation[Relevant_Credit_Exposure]"{ModifyModel[7243969c-ee05-445c-95b8-db0d3e649d49].Aggregation[7f856223-e7a0-4c5a-b569-a9e707f9135d]}].hierarchy["Aggregation"{7f856223-e7a0-4c5a-b569-a9e707f9135d}].dataSource.layout["expsr_typ"{d503c58b-d2e5-4a21-acb2-542efef977de}]</property>
						</object>
					</property>
				</object>
			</property>
		</object>
		<object type="Aggregation:mapping" version="7">
			<property name="field" valueType="object">
				<object type="Aggregation:localCalcFieldReference" version="7">
					<property name="value" valueType="url">Aggregation[this].calcFields["rlvnt_crdt_expsr"{7ef63d95-1ead-41dc-9365-41647f41ffc1}]</property>
				</object>
			</property>
			<property name="fieldMapping" valueType="table">
				<object type="Aggregation:fieldMapping" version="7">
					<property name="model" valueType="object">
						<object type="DataModel:reference" version="3">
							<property name="value" valueType="url">DataModel["ModifyModel[Relevant_Credit_Rate].Aggregation[Relevant_Credit_Exposure]"{ModifyModel[7243969c-ee05-445c-95b8-db0d3e649d49].Aggregation[7f856223-e7a0-4c5a-b569-a9e707f9135d]}]</property>
						</object>
					</property>
					<property name="expression" valueType="table">
						<object type="DataModel:fieldReference" version="3">
							<property name="value" valueType="url">DataModel["ModifyModel[Relevant_Credit_Rate].Aggregation[Relevant_Credit_Exposure]"{ModifyModel[7243969c-ee05-445c-95b8-db0d3e649d49].Aggregation[7f856223-e7a0-4c5a-b569-a9e707f9135d]}].hierarchy["Aggregation"{7f856223-e7a0-4c5a-b569-a9e707f9135d}].dataSource.layout["rlvnt_crdt_expsr"{2947b4c6-50e5-4d7c-ade7-daa77199e0e4}]</property>
						</object>
					</property>
				</object>
			</property>
		</object>
		<object type="Aggregation:mapping" version="7">
			<property name="field" valueType="object">
				<object type="Aggregation:localCalcFieldReference" version="7">
					<property name="value" valueType="url">Aggregation[this].calcFields["expsr_vl_scrtstn"{54e584f2-b379-4d0e-a023-7148074be26f}]</property>
				</object>
			</property>
			<property name="fieldMapping" valueType="table">
				<object type="Aggregation:fieldMapping" version="7">
					<property name="model" valueType="object">
						<object type="DataModel:reference" version="3">
							<property name="value" valueType="url">DataModel["ModifyModel[Relevant_Credit_Rate].Aggregation[Relevant_Credit_Exposure]"{ModifyModel[7243969c-ee05-445c-95b8-db0d3e649d49].Aggregation[7f856223-e7a0-4c5a-b569-a9e707f9135d]}]</property>
						</object>
					</property>
					<property name="expression" valueType="table">
						<object type="DataModel:fieldReference" version="3">
							<property name="value" valueType="url">DataModel["ModifyModel[Relevant_Credit_Rate].Aggregation[Relevant_Credit_Exposure]"{ModifyModel[7243969c-ee05-445c-95b8-db0d3e649d49].Aggregation[7f856223-e7a0-4c5a-b569-a9e707f9135d]}].hierarchy["Aggregation"{7f856223-e7a0-4c5a-b569-a9e707f9135d}].dataSource.layout["expsr_vl_scrtstn"{6d6691ad-a7f9-482d-81b0-e1f24597314d}]</property>
						</object>
					</property>
				</object>
			</property>
		</object>
	</property>
	<property name="storageType" value="CONTINUOUS_PARTITION" valueType="string"/>
	<property name="postTableCreationStatements" valueType="table"/>
	<property name="postAdjustmentTableCreationStatements" valueType="table"/>
	<property name="detailsAsKeys" value="true" valueType="boolean"/>
	<property name="dbSourceForResults" valueType="url">DBSource["POSTGRES"{7141b02a-a2bf-46bb-9ad0-fa1087f431e1}]</property>
	<property name="archivalProperties" valueType="object">
		<object type="ArchivalProperties" version="2">
			<property name="daily" value="false" valueType="boolean"/>
			<property name="weekly" value="false" valueType="boolean"/>
			<property name="monthly" value="false" valueType="boolean"/>
			<property name="quarterly" value="false" valueType="boolean"/>
			<property name="semiAnnually" value="false" valueType="boolean"/>
			<property name="annually" value="false" valueType="boolean"/>
			<property name="intraDay" value="false" valueType="boolean"/>
			<property name="userDefined" value="false" valueType="boolean"/>
		</object>
	</property>
	<property name="condition" valueType="tree">
		<objectNode type="Condition" version="3">
			<property name="isNegated" value="false" valueType="boolean"/>
			<property name="groupingOperator" value="AND" valueType="string"/>
		</objectNode>
	</property>
	<property name="doNotAggregate" value="false" valueType="boolean"/>
	<property name="fourEyesCheck" value="false" valueType="boolean"/>
	<property name="trackDrilldownInformation" value="true" valueType="boolean"/>
	<property name="trackAllInstancesMode" value="NONE" valueType="string"/>
	<property name="computeStatistics" value="FOR_ALL_COLUMNS" valueType="string"/>
	<property name="instanceRebuildRestriction" value="AlterFullRebuild" valueType="string"/>
	<property name="allowExternalDataPermissions" value="false" valueType="boolean"/>
</object>