<object stamp="52c0fe50-5e5f-410b-9918-855b0f1b6c48_1531931887396" type="ModifyModel" version="32">
	<property name="name" value="CRD4_Art_339_Matching_Between_Zones_MDPRR" valueType="string"/>
	<property name="description" value="Create to support DB independence" valueType="string"/>
	<property name="objectId" value="1c14bc96-a8da-413d-a30c-514d1f7b7595" valueType="string"/>
	<property name="branchId" value="2cc1364c-5419-49cd-8e5e-3b45ae5d27e6" valueType="string"/>
	<property name="comment" value="Technical object" valueType="string"/>
	<property name="model" valueType="url">DataModel["Aggregation[CRD4_Art_339_9_e_f_Matching_Between_Zones]"{Aggregation[748a10f7-3ca7-4c4e-b8b8-2ee38b4856a1]}]</property>
	<property name="modifications" valueType="tree">
		<objectNode type="ModifyModel:root" version="8">
			<property name="name" value="modificationsRoot" valueType="string"/>
			<property name="description" value="" valueType="string"/>
			<property name="id" value="modificationsRoot" valueType="string"/>
			<children>
				<objectNode type="ModifyModel:modification" version="20">
					<property name="name" value="Aggregation" valueType="string"/>
					<property name="description" value="" valueType="string"/>
					<property name="id" value="748a10f7-3ca7-4c4e-b8b8-2ee38b4856a1" valueType="string"/>
					<property name="existingNode" valueType="url">DataModel["Aggregation[CRD4_Art_339_9_e_f_Matching_Between_Zones]"{Aggregation[748a10f7-3ca7-4c4e-b8b8-2ee38b4856a1]}].hierarchy["Aggregation"{748a10f7-3ca7-4c4e-b8b8-2ee38b4856a1}]</property>
					<property name="mandatoryInJoin" value="false" valueType="boolean"/>
					<property name="additionalConstraint" valueType="table"/>
					<property name="additionalJoinExpression" valueType="table"/>
					<children>
						<objectNode type="ModifyModel:node" version="9">
							<property name="name" value="tbl2" valueType="string"/>
							<property name="description" value="CRD4_Art_340_7_Modified_Duration_Method_Charges" valueType="string"/>
							<property name="id" value="5fc3e91a-e615-46c6-b6f3-b89c5ef4bcc8" valueType="string"/>
							<property name="dataSource" valueType="url">DataSource["CRD4_Art_340_7_Modified_Duration_Method_Charges"{9d4d24ae-e617-4c64-b1d4-417426f89eb6}]</property>
							<property name="relationshipToParent" value="ONE_TO_ONE" valueType="string"/>
							<property name="mandatoryInJoin" value="false" valueType="boolean"/>
							<property name="additionalConstraint" valueType="table"/>
							<property name="additionalJoinExpression" valueType="table">
								<object type="ModifyModel:localFieldReference" version="3">
									<property name="value" valueType="url">ModifyModel[this].modifications["tbl2"{5fc3e91a-e615-46c6-b6f3-b89c5ef4bcc8}].dataSource.layout["offsetting_positions"{4d550845-6bc8-4dc3-99b4-4d02b12f3079}]</property>
								</object>
								<object type="SQLExpressionPart" version="2">
									<property name="value" value="='unmatched_position'" valueType="string"/>
								</object>
							</property>
							<property name="instanceSelectionRule" valueType="object">
								<object type="InstanceSelectionRule" version="3">
									<property name="instanceDateRule" valueType="object">
										<object type="InstanceSelectionRule:rule" version="3">
											<property name="type" value="LATEST" valueType="string"/>
										</object>
									</property>
									<property name="instanceKeyRules" valueType="table">
										<object type="InstanceSelectionRule:instanceKeyRule" version="3">
											<property name="type" value="EQUAL" valueType="string"/>
											<property name="instanceKeyName" value="v" valueType="string"/>
										</object>
										<object type="InstanceSelectionRule:instanceKeyRule" version="3">
											<property name="type" value="EQUAL" valueType="string"/>
											<property name="instanceKeyName" value="run_id" valueType="string"/>
										</object>
									</property>
								</object>
							</property>
							<property name="join" valueType="table"/>
						</objectNode>
						<objectNode type="ModifyModel:node" version="9">
							<property name="name" value="tbl3" valueType="string"/>
							<property name="description" value="CRD4_Art_340_7_Modified_Duration_Method_Charges" valueType="string"/>
							<property name="id" value="194fffd9-3afb-44f9-933c-12efe07fca2f" valueType="string"/>
							<property name="dataSource" valueType="url">DataSource["CRD4_Art_340_7_Modified_Duration_Method_Charges"{9d4d24ae-e617-4c64-b1d4-417426f89eb6}]</property>
							<property name="relationshipToParent" value="ONE_TO_ONE" valueType="string"/>
							<property name="mandatoryInJoin" value="false" valueType="boolean"/>
							<property name="additionalConstraint" valueType="table"/>
							<property name="additionalJoinExpression" valueType="table">
								<object type="ModifyModel:localFieldReference" version="3">
									<property name="value" valueType="url">ModifyModel[this].modifications["tbl3"{194fffd9-3afb-44f9-933c-12efe07fca2f}].dataSource.layout["offsetting_positions"{4d550845-6bc8-4dc3-99b4-4d02b12f3079}]</property>
								</object>
								<object type="SQLExpressionPart" version="2">
									<property name="value" value="='matched_between1_2'" valueType="string"/>
								</object>
							</property>
							<property name="instanceSelectionRule" valueType="object">
								<object type="InstanceSelectionRule" version="3">
									<property name="instanceDateRule" valueType="object">
										<object type="InstanceSelectionRule:rule" version="3">
											<property name="type" value="LATEST" valueType="string"/>
										</object>
									</property>
									<property name="instanceKeyRules" valueType="table">
										<object type="InstanceSelectionRule:instanceKeyRule" version="3">
											<property name="type" value="EQUAL" valueType="string"/>
											<property name="instanceKeyName" value="v" valueType="string"/>
										</object>
										<object type="InstanceSelectionRule:instanceKeyRule" version="3">
											<property name="type" value="EQUAL" valueType="string"/>
											<property name="instanceKeyName" value="run_id" valueType="string"/>
										</object>
									</property>
								</object>
							</property>
							<property name="join" valueType="table"/>
						</objectNode>
						<objectNode type="ModifyModel:node" version="9">
							<property name="name" value="tbl4" valueType="string"/>
							<property name="description" value="CRD4_Art_340_7_Modified_Duration_Method_Charges" valueType="string"/>
							<property name="id" value="00463b13-469a-4a04-b3f6-108306698c4d" valueType="string"/>
							<property name="dataSource" valueType="url">DataSource["CRD4_Art_340_7_Modified_Duration_Method_Charges"{9d4d24ae-e617-4c64-b1d4-417426f89eb6}]</property>
							<property name="relationshipToParent" value="ONE_TO_ONE" valueType="string"/>
							<property name="mandatoryInJoin" value="false" valueType="boolean"/>
							<property name="additionalConstraint" valueType="table"/>
							<property name="additionalJoinExpression" valueType="table">
								<object type="ModifyModel:localFieldReference" version="3">
									<property name="value" valueType="url">ModifyModel[this].modifications["tbl4"{00463b13-469a-4a04-b3f6-108306698c4d}].dataSource.layout["offsetting_positions"{4d550845-6bc8-4dc3-99b4-4d02b12f3079}]</property>
								</object>
								<object type="SQLExpressionPart" version="2">
									<property name="value" value="='matched_between2_3'" valueType="string"/>
								</object>
							</property>
							<property name="instanceSelectionRule" valueType="object">
								<object type="InstanceSelectionRule" version="3">
									<property name="instanceDateRule" valueType="object">
										<object type="InstanceSelectionRule:rule" version="3">
											<property name="type" value="LATEST" valueType="string"/>
										</object>
									</property>
									<property name="instanceKeyRules" valueType="table">
										<object type="InstanceSelectionRule:instanceKeyRule" version="3">
											<property name="type" value="EQUAL" valueType="string"/>
											<property name="instanceKeyName" value="v" valueType="string"/>
										</object>
										<object type="InstanceSelectionRule:instanceKeyRule" version="3">
											<property name="type" value="EQUAL" valueType="string"/>
											<property name="instanceKeyName" value="run_id" valueType="string"/>
										</object>
									</property>
								</object>
							</property>
							<property name="join" valueType="table"/>
						</objectNode>
						<objectNode type="ModifyModel:node" version="9">
							<property name="name" value="tbl5" valueType="string"/>
							<property name="description" value="CRD4_Art_340_7_Modified_Duration_Method_Charges" valueType="string"/>
							<property name="id" value="909c1d27-0956-4a2f-8d60-05bffd525fd5" valueType="string"/>
							<property name="dataSource" valueType="url">DataSource["CRD4_Art_340_7_Modified_Duration_Method_Charges"{9d4d24ae-e617-4c64-b1d4-417426f89eb6}]</property>
							<property name="relationshipToParent" value="ONE_TO_ONE" valueType="string"/>
							<property name="mandatoryInJoin" value="false" valueType="boolean"/>
							<property name="additionalConstraint" valueType="table"/>
							<property name="additionalJoinExpression" valueType="table">
								<object type="ModifyModel:localFieldReference" version="3">
									<property name="value" valueType="url">ModifyModel[this].modifications["tbl5"{909c1d27-0956-4a2f-8d60-05bffd525fd5}].dataSource.layout["offsetting_positions"{4d550845-6bc8-4dc3-99b4-4d02b12f3079}]</property>
								</object>
								<object type="SQLExpressionPart" version="2">
									<property name="value" value="='matched_between1_3'" valueType="string"/>
								</object>
							</property>
							<property name="instanceSelectionRule" valueType="object">
								<object type="InstanceSelectionRule" version="3">
									<property name="instanceDateRule" valueType="object">
										<object type="InstanceSelectionRule:rule" version="3">
											<property name="type" value="LATEST" valueType="string"/>
										</object>
									</property>
									<property name="instanceKeyRules" valueType="table">
										<object type="InstanceSelectionRule:instanceKeyRule" version="3">
											<property name="type" value="EQUAL" valueType="string"/>
											<property name="instanceKeyName" value="v" valueType="string"/>
										</object>
										<object type="InstanceSelectionRule:instanceKeyRule" version="3">
											<property name="type" value="EQUAL" valueType="string"/>
											<property name="instanceKeyName" value="run_id" valueType="string"/>
										</object>
									</property>
								</object>
							</property>
							<property name="join" valueType="table"/>
						</objectNode>
					</children>
				</objectNode>
			</children>
		</objectNode>
	</property>
	<property name="instanceKeys" valueType="table"/>
	<property name="streamKeys" valueType="table"/>
</object>