<object stamp="0cdfd7b8-5f4a-4b42-8217-28380685a71f_1531931903335" type="ModifyModel" version="32">
	<property name="name" value="CRD4_Art_339_Matched_Within_Zone_MDPRR" valueType="string"/>
	<property name="description" value="Create to support DB independence" valueType="string"/>
	<property name="objectId" value="bdf6493d-2784-4360-91d1-c30328e1aab4" valueType="string"/>
	<property name="branchId" value="2cc1364c-5419-49cd-8e5e-3b45ae5d27e6" valueType="string"/>
	<property name="comment" value="Technical object" valueType="string"/>
	<property name="model" valueType="url">DataModel["Aggregation[CRD4_Art_339_9_b_c_d_Matched_Within_Zone]"{Aggregation[d5ba5ca0-e069-4e9d-ba01-7b96c6b2b640]}]</property>
	<property name="modifications" valueType="tree">
		<objectNode type="ModifyModel:root" version="8">
			<property name="name" value="modificationsRoot" valueType="string"/>
			<property name="description" value="" valueType="string"/>
			<property name="id" value="modificationsRoot" valueType="string"/>
			<children>
				<objectNode type="ModifyModel:modification" version="20">
					<property name="name" value="Aggregation" valueType="string"/>
					<property name="description" value="" valueType="string"/>
					<property name="id" value="d5ba5ca0-e069-4e9d-ba01-7b96c6b2b640" valueType="string"/>
					<property name="existingNode" valueType="url">DataModel["Aggregation[CRD4_Art_339_9_b_c_d_Matched_Within_Zone]"{Aggregation[d5ba5ca0-e069-4e9d-ba01-7b96c6b2b640]}].hierarchy["Aggregation"{d5ba5ca0-e069-4e9d-ba01-7b96c6b2b640}]</property>
					<property name="mandatoryInJoin" value="false" valueType="boolean"/>
					<property name="additionalConstraint" valueType="table"/>
					<property name="additionalJoinExpression" valueType="table"/>
					<children>
						<objectNode type="ModifyModel:node" version="9">
							<property name="name" value="tbl1" valueType="string"/>
							<property name="description" value="CRD4_Art_340_7_Modified_Duration_Method_Charges" valueType="string"/>
							<property name="id" value="310908e4-1f4b-4d58-a493-8e1dc2e0c7b4" valueType="string"/>
							<property name="dataSource" valueType="url">DataSource["CRD4_Art_340_7_Modified_Duration_Method_Charges"{9d4d24ae-e617-4c64-b1d4-417426f89eb6}]</property>
							<property name="relationshipToParent" value="ONE_TO_ONE" valueType="string"/>
							<property name="mandatoryInJoin" value="false" valueType="boolean"/>
							<property name="additionalConstraint" valueType="table"/>
							<property name="additionalJoinExpression" valueType="table">
								<object type="ModifyModel:localFieldReference" version="3">
									<property name="value" valueType="url">ModifyModel[this].modifications["tbl1"{310908e4-1f4b-4d58-a493-8e1dc2e0c7b4}].dataSource.layout["offsetting_positions"{4d550845-6bc8-4dc3-99b4-4d02b12f3079}]</property>
								</object>
								<object type="SQLExpressionPart" version="2">
									<property name="value" value="='intra_zone'" valueType="string"/>
								</object>
							</property>
							<property name="instanceSelectionRule" valueType="object">
								<object type="InstanceSelectionRule" version="3">
									<property name="instanceDateRule" valueType="object">
										<object type="InstanceSelectionRule:rule" version="3">
											<property name="type" value="LATEST" valueType="string"/>
										</object>
									</property>
									<property name="instanceKeyRules" valueType="table">
										<object type="InstanceSelectionRule:instanceKeyRule" version="3">
											<property name="type" value="EQUAL" valueType="string"/>
											<property name="instanceKeyName" value="v" valueType="string"/>
										</object>
										<object type="InstanceSelectionRule:instanceKeyRule" version="3">
											<property name="type" value="EQUAL" valueType="string"/>
											<property name="instanceKeyName" value="run_id" valueType="string"/>
										</object>
									</property>
								</object>
							</property>
							<property name="join" valueType="table"/>
						</objectNode>
					</children>
				</objectNode>
			</children>
		</objectNode>
	</property>
	<property name="instanceKeys" valueType="table"/>
	<property name="streamKeys" valueType="table"/>
</object>