<object stamp="b99b93f0-5a83-4b1b-8f46-c680e1c8e155_1740152341887" type="Shorthand" version="6">
	<property name="name" value="CVA_Exclusion_Check_Derivatives" valueType="string"/>
	<property name="description" value="" valueType="string"/>
	<property name="objectId" value="9d9ec17f-7312-4047-8a5f-c9e98993b6e3" valueType="string"/>
	<property name="branchId" value="fb18ae3e-901e-4791-a902-9192a922978e" valueType="string"/>
	<property name="models" valueType="table">
		<object type="DataModel:reference" version="3">
			<property name="value" valueType="url">DataModel["credit_risk:Portfolio[CRR_Charges].ModifyModel[All_Final_Exposures].Aggregation[All_Exposures]"{201f0479-2022-4d17-9c7a-5114303566bc:Portfolio[cf3c3115-8dec-4249-b26b-a832c0281bb1].ModifyModel[7fa66d3c-b55d-43a3-baea-83aebc8f9c8d].Aggregation[a9df4494-ad69-48db-b105-ae290599cd0c]}]</property>
		</object>
		<object type="DataModel:reference" version="3">
			<property name="value" valueType="url">DataModel["credit_risk:ModifyModel[EU_SACCR_Trade_EAD].Aggregation[EU_SACCR_Trade_EAD]"{201f0479-2022-4d17-9c7a-5114303566bc:ModifyModel[0feb77df-0f0f-4291-b919-5eecd60bb321].Aggregation[e1d6a661-f303-4337-a465-9e58f88b4b8c]}]</property>
		</object>
		<object type="DataModel:reference" version="3">
			<property name="value" valueType="url">DataModel["credit_risk:ModifyModel[BA_CVA_IMM_FCCM_Final].Aggregation[BA_CVA_IMM_Own_Funds_Final]"{201f0479-2022-4d17-9c7a-5114303566bc:ModifyModel[10b9912c-2aeb-4113-994e-9ae63f6868bb].Aggregation[7a3a1f48-ee3e-48f4-875a-cabf97d1c0b7]}]</property>
		</object>
	</property>
	<property name="condition" valueType="tree">
		<objectNode type="Condition" version="3">
			<property name="isNegated" value="false" valueType="boolean"/>
			<property name="groupingOperator" value="AND" valueType="string"/>
		</objectNode>
	</property>
	<property name="modelConditionOverrides" valueType="table">
		<object type="Shorthand:modelCondition" version="2">
			<property name="name" value="positions" valueType="string"/>
			<property name="models" valueType="table">
				<object type="DataModel:reference" version="3">
					<property name="value" valueType="url">DataModel["credit_risk:Portfolio[CRR_Charges].ModifyModel[All_Final_Exposures].Aggregation[All_Exposures]"{201f0479-2022-4d17-9c7a-5114303566bc:Portfolio[cf3c3115-8dec-4249-b26b-a832c0281bb1].ModifyModel[7fa66d3c-b55d-43a3-baea-83aebc8f9c8d].Aggregation[a9df4494-ad69-48db-b105-ae290599cd0c]}]</property>
				</object>
			</property>
			<property name="condition" valueType="tree">
				<objectNode type="Condition" version="3">
					<property name="isNegated" value="false" valueType="boolean"/>
					<property name="groupingOperator" value="OR" valueType="string"/>
					<children>
						<objectNode type="Condition:singularConcrete" version="3">
							<property name="field" valueType="object">
								<object type="DataModel:fieldMap" version="3">
									<property name="map" valueType="table">
										<object type="DataModel:fieldReference" version="3">
											<property name="value" valueType="url">DataModel["credit_risk:Portfolio[CRR_Charges].ModifyModel[All_Final_Exposures].Aggregation[All_Exposures]"{201f0479-2022-4d17-9c7a-5114303566bc:Portfolio[cf3c3115-8dec-4249-b26b-a832c0281bb1].ModifyModel[7fa66d3c-b55d-43a3-baea-83aebc8f9c8d].Aggregation[a9df4494-ad69-48db-b105-ae290599cd0c]}].hierarchy["inputs"{42334bdc-9f18-417e-8fe9-c6e5d3a8f32e}].dataSource.layout["enm_pstn_clss"{bf77b822-77e2-4a43-8025-b0c0cc8a79bc}]</property>
										</object>
									</property>
								</object>
							</property>
							<property name="operation" value="=" valueType="string"/>
							<property name="value" value="DERIVATIVE" valueType="string"/>
						</objectNode>
						<objectNode type="Condition:singularConcrete" version="3">
							<property name="field" valueType="object">
								<object type="DataModel:fieldMap" version="3">
									<property name="map" valueType="table">
										<object type="DataModel:fieldReference" version="3">
											<property name="value" valueType="url">DataModel["credit_risk:Portfolio[CRR_Charges].ModifyModel[All_Final_Exposures].Aggregation[All_Exposures]"{201f0479-2022-4d17-9c7a-5114303566bc:Portfolio[cf3c3115-8dec-4249-b26b-a832c0281bb1].ModifyModel[7fa66d3c-b55d-43a3-baea-83aebc8f9c8d].Aggregation[a9df4494-ad69-48db-b105-ae290599cd0c]}].hierarchy["inputs"{42334bdc-9f18-417e-8fe9-c6e5d3a8f32e}].dataSource.layout["enm_pstn_clss"{bf77b822-77e2-4a43-8025-b0c0cc8a79bc}]</property>
										</object>
									</property>
								</object>
							</property>
							<property name="operation" value="=" valueType="string"/>
							<property name="value" value="CRM" valueType="string"/>
						</objectNode>
					</children>
				</objectNode>
			</property>
		</object>
		<object type="Shorthand:modelCondition" version="2">
			<property name="name" value="saccr_split_netting_sets" valueType="string"/>
			<property name="models" valueType="table">
				<object type="DataModel:reference" version="3">
					<property name="value" valueType="url">DataModel["credit_risk:ModifyModel[EU_SACCR_Trade_EAD].Aggregation[EU_SACCR_Trade_EAD]"{201f0479-2022-4d17-9c7a-5114303566bc:ModifyModel[0feb77df-0f0f-4291-b919-5eecd60bb321].Aggregation[e1d6a661-f303-4337-a465-9e58f88b4b8c]}]</property>
				</object>
			</property>
			<property name="condition" valueType="tree">
				<objectNode type="Condition" version="3">
					<property name="isNegated" value="false" valueType="boolean"/>
					<property name="groupingOperator" value="OR" valueType="string"/>
					<children>
						<objectNode type="Condition:singularConcrete" version="3">
							<property name="field" valueType="object">
								<object type="DataModel:fieldMap" version="3">
									<property name="map" valueType="table">
										<object type="DataModel:fieldReference" version="3">
											<property name="value" valueType="url">DataModel["credit_risk:ModifyModel[EU_SACCR_Trade_EAD].Aggregation[EU_SACCR_Trade_EAD]"{201f0479-2022-4d17-9c7a-5114303566bc:ModifyModel[0feb77df-0f0f-4291-b919-5eecd60bb321].Aggregation[e1d6a661-f303-4337-a465-9e58f88b4b8c]}].hierarchy["saccr_inputs"{9ef20ade-5611-48ce-8264-ba48a300ed24}].dataSource.layout["enm_pstn_clss"{07ba5309-2543-4d00-98b0-80caf228f588}]</property>
										</object>
									</property>
								</object>
							</property>
							<property name="operation" value="=" valueType="string"/>
							<property name="value" value="DERIVATIVE" valueType="string"/>
						</objectNode>
						<objectNode type="Condition:singularConcrete" version="3">
							<property name="field" valueType="object">
								<object type="DataModel:fieldMap" version="3">
									<property name="map" valueType="table">
										<object type="DataModel:fieldReference" version="3">
											<property name="value" valueType="url">DataModel["credit_risk:ModifyModel[EU_SACCR_Trade_EAD].Aggregation[EU_SACCR_Trade_EAD]"{201f0479-2022-4d17-9c7a-5114303566bc:ModifyModel[0feb77df-0f0f-4291-b919-5eecd60bb321].Aggregation[e1d6a661-f303-4337-a465-9e58f88b4b8c]}].hierarchy["saccr_inputs"{9ef20ade-5611-48ce-8264-ba48a300ed24}].dataSource.layout["enm_pstn_clss"{07ba5309-2543-4d00-98b0-80caf228f588}]</property>
										</object>
									</property>
								</object>
							</property>
							<property name="operation" value="=" valueType="string"/>
							<property name="value" value="CRM" valueType="string"/>
						</objectNode>
					</children>
				</objectNode>
			</property>
		</object>
	</property>
</object>