<object stamp="96072ec4-e92a-4a8b-8a3d-3277ca42149e_1721404672929" type="ModifyModel" version="32">
	<property name="name" value="LR_Derivatives" valueType="string"/>
	<property name="description" value="" valueType="string"/>
	<property name="objectId" value="a3cb48c6-7f9a-4942-a817-76e2194795ad" valueType="string"/>
	<property name="branchId" value="e3635d7b-d3db-48bb-b273-e5be29c16ba9" valueType="string"/>
	<property name="model" valueType="url">DataModel["Aggregation[LR_Derivatives]"{Aggregation[ddf553fd-2723-4850-8cf7-202a02ef1737]}]</property>
	<property name="modifications" valueType="tree">
		<objectNode type="ModifyModel:root" version="8">
			<property name="name" value="modificationsRoot" valueType="string"/>
			<property name="description" value="" valueType="string"/>
			<property name="id" value="modificationsRoot" valueType="string"/>
			<children>
				<objectNode type="ModifyModel:modification" version="20">
					<property name="name" value="Aggregation" valueType="string"/>
					<property name="description" value="" valueType="string"/>
					<property name="id" value="ddf553fd-2723-4850-8cf7-202a02ef1737" valueType="string"/>
					<property name="existingNode" valueType="url">DataModel["Aggregation[LR_Derivatives]"{Aggregation[ddf553fd-2723-4850-8cf7-202a02ef1737]}].hierarchy["Aggregation"{ddf553fd-2723-4850-8cf7-202a02ef1737}]</property>
					<property name="mandatoryInJoin" value="false" valueType="boolean"/>
					<property name="additionalConstraint" valueType="table"/>
					<property name="additionalJoinExpression" valueType="table"/>
					<children>
						<objectNode type="ModifyModel:node" version="9">
							<property name="name" value="cds_netting" valueType="string"/>
							<property name="description" value="" valueType="string"/>
							<property name="id" value="e5c06a54-767a-41c1-acd1-a1b91634ecb2" valueType="string"/>
							<property name="dataSource" valueType="url">DataSource["Netting-result[LR_Credit_Derivatives_Netting].Aggregation[LR_Credit_Derivatives_Netting_Input]"{Netting-result[7fffde22-d99c-45de-9e6b-9c76a9fc809c].Aggregation[c52d85f2-1519-4e58-b012-c04c8a3e50d6]}]</property>
							<property name="relationshipToParent" value="ONE_OR_ZERO_TO_ONE" valueType="string"/>
							<property name="mandatoryInJoin" value="false" valueType="boolean"/>
							<property name="additionalConstraint" valueType="table"/>
							<property name="additionalJoinExpression" valueType="table"/>
							<property name="instanceSelectionRule" valueType="object">
								<object type="InstanceSelectionRule" version="3">
									<property name="instanceDateRule" valueType="object">
										<object type="InstanceSelectionRule:rule" version="3">
											<property name="type" value="EQUAL" valueType="string"/>
										</object>
									</property>
									<property name="instanceKeyRules" valueType="table">
										<object type="InstanceSelectionRule:instanceKeyRule" version="3">
											<property name="type" value="EQUAL" valueType="string"/>
											<property name="instanceKeyName" value="v" valueType="string"/>
										</object>
										<object type="InstanceSelectionRule:instanceKeyRule" version="3">
											<property name="type" value="EQUAL" valueType="string"/>
											<property name="instanceKeyName" value="run_id" valueType="string"/>
										</object>
										<object type="InstanceSelectionRule:instanceKeyRule" version="3">
											<property name="type" value="EQUAL" valueType="string"/>
											<property name="instanceKeyName" value="scenarioKey" valueType="string"/>
										</object>
										<object type="InstanceSelectionRule:instanceKeyRule" version="3">
											<property name="type" value="EQUAL" valueType="string"/>
											<property name="instanceKeyName" value="run_type" valueType="string"/>
										</object>
									</property>
								</object>
							</property>
							<property name="join" valueType="table">
								<object type="DataModel:node:join" version="3">
									<property name="sourceField" valueType="url">DataSource["Netting-result[LR_Credit_Derivatives_Netting].Aggregation[LR_Credit_Derivatives_Netting_Input]"{Netting-result[7fffde22-d99c-45de-9e6b-9c76a9fc809c].Aggregation[c52d85f2-1519-4e58-b012-c04c8a3e50d6]}].layout["entity"{02be2610-239f-4a87-9bcc-21f268366300}]</property>
									<property name="parentField" valueType="url">DataSource["Aggregation[LR_Derivatives]"{Aggregation[ddf553fd-2723-4850-8cf7-202a02ef1737]}].layout["entity"{adcb6fc8-c251-438f-9ec4-16a7f23ac0a6}]</property>
								</object>
								<object type="DataModel:node:join" version="3">
									<property name="sourceField" valueType="url">DataSource["Netting-result[LR_Credit_Derivatives_Netting].Aggregation[LR_Credit_Derivatives_Netting_Input]"{Netting-result[7fffde22-d99c-45de-9e6b-9c76a9fc809c].Aggregation[c52d85f2-1519-4e58-b012-c04c8a3e50d6]}].layout["id_unique"{95fc264e-cc0b-4085-aafa-f4d2ebebd97a}]</property>
									<property name="parentField" valueType="url">DataSource["Aggregation[LR_Derivatives]"{Aggregation[ddf553fd-2723-4850-8cf7-202a02ef1737]}].layout["id_unique"{29fe0b26-bb1c-4891-8527-e3c84a6022d8}]</property>
								</object>
							</property>
						</objectNode>
					</children>
				</objectNode>
			</children>
		</objectNode>
	</property>
	<property name="instanceKeys" valueType="table"/>
	<property name="streamKeys" valueType="table"/>
</object>