<object stamp="2bec7c8f-75ee-463a-bcd0-a9bc5fa94f96_1719442794424" type="Portfolio" version="12">
	<property name="name" value="CIU_Basic_Method" valueType="string"/>
	<property name="description" value="CIU_Basic_Method" valueType="string"/>
	<property name="objectId" value="90c7d2c2-7c0b-43e5-a333-b0a0d67ecfe5" valueType="string"/>
	<property name="branchId" value="f373907f-fa0a-40d6-b143-ab4efdb3216b" valueType="string"/>
	<property name="comment" value="Own funds requirement for CIU positions are calcuated in this object in the field &quot;ciu_prr_value&quot; as per Article 348" valueType="string"/>
	<property name="models" valueType="table">
		<object type="ModelBasedTask:modelEntry" version="3">
			<property name="dataModel" valueType="url">DataModel["Aggregation[CIU_Net_Position_in_each_CIU]"{Aggregation[a9fbde18-382b-4846-99b4-e8c8509b1abf]}]</property>
			<property name="instanceSelectionRule" valueType="object">
				<object type="InstanceSelectionRule" version="3">
					<property name="instanceDateRule" valueType="object">
						<object type="InstanceSelectionRule:rule" version="3">
							<property name="type" value="EQUAL" valueType="string"/>
						</object>
					</property>
					<property name="instanceKeyRules" valueType="table"/>
				</object>
			</property>
		</object>
	</property>
	<property name="requiresAllModels" value="true" valueType="boolean"/>
	<property name="parameters" valueType="table"/>
	<property name="detailSet" valueType="url"/>
	<property name="dbSourceForResults" valueType="url">DBSource["POSTGRES"{7141b02a-a2bf-46bb-9ad0-fa1087f431e1}]</property>
	<property name="storageType" value="CONTINUOUS_PARTITION" valueType="string"/>
	<property name="additionalIndices" valueType="table"/>
	<property name="createIndexesOnStreamColumns" value="false" valueType="boolean"/>
	<property name="archivalProperties" valueType="object">
		<object type="ArchivalProperties" version="2">
			<property name="daily" value="false" valueType="boolean"/>
			<property name="weekly" value="false" valueType="boolean"/>
			<property name="monthly" value="false" valueType="boolean"/>
			<property name="quarterly" value="false" valueType="boolean"/>
			<property name="semiAnnually" value="false" valueType="boolean"/>
			<property name="annually" value="false" valueType="boolean"/>
			<property name="intraDay" value="false" valueType="boolean"/>
			<property name="userDefined" value="false" valueType="boolean"/>
		</object>
	</property>
	<property name="portfolioResultAlias" value="" valueType="string"/>
	<property name="fourEyesCheck" value="false" valueType="boolean"/>
	<property name="producingIsRoot" value="false" valueType="boolean"/>
	<property name="sequence" valueType="table"/>
	<property name="ignoreErrorsInAggregatedConditoinPlacement" value="false" valueType="boolean"/>
	<property name="makeAsOfDateColumnNullable" value="false" valueType="boolean"/>
	<property name="computeStatistics" value="FOR_ALL_COLUMNS" valueType="string"/>
	<property name="allowMultipleNodesPerRecord" value="false" valueType="boolean"/>
	<property name="executionAlgorithm" value="optimized_for_no_aggregations_and_simple_actions" valueType="string"/>
	<property name="levels" valueType="table"/>
	<property name="additionalFields" valueType="table">
		<object type="Portfolio:additionalField" version="7">
			<property name="name" value="ciu_prr_vl" valueType="string"/>
			<property name="description" value="" valueType="string"/>
			<property name="id" value="9fa95458-474f-43cc-b4b8-32386de5534d" valueType="string"/>
			<property name="title" value="CIU PRR Value" valueType="string"/>
			<property name="type" value="FLOAT" valueType="string"/>
			<property name="allowNulls" value="false" valueType="boolean"/>
			<property name="allowNullsFixed" value="true" valueType="boolean"/>
			<property name="defaultValue" value="0.0" valueType="string"/>
			<property name="showTotal" value="false" valueType="boolean"/>
			<property name="lookupSource" valueType="url"/>
		</object>
		<object type="Portfolio:additionalField" version="7">
			<property name="name" value="id_trc_mthd" valueType="string"/>
			<property name="description" value="" valueType="string"/>
			<property name="id" value="43390d15-d7cb-4527-a376-214bca811094" valueType="string"/>
			<property name="title" value="Tracer Key" valueType="string"/>
			<property name="type" value="VARCHAR" valueType="string"/>
			<property name="size" value="500" valueType="integer"/>
			<property name="allowNulls" value="false" valueType="boolean"/>
			<property name="allowNullsFixed" value="false" valueType="boolean"/>
			<property name="defaultValue" value="''" valueType="string"/>
			<property name="lookupSource" valueType="url"/>
		</object>
		<object type="Portfolio:additionalField" version="7">
			<property name="name" value="mr_scalar" valueType="string"/>
			<property name="description" value="" valueType="string"/>
			<property name="id" value="aa1aaf07-9187-4c81-9f04-08e06a51011d" valueType="string"/>
			<property name="title" value="MR Scalar" valueType="string"/>
			<property name="type" value="FLOAT" valueType="string"/>
			<property name="allowNulls" value="false" valueType="boolean"/>
			<property name="allowNullsFixed" value="true" valueType="boolean"/>
			<property name="defaultValue" value="0.0" valueType="string"/>
			<property name="showTotal" value="false" valueType="boolean"/>
			<property name="lookupSource" valueType="url"/>
		</object>
		<object type="Portfolio:additionalField" version="7">
			<property name="name" value="own_fnds_rqrmnt_aftr_sclr" valueType="string"/>
			<property name="description" value="" valueType="string"/>
			<property name="id" value="2efe69c0-3a57-4a9d-83f1-84821613c9e7" valueType="string"/>
			<property name="title" value="Own Funds Requirement After Scalar" valueType="string"/>
			<property name="type" value="FLOAT" valueType="string"/>
			<property name="allowNulls" value="false" valueType="boolean"/>
			<property name="allowNullsFixed" value="true" valueType="boolean"/>
			<property name="defaultValue" value="0.0" valueType="string"/>
			<property name="showTotal" value="false" valueType="boolean"/>
			<property name="lookupSource" valueType="url"/>
		</object>
		<object type="Portfolio:additionalField" version="7">
			<property name="name" value="enm_rsk_typ" valueType="string"/>
			<property name="description" value="" valueType="string"/>
			<property name="id" value="5b2e9ece-1f1f-4f6d-9f74-55d0275fd1e5" valueType="string"/>
			<property name="title" value="Risk Type" valueType="string"/>
			<property name="type" value="VARCHAR" valueType="string"/>
			<property name="size" value="100" valueType="integer"/>
			<property name="allowNulls" value="false" valueType="boolean"/>
			<property name="allowNullsFixed" value="true" valueType="boolean"/>
			<property name="defaultValue" value="''" valueType="string"/>
			<property name="lookupSource" valueType="url"/>
		</object>
		<object type="Portfolio:additionalField" version="7">
			<property name="name" value="enm_mr_ssa_rslt_typ" valueType="string"/>
			<property name="description" value="" valueType="string"/>
			<property name="id" value="52ba1ddd-d7e1-4574-a168-2f2fa18c3274" valueType="string"/>
			<property name="title" value="MR SSA Result Type" valueType="string"/>
			<property name="type" value="VARCHAR" valueType="string"/>
			<property name="size" value="100" valueType="integer"/>
			<property name="allowNulls" value="false" valueType="boolean"/>
			<property name="allowNullsFixed" value="true" valueType="boolean"/>
			<property name="defaultValue" value="''" valueType="string"/>
			<property name="lookupSource" valueType="url"/>
		</object>
	</property>
	<property name="hierarchy" valueType="tree">
		<objectNode type="Portfolio:rootnode" version="7">
			<property name="condition" valueType="tree">
				<objectNode type="Condition" version="3">
					<property name="isNegated" value="false" valueType="boolean"/>
					<property name="groupingOperator" value="AND" valueType="string"/>
					<children>
						<objectNode type="Condition:singularConcrete" version="3">
							<property name="field" valueType="object">
								<object type="DataModel:fieldMap" version="3">
									<property name="map" valueType="table">
										<object type="DataModel:fieldReference" version="3">
											<property name="value" valueType="url">DataModel["Aggregation[CIU_Net_Position_in_each_CIU]"{Aggregation[a9fbde18-382b-4846-99b4-e8c8509b1abf]}].hierarchy["Aggregation"{a9fbde18-382b-4846-99b4-e8c8509b1abf}].dataSource.layout["ciu_calc_mthd"{1d362857-7c72-404c-8fc2-5a8bfe4e6fed}]</property>
										</object>
									</property>
								</object>
							</property>
							<property name="operation" value="=" valueType="string"/>
							<property name="value" value="BASIC" valueType="string"/>
						</objectNode>
					</children>
				</objectNode>
			</property>
			<property name="expandedConditions" valueType="object">
				<object type="Portfolio:expandedConditions" version="1">
					<property name="dataModel" valueType="url">DataModel["Aggregation[CIU_Net_Position_in_each_CIU]"{Aggregation[a9fbde18-382b-4846-99b4-e8c8509b1abf]}]</property>
					<property name="includeInherited" value="false" valueType="boolean"/>
				</object>
			</property>
			<property name="actions" valueType="table">
				<object type="Portfolio:node:actionUpdatePortfolioSource" version="5">
					<property name="actionType" value="SET" valueType="string"/>
					<property name="destinationField" valueType="url">Portfolio[this].additionalFields["ciu_prr_vl"{9fa95458-474f-43cc-b4b8-32386de5534d}]</property>
					<property name="sourceExpression" valueType="table">
						<object type="SQLExpressionPart" version="2">
							<property name="value" value="ABS(" valueType="string"/>
						</object>
						<object type="DataModel:fieldMap" version="3">
							<property name="map" valueType="table">
								<object type="DataModel:fieldReference" version="3">
									<property name="value" valueType="url">DataModel["Aggregation[CIU_Net_Position_in_each_CIU]"{Aggregation[a9fbde18-382b-4846-99b4-e8c8509b1abf]}].hierarchy["Aggregation"{a9fbde18-382b-4846-99b4-e8c8509b1abf}].dataSource.layout["net_mrkt_vl"{d2ee35a3-dddc-4a40-986e-b9471bfbeba6}]</property>
								</object>
							</property>
						</object>
						<object type="SQLExpressionPart" version="2">
							<property name="value" value=")*(" valueType="string"/>
						</object>
						<object type="DataModel:fieldMap" version="3">
							<property name="map" valueType="table">
								<object type="DataModel:fieldReference" version="3">
									<property name="value" valueType="url">DataModel["Aggregation[CIU_Net_Position_in_each_CIU]"{Aggregation[a9fbde18-382b-4846-99b4-e8c8509b1abf]}].hierarchy["Aggregation"{a9fbde18-382b-4846-99b4-e8c8509b1abf}].dataSource.layout["apprprt_pra"{f1ee3f82-fb18-4dab-bae4-8432e74ea602}]</property>
								</object>
							</property>
						</object>
						<object type="SQLExpressionPart" version="2">
							<property name="value" value="/100)" valueType="string"/>
						</object>
					</property>
					<property name="actionCondition" valueType="table"/>
				</object>
				<object type="Portfolio:node:actionUpdatePortfolioSource" version="5">
					<property name="actionType" value="SET" valueType="string"/>
					<property name="destinationField" valueType="url">Portfolio[this].additionalFields["id_trc_mthd"{43390d15-d7cb-4527-a376-214bca811094}]</property>
					<property name="sourceExpression" valueType="table">
						<object type="DataModel:fieldMap" version="3">
							<property name="map" valueType="table">
								<object type="DataModel:fieldReference" version="3">
									<property name="value" valueType="url">DataModel["Aggregation[CIU_Net_Position_in_each_CIU]"{Aggregation[a9fbde18-382b-4846-99b4-e8c8509b1abf]}].hierarchy["Aggregation"{a9fbde18-382b-4846-99b4-e8c8509b1abf}].dataSource.layout["entity"{2f96c00d-5635-4dc5-a047-1836206baf6a}]</property>
								</object>
							</property>
						</object>
						<object type="SQLExpressionPart" version="2">
							<property name="value" value=" " valueType="string"/>
						</object>
						<object type="SQLConstant" version="2">
							<property name="name" value="CONCAT_STR" valueType="string"/>
						</object>
						<object type="SQLExpressionPart" version="2">
							<property name="value" value=" '_' " valueType="string"/>
						</object>
						<object type="SQLConstant" version="2">
							<property name="name" value="CONCAT_STR" valueType="string"/>
						</object>
						<object type="SQLExpressionPart" version="2">
							<property name="value" value="  " valueType="string"/>
						</object>
						<object type="DataModel:fieldMap" version="3">
							<property name="map" valueType="table">
								<object type="DataModel:fieldReference" version="3">
									<property name="value" valueType="url">DataModel["Aggregation[CIU_Net_Position_in_each_CIU]"{Aggregation[a9fbde18-382b-4846-99b4-e8c8509b1abf]}].hierarchy["Aggregation"{a9fbde18-382b-4846-99b4-e8c8509b1abf}].dataSource.layout["legal_entity"{11558e41-b758-4dff-bfe0-005df197e405}]</property>
								</object>
							</property>
						</object>
						<object type="SQLExpressionPart" version="2">
							<property name="value" value=" " valueType="string"/>
						</object>
						<object type="SQLConstant" version="2">
							<property name="name" value="CONCAT_STR" valueType="string"/>
						</object>
						<object type="SQLExpressionPart" version="2">
							<property name="value" value=" '_' " valueType="string"/>
						</object>
						<object type="SQLConstant" version="2">
							<property name="name" value="CONCAT_STR" valueType="string"/>
						</object>
						<object type="SQLExpressionPart" version="2">
							<property name="value" value=" " valueType="string"/>
						</object>
						<object type="DataModel:fieldMap" version="3">
							<property name="map" valueType="table">
								<object type="DataModel:fieldReference" version="3">
									<property name="value" valueType="url">DataModel["Aggregation[CIU_Net_Position_in_each_CIU]"{Aggregation[a9fbde18-382b-4846-99b4-e8c8509b1abf]}].hierarchy["Aggregation"{a9fbde18-382b-4846-99b4-e8c8509b1abf}].dataSource.layout["id_scrty"{f4222e2c-61f2-4fb8-8de8-e133ee116e85}]</property>
								</object>
							</property>
						</object>
						<object type="SQLExpressionPart" version="2">
							<property name="value" value=" " valueType="string"/>
						</object>
						<object type="SQLConstant" version="2">
							<property name="name" value="CONCAT_STR" valueType="string"/>
						</object>
						<object type="SQLExpressionPart" version="2">
							<property name="value" value=" '_' " valueType="string"/>
						</object>
						<object type="SQLConstant" version="2">
							<property name="name" value="CONCAT_STR" valueType="string"/>
						</object>
						<object type="SQLExpressionPart" version="2">
							<property name="value" value=" " valueType="string"/>
						</object>
						<object type="DataModel:fieldMap" version="3">
							<property name="map" valueType="table">
								<object type="DataModel:fieldReference" version="3">
									<property name="value" valueType="url">DataModel["Aggregation[CIU_Net_Position_in_each_CIU]"{Aggregation[a9fbde18-382b-4846-99b4-e8c8509b1abf]}].hierarchy["Aggregation"{a9fbde18-382b-4846-99b4-e8c8509b1abf}].dataSource.layout["ciu_calc_mthd"{1d362857-7c72-404c-8fc2-5a8bfe4e6fed}]</property>
								</object>
							</property>
						</object>
					</property>
					<property name="actionCondition" valueType="table"/>
				</object>
				<object type="Portfolio:node:actionUpdatePortfolioSource" version="5">
					<property name="actionType" value="SET" valueType="string"/>
					<property name="destinationField" valueType="url">Portfolio[this].additionalFields["mr_scalar"{aa1aaf07-9187-4c81-9f04-08e06a51011d}]</property>
					<property name="sourceExpression" valueType="table">
						<object type="SQLExpressionPart" version="2">
							<property name="value" value="CASE WHEN " valueType="string"/>
						</object>
						<object type="DataModel:fieldMap" version="3">
							<property name="map" valueType="table">
								<object type="DataModel:fieldReference" version="3">
									<property name="value" valueType="url">DataModel["Aggregation[CIU_Net_Position_in_each_CIU]"{Aggregation[a9fbde18-382b-4846-99b4-e8c8509b1abf]}].hierarchy["Aggregation"{a9fbde18-382b-4846-99b4-e8c8509b1abf}].dataSource.layout["entity_cntry_gb_eu"{c71d716b-0436-4ee0-a572-240ee0fa9dbb}]</property>
								</object>
							</property>
						</object>
						<object type="SQLExpressionPart" version="2">
							<property name="value" value=" = 'GB' THEN 3.5 ELSE 1 END" valueType="string"/>
						</object>
					</property>
					<property name="actionCondition" valueType="table"/>
				</object>
				<object type="Portfolio:node:actionUpdatePortfolioSource" version="5">
					<property name="actionType" value="SET" valueType="string"/>
					<property name="destinationField" valueType="url">Portfolio[this].additionalFields["own_fnds_rqrmnt_aftr_sclr"{2efe69c0-3a57-4a9d-83f1-84821613c9e7}]</property>
					<property name="sourceExpression" valueType="table">
						<object type="SQLExpressionPart" version="2">
							<property name="value" value="CASE WHEN " valueType="string"/>
						</object>
						<object type="DataModel:fieldMap" version="3">
							<property name="map" valueType="table">
								<object type="DataModel:fieldReference" version="3">
									<property name="value" valueType="url">DataModel["Aggregation[CIU_Net_Position_in_each_CIU]"{Aggregation[a9fbde18-382b-4846-99b4-e8c8509b1abf]}].hierarchy["Aggregation"{a9fbde18-382b-4846-99b4-e8c8509b1abf}].dataSource.layout["entity_cntry_gb_eu"{c71d716b-0436-4ee0-a572-240ee0fa9dbb}]</property>
								</object>
							</property>
						</object>
						<object type="SQLExpressionPart" version="2">
							<property name="value" value=" = 'GB' THEN 3.5 * ABS(" valueType="string"/>
						</object>
						<object type="DataModel:fieldMap" version="3">
							<property name="map" valueType="table">
								<object type="DataModel:fieldReference" version="3">
									<property name="value" valueType="url">DataModel["Aggregation[CIU_Net_Position_in_each_CIU]"{Aggregation[a9fbde18-382b-4846-99b4-e8c8509b1abf]}].hierarchy["Aggregation"{a9fbde18-382b-4846-99b4-e8c8509b1abf}].dataSource.layout["net_mrkt_vl"{d2ee35a3-dddc-4a40-986e-b9471bfbeba6}]</property>
								</object>
							</property>
						</object>
						<object type="SQLExpressionPart" version="2">
							<property name="value" value=")*(" valueType="string"/>
						</object>
						<object type="DataModel:fieldMap" version="3">
							<property name="map" valueType="table">
								<object type="DataModel:fieldReference" version="3">
									<property name="value" valueType="url">DataModel["Aggregation[CIU_Net_Position_in_each_CIU]"{Aggregation[a9fbde18-382b-4846-99b4-e8c8509b1abf]}].hierarchy["Aggregation"{a9fbde18-382b-4846-99b4-e8c8509b1abf}].dataSource.layout["apprprt_pra"{f1ee3f82-fb18-4dab-bae4-8432e74ea602}]</property>
								</object>
							</property>
						</object>
						<object type="SQLExpressionPart" version="2">
							<property name="value" value="/100) ELSE 1 * ABS(" valueType="string"/>
						</object>
						<object type="DataModel:fieldMap" version="3">
							<property name="map" valueType="table">
								<object type="DataModel:fieldReference" version="3">
									<property name="value" valueType="url">DataModel["Aggregation[CIU_Net_Position_in_each_CIU]"{Aggregation[a9fbde18-382b-4846-99b4-e8c8509b1abf]}].hierarchy["Aggregation"{a9fbde18-382b-4846-99b4-e8c8509b1abf}].dataSource.layout["net_mrkt_vl"{d2ee35a3-dddc-4a40-986e-b9471bfbeba6}]</property>
								</object>
							</property>
						</object>
						<object type="SQLExpressionPart" version="2">
							<property name="value" value=")*(" valueType="string"/>
						</object>
						<object type="DataModel:fieldMap" version="3">
							<property name="map" valueType="table">
								<object type="DataModel:fieldReference" version="3">
									<property name="value" valueType="url">DataModel["Aggregation[CIU_Net_Position_in_each_CIU]"{Aggregation[a9fbde18-382b-4846-99b4-e8c8509b1abf]}].hierarchy["Aggregation"{a9fbde18-382b-4846-99b4-e8c8509b1abf}].dataSource.layout["apprprt_pra"{f1ee3f82-fb18-4dab-bae4-8432e74ea602}]</property>
								</object>
							</property>
						</object>
						<object type="SQLExpressionPart" version="2">
							<property name="value" value="/100) END" valueType="string"/>
						</object>
					</property>
					<property name="actionCondition" valueType="table"/>
				</object>
				<object type="Portfolio:node:actionUpdatePortfolioSource" version="5">
					<property name="actionType" value="SET" valueType="string"/>
					<property name="destinationField" valueType="url">Portfolio[this].additionalFields["enm_rsk_typ"{5b2e9ece-1f1f-4f6d-9f74-55d0275fd1e5}]</property>
					<property name="sourceExpression" valueType="table">
						<object type="SQLExpressionPart" version="2">
							<property name="value" value="'MR_SSA'" valueType="string"/>
						</object>
					</property>
					<property name="actionCondition" valueType="table"/>
				</object>
				<object type="Portfolio:node:actionUpdatePortfolioSource" version="5">
					<property name="actionType" value="SET" valueType="string"/>
					<property name="destinationField" valueType="url">Portfolio[this].additionalFields["enm_mr_ssa_rslt_typ"{52ba1ddd-d7e1-4574-a168-2f2fa18c3274}]</property>
					<property name="sourceExpression" valueType="table">
						<object type="SQLExpressionPart" version="2">
							<property name="value" value="'CIU'" valueType="string"/>
						</object>
					</property>
					<property name="actionCondition" valueType="table"/>
				</object>
			</property>
		</objectNode>
	</property>
	<property name="instanceRebuildRestriction" value="AlterFullRebuild" valueType="string"/>
	<property name="allowExternalDataPermissions" value="false" valueType="boolean"/>
	<property name="executeDataModelsInParallel" value="false" valueType="boolean"/>
	<property name="translateConditionsOnLevels" value="false" valueType="boolean"/>
</object>