<object stamp="3b9ce427-60ae-4328-9b72-bfad3fef673c_1718013277385" type="Aggregation" version="12">
	<property name="name" value="CNCOM_Input_Non_NCLEG" valueType="string"/>
	<property name="description" value="CNCOM_Input_Non_NCLEG" valueType="string"/>
	<property name="objectId" value="5bbbf264-dc70-48ea-8823-5f0cef12147b" valueType="string"/>
	<property name="branchId" value="2d880ea3-e370-4c0a-b28c-032d0b3a287e" valueType="string"/>
	<property name="comment" value="Art400 (2) (c) -Consolidates all the NCLEG trading book(Excess Exposure for NCLEG) and Non-NCLEG trading book exposure(from CRD4_Art_400_Exemptions) . This will be the input for CRD4_Art_397_Additional_Own_Funds_In_Trading_Book computation." valueType="string"/>
	<property name="models" valueType="table">
		<object type="ModelBasedTask:modelEntry" version="3">
			<property name="dataModel" valueType="url">DataModel["Portfolio[LE_Exemptions].ModifyModel[Consolidated_Inputs].Aggregation[Consolidated_Inputs]"{Portfolio[ac93f7ec-7ce3-4c1a-8a33-9be6035cdfd5].ModifyModel[1c27aa4e-f356-43cf-99e3-70ef35fcc12d].Aggregation[56038b26-5dc2-40d4-bff2-f1753e928c3e]}]</property>
			<property name="instanceSelectionRule" valueType="object">
				<object type="InstanceSelectionRule" version="3">
					<property name="instanceDateRule" valueType="object">
						<object type="InstanceSelectionRule:rule" version="3">
							<property name="type" value="EQUAL" valueType="string"/>
						</object>
					</property>
					<property name="instanceKeyRules" valueType="table"/>
				</object>
			</property>
		</object>
		<object type="ModelBasedTask:modelEntry" version="3">
			<property name="dataModel" valueType="url">DataModel["Aggregation[NCLEG_TB_Exposure_allocation]"{Aggregation[b1a8aba2-ee34-4b63-9072-31b761435a6a]}]</property>
			<property name="instanceSelectionRule" valueType="object">
				<object type="InstanceSelectionRule" version="3">
					<property name="instanceDateRule" valueType="object">
						<object type="InstanceSelectionRule:rule" version="3">
							<property name="type" value="EQUAL" valueType="string"/>
						</object>
					</property>
					<property name="instanceKeyRules" valueType="table"/>
				</object>
			</property>
		</object>
	</property>
	<property name="requiresAllModels" value="true" valueType="boolean"/>
	<property name="parameters" valueType="table"/>
	<property name="details" valueType="table">
		<object type="Aggregation:detail" version="6">
			<property name="name" value="expsr_entity" valueType="string"/>
			<property name="description" value="" valueType="string"/>
			<property name="id" value="660c06fa-1bc2-4195-b34e-9d8197ac225c" valueType="string"/>
			<property name="overrideLookupInformation" value="false" valueType="boolean"/>
			<property name="displayFormat" value="" valueType="string"/>
			<property name="title" value="Entity" valueType="string"/>
			<property name="overrideNullable" value="DEFAULT" valueType="string"/>
		</object>
		<object type="Aggregation:detail" version="6">
			<property name="name" value="id_unique" valueType="string"/>
			<property name="description" value="" valueType="string"/>
			<property name="id" value="1aa691cc-1f47-49ea-a84c-99597a5621c2" valueType="string"/>
			<property name="overrideLookupInformation" value="false" valueType="boolean"/>
			<property name="displayFormat" value="" valueType="string"/>
			<property name="title" value="Unique ID" valueType="string"/>
			<property name="overrideNullable" value="DEFAULT" valueType="string"/>
		</object>
		<object type="Aggregation:detail" version="6">
			<property name="name" value="expsr_id_grp_or_indvdl" valueType="string"/>
			<property name="description" value="" valueType="string"/>
			<property name="id" value="cc33ac89-0277-40c4-a966-7e438670d334" valueType="string"/>
			<property name="overrideLookupInformation" value="false" valueType="boolean"/>
			<property name="displayFormat" value="" valueType="string"/>
			<property name="title" value="Group of Connected Clients/Individual ID" valueType="string"/>
			<property name="overrideNullable" value="DEFAULT" valueType="string"/>
		</object>
		<object type="Aggregation:detail" version="6">
			<property name="name" value="ncleg_ind" valueType="string"/>
			<property name="description" value="" valueType="string"/>
			<property name="id" value="20d575bd-edd1-44c2-aaf0-081b46dc72a9" valueType="string"/>
			<property name="overrideLookupInformation" value="false" valueType="boolean"/>
			<property name="displayFormat" value="" valueType="string"/>
			<property name="title" value="NCLEG/NON NCLEG Indicator" valueType="string"/>
			<property name="overrideNullable" value="DEFAULT" valueType="string"/>
		</object>
		<object type="Aggregation:detail" version="6">
			<property name="name" value="cptl_rqrmnt" valueType="string"/>
			<property name="description" value="" valueType="string"/>
			<property name="id" value="e45089f9-03ea-4648-b886-3d254b0c83e3" valueType="string"/>
			<property name="overrideLookupInformation" value="false" valueType="boolean"/>
			<property name="displayFormat" value="" valueType="string"/>
			<property name="title" value="Capital Requirement" valueType="string"/>
			<property name="overrideNullable" value="DEFAULT" valueType="string"/>
		</object>
		<object type="Aggregation:detail" version="6">
			<property name="name" value="enm_intra_grp_typ" valueType="string"/>
			<property name="description" value="" valueType="string"/>
			<property name="id" value="ffc41924-0032-4131-a63f-b7445f67fe25" valueType="string"/>
			<property name="overrideLookupInformation" value="false" valueType="boolean"/>
			<property name="displayFormat" value="" valueType="string"/>
			<property name="title" value="Intragroup Type" valueType="string"/>
			<property name="overrideNullable" value="DEFAULT" valueType="string"/>
		</object>
	</property>
	<property name="calcFields" valueType="table">
		<object type="Aggregation:calcField" version="7">
			<property name="name" value="expsr_amnt" valueType="string"/>
			<property name="description" value="" valueType="string"/>
			<property name="id" value="69af1e19-c0ed-439d-979c-daa49adf372b" valueType="string"/>
			<property name="aggrMethod" value="SUM" valueType="string"/>
			<property name="calcTotal" value="true" valueType="boolean"/>
			<property name="calcFormula" valueType="table"/>
			<property name="displayFormat" value="" valueType="string"/>
			<property name="overrideLookupInformation" value="false" valueType="boolean"/>
			<property name="title" value="Exposure after Exemption" valueType="string"/>
			<property name="overrideNullable" value="DEFAULT" valueType="string"/>
		</object>
	</property>
	<property name="auxFields" valueType="table"/>
	<property name="syntheticFields" valueType="table"/>
	<property name="additionalIndices" valueType="table"/>
	<property name="mappings" valueType="table">
		<object type="Aggregation:mapping" version="7">
			<property name="field" valueType="object">
				<object type="Aggregation:localDetailReference" version="7">
					<property name="value" valueType="url">Aggregation[this].details["expsr_entity"{660c06fa-1bc2-4195-b34e-9d8197ac225c}]</property>
				</object>
			</property>
			<property name="fieldMapping" valueType="table">
				<object type="Aggregation:fieldMapping" version="7">
					<property name="model" valueType="object">
						<object type="DataModel:reference" version="3">
							<property name="value" valueType="url">DataModel["Portfolio[LE_Exemptions].ModifyModel[Consolidated_Inputs].Aggregation[Consolidated_Inputs]"{Portfolio[ac93f7ec-7ce3-4c1a-8a33-9be6035cdfd5].ModifyModel[1c27aa4e-f356-43cf-99e3-70ef35fcc12d].Aggregation[56038b26-5dc2-40d4-bff2-f1753e928c3e]}]</property>
						</object>
					</property>
					<property name="expression" valueType="table">
						<object type="DataModel:fieldReference" version="3">
							<property name="value" valueType="url">DataModel["Portfolio[LE_Exemptions].ModifyModel[Consolidated_Inputs].Aggregation[Consolidated_Inputs]"{Portfolio[ac93f7ec-7ce3-4c1a-8a33-9be6035cdfd5].ModifyModel[1c27aa4e-f356-43cf-99e3-70ef35fcc12d].Aggregation[56038b26-5dc2-40d4-bff2-f1753e928c3e]}].hierarchy["Aggregation"{56038b26-5dc2-40d4-bff2-f1753e928c3e}].dataSource.layout["entity"{f0fdac4d-6434-4da1-9254-a5f74008058d}]</property>
						</object>
					</property>
				</object>
				<object type="Aggregation:fieldMapping" version="7">
					<property name="model" valueType="object">
						<object type="DataModel:reference" version="3">
							<property name="value" valueType="url">DataModel["Aggregation[NCLEG_TB_Exposure_allocation]"{Aggregation[b1a8aba2-ee34-4b63-9072-31b761435a6a]}]</property>
						</object>
					</property>
					<property name="expression" valueType="table">
						<object type="DataModel:fieldReference" version="3">
							<property name="value" valueType="url">DataModel["Aggregation[NCLEG_TB_Exposure_allocation]"{Aggregation[b1a8aba2-ee34-4b63-9072-31b761435a6a]}].hierarchy["Aggregation"{b1a8aba2-ee34-4b63-9072-31b761435a6a}].dataSource.layout["entity"{51faf319-8362-4fdc-a74d-92b50816a82f}]</property>
						</object>
					</property>
				</object>
			</property>
		</object>
		<object type="Aggregation:mapping" version="7">
			<property name="field" valueType="object">
				<object type="Aggregation:localDetailReference" version="7">
					<property name="value" valueType="url">Aggregation[this].details["id_unique"{1aa691cc-1f47-49ea-a84c-99597a5621c2}]</property>
				</object>
			</property>
			<property name="fieldMapping" valueType="table">
				<object type="Aggregation:fieldMapping" version="7">
					<property name="model" valueType="object">
						<object type="DataModel:reference" version="3">
							<property name="value" valueType="url">DataModel["Portfolio[LE_Exemptions].ModifyModel[Consolidated_Inputs].Aggregation[Consolidated_Inputs]"{Portfolio[ac93f7ec-7ce3-4c1a-8a33-9be6035cdfd5].ModifyModel[1c27aa4e-f356-43cf-99e3-70ef35fcc12d].Aggregation[56038b26-5dc2-40d4-bff2-f1753e928c3e]}]</property>
						</object>
					</property>
					<property name="expression" valueType="table">
						<object type="DataModel:fieldReference" version="3">
							<property name="value" valueType="url">DataModel["Portfolio[LE_Exemptions].ModifyModel[Consolidated_Inputs].Aggregation[Consolidated_Inputs]"{Portfolio[ac93f7ec-7ce3-4c1a-8a33-9be6035cdfd5].ModifyModel[1c27aa4e-f356-43cf-99e3-70ef35fcc12d].Aggregation[56038b26-5dc2-40d4-bff2-f1753e928c3e]}].hierarchy["Aggregation"{56038b26-5dc2-40d4-bff2-f1753e928c3e}].dataSource.layout["id_unique"{10c398cd-1a0d-4c6b-8e7a-2ac3ef158815}]</property>
						</object>
					</property>
				</object>
				<object type="Aggregation:fieldMapping" version="7">
					<property name="model" valueType="object">
						<object type="DataModel:reference" version="3">
							<property name="value" valueType="url">DataModel["Aggregation[NCLEG_TB_Exposure_allocation]"{Aggregation[b1a8aba2-ee34-4b63-9072-31b761435a6a]}]</property>
						</object>
					</property>
					<property name="expression" valueType="table">
						<object type="DataModel:fieldReference" version="3">
							<property name="value" valueType="url">DataModel["Aggregation[NCLEG_TB_Exposure_allocation]"{Aggregation[b1a8aba2-ee34-4b63-9072-31b761435a6a]}].hierarchy["Aggregation"{b1a8aba2-ee34-4b63-9072-31b761435a6a}].dataSource.layout["id_unique"{c29140e3-28f8-43d8-b8c4-6a7a47f63193}]</property>
						</object>
					</property>
				</object>
			</property>
		</object>
		<object type="Aggregation:mapping" version="7">
			<property name="field" valueType="object">
				<object type="Aggregation:localDetailReference" version="7">
					<property name="value" valueType="url">Aggregation[this].details["expsr_id_grp_or_indvdl"{cc33ac89-0277-40c4-a966-7e438670d334}]</property>
				</object>
			</property>
			<property name="fieldMapping" valueType="table">
				<object type="Aggregation:fieldMapping" version="7">
					<property name="model" valueType="object">
						<object type="DataModel:reference" version="3">
							<property name="value" valueType="url">DataModel["Portfolio[LE_Exemptions].ModifyModel[Consolidated_Inputs].Aggregation[Consolidated_Inputs]"{Portfolio[ac93f7ec-7ce3-4c1a-8a33-9be6035cdfd5].ModifyModel[1c27aa4e-f356-43cf-99e3-70ef35fcc12d].Aggregation[56038b26-5dc2-40d4-bff2-f1753e928c3e]}]</property>
						</object>
					</property>
					<property name="expression" valueType="table">
						<object type="DataModel:fieldReference" version="3">
							<property name="value" valueType="url">DataModel["Portfolio[LE_Exemptions].ModifyModel[Consolidated_Inputs].Aggregation[Consolidated_Inputs]"{Portfolio[ac93f7ec-7ce3-4c1a-8a33-9be6035cdfd5].ModifyModel[1c27aa4e-f356-43cf-99e3-70ef35fcc12d].Aggregation[56038b26-5dc2-40d4-bff2-f1753e928c3e]}].hierarchy["Aggregation"{56038b26-5dc2-40d4-bff2-f1753e928c3e}].dataSource.layout["id_grp_cnnctd_clnts_or_indvdl"{d2ae2be9-7491-41ef-b47b-7c47f872bdb6}]</property>
						</object>
					</property>
				</object>
				<object type="Aggregation:fieldMapping" version="7">
					<property name="model" valueType="object">
						<object type="DataModel:reference" version="3">
							<property name="value" valueType="url">DataModel["Aggregation[NCLEG_TB_Exposure_allocation]"{Aggregation[b1a8aba2-ee34-4b63-9072-31b761435a6a]}]</property>
						</object>
					</property>
					<property name="expression" valueType="table">
						<object type="DataModel:fieldReference" version="3">
							<property name="value" valueType="url">DataModel["Aggregation[NCLEG_TB_Exposure_allocation]"{Aggregation[b1a8aba2-ee34-4b63-9072-31b761435a6a]}].hierarchy["Aggregation"{b1a8aba2-ee34-4b63-9072-31b761435a6a}].dataSource.layout["id_grp_cnnctd_clnts_or_indvdl"{1a1cd23b-6c8b-4598-88ba-8a1baa138a46}]</property>
						</object>
					</property>
				</object>
			</property>
		</object>
		<object type="Aggregation:mapping" version="7">
			<property name="field" valueType="object">
				<object type="Aggregation:localDetailReference" version="7">
					<property name="value" valueType="url">Aggregation[this].details["ncleg_ind"{20d575bd-edd1-44c2-aaf0-081b46dc72a9}]</property>
				</object>
			</property>
			<property name="fieldMapping" valueType="table">
				<object type="Aggregation:fieldMapping" version="7">
					<property name="model" valueType="object">
						<object type="DataModel:reference" version="3">
							<property name="value" valueType="url">DataModel["Portfolio[LE_Exemptions].ModifyModel[Consolidated_Inputs].Aggregation[Consolidated_Inputs]"{Portfolio[ac93f7ec-7ce3-4c1a-8a33-9be6035cdfd5].ModifyModel[1c27aa4e-f356-43cf-99e3-70ef35fcc12d].Aggregation[56038b26-5dc2-40d4-bff2-f1753e928c3e]}]</property>
						</object>
					</property>
					<property name="expression" valueType="table">
						<object type="SQLExpressionPart" version="2">
							<property name="value" value="'NON_NCLEG'" valueType="string"/>
						</object>
					</property>
					<property name="valueSize" value="10" valueType="integer"/>
					<property name="valueNullable" value="false" valueType="boolean"/>
					<property name="valueType" value="VARCHAR" valueType="string"/>
				</object>
				<object type="Aggregation:fieldMapping" version="7">
					<property name="model" valueType="object">
						<object type="DataModel:reference" version="3">
							<property name="value" valueType="url">DataModel["Aggregation[NCLEG_TB_Exposure_allocation]"{Aggregation[b1a8aba2-ee34-4b63-9072-31b761435a6a]}]</property>
						</object>
					</property>
					<property name="expression" valueType="table">
						<object type="SQLExpressionPart" version="2">
							<property name="value" value="'NCLEG'" valueType="string"/>
						</object>
					</property>
					<property name="valueSize" value="10" valueType="integer"/>
					<property name="valueNullable" value="false" valueType="boolean"/>
					<property name="valueType" value="VARCHAR" valueType="string"/>
				</object>
			</property>
		</object>
		<object type="Aggregation:mapping" version="7">
			<property name="field" valueType="object">
				<object type="Aggregation:localDetailReference" version="7">
					<property name="value" valueType="url">Aggregation[this].details["cptl_rqrmnt"{e45089f9-03ea-4648-b886-3d254b0c83e3}]</property>
				</object>
			</property>
			<property name="fieldMapping" valueType="table">
				<object type="Aggregation:fieldMapping" version="7">
					<property name="model" valueType="object">
						<object type="DataModel:reference" version="3">
							<property name="value" valueType="url">DataModel["Portfolio[LE_Exemptions].ModifyModel[Consolidated_Inputs].Aggregation[Consolidated_Inputs]"{Portfolio[ac93f7ec-7ce3-4c1a-8a33-9be6035cdfd5].ModifyModel[1c27aa4e-f356-43cf-99e3-70ef35fcc12d].Aggregation[56038b26-5dc2-40d4-bff2-f1753e928c3e]}]</property>
						</object>
					</property>
					<property name="expression" valueType="table">
						<object type="DataModel:fieldReference" version="3">
							<property name="value" valueType="url">DataModel["Portfolio[LE_Exemptions].ModifyModel[Consolidated_Inputs].Aggregation[Consolidated_Inputs]"{Portfolio[ac93f7ec-7ce3-4c1a-8a33-9be6035cdfd5].ModifyModel[1c27aa4e-f356-43cf-99e3-70ef35fcc12d].Aggregation[56038b26-5dc2-40d4-bff2-f1753e928c3e]}].hierarchy["Aggregation"{56038b26-5dc2-40d4-bff2-f1753e928c3e}].dataSource.layout["cptl_rqrmnt"{fe115ca3-ff45-4e88-ba89-d5de3d0a3f38}]</property>
						</object>
					</property>
				</object>
				<object type="Aggregation:fieldMapping" version="7">
					<property name="model" valueType="object">
						<object type="DataModel:reference" version="3">
							<property name="value" valueType="url">DataModel["Aggregation[NCLEG_TB_Exposure_allocation]"{Aggregation[b1a8aba2-ee34-4b63-9072-31b761435a6a]}]</property>
						</object>
					</property>
					<property name="expression" valueType="table">
						<object type="DataModel:fieldReference" version="3">
							<property name="value" valueType="url">DataModel["Aggregation[NCLEG_TB_Exposure_allocation]"{Aggregation[b1a8aba2-ee34-4b63-9072-31b761435a6a]}].hierarchy["Aggregation"{b1a8aba2-ee34-4b63-9072-31b761435a6a}].dataSource.layout["cptl_rqrmnt"{e0cfa2d9-7d68-4a00-b148-327d53d7e9b9}]</property>
						</object>
					</property>
				</object>
			</property>
		</object>
		<object type="Aggregation:mapping" version="7">
			<property name="field" valueType="object">
				<object type="Aggregation:localDetailReference" version="7">
					<property name="value" valueType="url">Aggregation[this].details["enm_intra_grp_typ"{ffc41924-0032-4131-a63f-b7445f67fe25}]</property>
				</object>
			</property>
			<property name="fieldMapping" valueType="table">
				<object type="Aggregation:fieldMapping" version="7">
					<property name="model" valueType="object">
						<object type="DataModel:reference" version="3">
							<property name="value" valueType="url">DataModel["Portfolio[LE_Exemptions].ModifyModel[Consolidated_Inputs].Aggregation[Consolidated_Inputs]"{Portfolio[ac93f7ec-7ce3-4c1a-8a33-9be6035cdfd5].ModifyModel[1c27aa4e-f356-43cf-99e3-70ef35fcc12d].Aggregation[56038b26-5dc2-40d4-bff2-f1753e928c3e]}]</property>
						</object>
					</property>
					<property name="expression" valueType="table">
						<object type="DataModel:fieldReference" version="3">
							<property name="value" valueType="url">DataModel["Portfolio[LE_Exemptions].ModifyModel[Consolidated_Inputs].Aggregation[Consolidated_Inputs]"{Portfolio[ac93f7ec-7ce3-4c1a-8a33-9be6035cdfd5].ModifyModel[1c27aa4e-f356-43cf-99e3-70ef35fcc12d].Aggregation[56038b26-5dc2-40d4-bff2-f1753e928c3e]}].hierarchy["Aggregation"{56038b26-5dc2-40d4-bff2-f1753e928c3e}].dataSource.layout["enm_intra_grp_typ"{20ae0217-be4d-43e5-ab26-396dc6c8c46e}]</property>
						</object>
					</property>
				</object>
				<object type="Aggregation:fieldMapping" version="7">
					<property name="model" valueType="object">
						<object type="DataModel:reference" version="3">
							<property name="value" valueType="url">DataModel["Aggregation[NCLEG_TB_Exposure_allocation]"{Aggregation[b1a8aba2-ee34-4b63-9072-31b761435a6a]}]</property>
						</object>
					</property>
					<property name="expression" valueType="table">
						<object type="DataModel:fieldReference" version="3">
							<property name="value" valueType="url">DataModel["Aggregation[NCLEG_TB_Exposure_allocation]"{Aggregation[b1a8aba2-ee34-4b63-9072-31b761435a6a]}].hierarchy["Aggregation"{b1a8aba2-ee34-4b63-9072-31b761435a6a}].dataSource.layout["enm_intra_grp_typ"{d36f0e07-3140-4b98-9ea2-5b52b18ba299}]</property>
						</object>
					</property>
				</object>
			</property>
		</object>
		<object type="Aggregation:mapping" version="7">
			<property name="field" valueType="object">
				<object type="Aggregation:localCalcFieldReference" version="7">
					<property name="value" valueType="url">Aggregation[this].calcFields["expsr_amnt"{69af1e19-c0ed-439d-979c-daa49adf372b}]</property>
				</object>
			</property>
			<property name="fieldMapping" valueType="table">
				<object type="Aggregation:fieldMapping" version="7">
					<property name="model" valueType="object">
						<object type="DataModel:reference" version="3">
							<property name="value" valueType="url">DataModel["Portfolio[LE_Exemptions].ModifyModel[Consolidated_Inputs].Aggregation[Consolidated_Inputs]"{Portfolio[ac93f7ec-7ce3-4c1a-8a33-9be6035cdfd5].ModifyModel[1c27aa4e-f356-43cf-99e3-70ef35fcc12d].Aggregation[56038b26-5dc2-40d4-bff2-f1753e928c3e]}]</property>
						</object>
					</property>
					<property name="expression" valueType="table">
						<object type="DataModel:fieldReference" version="3">
							<property name="value" valueType="url">DataModel["Portfolio[LE_Exemptions].ModifyModel[Consolidated_Inputs].Aggregation[Consolidated_Inputs]"{Portfolio[ac93f7ec-7ce3-4c1a-8a33-9be6035cdfd5].ModifyModel[1c27aa4e-f356-43cf-99e3-70ef35fcc12d].Aggregation[56038b26-5dc2-40d4-bff2-f1753e928c3e]}].hierarchy["Aggregation"{56038b26-5dc2-40d4-bff2-f1753e928c3e}].dataSource.layout["expsr_amnt"{a1ec5c20-2a05-4440-8942-a0a4f64484d8}]</property>
						</object>
					</property>
				</object>
				<object type="Aggregation:fieldMapping" version="7">
					<property name="model" valueType="object">
						<object type="DataModel:reference" version="3">
							<property name="value" valueType="url">DataModel["Aggregation[NCLEG_TB_Exposure_allocation]"{Aggregation[b1a8aba2-ee34-4b63-9072-31b761435a6a]}]</property>
						</object>
					</property>
					<property name="expression" valueType="table">
						<object type="DataModel:fieldReference" version="3">
							<property name="value" valueType="url">DataModel["Aggregation[NCLEG_TB_Exposure_allocation]"{Aggregation[b1a8aba2-ee34-4b63-9072-31b761435a6a]}].hierarchy["Aggregation"{b1a8aba2-ee34-4b63-9072-31b761435a6a}].dataSource.layout["excess_ncleg"{5dbbe71a-60da-4df0-8362-9cbc1fd63484}]</property>
						</object>
					</property>
				</object>
			</property>
		</object>
	</property>
	<property name="storageType" value="CONTINUOUS_PARTITION" valueType="string"/>
	<property name="postTableCreationStatements" valueType="table"/>
	<property name="postAdjustmentTableCreationStatements" valueType="table"/>
	<property name="detailsAsKeys" value="true" valueType="boolean"/>
	<property name="dbSourceForResults" valueType="url">DBSource["POSTGRES"{7141b02a-a2bf-46bb-9ad0-fa1087f431e1}]</property>
	<property name="archivalProperties" valueType="object">
		<object type="ArchivalProperties" version="2">
			<property name="daily" value="false" valueType="boolean"/>
			<property name="weekly" value="false" valueType="boolean"/>
			<property name="monthly" value="false" valueType="boolean"/>
			<property name="quarterly" value="false" valueType="boolean"/>
			<property name="semiAnnually" value="false" valueType="boolean"/>
			<property name="annually" value="false" valueType="boolean"/>
			<property name="intraDay" value="false" valueType="boolean"/>
			<property name="userDefined" value="false" valueType="boolean"/>
		</object>
	</property>
	<property name="condition" valueType="tree">
		<objectNode type="Condition" version="3">
			<property name="isNegated" value="false" valueType="boolean"/>
			<property name="groupingOperator" value="AND" valueType="string"/>
			<children>
				<objectNode type="Condition:shorthand" version="3">
					<property name="shorthand" valueType="url">Shorthand["CNCOM_Inputs"{19f5a0ea-16c7-40d3-bdda-341d0d79b158}]</property>
					<property name="operation" value="=" valueType="string"/>
				</objectNode>
			</children>
		</objectNode>
	</property>
	<property name="doNotAggregate" value="false" valueType="boolean"/>
	<property name="fourEyesCheck" value="false" valueType="boolean"/>
	<property name="trackDrilldownInformation" value="true" valueType="boolean"/>
	<property name="trackAllInstancesMode" value="NONE" valueType="string"/>
	<property name="computeStatistics" value="FOR_ALL_COLUMNS" valueType="string"/>
	<property name="instanceRebuildRestriction" value="AlterFullRebuild" valueType="string"/>
	<property name="allowExternalDataPermissions" value="true" valueType="boolean"/>
</object>