<object stamp="432226ea-d1b8-4c0c-8b9e-2beb4bf583c1_1723244948759" type="Aggregation" version="12">
	<property name="name" value="Sliding_Scale" valueType="string"/>
	<property name="description" value="Sliding_Scale" valueType="string"/>
	<property name="objectId" value="6759ad1d-6654-4a8d-b272-0dc1c2afd269" valueType="string"/>
	<property name="branchId" value="2d880ea3-e370-4c0a-b28c-032d0b3a287e" valueType="string"/>
	<property name="comment" value="Article 397&#xa;band_percentage : Percentage value as per Article 397 (3) Table (1)&#xa;selected_percentage : If Article 397 (2) is satisfied this is set to 200. If Article 397 (3) applies to this then this field is assigned a value as per Article 397 (3) Table (1)&#xa;exposure_allocated : This is the exposure allocated to the specific band and is calculated using the selected_percentage&#xa;additional_own_funds_reqs : Additional own funds requirement is calcuated for both the cases where excess has not persisted for more than 10 days or has persisted for more than 10 days" valueType="string"/>
	<property name="models" valueType="table">
		<object type="ModelBasedTask:modelEntry" version="3">
			<property name="dataModel" valueType="url">DataModel["ModifyModel[Excess_Over_limits].Portfolio[LE_Exemptions].ModifyModel[Consolidated_Inputs].Aggregation[Consolidated_Inputs]"{ModifyModel[24637442-ea0c-41fa-a189-bfd8bd44cee0].Portfolio[ac93f7ec-7ce3-4c1a-8a33-9be6035cdfd5].ModifyModel[1c27aa4e-f356-43cf-99e3-70ef35fcc12d].Aggregation[56038b26-5dc2-40d4-bff2-f1753e928c3e]}]</property>
			<property name="instanceSelectionRule" valueType="object">
				<object type="InstanceSelectionRule" version="3">
					<property name="instanceDateRule" valueType="object">
						<object type="InstanceSelectionRule:rule" version="3">
							<property name="type" value="EQUAL" valueType="string"/>
						</object>
					</property>
					<property name="instanceKeyRules" valueType="table"/>
				</object>
			</property>
		</object>
	</property>
	<property name="requiresAllModels" value="true" valueType="boolean"/>
	<property name="parameters" valueType="table"/>
	<property name="details" valueType="table">
		<object type="Aggregation:detail" version="6">
			<property name="name" value="entity" valueType="string"/>
			<property name="description" value="" valueType="string"/>
			<property name="id" value="d355b9d5-90fa-4e6d-9dbf-21909d2e655b" valueType="string"/>
			<property name="overrideLookupInformation" value="false" valueType="boolean"/>
			<property name="displayFormat" value="" valueType="string"/>
			<property name="title" value="Entity" valueType="string"/>
			<property name="overrideNullable" value="DEFAULT" valueType="string"/>
		</object>
		<object type="Aggregation:detail" version="6">
			<property name="name" value="id_unique" valueType="string"/>
			<property name="description" value="" valueType="string"/>
			<property name="id" value="4aff4a17-188b-4bfb-9c54-f03ed063aa18" valueType="string"/>
			<property name="overrideLookupInformation" value="false" valueType="boolean"/>
			<property name="displayFormat" value="" valueType="string"/>
			<property name="title" value="Unique ID" valueType="string"/>
			<property name="overrideNullable" value="DEFAULT" valueType="string"/>
		</object>
		<object type="Aggregation:detail" version="6">
			<property name="name" value="id_prty" valueType="string"/>
			<property name="description" value="" valueType="string"/>
			<property name="id" value="0eed2f93-6f20-458c-b7d8-7904b788d1ef" valueType="string"/>
			<property name="overrideLookupInformation" value="false" valueType="boolean"/>
			<property name="displayFormat" value="" valueType="string"/>
			<property name="title" value="Counterparty/Issuer ID" valueType="string"/>
			<property name="overrideNullable" value="DEFAULT" valueType="string"/>
		</object>
		<object type="Aggregation:detail" version="6">
			<property name="name" value="id_grp_cnnctd_clnts_or_indvdl" valueType="string"/>
			<property name="description" value="" valueType="string"/>
			<property name="id" value="d4f1a7e5-b2c0-4d2e-8ae8-d7f9fc93ff6f" valueType="string"/>
			<property name="overrideLookupInformation" value="false" valueType="boolean"/>
			<property name="displayFormat" value="" valueType="string"/>
			<property name="title" value="Group of Connected Clients/Individual ID" valueType="string"/>
			<property name="overrideNullable" value="DEFAULT" valueType="string"/>
		</object>
		<object type="Aggregation:detail" version="6">
			<property name="name" value="band" valueType="string"/>
			<property name="description" value="" valueType="string"/>
			<property name="id" value="cadc30c9-7cf9-425f-89dc-fc70298afdb7" valueType="string"/>
			<property name="overrideLookupInformation" value="false" valueType="boolean"/>
			<property name="displayFormat" value="" valueType="string"/>
			<property name="title" value="Band" valueType="string"/>
			<property name="overrideNullable" value="DEFAULT" valueType="string"/>
		</object>
	</property>
	<property name="calcFields" valueType="table">
		<object type="Aggregation:calcField" version="7">
			<property name="name" value="tb_excss_prsstnc_prd" valueType="string"/>
			<property name="description" value="" valueType="string"/>
			<property name="id" value="a2f8c28e-2c5e-4d32-bef2-26a14cfab046" valueType="string"/>
			<property name="aggrMethod" value="MIN" valueType="string"/>
			<property name="calcTotal" value="false" valueType="boolean"/>
			<property name="calcFormula" valueType="table"/>
			<property name="displayFormat" value="" valueType="string"/>
			<property name="overrideLookupInformation" value="false" valueType="boolean"/>
			<property name="title" value="Trading Book Excess Persistence Period" valueType="string"/>
			<property name="overrideNullable" value="DEFAULT" valueType="string"/>
		</object>
		<object type="Aggregation:calcField" version="7">
			<property name="name" value="band_prcntg" valueType="string"/>
			<property name="description" value="" valueType="string"/>
			<property name="id" value="7573fed4-d1d0-4b72-9570-b830b8cdef51" valueType="string"/>
			<property name="aggrMethod" value="MIN" valueType="string"/>
			<property name="calcTotal" value="false" valueType="boolean"/>
			<property name="calcFormula" valueType="table"/>
			<property name="displayFormat" value="" valueType="string"/>
			<property name="overrideLookupInformation" value="false" valueType="boolean"/>
			<property name="title" value="Band Percentages" valueType="string"/>
			<property name="overrideNullable" value="DEFAULT" valueType="string"/>
		</object>
		<object type="Aggregation:calcField" version="7">
			<property name="name" value="slctd_prcntg" valueType="string"/>
			<property name="description" value="" valueType="string"/>
			<property name="id" value="a819c4b2-edb9-462c-9c49-7997148951ff" valueType="string"/>
			<property name="aggrMethod" value="MIN" valueType="string"/>
			<property name="calcTotal" value="false" valueType="boolean"/>
			<property name="calcFormula" valueType="table"/>
			<property name="displayFormat" value="" valueType="string"/>
			<property name="overrideLookupInformation" value="false" valueType="boolean"/>
			<property name="title" value="Selected Percentage" valueType="string"/>
			<property name="overrideNullable" value="DEFAULT" valueType="string"/>
		</object>
		<object type="Aggregation:calcField" version="7">
			<property name="name" value="expsr_allctd_to_band" valueType="string"/>
			<property name="description" value="" valueType="string"/>
			<property name="id" value="4d87caec-1df9-4281-8554-c2995c004dc0" valueType="string"/>
			<property name="aggrMethod" value="SUM" valueType="string"/>
			<property name="calcTotal" value="true" valueType="boolean"/>
			<property name="calcFormula" valueType="table"/>
			<property name="displayFormat" value="" valueType="string"/>
			<property name="overrideLookupInformation" value="false" valueType="boolean"/>
			<property name="title" value="Exposure Allocated to the Band" valueType="string"/>
			<property name="overrideNullable" value="DEFAULT" valueType="string"/>
		</object>
		<object type="Aggregation:calcField" version="7">
			<property name="name" value="cptl_rqrmnt" valueType="string"/>
			<property name="description" value="" valueType="string"/>
			<property name="id" value="487d45f0-125a-44a2-94c2-8a063e1dff3f" valueType="string"/>
			<property name="aggrMethod" value="MIN" valueType="string"/>
			<property name="calcTotal" value="false" valueType="boolean"/>
			<property name="calcFormula" valueType="table"/>
			<property name="displayFormat" value="" valueType="string"/>
			<property name="overrideLookupInformation" value="false" valueType="boolean"/>
			<property name="title" value="Capital Requirement" valueType="string"/>
			<property name="overrideNullable" value="DEFAULT" valueType="string"/>
		</object>
		<object type="Aggregation:calcField" version="7">
			<property name="name" value="addtnl_own_fnds_rqrmnts" valueType="string"/>
			<property name="description" value="" valueType="string"/>
			<property name="id" value="6f570544-da17-4594-a0c0-eab08051670e" valueType="string"/>
			<property name="aggrMethod" value="SUM" valueType="string"/>
			<property name="calcTotal" value="false" valueType="boolean"/>
			<property name="calcFormula" valueType="table">
				<object type="Aggregation:localCalcFieldReference" version="7">
					<property name="value" valueType="url">Aggregation[this].calcFields["expsr_allctd_to_band"{4d87caec-1df9-4281-8554-c2995c004dc0}]</property>
				</object>
				<object type="SQLExpressionPart" version="2">
					<property name="value" value=" * (" valueType="string"/>
				</object>
				<object type="Aggregation:localCalcFieldReference" version="7">
					<property name="value" valueType="url">Aggregation[this].calcFields["slctd_prcntg"{a819c4b2-edb9-462c-9c49-7997148951ff}]</property>
				</object>
				<object type="SQLExpressionPart" version="2">
					<property name="value" value=" /100)* " valueType="string"/>
				</object>
				<object type="Aggregation:localCalcFieldReference" version="7">
					<property name="value" valueType="url">Aggregation[this].calcFields["cptl_rqrmnt"{487d45f0-125a-44a2-94c2-8a063e1dff3f}]</property>
				</object>
				<object type="SQLExpressionPart" version="2">
					<property name="value" value="/100" valueType="string"/>
				</object>
			</property>
			<property name="valueType" value="FLOAT" valueType="string"/>
			<property name="valueNullable" value="true" valueType="boolean"/>
			<property name="displayFormat" value="" valueType="string"/>
			<property name="overrideLookupInformation" value="false" valueType="boolean"/>
			<property name="title" value="Additional Own Funds Requirements" valueType="string"/>
			<property name="overrideNullable" value="DEFAULT" valueType="string"/>
		</object>
		<object type="Aggregation:calcField" version="7">
			<property name="name" value="tr1_cptl" valueType="string"/>
			<property name="description" value="" valueType="string"/>
			<property name="id" value="01b2f5b3-80b3-4193-a27c-26a64284ce63" valueType="string"/>
			<property name="aggrMethod" value="MIN" valueType="string"/>
			<property name="calcTotal" value="false" valueType="boolean"/>
			<property name="calcFormula" valueType="table"/>
			<property name="displayFormat" value="" valueType="string"/>
			<property name="overrideLookupInformation" value="false" valueType="boolean"/>
			<property name="title" value="Tier1 Capital" valueType="string"/>
			<property name="overrideNullable" value="DEFAULT" valueType="string"/>
		</object>
	</property>
	<property name="auxFields" valueType="table"/>
	<property name="syntheticFields" valueType="table"/>
	<property name="additionalIndices" valueType="table"/>
	<property name="mappings" valueType="table">
		<object type="Aggregation:mapping" version="7">
			<property name="field" valueType="object">
				<object type="Aggregation:localDetailReference" version="7">
					<property name="value" valueType="url">Aggregation[this].details["entity"{d355b9d5-90fa-4e6d-9dbf-21909d2e655b}]</property>
				</object>
			</property>
			<property name="fieldMapping" valueType="table">
				<object type="Aggregation:fieldMapping" version="7">
					<property name="model" valueType="object">
						<object type="DataModel:reference" version="3">
							<property name="value" valueType="url">DataModel["ModifyModel[Excess_Over_limits].Portfolio[LE_Exemptions].ModifyModel[Consolidated_Inputs].Aggregation[Consolidated_Inputs]"{ModifyModel[24637442-ea0c-41fa-a189-bfd8bd44cee0].Portfolio[ac93f7ec-7ce3-4c1a-8a33-9be6035cdfd5].ModifyModel[1c27aa4e-f356-43cf-99e3-70ef35fcc12d].Aggregation[56038b26-5dc2-40d4-bff2-f1753e928c3e]}]</property>
						</object>
					</property>
					<property name="expression" valueType="table">
						<object type="DataModel:fieldReference" version="3">
							<property name="value" valueType="url">DataModel["ModifyModel[Excess_Over_limits].Portfolio[LE_Exemptions].ModifyModel[Consolidated_Inputs].Aggregation[Consolidated_Inputs]"{ModifyModel[24637442-ea0c-41fa-a189-bfd8bd44cee0].Portfolio[ac93f7ec-7ce3-4c1a-8a33-9be6035cdfd5].ModifyModel[1c27aa4e-f356-43cf-99e3-70ef35fcc12d].Aggregation[56038b26-5dc2-40d4-bff2-f1753e928c3e]}].hierarchy["Aggregation"{56038b26-5dc2-40d4-bff2-f1753e928c3e}].dataSource.layout["entity"{f0fdac4d-6434-4da1-9254-a5f74008058d}]</property>
						</object>
					</property>
				</object>
			</property>
		</object>
		<object type="Aggregation:mapping" version="7">
			<property name="field" valueType="object">
				<object type="Aggregation:localDetailReference" version="7">
					<property name="value" valueType="url">Aggregation[this].details["id_unique"{4aff4a17-188b-4bfb-9c54-f03ed063aa18}]</property>
				</object>
			</property>
			<property name="fieldMapping" valueType="table">
				<object type="Aggregation:fieldMapping" version="7">
					<property name="model" valueType="object">
						<object type="DataModel:reference" version="3">
							<property name="value" valueType="url">DataModel["ModifyModel[Excess_Over_limits].Portfolio[LE_Exemptions].ModifyModel[Consolidated_Inputs].Aggregation[Consolidated_Inputs]"{ModifyModel[24637442-ea0c-41fa-a189-bfd8bd44cee0].Portfolio[ac93f7ec-7ce3-4c1a-8a33-9be6035cdfd5].ModifyModel[1c27aa4e-f356-43cf-99e3-70ef35fcc12d].Aggregation[56038b26-5dc2-40d4-bff2-f1753e928c3e]}]</property>
						</object>
					</property>
					<property name="expression" valueType="table">
						<object type="DataModel:fieldReference" version="3">
							<property name="value" valueType="url">DataModel["ModifyModel[Excess_Over_limits].Portfolio[LE_Exemptions].ModifyModel[Consolidated_Inputs].Aggregation[Consolidated_Inputs]"{ModifyModel[24637442-ea0c-41fa-a189-bfd8bd44cee0].Portfolio[ac93f7ec-7ce3-4c1a-8a33-9be6035cdfd5].ModifyModel[1c27aa4e-f356-43cf-99e3-70ef35fcc12d].Aggregation[56038b26-5dc2-40d4-bff2-f1753e928c3e]}].hierarchy["Aggregation"{56038b26-5dc2-40d4-bff2-f1753e928c3e}].dataSource.layout["id_unique"{10c398cd-1a0d-4c6b-8e7a-2ac3ef158815}]</property>
						</object>
					</property>
				</object>
			</property>
		</object>
		<object type="Aggregation:mapping" version="7">
			<property name="field" valueType="object">
				<object type="Aggregation:localDetailReference" version="7">
					<property name="value" valueType="url">Aggregation[this].details["id_prty"{0eed2f93-6f20-458c-b7d8-7904b788d1ef}]</property>
				</object>
			</property>
			<property name="fieldMapping" valueType="table">
				<object type="Aggregation:fieldMapping" version="7">
					<property name="model" valueType="object">
						<object type="DataModel:reference" version="3">
							<property name="value" valueType="url">DataModel["ModifyModel[Excess_Over_limits].Portfolio[LE_Exemptions].ModifyModel[Consolidated_Inputs].Aggregation[Consolidated_Inputs]"{ModifyModel[24637442-ea0c-41fa-a189-bfd8bd44cee0].Portfolio[ac93f7ec-7ce3-4c1a-8a33-9be6035cdfd5].ModifyModel[1c27aa4e-f356-43cf-99e3-70ef35fcc12d].Aggregation[56038b26-5dc2-40d4-bff2-f1753e928c3e]}]</property>
						</object>
					</property>
					<property name="expression" valueType="table">
						<object type="DataModel:fieldReference" version="3">
							<property name="value" valueType="url">DataModel["ModifyModel[Excess_Over_limits].Portfolio[LE_Exemptions].ModifyModel[Consolidated_Inputs].Aggregation[Consolidated_Inputs]"{ModifyModel[24637442-ea0c-41fa-a189-bfd8bd44cee0].Portfolio[ac93f7ec-7ce3-4c1a-8a33-9be6035cdfd5].ModifyModel[1c27aa4e-f356-43cf-99e3-70ef35fcc12d].Aggregation[56038b26-5dc2-40d4-bff2-f1753e928c3e]}].hierarchy["Aggregation"{56038b26-5dc2-40d4-bff2-f1753e928c3e}].dataSource.layout["id_prty"{2022678b-9262-4b2a-ac6d-e6d1d13135ce}]</property>
						</object>
					</property>
				</object>
			</property>
		</object>
		<object type="Aggregation:mapping" version="7">
			<property name="field" valueType="object">
				<object type="Aggregation:localDetailReference" version="7">
					<property name="value" valueType="url">Aggregation[this].details["id_grp_cnnctd_clnts_or_indvdl"{d4f1a7e5-b2c0-4d2e-8ae8-d7f9fc93ff6f}]</property>
				</object>
			</property>
			<property name="fieldMapping" valueType="table">
				<object type="Aggregation:fieldMapping" version="7">
					<property name="model" valueType="object">
						<object type="DataModel:reference" version="3">
							<property name="value" valueType="url">DataModel["ModifyModel[Excess_Over_limits].Portfolio[LE_Exemptions].ModifyModel[Consolidated_Inputs].Aggregation[Consolidated_Inputs]"{ModifyModel[24637442-ea0c-41fa-a189-bfd8bd44cee0].Portfolio[ac93f7ec-7ce3-4c1a-8a33-9be6035cdfd5].ModifyModel[1c27aa4e-f356-43cf-99e3-70ef35fcc12d].Aggregation[56038b26-5dc2-40d4-bff2-f1753e928c3e]}]</property>
						</object>
					</property>
					<property name="expression" valueType="table">
						<object type="DataModel:fieldReference" version="3">
							<property name="value" valueType="url">DataModel["ModifyModel[Excess_Over_limits].Portfolio[LE_Exemptions].ModifyModel[Consolidated_Inputs].Aggregation[Consolidated_Inputs]"{ModifyModel[24637442-ea0c-41fa-a189-bfd8bd44cee0].Portfolio[ac93f7ec-7ce3-4c1a-8a33-9be6035cdfd5].ModifyModel[1c27aa4e-f356-43cf-99e3-70ef35fcc12d].Aggregation[56038b26-5dc2-40d4-bff2-f1753e928c3e]}].hierarchy["Aggregation"{56038b26-5dc2-40d4-bff2-f1753e928c3e}].dataSource.layout["id_grp_cnnctd_clnts_or_indvdl"{d2ae2be9-7491-41ef-b47b-7c47f872bdb6}]</property>
						</object>
					</property>
				</object>
			</property>
		</object>
		<object type="Aggregation:mapping" version="7">
			<property name="field" valueType="object">
				<object type="Aggregation:localDetailReference" version="7">
					<property name="value" valueType="url">Aggregation[this].details["band"{cadc30c9-7cf9-425f-89dc-fc70298afdb7}]</property>
				</object>
			</property>
			<property name="fieldMapping" valueType="table">
				<object type="Aggregation:fieldMapping" version="7">
					<property name="model" valueType="object">
						<object type="DataModel:reference" version="3">
							<property name="value" valueType="url">DataModel["ModifyModel[Excess_Over_limits].Portfolio[LE_Exemptions].ModifyModel[Consolidated_Inputs].Aggregation[Consolidated_Inputs]"{ModifyModel[24637442-ea0c-41fa-a189-bfd8bd44cee0].Portfolio[ac93f7ec-7ce3-4c1a-8a33-9be6035cdfd5].ModifyModel[1c27aa4e-f356-43cf-99e3-70ef35fcc12d].Aggregation[56038b26-5dc2-40d4-bff2-f1753e928c3e]}]</property>
						</object>
					</property>
					<property name="expression" valueType="table">
						<object type="SQLExpressionPart" version="2">
							<property name="value" value="CASE WHEN " valueType="string"/>
						</object>
						<object type="DataModel:fieldReference" version="3">
							<property name="value" valueType="url">DataModel["ModifyModel[Excess_Over_limits].Portfolio[LE_Exemptions].ModifyModel[Consolidated_Inputs].Aggregation[Consolidated_Inputs]"{ModifyModel[24637442-ea0c-41fa-a189-bfd8bd44cee0].Portfolio[ac93f7ec-7ce3-4c1a-8a33-9be6035cdfd5].ModifyModel[1c27aa4e-f356-43cf-99e3-70ef35fcc12d].Aggregation[56038b26-5dc2-40d4-bff2-f1753e928c3e]}].hierarchy["capital_resources"{971bbaac-72a6-4845-aed9-eb7b20ec37a2}].dataSource.layout["tb_excss_ovr_lmt_ind"{850bbe81-153b-483e-b463-3dc0f23a75f6}]</property>
						</object>
						<object type="SQLExpressionPart" version="2">
							<property name="value" value=" = 'Y' THEN " valueType="string"/>
						</object>
						<object type="SQLPattern" version="3">
							<property name="name" value="isNull" valueType="string"/>
							<property name="parameters" valueType="table">
								<object type="SQLPattern:parameter" version="3">
									<property name="expressions" valueType="table">
										<object type="SQLPattern" version="3">
											<property name="name" value="numberToChar" valueType="string"/>
											<property name="parameters" valueType="table">
												<object type="SQLPattern:parameter" version="3">
													<property name="expressions" valueType="table">
														<object type="DataModel:fieldReference" version="3">
															<property name="value" valueType="url">DataModel["ModifyModel[Excess_Over_limits].Portfolio[LE_Exemptions].ModifyModel[Consolidated_Inputs].Aggregation[Consolidated_Inputs]"{ModifyModel[24637442-ea0c-41fa-a189-bfd8bd44cee0].Portfolio[ac93f7ec-7ce3-4c1a-8a33-9be6035cdfd5].ModifyModel[1c27aa4e-f356-43cf-99e3-70ef35fcc12d].Aggregation[56038b26-5dc2-40d4-bff2-f1753e928c3e]}].hierarchy["bands_opt_2"{9d2e5559-4381-4803-8a80-bae865c93c86}].dataSource.layout["lower_bound"{1eb3aa61-18a7-45e5-b7b6-3762f93dff65}]</property>
														</object>
													</property>
												</object>
											</property>
										</object>
									</property>
								</object>
								<object type="SQLPattern:parameter" version="3">
									<property name="expressions" valueType="table">
										<object type="SQLExpressionPart" version="2">
											<property name="value" value="''" valueType="string"/>
										</object>
									</property>
								</object>
							</property>
						</object>
						<object type="SQLExpressionPart" version="2">
							<property name="value" value=" " valueType="string"/>
						</object>
						<object type="SQLConstant" version="2">
							<property name="name" value="CONCAT_STR" valueType="string"/>
						</object>
						<object type="SQLExpressionPart" version="2">
							<property name="value" value=" '_' " valueType="string"/>
						</object>
						<object type="SQLConstant" version="2">
							<property name="name" value="CONCAT_STR" valueType="string"/>
						</object>
						<object type="SQLExpressionPart" version="2">
							<property name="value" value=" " valueType="string"/>
						</object>
						<object type="SQLPattern" version="3">
							<property name="name" value="isNull" valueType="string"/>
							<property name="parameters" valueType="table">
								<object type="SQLPattern:parameter" version="3">
									<property name="expressions" valueType="table">
										<object type="SQLPattern" version="3">
											<property name="name" value="numberToChar" valueType="string"/>
											<property name="parameters" valueType="table">
												<object type="SQLPattern:parameter" version="3">
													<property name="expressions" valueType="table">
														<object type="DataModel:fieldReference" version="3">
															<property name="value" valueType="url">DataModel["ModifyModel[Excess_Over_limits].Portfolio[LE_Exemptions].ModifyModel[Consolidated_Inputs].Aggregation[Consolidated_Inputs]"{ModifyModel[24637442-ea0c-41fa-a189-bfd8bd44cee0].Portfolio[ac93f7ec-7ce3-4c1a-8a33-9be6035cdfd5].ModifyModel[1c27aa4e-f356-43cf-99e3-70ef35fcc12d].Aggregation[56038b26-5dc2-40d4-bff2-f1753e928c3e]}].hierarchy["bands_opt_2"{9d2e5559-4381-4803-8a80-bae865c93c86}].dataSource.layout["upper_bound"{2edcada3-ca5f-45f6-ab18-ec7bd0b35331}]</property>
														</object>
													</property>
												</object>
											</property>
										</object>
									</property>
								</object>
								<object type="SQLPattern:parameter" version="3">
									<property name="expressions" valueType="table">
										<object type="SQLExpressionPart" version="2">
											<property name="value" value="''" valueType="string"/>
										</object>
									</property>
								</object>
							</property>
						</object>
						<object type="SQLExpressionPart" version="2">
							<property name="value" value=" ELSE " valueType="string"/>
						</object>
						<object type="SQLPattern" version="3">
							<property name="name" value="isNull" valueType="string"/>
							<property name="parameters" valueType="table">
								<object type="SQLPattern:parameter" version="3">
									<property name="expressions" valueType="table">
										<object type="SQLPattern" version="3">
											<property name="name" value="numberToChar" valueType="string"/>
											<property name="parameters" valueType="table">
												<object type="SQLPattern:parameter" version="3">
													<property name="expressions" valueType="table">
														<object type="DataModel:fieldReference" version="3">
															<property name="value" valueType="url">DataModel["ModifyModel[Excess_Over_limits].Portfolio[LE_Exemptions].ModifyModel[Consolidated_Inputs].Aggregation[Consolidated_Inputs]"{ModifyModel[24637442-ea0c-41fa-a189-bfd8bd44cee0].Portfolio[ac93f7ec-7ce3-4c1a-8a33-9be6035cdfd5].ModifyModel[1c27aa4e-f356-43cf-99e3-70ef35fcc12d].Aggregation[56038b26-5dc2-40d4-bff2-f1753e928c3e]}].hierarchy["bands"{2ef9977a-deb4-4456-b145-0f29728bd76f}].dataSource.layout["lower_bound"{1eb3aa61-18a7-45e5-b7b6-3762f93dff65}]</property>
														</object>
													</property>
												</object>
											</property>
										</object>
									</property>
								</object>
								<object type="SQLPattern:parameter" version="3">
									<property name="expressions" valueType="table">
										<object type="SQLExpressionPart" version="2">
											<property name="value" value="''" valueType="string"/>
										</object>
									</property>
								</object>
							</property>
						</object>
						<object type="SQLExpressionPart" version="2">
							<property name="value" value=" " valueType="string"/>
						</object>
						<object type="SQLConstant" version="2">
							<property name="name" value="CONCAT_STR" valueType="string"/>
						</object>
						<object type="SQLExpressionPart" version="2">
							<property name="value" value=" '_' " valueType="string"/>
						</object>
						<object type="SQLConstant" version="2">
							<property name="name" value="CONCAT_STR" valueType="string"/>
						</object>
						<object type="SQLExpressionPart" version="2">
							<property name="value" value=" " valueType="string"/>
						</object>
						<object type="SQLPattern" version="3">
							<property name="name" value="isNull" valueType="string"/>
							<property name="parameters" valueType="table">
								<object type="SQLPattern:parameter" version="3">
									<property name="expressions" valueType="table">
										<object type="SQLPattern" version="3">
											<property name="name" value="numberToChar" valueType="string"/>
											<property name="parameters" valueType="table">
												<object type="SQLPattern:parameter" version="3">
													<property name="expressions" valueType="table">
														<object type="DataModel:fieldReference" version="3">
															<property name="value" valueType="url">DataModel["ModifyModel[Excess_Over_limits].Portfolio[LE_Exemptions].ModifyModel[Consolidated_Inputs].Aggregation[Consolidated_Inputs]"{ModifyModel[24637442-ea0c-41fa-a189-bfd8bd44cee0].Portfolio[ac93f7ec-7ce3-4c1a-8a33-9be6035cdfd5].ModifyModel[1c27aa4e-f356-43cf-99e3-70ef35fcc12d].Aggregation[56038b26-5dc2-40d4-bff2-f1753e928c3e]}].hierarchy["bands"{2ef9977a-deb4-4456-b145-0f29728bd76f}].dataSource.layout["upper_bound"{2edcada3-ca5f-45f6-ab18-ec7bd0b35331}]</property>
														</object>
													</property>
												</object>
											</property>
										</object>
									</property>
								</object>
								<object type="SQLPattern:parameter" version="3">
									<property name="expressions" valueType="table">
										<object type="SQLExpressionPart" version="2">
											<property name="value" value="''" valueType="string"/>
										</object>
									</property>
								</object>
							</property>
						</object>
						<object type="SQLExpressionPart" version="2">
							<property name="value" value="  END" valueType="string"/>
						</object>
					</property>
					<property name="valueSize" value="20" valueType="integer"/>
					<property name="valueNullable" value="false" valueType="boolean"/>
					<property name="valueType" value="VARCHAR" valueType="string"/>
				</object>
			</property>
		</object>
		<object type="Aggregation:mapping" version="7">
			<property name="field" valueType="object">
				<object type="Aggregation:localCalcFieldReference" version="7">
					<property name="value" valueType="url">Aggregation[this].calcFields["tb_excss_prsstnc_prd"{a2f8c28e-2c5e-4d32-bef2-26a14cfab046}]</property>
				</object>
			</property>
			<property name="fieldMapping" valueType="table">
				<object type="Aggregation:fieldMapping" version="7">
					<property name="model" valueType="object">
						<object type="DataModel:reference" version="3">
							<property name="value" valueType="url">DataModel["ModifyModel[Excess_Over_limits].Portfolio[LE_Exemptions].ModifyModel[Consolidated_Inputs].Aggregation[Consolidated_Inputs]"{ModifyModel[24637442-ea0c-41fa-a189-bfd8bd44cee0].Portfolio[ac93f7ec-7ce3-4c1a-8a33-9be6035cdfd5].ModifyModel[1c27aa4e-f356-43cf-99e3-70ef35fcc12d].Aggregation[56038b26-5dc2-40d4-bff2-f1753e928c3e]}]</property>
						</object>
					</property>
					<property name="expression" valueType="table">
						<object type="SQLExpressionPart" version="2">
							<property name="value" value="CASE WHEN " valueType="string"/>
						</object>
						<object type="DataModel:fieldReference" version="3">
							<property name="value" valueType="url">DataModel["ModifyModel[Excess_Over_limits].Portfolio[LE_Exemptions].ModifyModel[Consolidated_Inputs].Aggregation[Consolidated_Inputs]"{ModifyModel[24637442-ea0c-41fa-a189-bfd8bd44cee0].Portfolio[ac93f7ec-7ce3-4c1a-8a33-9be6035cdfd5].ModifyModel[1c27aa4e-f356-43cf-99e3-70ef35fcc12d].Aggregation[56038b26-5dc2-40d4-bff2-f1753e928c3e]}].hierarchy["Aggregation"{56038b26-5dc2-40d4-bff2-f1753e928c3e}].dataSource.layout["id_prty"{2022678b-9262-4b2a-ac6d-e6d1d13135ce}]</property>
						</object>
						<object type="SQLExpressionPart" version="2">
							<property name="value" value="='UNKNOWN' THEN " valueType="string"/>
						</object>
						<object type="DataModel:fieldReference" version="3">
							<property name="value" valueType="url">DataModel["ModifyModel[Excess_Over_limits].Portfolio[LE_Exemptions].ModifyModel[Consolidated_Inputs].Aggregation[Consolidated_Inputs]"{ModifyModel[24637442-ea0c-41fa-a189-bfd8bd44cee0].Portfolio[ac93f7ec-7ce3-4c1a-8a33-9be6035cdfd5].ModifyModel[1c27aa4e-f356-43cf-99e3-70ef35fcc12d].Aggregation[56038b26-5dc2-40d4-bff2-f1753e928c3e]}].hierarchy["capital_resources"{971bbaac-72a6-4845-aed9-eb7b20ec37a2}].dataSource.layout["unknwn_clnt_tb_excss_prsst_prd"{c82c2b1b-c408-4175-958a-8f85e481a5a5}]</property>
						</object>
						<object type="SQLExpressionPart" version="2">
							<property name="value" value=" ELSE (case when " valueType="string"/>
						</object>
						<object type="DataModel:fieldReference" version="3">
							<property name="value" valueType="url">DataModel["ModifyModel[Excess_Over_limits].Portfolio[LE_Exemptions].ModifyModel[Consolidated_Inputs].Aggregation[Consolidated_Inputs]"{ModifyModel[24637442-ea0c-41fa-a189-bfd8bd44cee0].Portfolio[ac93f7ec-7ce3-4c1a-8a33-9be6035cdfd5].ModifyModel[1c27aa4e-f356-43cf-99e3-70ef35fcc12d].Aggregation[56038b26-5dc2-40d4-bff2-f1753e928c3e]}].hierarchy["tb_excess_ind"{be9278a3-461e-45a2-ba4a-05dfa17c1d47}].dataSource.layout["tb_excss_ind"{tb_excss_ind}]</property>
						</object>
						<object type="SQLExpressionPart" version="2">
							<property name="value" value="='N' then 0 else 1+ " valueType="string"/>
						</object>
						<object type="DataModel:fieldReference" version="3">
							<property name="value" valueType="url">DataModel["ModifyModel[Excess_Over_limits].Portfolio[LE_Exemptions].ModifyModel[Consolidated_Inputs].Aggregation[Consolidated_Inputs]"{ModifyModel[24637442-ea0c-41fa-a189-bfd8bd44cee0].Portfolio[ac93f7ec-7ce3-4c1a-8a33-9be6035cdfd5].ModifyModel[1c27aa4e-f356-43cf-99e3-70ef35fcc12d].Aggregation[56038b26-5dc2-40d4-bff2-f1753e928c3e]}].hierarchy["Aggregation"{56038b26-5dc2-40d4-bff2-f1753e928c3e}].dataSource.layout["tb_excss_prsst_prd_gcc"{0e14c25d-1e30-44d9-99dc-d5249ae663bc}]</property>
						</object>
						<object type="SQLExpressionPart" version="2">
							<property name="value" value=" end) END" valueType="string"/>
						</object>
					</property>
					<property name="valueNullable" value="false" valueType="boolean"/>
					<property name="valueType" value="INTEGER" valueType="string"/>
				</object>
			</property>
		</object>
		<object type="Aggregation:mapping" version="7">
			<property name="field" valueType="object">
				<object type="Aggregation:localCalcFieldReference" version="7">
					<property name="value" valueType="url">Aggregation[this].calcFields["band_prcntg"{7573fed4-d1d0-4b72-9570-b830b8cdef51}]</property>
				</object>
			</property>
			<property name="fieldMapping" valueType="table">
				<object type="Aggregation:fieldMapping" version="7">
					<property name="model" valueType="object">
						<object type="DataModel:reference" version="3">
							<property name="value" valueType="url">DataModel["ModifyModel[Excess_Over_limits].Portfolio[LE_Exemptions].ModifyModel[Consolidated_Inputs].Aggregation[Consolidated_Inputs]"{ModifyModel[24637442-ea0c-41fa-a189-bfd8bd44cee0].Portfolio[ac93f7ec-7ce3-4c1a-8a33-9be6035cdfd5].ModifyModel[1c27aa4e-f356-43cf-99e3-70ef35fcc12d].Aggregation[56038b26-5dc2-40d4-bff2-f1753e928c3e]}]</property>
						</object>
					</property>
					<property name="expression" valueType="table">
						<object type="SQLExpressionPart" version="2">
							<property name="value" value="CASE WHEN " valueType="string"/>
						</object>
						<object type="DataModel:fieldReference" version="3">
							<property name="value" valueType="url">DataModel["ModifyModel[Excess_Over_limits].Portfolio[LE_Exemptions].ModifyModel[Consolidated_Inputs].Aggregation[Consolidated_Inputs]"{ModifyModel[24637442-ea0c-41fa-a189-bfd8bd44cee0].Portfolio[ac93f7ec-7ce3-4c1a-8a33-9be6035cdfd5].ModifyModel[1c27aa4e-f356-43cf-99e3-70ef35fcc12d].Aggregation[56038b26-5dc2-40d4-bff2-f1753e928c3e]}].hierarchy["capital_resources"{971bbaac-72a6-4845-aed9-eb7b20ec37a2}].dataSource.layout["tb_excss_ovr_lmt_ind"{850bbe81-153b-483e-b463-3dc0f23a75f6}]</property>
						</object>
						<object type="SQLExpressionPart" version="2">
							<property name="value" value=" = 'Y' THEN " valueType="string"/>
						</object>
						<object type="DataModel:fieldReference" version="3">
							<property name="value" valueType="url">DataModel["ModifyModel[Excess_Over_limits].Portfolio[LE_Exemptions].ModifyModel[Consolidated_Inputs].Aggregation[Consolidated_Inputs]"{ModifyModel[24637442-ea0c-41fa-a189-bfd8bd44cee0].Portfolio[ac93f7ec-7ce3-4c1a-8a33-9be6035cdfd5].ModifyModel[1c27aa4e-f356-43cf-99e3-70ef35fcc12d].Aggregation[56038b26-5dc2-40d4-bff2-f1753e928c3e]}].hierarchy["bands_opt_2"{9d2e5559-4381-4803-8a80-bae865c93c86}].dataSource.layout["percentage"{99e8c11f-1ab7-4b0a-ab69-15dc32f125c1}]</property>
						</object>
						<object type="SQLExpressionPart" version="2">
							<property name="value" value=" ELSE " valueType="string"/>
						</object>
						<object type="DataModel:fieldReference" version="3">
							<property name="value" valueType="url">DataModel["ModifyModel[Excess_Over_limits].Portfolio[LE_Exemptions].ModifyModel[Consolidated_Inputs].Aggregation[Consolidated_Inputs]"{ModifyModel[24637442-ea0c-41fa-a189-bfd8bd44cee0].Portfolio[ac93f7ec-7ce3-4c1a-8a33-9be6035cdfd5].ModifyModel[1c27aa4e-f356-43cf-99e3-70ef35fcc12d].Aggregation[56038b26-5dc2-40d4-bff2-f1753e928c3e]}].hierarchy["bands"{2ef9977a-deb4-4456-b145-0f29728bd76f}].dataSource.layout["percentage"{99e8c11f-1ab7-4b0a-ab69-15dc32f125c1}]</property>
						</object>
						<object type="SQLExpressionPart" version="2">
							<property name="value" value=" END" valueType="string"/>
						</object>
					</property>
					<property name="valueNullable" value="false" valueType="boolean"/>
					<property name="valueType" value="FLOAT" valueType="string"/>
				</object>
			</property>
		</object>
		<object type="Aggregation:mapping" version="7">
			<property name="field" valueType="object">
				<object type="Aggregation:localCalcFieldReference" version="7">
					<property name="value" valueType="url">Aggregation[this].calcFields["slctd_prcntg"{a819c4b2-edb9-462c-9c49-7997148951ff}]</property>
				</object>
			</property>
			<property name="fieldMapping" valueType="table">
				<object type="Aggregation:fieldMapping" version="7">
					<property name="model" valueType="object">
						<object type="DataModel:reference" version="3">
							<property name="value" valueType="url">DataModel["ModifyModel[Excess_Over_limits].Portfolio[LE_Exemptions].ModifyModel[Consolidated_Inputs].Aggregation[Consolidated_Inputs]"{ModifyModel[24637442-ea0c-41fa-a189-bfd8bd44cee0].Portfolio[ac93f7ec-7ce3-4c1a-8a33-9be6035cdfd5].ModifyModel[1c27aa4e-f356-43cf-99e3-70ef35fcc12d].Aggregation[56038b26-5dc2-40d4-bff2-f1753e928c3e]}]</property>
						</object>
					</property>
					<property name="expression" valueType="table">
						<object type="SQLExpressionPart" version="2">
							<property name="value" value="CASE WHEN " valueType="string"/>
						</object>
						<object type="DataModel:fieldReference" version="3">
							<property name="value" valueType="url">DataModel["ModifyModel[Excess_Over_limits].Portfolio[LE_Exemptions].ModifyModel[Consolidated_Inputs].Aggregation[Consolidated_Inputs]"{ModifyModel[24637442-ea0c-41fa-a189-bfd8bd44cee0].Portfolio[ac93f7ec-7ce3-4c1a-8a33-9be6035cdfd5].ModifyModel[1c27aa4e-f356-43cf-99e3-70ef35fcc12d].Aggregation[56038b26-5dc2-40d4-bff2-f1753e928c3e]}].hierarchy["tb_excess_ind"{be9278a3-461e-45a2-ba4a-05dfa17c1d47}].dataSource.layout["tb_excss_ind"{tb_excss_ind}]</property>
						</object>
						<object type="SQLExpressionPart" version="2">
							<property name="value" value="='N' THEN 0 ELSE (CASE WHEN (1+ " valueType="string"/>
						</object>
						<object type="DataModel:fieldReference" version="3">
							<property name="value" valueType="url">DataModel["ModifyModel[Excess_Over_limits].Portfolio[LE_Exemptions].ModifyModel[Consolidated_Inputs].Aggregation[Consolidated_Inputs]"{ModifyModel[24637442-ea0c-41fa-a189-bfd8bd44cee0].Portfolio[ac93f7ec-7ce3-4c1a-8a33-9be6035cdfd5].ModifyModel[1c27aa4e-f356-43cf-99e3-70ef35fcc12d].Aggregation[56038b26-5dc2-40d4-bff2-f1753e928c3e]}].hierarchy["Aggregation"{56038b26-5dc2-40d4-bff2-f1753e928c3e}].dataSource.layout["tb_excss_prsst_prd_gcc"{0e14c25d-1e30-44d9-99dc-d5249ae663bc}]</property>
						</object>
						<object type="SQLExpressionPart" version="2">
							<property name="value" value=") >10 THEN (CASE WHEN " valueType="string"/>
						</object>
						<object type="DataModel:fieldReference" version="3">
							<property name="value" valueType="url">DataModel["ModifyModel[Excess_Over_limits].Portfolio[LE_Exemptions].ModifyModel[Consolidated_Inputs].Aggregation[Consolidated_Inputs]"{ModifyModel[24637442-ea0c-41fa-a189-bfd8bd44cee0].Portfolio[ac93f7ec-7ce3-4c1a-8a33-9be6035cdfd5].ModifyModel[1c27aa4e-f356-43cf-99e3-70ef35fcc12d].Aggregation[56038b26-5dc2-40d4-bff2-f1753e928c3e]}].hierarchy["capital_resources"{971bbaac-72a6-4845-aed9-eb7b20ec37a2}].dataSource.layout["tb_excss_ovr_lmt_ind"{850bbe81-153b-483e-b463-3dc0f23a75f6}]</property>
						</object>
						<object type="SQLExpressionPart" version="2">
							<property name="value" value=" = 'Y' THEN " valueType="string"/>
						</object>
						<object type="DataModel:fieldReference" version="3">
							<property name="value" valueType="url">DataModel["ModifyModel[Excess_Over_limits].Portfolio[LE_Exemptions].ModifyModel[Consolidated_Inputs].Aggregation[Consolidated_Inputs]"{ModifyModel[24637442-ea0c-41fa-a189-bfd8bd44cee0].Portfolio[ac93f7ec-7ce3-4c1a-8a33-9be6035cdfd5].ModifyModel[1c27aa4e-f356-43cf-99e3-70ef35fcc12d].Aggregation[56038b26-5dc2-40d4-bff2-f1753e928c3e]}].hierarchy["bands_opt_2"{9d2e5559-4381-4803-8a80-bae865c93c86}].dataSource.layout["percentage"{99e8c11f-1ab7-4b0a-ab69-15dc32f125c1}]</property>
						</object>
						<object type="SQLExpressionPart" version="2">
							<property name="value" value=" ELSE " valueType="string"/>
						</object>
						<object type="DataModel:fieldReference" version="3">
							<property name="value" valueType="url">DataModel["ModifyModel[Excess_Over_limits].Portfolio[LE_Exemptions].ModifyModel[Consolidated_Inputs].Aggregation[Consolidated_Inputs]"{ModifyModel[24637442-ea0c-41fa-a189-bfd8bd44cee0].Portfolio[ac93f7ec-7ce3-4c1a-8a33-9be6035cdfd5].ModifyModel[1c27aa4e-f356-43cf-99e3-70ef35fcc12d].Aggregation[56038b26-5dc2-40d4-bff2-f1753e928c3e]}].hierarchy["bands"{2ef9977a-deb4-4456-b145-0f29728bd76f}].dataSource.layout["percentage"{99e8c11f-1ab7-4b0a-ab69-15dc32f125c1}]</property>
						</object>
						<object type="SQLExpressionPart" version="2">
							<property name="value" value=" END) ELSE 200 END) END" valueType="string"/>
						</object>
					</property>
					<property name="valueNullable" value="false" valueType="boolean"/>
					<property name="valueType" value="FLOAT" valueType="string"/>
				</object>
			</property>
		</object>
		<object type="Aggregation:mapping" version="7">
			<property name="field" valueType="object">
				<object type="Aggregation:localCalcFieldReference" version="7">
					<property name="value" valueType="url">Aggregation[this].calcFields["expsr_allctd_to_band"{4d87caec-1df9-4281-8554-c2995c004dc0}]</property>
				</object>
			</property>
			<property name="fieldMapping" valueType="table">
				<object type="Aggregation:fieldMapping" version="7">
					<property name="model" valueType="object">
						<object type="DataModel:reference" version="3">
							<property name="value" valueType="url">DataModel["ModifyModel[Excess_Over_limits].Portfolio[LE_Exemptions].ModifyModel[Consolidated_Inputs].Aggregation[Consolidated_Inputs]"{ModifyModel[24637442-ea0c-41fa-a189-bfd8bd44cee0].Portfolio[ac93f7ec-7ce3-4c1a-8a33-9be6035cdfd5].ModifyModel[1c27aa4e-f356-43cf-99e3-70ef35fcc12d].Aggregation[56038b26-5dc2-40d4-bff2-f1753e928c3e]}]</property>
						</object>
					</property>
					<property name="expression" valueType="table">
						<object type="SQLExpressionPart" version="2">
							<property name="value" value="CASE WHEN " valueType="string"/>
						</object>
						<object type="DataModel:fieldReference" version="3">
							<property name="value" valueType="url">DataModel["ModifyModel[Excess_Over_limits].Portfolio[LE_Exemptions].ModifyModel[Consolidated_Inputs].Aggregation[Consolidated_Inputs]"{ModifyModel[24637442-ea0c-41fa-a189-bfd8bd44cee0].Portfolio[ac93f7ec-7ce3-4c1a-8a33-9be6035cdfd5].ModifyModel[1c27aa4e-f356-43cf-99e3-70ef35fcc12d].Aggregation[56038b26-5dc2-40d4-bff2-f1753e928c3e]}].hierarchy["capital_resources"{971bbaac-72a6-4845-aed9-eb7b20ec37a2}].dataSource.layout["tb_excss_ovr_lmt_ind"{850bbe81-153b-483e-b463-3dc0f23a75f6}]</property>
						</object>
						<object type="SQLExpressionPart" version="2">
							<property name="value" value=" = 'Y' THEN  (" valueType="string"/>
						</object>
						<object type="SQLPattern" version="3">
							<property name="name" value="least" valueType="string"/>
							<property name="parameters" valueType="table">
								<object type="SQLPattern:parameter" version="3">
									<property name="expressions" valueType="table">
										<object type="DataModel:fieldReference" version="3">
											<property name="value" valueType="url">DataModel["ModifyModel[Excess_Over_limits].Portfolio[LE_Exemptions].ModifyModel[Consolidated_Inputs].Aggregation[Consolidated_Inputs]"{ModifyModel[24637442-ea0c-41fa-a189-bfd8bd44cee0].Portfolio[ac93f7ec-7ce3-4c1a-8a33-9be6035cdfd5].ModifyModel[1c27aa4e-f356-43cf-99e3-70ef35fcc12d].Aggregation[56038b26-5dc2-40d4-bff2-f1753e928c3e]}].hierarchy["allocated_exposure"{73f447f1-4315-4f57-b74a-23583023d7e0}].dataSource.layout["fnsh_prcntg"{fnsh_prcntg}]</property>
										</object>
									</property>
								</object>
								<object type="SQLPattern:parameter" version="3">
									<property name="expressions" valueType="table">
										<object type="DataModel:fieldReference" version="3">
											<property name="value" valueType="url">DataModel["ModifyModel[Excess_Over_limits].Portfolio[LE_Exemptions].ModifyModel[Consolidated_Inputs].Aggregation[Consolidated_Inputs]"{ModifyModel[24637442-ea0c-41fa-a189-bfd8bd44cee0].Portfolio[ac93f7ec-7ce3-4c1a-8a33-9be6035cdfd5].ModifyModel[1c27aa4e-f356-43cf-99e3-70ef35fcc12d].Aggregation[56038b26-5dc2-40d4-bff2-f1753e928c3e]}].hierarchy["bands_opt_2"{9d2e5559-4381-4803-8a80-bae865c93c86}].dataSource.layout["upper_bound"{2edcada3-ca5f-45f6-ab18-ec7bd0b35331}]</property>
										</object>
									</property>
								</object>
							</property>
						</object>
						<object type="SQLExpressionPart" version="2">
							<property name="value" value=" - " valueType="string"/>
						</object>
						<object type="SQLPattern" version="3">
							<property name="name" value="greatest" valueType="string"/>
							<property name="parameters" valueType="table">
								<object type="SQLPattern:parameter" version="3">
									<property name="expressions" valueType="table">
										<object type="DataModel:fieldReference" version="3">
											<property name="value" valueType="url">DataModel["ModifyModel[Excess_Over_limits].Portfolio[LE_Exemptions].ModifyModel[Consolidated_Inputs].Aggregation[Consolidated_Inputs]"{ModifyModel[24637442-ea0c-41fa-a189-bfd8bd44cee0].Portfolio[ac93f7ec-7ce3-4c1a-8a33-9be6035cdfd5].ModifyModel[1c27aa4e-f356-43cf-99e3-70ef35fcc12d].Aggregation[56038b26-5dc2-40d4-bff2-f1753e928c3e]}].hierarchy["allocated_exposure"{73f447f1-4315-4f57-b74a-23583023d7e0}].dataSource.layout["strt_prcntg"{strt_prcntg}]</property>
										</object>
									</property>
								</object>
								<object type="SQLPattern:parameter" version="3">
									<property name="expressions" valueType="table">
										<object type="DataModel:fieldReference" version="3">
											<property name="value" valueType="url">DataModel["ModifyModel[Excess_Over_limits].Portfolio[LE_Exemptions].ModifyModel[Consolidated_Inputs].Aggregation[Consolidated_Inputs]"{ModifyModel[24637442-ea0c-41fa-a189-bfd8bd44cee0].Portfolio[ac93f7ec-7ce3-4c1a-8a33-9be6035cdfd5].ModifyModel[1c27aa4e-f356-43cf-99e3-70ef35fcc12d].Aggregation[56038b26-5dc2-40d4-bff2-f1753e928c3e]}].hierarchy["bands_opt_2"{9d2e5559-4381-4803-8a80-bae865c93c86}].dataSource.layout["lower_bound"{1eb3aa61-18a7-45e5-b7b6-3762f93dff65}]</property>
										</object>
									</property>
								</object>
							</property>
						</object>
						<object type="SQLExpressionPart" version="2">
							<property name="value" value=")* " valueType="string"/>
						</object>
						<object type="DataModel:fieldReference" version="3">
							<property name="value" valueType="url">DataModel["ModifyModel[Excess_Over_limits].Portfolio[LE_Exemptions].ModifyModel[Consolidated_Inputs].Aggregation[Consolidated_Inputs]"{ModifyModel[24637442-ea0c-41fa-a189-bfd8bd44cee0].Portfolio[ac93f7ec-7ce3-4c1a-8a33-9be6035cdfd5].ModifyModel[1c27aa4e-f356-43cf-99e3-70ef35fcc12d].Aggregation[56038b26-5dc2-40d4-bff2-f1753e928c3e]}].hierarchy["capital_resources"{971bbaac-72a6-4845-aed9-eb7b20ec37a2}].dataSource.layout["tr1_cptl"{8e56cf95-c529-4559-b7bf-d4cb20b9eadc}]</property>
						</object>
						<object type="SQLExpressionPart" version="2">
							<property name="value" value="/100  ELSE (" valueType="string"/>
						</object>
						<object type="SQLPattern" version="3">
							<property name="name" value="least" valueType="string"/>
							<property name="parameters" valueType="table">
								<object type="SQLPattern:parameter" version="3">
									<property name="expressions" valueType="table">
										<object type="DataModel:fieldReference" version="3">
											<property name="value" valueType="url">DataModel["ModifyModel[Excess_Over_limits].Portfolio[LE_Exemptions].ModifyModel[Consolidated_Inputs].Aggregation[Consolidated_Inputs]"{ModifyModel[24637442-ea0c-41fa-a189-bfd8bd44cee0].Portfolio[ac93f7ec-7ce3-4c1a-8a33-9be6035cdfd5].ModifyModel[1c27aa4e-f356-43cf-99e3-70ef35fcc12d].Aggregation[56038b26-5dc2-40d4-bff2-f1753e928c3e]}].hierarchy["allocated_exposure"{73f447f1-4315-4f57-b74a-23583023d7e0}].dataSource.layout["fnsh_prcntg"{fnsh_prcntg}]</property>
										</object>
									</property>
								</object>
								<object type="SQLPattern:parameter" version="3">
									<property name="expressions" valueType="table">
										<object type="DataModel:fieldReference" version="3">
											<property name="value" valueType="url">DataModel["ModifyModel[Excess_Over_limits].Portfolio[LE_Exemptions].ModifyModel[Consolidated_Inputs].Aggregation[Consolidated_Inputs]"{ModifyModel[24637442-ea0c-41fa-a189-bfd8bd44cee0].Portfolio[ac93f7ec-7ce3-4c1a-8a33-9be6035cdfd5].ModifyModel[1c27aa4e-f356-43cf-99e3-70ef35fcc12d].Aggregation[56038b26-5dc2-40d4-bff2-f1753e928c3e]}].hierarchy["bands"{2ef9977a-deb4-4456-b145-0f29728bd76f}].dataSource.layout["upper_bound"{2edcada3-ca5f-45f6-ab18-ec7bd0b35331}]</property>
										</object>
									</property>
								</object>
							</property>
						</object>
						<object type="SQLExpressionPart" version="2">
							<property name="value" value=" - " valueType="string"/>
						</object>
						<object type="SQLPattern" version="3">
							<property name="name" value="greatest" valueType="string"/>
							<property name="parameters" valueType="table">
								<object type="SQLPattern:parameter" version="3">
									<property name="expressions" valueType="table">
										<object type="DataModel:fieldReference" version="3">
											<property name="value" valueType="url">DataModel["ModifyModel[Excess_Over_limits].Portfolio[LE_Exemptions].ModifyModel[Consolidated_Inputs].Aggregation[Consolidated_Inputs]"{ModifyModel[24637442-ea0c-41fa-a189-bfd8bd44cee0].Portfolio[ac93f7ec-7ce3-4c1a-8a33-9be6035cdfd5].ModifyModel[1c27aa4e-f356-43cf-99e3-70ef35fcc12d].Aggregation[56038b26-5dc2-40d4-bff2-f1753e928c3e]}].hierarchy["allocated_exposure"{73f447f1-4315-4f57-b74a-23583023d7e0}].dataSource.layout["strt_prcntg"{strt_prcntg}]</property>
										</object>
									</property>
								</object>
								<object type="SQLPattern:parameter" version="3">
									<property name="expressions" valueType="table">
										<object type="DataModel:fieldReference" version="3">
											<property name="value" valueType="url">DataModel["ModifyModel[Excess_Over_limits].Portfolio[LE_Exemptions].ModifyModel[Consolidated_Inputs].Aggregation[Consolidated_Inputs]"{ModifyModel[24637442-ea0c-41fa-a189-bfd8bd44cee0].Portfolio[ac93f7ec-7ce3-4c1a-8a33-9be6035cdfd5].ModifyModel[1c27aa4e-f356-43cf-99e3-70ef35fcc12d].Aggregation[56038b26-5dc2-40d4-bff2-f1753e928c3e]}].hierarchy["bands"{2ef9977a-deb4-4456-b145-0f29728bd76f}].dataSource.layout["lower_bound"{1eb3aa61-18a7-45e5-b7b6-3762f93dff65}]</property>
										</object>
									</property>
								</object>
							</property>
						</object>
						<object type="SQLExpressionPart" version="2">
							<property name="value" value=")* " valueType="string"/>
						</object>
						<object type="DataModel:fieldReference" version="3">
							<property name="value" valueType="url">DataModel["ModifyModel[Excess_Over_limits].Portfolio[LE_Exemptions].ModifyModel[Consolidated_Inputs].Aggregation[Consolidated_Inputs]"{ModifyModel[24637442-ea0c-41fa-a189-bfd8bd44cee0].Portfolio[ac93f7ec-7ce3-4c1a-8a33-9be6035cdfd5].ModifyModel[1c27aa4e-f356-43cf-99e3-70ef35fcc12d].Aggregation[56038b26-5dc2-40d4-bff2-f1753e928c3e]}].hierarchy["capital_resources"{971bbaac-72a6-4845-aed9-eb7b20ec37a2}].dataSource.layout["tr1_cptl"{8e56cf95-c529-4559-b7bf-d4cb20b9eadc}]</property>
						</object>
						<object type="SQLExpressionPart" version="2">
							<property name="value" value="/100 END" valueType="string"/>
						</object>
					</property>
					<property name="valueNullable" value="false" valueType="boolean"/>
					<property name="valueType" value="FLOAT" valueType="string"/>
				</object>
			</property>
		</object>
		<object type="Aggregation:mapping" version="7">
			<property name="field" valueType="object">
				<object type="Aggregation:localCalcFieldReference" version="7">
					<property name="value" valueType="url">Aggregation[this].calcFields["cptl_rqrmnt"{487d45f0-125a-44a2-94c2-8a063e1dff3f}]</property>
				</object>
			</property>
			<property name="fieldMapping" valueType="table">
				<object type="Aggregation:fieldMapping" version="7">
					<property name="model" valueType="object">
						<object type="DataModel:reference" version="3">
							<property name="value" valueType="url">DataModel["ModifyModel[Excess_Over_limits].Portfolio[LE_Exemptions].ModifyModel[Consolidated_Inputs].Aggregation[Consolidated_Inputs]"{ModifyModel[24637442-ea0c-41fa-a189-bfd8bd44cee0].Portfolio[ac93f7ec-7ce3-4c1a-8a33-9be6035cdfd5].ModifyModel[1c27aa4e-f356-43cf-99e3-70ef35fcc12d].Aggregation[56038b26-5dc2-40d4-bff2-f1753e928c3e]}]</property>
						</object>
					</property>
					<property name="expression" valueType="table">
						<object type="DataModel:fieldReference" version="3">
							<property name="value" valueType="url">DataModel["ModifyModel[Excess_Over_limits].Portfolio[LE_Exemptions].ModifyModel[Consolidated_Inputs].Aggregation[Consolidated_Inputs]"{ModifyModel[24637442-ea0c-41fa-a189-bfd8bd44cee0].Portfolio[ac93f7ec-7ce3-4c1a-8a33-9be6035cdfd5].ModifyModel[1c27aa4e-f356-43cf-99e3-70ef35fcc12d].Aggregation[56038b26-5dc2-40d4-bff2-f1753e928c3e]}].hierarchy["Aggregation"{56038b26-5dc2-40d4-bff2-f1753e928c3e}].dataSource.layout["cptl_rqrmnt"{fe115ca3-ff45-4e88-ba89-d5de3d0a3f38}]</property>
						</object>
					</property>
				</object>
			</property>
		</object>
		<object type="Aggregation:mapping" version="7">
			<property name="field" valueType="object">
				<object type="Aggregation:localCalcFieldReference" version="7">
					<property name="value" valueType="url">Aggregation[this].calcFields["tr1_cptl"{01b2f5b3-80b3-4193-a27c-26a64284ce63}]</property>
				</object>
			</property>
			<property name="fieldMapping" valueType="table">
				<object type="Aggregation:fieldMapping" version="7">
					<property name="model" valueType="object">
						<object type="DataModel:reference" version="3">
							<property name="value" valueType="url">DataModel["ModifyModel[Excess_Over_limits].Portfolio[LE_Exemptions].ModifyModel[Consolidated_Inputs].Aggregation[Consolidated_Inputs]"{ModifyModel[24637442-ea0c-41fa-a189-bfd8bd44cee0].Portfolio[ac93f7ec-7ce3-4c1a-8a33-9be6035cdfd5].ModifyModel[1c27aa4e-f356-43cf-99e3-70ef35fcc12d].Aggregation[56038b26-5dc2-40d4-bff2-f1753e928c3e]}]</property>
						</object>
					</property>
					<property name="expression" valueType="table">
						<object type="DataModel:fieldReference" version="3">
							<property name="value" valueType="url">DataModel["ModifyModel[Excess_Over_limits].Portfolio[LE_Exemptions].ModifyModel[Consolidated_Inputs].Aggregation[Consolidated_Inputs]"{ModifyModel[24637442-ea0c-41fa-a189-bfd8bd44cee0].Portfolio[ac93f7ec-7ce3-4c1a-8a33-9be6035cdfd5].ModifyModel[1c27aa4e-f356-43cf-99e3-70ef35fcc12d].Aggregation[56038b26-5dc2-40d4-bff2-f1753e928c3e]}].hierarchy["capital_resources"{971bbaac-72a6-4845-aed9-eb7b20ec37a2}].dataSource.layout["tr1_cptl"{8e56cf95-c529-4559-b7bf-d4cb20b9eadc}]</property>
						</object>
					</property>
				</object>
			</property>
		</object>
	</property>
	<property name="storageType" value="CONTINUOUS_PARTITION" valueType="string"/>
	<property name="postTableCreationStatements" valueType="table"/>
	<property name="postAdjustmentTableCreationStatements" valueType="table"/>
	<property name="detailsAsKeys" value="true" valueType="boolean"/>
	<property name="dbSourceForResults" valueType="url">DBSource["POSTGRES"{7141b02a-a2bf-46bb-9ad0-fa1087f431e1}]</property>
	<property name="archivalProperties" valueType="object">
		<object type="ArchivalProperties" version="2">
			<property name="daily" value="false" valueType="boolean"/>
			<property name="weekly" value="false" valueType="boolean"/>
			<property name="monthly" value="false" valueType="boolean"/>
			<property name="quarterly" value="false" valueType="boolean"/>
			<property name="semiAnnually" value="false" valueType="boolean"/>
			<property name="annually" value="false" valueType="boolean"/>
			<property name="intraDay" value="false" valueType="boolean"/>
			<property name="userDefined" value="false" valueType="boolean"/>
		</object>
	</property>
	<property name="condition" valueType="tree">
		<objectNode type="Condition" version="3">
			<property name="isNegated" value="false" valueType="boolean"/>
			<property name="groupingOperator" value="AND" valueType="string"/>
			<children>
				<objectNode type="Condition:singularConcrete" version="3">
					<property name="field" valueType="object">
						<object type="DataModel:fieldMap" version="3">
							<property name="map" valueType="table">
								<object type="DataModel:fieldReference" version="3">
									<property name="value" valueType="url">DataModel["ModifyModel[Excess_Over_limits].Portfolio[LE_Exemptions].ModifyModel[Consolidated_Inputs].Aggregation[Consolidated_Inputs]"{ModifyModel[24637442-ea0c-41fa-a189-bfd8bd44cee0].Portfolio[ac93f7ec-7ce3-4c1a-8a33-9be6035cdfd5].ModifyModel[1c27aa4e-f356-43cf-99e3-70ef35fcc12d].Aggregation[56038b26-5dc2-40d4-bff2-f1753e928c3e]}].hierarchy["allocated_exposure"{73f447f1-4315-4f57-b74a-23583023d7e0}].dataSource.layout["tb_excss_vl"{tb_excss_vl}]</property>
								</object>
							</property>
						</object>
					</property>
					<property name="operation" value=">" valueType="string"/>
					<property name="value" value="0.0" valueType="string"/>
				</objectNode>
				<objectNode type="Condition:singularConcrete" version="3">
					<property name="field" valueType="object">
						<object type="DataModel:fieldMap" version="3">
							<property name="map" valueType="table">
								<object type="DataModel:fieldReference" version="3">
									<property name="value" valueType="url">DataModel["ModifyModel[Excess_Over_limits].Portfolio[LE_Exemptions].ModifyModel[Consolidated_Inputs].Aggregation[Consolidated_Inputs]"{ModifyModel[24637442-ea0c-41fa-a189-bfd8bd44cee0].Portfolio[ac93f7ec-7ce3-4c1a-8a33-9be6035cdfd5].ModifyModel[1c27aa4e-f356-43cf-99e3-70ef35fcc12d].Aggregation[56038b26-5dc2-40d4-bff2-f1753e928c3e]}].hierarchy["Aggregation"{56038b26-5dc2-40d4-bff2-f1753e928c3e}].dataSource.layout["id_grp_cnnctd_clnts_or_indvdl"{d2ae2be9-7491-41ef-b47b-7c47f872bdb6}]</property>
								</object>
							</property>
						</object>
					</property>
					<property name="operation" value="!=" valueType="string"/>
					<property name="value" value="" valueType="string"/>
				</objectNode>
			</children>
		</objectNode>
	</property>
	<property name="doNotAggregate" value="false" valueType="boolean"/>
	<property name="fourEyesCheck" value="false" valueType="boolean"/>
	<property name="trackDrilldownInformation" value="true" valueType="boolean"/>
	<property name="trackAllInstancesMode" value="NONE" valueType="string"/>
	<property name="computeStatistics" value="FOR_ALL_COLUMNS" valueType="string"/>
	<property name="instanceRebuildRestriction" value="AlterFullRebuild" valueType="string"/>
	<property name="allowExternalDataPermissions" value="false" valueType="boolean"/>
</object>