<object stamp="6e5f026b-c2fb-4f01-b5d6-67cb9a7937f1_1724680265286" type="Aggregation" version="12">
	<property name="name" value="Sorted_Largest_Exposures" valueType="string"/>
	<property name="description" value="" valueType="string"/>
	<property name="objectId" value="f0313541-14d2-420b-850f-7f8ff6a1ea70" valueType="string"/>
	<property name="branchId" value="2d880ea3-e370-4c0a-b28c-032d0b3a287e" valueType="string"/>
	<property name="comment" value="Article 394 (2)&#xa;&#xa;This object classifies 10 largest exposures on a consolidated basis to institutions as well as its 10 largest exposures on a consolidated basis to unregulated financial sector entities, &#xa;including large exposures exempted from the application of Article 395(1)&#xa;&#xa;Key fields in this object are as follows&#xa;institution_or_unregulated_ind. This is derived in Aggregation[CRD4_Art_394_Exposures_to_connected_clients] is used to classify it the exposure is to an institution or unregulated financual entity. &#xa;order_number. This sorts the large exposure in descending order. &#xa;total_exposure_before_crm. Article 394 2(b)&#xa;total_exposure_after_crm. Article 394 2(d)&#xa;" valueType="string"/>
	<property name="models" valueType="table">
		<object type="ModelBasedTask:modelEntry" version="3">
			<property name="dataModel" valueType="url">DataModel["Aggregation[Sorted_Largest_Exposures_Pre]"{Aggregation[3b7e515a-434d-452d-b173-5ce7c95eb29e]}]</property>
			<property name="instanceSelectionRule" valueType="object">
				<object type="InstanceSelectionRule" version="3">
					<property name="instanceDateRule" valueType="object">
						<object type="InstanceSelectionRule:rule" version="3">
							<property name="type" value="EQUAL" valueType="string"/>
						</object>
					</property>
					<property name="instanceKeyRules" valueType="table"/>
				</object>
			</property>
		</object>
	</property>
	<property name="requiresAllModels" value="true" valueType="boolean"/>
	<property name="parameters" valueType="table"/>
	<property name="details" valueType="table">
		<object type="Aggregation:detail" version="6">
			<property name="name" value="entity" valueType="string"/>
			<property name="description" value="" valueType="string"/>
			<property name="id" value="0e67a903-751e-4f10-a417-5a36473dc10e" valueType="string"/>
			<property name="overrideLookupInformation" value="false" valueType="boolean"/>
			<property name="displayFormat" value="" valueType="string"/>
			<property name="title" value="Entity" valueType="string"/>
			<property name="overrideNullable" value="DEFAULT" valueType="string"/>
		</object>
		<object type="Aggregation:detail" version="6">
			<property name="name" value="id_grp_cnnctd_clnts_or_indvdl" valueType="string"/>
			<property name="description" value="" valueType="string"/>
			<property name="id" value="ddab6916-43a4-4ed1-ab45-030b8be98a24" valueType="string"/>
			<property name="overrideLookupInformation" value="false" valueType="boolean"/>
			<property name="displayFormat" value="" valueType="string"/>
			<property name="title" value="Group of Connected Clients/Individual ID" valueType="string"/>
			<property name="overrideNullable" value="NOT_NULLABLE" valueType="string"/>
		</object>
		<object type="Aggregation:detail" version="6">
			<property name="name" value="enm_instttn_or_shdw_bnk" valueType="string"/>
			<property name="description" value="" valueType="string"/>
			<property name="id" value="404e21f7-f83d-49e1-8e8e-94c5f0895d42" valueType="string"/>
			<property name="overrideLookupInformation" value="false" valueType="boolean"/>
			<property name="displayFormat" value="" valueType="string"/>
			<property name="title" value="Institution (I) or Shadow Bank (S)" valueType="string"/>
			<property name="overrideNullable" value="NOT_NULLABLE" valueType="string"/>
		</object>
		<object type="Aggregation:detail" version="6">
			<property name="name" value="id_mmbr_of_grp_cnnctd_clnts" valueType="string"/>
			<property name="description" value="" valueType="string"/>
			<property name="id" value="26b0d764-1ce5-4fcd-bb90-d7b01824efc0" valueType="string"/>
			<property name="overrideLookupInformation" value="false" valueType="boolean"/>
			<property name="displayFormat" value="" valueType="string"/>
			<property name="title" value="Member of Group of Connected Clients ID" valueType="string"/>
			<property name="overrideNullable" value="NOT_NULLABLE" valueType="string"/>
		</object>
		<object type="Aggregation:detail" version="6">
			<property name="name" value="id_trc" valueType="string"/>
			<property name="description" value="" valueType="string"/>
			<property name="id" value="73834bd1-b0b8-4573-af3b-56e132efadda" valueType="string"/>
			<property name="overrideLookupInformation" value="false" valueType="boolean"/>
			<property name="displayFormat" value="" valueType="string"/>
			<property name="title" value="Trace ID" valueType="string"/>
			<property name="overrideNullable" value="DEFAULT" valueType="string"/>
		</object>
	</property>
	<property name="calcFields" valueType="table">
		<object type="Aggregation:calcField" version="7">
			<property name="name" value="ttl_expsr_aftr_crm" valueType="string"/>
			<property name="description" value="" valueType="string"/>
			<property name="id" value="a4c8676e-21f6-4fa0-92a8-8bbf1cd02778" valueType="string"/>
			<property name="aggrMethod" value="MIN" valueType="string"/>
			<property name="calcTotal" value="true" valueType="boolean"/>
			<property name="calcFormula" valueType="table"/>
			<property name="displayFormat" value="" valueType="string"/>
			<property name="overrideLookupInformation" value="false" valueType="boolean"/>
			<property name="title" value="Total Exposure (after CRM)" valueType="string"/>
			<property name="overrideNullable" value="DEFAULT" valueType="string"/>
		</object>
		<object type="Aggregation:calcField" version="7">
			<property name="name" value="ttl_expsr_pre_crm" valueType="string"/>
			<property name="description" value="" valueType="string"/>
			<property name="id" value="a8cc2cbd-8d9d-4b48-a152-6c03a8c334bd" valueType="string"/>
			<property name="aggrMethod" value="MIN" valueType="string"/>
			<property name="calcTotal" value="true" valueType="boolean"/>
			<property name="calcFormula" valueType="table"/>
			<property name="displayFormat" value="" valueType="string"/>
			<property name="overrideLookupInformation" value="false" valueType="boolean"/>
			<property name="title" value="Total Exposure (before CRM)" valueType="string"/>
			<property name="overrideNullable" value="DEFAULT" valueType="string"/>
		</object>
		<object type="Aggregation:calcField" version="7">
			<property name="name" value="ordr_nmbr" valueType="string"/>
			<property name="description" value="" valueType="string"/>
			<property name="id" value="523c3c9c-b8d0-47a7-a342-91ce5ecdc9b4" valueType="string"/>
			<property name="aggrMethod" value="MIN" valueType="string"/>
			<property name="calcTotal" value="false" valueType="boolean"/>
			<property name="calcFormula" valueType="table">
				<object type="SQLExpressionPart" version="2">
					<property name="value" value="ROW_NUMBER() OVER (PARTITION BY " valueType="string"/>
				</object>
				<object type="Aggregation:localDetailReference" version="7">
					<property name="value" valueType="url">Aggregation[this].details["enm_instttn_or_shdw_bnk"{404e21f7-f83d-49e1-8e8e-94c5f0895d42}]</property>
				</object>
				<object type="SQLExpressionPart" version="2">
					<property name="value" value="," valueType="string"/>
				</object>
				<object type="Aggregation:localDetailReference" version="7">
					<property name="value" valueType="url">Aggregation[this].details["entity"{0e67a903-751e-4f10-a417-5a36473dc10e}]</property>
				</object>
				<object type="SQLExpressionPart" version="2">
					<property name="value" value=" ORDER BY " valueType="string"/>
				</object>
				<object type="Aggregation:localCalcFieldReference" version="7">
					<property name="value" valueType="url">Aggregation[this].calcFields["ttl_expsr_pre_crm"{a8cc2cbd-8d9d-4b48-a152-6c03a8c334bd}]</property>
				</object>
				<object type="SQLExpressionPart" version="2">
					<property name="value" value=" DESC, " valueType="string"/>
				</object>
				<object type="Aggregation:localDetailReference" version="7">
					<property name="value" valueType="url">Aggregation[this].details["id_trc"{73834bd1-b0b8-4573-af3b-56e132efadda}]</property>
				</object>
				<object type="SQLExpressionPart" version="2">
					<property name="value" value=" DESC)" valueType="string"/>
				</object>
			</property>
			<property name="valueType" value="INTEGER" valueType="string"/>
			<property name="valueNullable" value="false" valueType="boolean"/>
			<property name="displayFormat" value="" valueType="string"/>
			<property name="overrideLookupInformation" value="false" valueType="boolean"/>
			<property name="title" value="Order Number" valueType="string"/>
			<property name="overrideNullable" value="DEFAULT" valueType="string"/>
		</object>
		<object type="Aggregation:calcField" version="7">
			<property name="name" value="rprtng_lvl" valueType="string"/>
			<property name="description" value="" valueType="string"/>
			<property name="id" value="f17f2afe-4e3e-4877-8e19-bbc2f4d79a96" valueType="string"/>
			<property name="aggrMethod" value="MAX" valueType="string"/>
			<property name="calcTotal" value="false" valueType="boolean"/>
			<property name="calcFormula" valueType="table"/>
			<property name="displayFormat" value="" valueType="string"/>
			<property name="overrideLookupInformation" value="false" valueType="boolean"/>
			<property name="title" value="Reporting Level" valueType="string"/>
			<property name="overrideNullable" value="DEFAULT" valueType="string"/>
		</object>
	</property>
	<property name="auxFields" valueType="table"/>
	<property name="syntheticFields" valueType="table"/>
	<property name="additionalIndices" valueType="table"/>
	<property name="mappings" valueType="table">
		<object type="Aggregation:mapping" version="7">
			<property name="field" valueType="object">
				<object type="Aggregation:localDetailReference" version="7">
					<property name="value" valueType="url">Aggregation[this].details["entity"{0e67a903-751e-4f10-a417-5a36473dc10e}]</property>
				</object>
			</property>
			<property name="fieldMapping" valueType="table">
				<object type="Aggregation:fieldMapping" version="7">
					<property name="model" valueType="object">
						<object type="DataModel:reference" version="3">
							<property name="value" valueType="url">DataModel["Aggregation[Sorted_Largest_Exposures_Pre]"{Aggregation[3b7e515a-434d-452d-b173-5ce7c95eb29e]}]</property>
						</object>
					</property>
					<property name="expression" valueType="table">
						<object type="DataModel:fieldReference" version="3">
							<property name="value" valueType="url">DataModel["Aggregation[Sorted_Largest_Exposures_Pre]"{Aggregation[3b7e515a-434d-452d-b173-5ce7c95eb29e]}].hierarchy["Aggregation"{3b7e515a-434d-452d-b173-5ce7c95eb29e}].dataSource.layout["entity"{95c237bc-7500-47c2-b4ef-5c9fd1fc09d1}]</property>
						</object>
					</property>
				</object>
			</property>
		</object>
		<object type="Aggregation:mapping" version="7">
			<property name="field" valueType="object">
				<object type="Aggregation:localDetailReference" version="7">
					<property name="value" valueType="url">Aggregation[this].details["id_grp_cnnctd_clnts_or_indvdl"{ddab6916-43a4-4ed1-ab45-030b8be98a24}]</property>
				</object>
			</property>
			<property name="fieldMapping" valueType="table">
				<object type="Aggregation:fieldMapping" version="7">
					<property name="model" valueType="object">
						<object type="DataModel:reference" version="3">
							<property name="value" valueType="url">DataModel["Aggregation[Sorted_Largest_Exposures_Pre]"{Aggregation[3b7e515a-434d-452d-b173-5ce7c95eb29e]}]</property>
						</object>
					</property>
					<property name="expression" valueType="table">
						<object type="DataModel:fieldReference" version="3">
							<property name="value" valueType="url">DataModel["Aggregation[Sorted_Largest_Exposures_Pre]"{Aggregation[3b7e515a-434d-452d-b173-5ce7c95eb29e]}].hierarchy["Aggregation"{3b7e515a-434d-452d-b173-5ce7c95eb29e}].dataSource.layout["id_grp_cnnctd_clnts_or_indvdl"{d070426d-956c-4cbc-a7c9-f815d9781e5b}]</property>
						</object>
					</property>
				</object>
			</property>
		</object>
		<object type="Aggregation:mapping" version="7">
			<property name="field" valueType="object">
				<object type="Aggregation:localDetailReference" version="7">
					<property name="value" valueType="url">Aggregation[this].details["enm_instttn_or_shdw_bnk"{404e21f7-f83d-49e1-8e8e-94c5f0895d42}]</property>
				</object>
			</property>
			<property name="fieldMapping" valueType="table">
				<object type="Aggregation:fieldMapping" version="7">
					<property name="model" valueType="object">
						<object type="DataModel:reference" version="3">
							<property name="value" valueType="url">DataModel["Aggregation[Sorted_Largest_Exposures_Pre]"{Aggregation[3b7e515a-434d-452d-b173-5ce7c95eb29e]}]</property>
						</object>
					</property>
					<property name="expression" valueType="table">
						<object type="DataModel:fieldReference" version="3">
							<property name="value" valueType="url">DataModel["Aggregation[Sorted_Largest_Exposures_Pre]"{Aggregation[3b7e515a-434d-452d-b173-5ce7c95eb29e]}].hierarchy["Aggregation"{3b7e515a-434d-452d-b173-5ce7c95eb29e}].dataSource.layout["enm_instttn_or_shdw_bnk"{57aecfe7-34f3-486e-820f-72b8ca276308}]</property>
						</object>
					</property>
				</object>
			</property>
		</object>
		<object type="Aggregation:mapping" version="7">
			<property name="field" valueType="object">
				<object type="Aggregation:localDetailReference" version="7">
					<property name="value" valueType="url">Aggregation[this].details["id_mmbr_of_grp_cnnctd_clnts"{26b0d764-1ce5-4fcd-bb90-d7b01824efc0}]</property>
				</object>
			</property>
			<property name="fieldMapping" valueType="table">
				<object type="Aggregation:fieldMapping" version="7">
					<property name="model" valueType="object">
						<object type="DataModel:reference" version="3">
							<property name="value" valueType="url">DataModel["Aggregation[Sorted_Largest_Exposures_Pre]"{Aggregation[3b7e515a-434d-452d-b173-5ce7c95eb29e]}]</property>
						</object>
					</property>
					<property name="expression" valueType="table">
						<object type="DataModel:fieldReference" version="3">
							<property name="value" valueType="url">DataModel["Aggregation[Sorted_Largest_Exposures_Pre]"{Aggregation[3b7e515a-434d-452d-b173-5ce7c95eb29e]}].hierarchy["Aggregation"{3b7e515a-434d-452d-b173-5ce7c95eb29e}].dataSource.layout["id_mmbr_of_grp_cnnctd_clnts"{0054a2bb-8ee7-4e69-b3f9-17496bdbb6d4}]</property>
						</object>
					</property>
				</object>
			</property>
		</object>
		<object type="Aggregation:mapping" version="7">
			<property name="field" valueType="object">
				<object type="Aggregation:localDetailReference" version="7">
					<property name="value" valueType="url">Aggregation[this].details["id_trc"{73834bd1-b0b8-4573-af3b-56e132efadda}]</property>
				</object>
			</property>
			<property name="fieldMapping" valueType="table">
				<object type="Aggregation:fieldMapping" version="7">
					<property name="model" valueType="object">
						<object type="DataModel:reference" version="3">
							<property name="value" valueType="url">DataModel["Aggregation[Sorted_Largest_Exposures_Pre]"{Aggregation[3b7e515a-434d-452d-b173-5ce7c95eb29e]}]</property>
						</object>
					</property>
					<property name="expression" valueType="table">
						<object type="DataModel:fieldReference" version="3">
							<property name="value" valueType="url">DataModel["Aggregation[Sorted_Largest_Exposures_Pre]"{Aggregation[3b7e515a-434d-452d-b173-5ce7c95eb29e]}].hierarchy["Aggregation"{3b7e515a-434d-452d-b173-5ce7c95eb29e}].dataSource.layout["entity"{95c237bc-7500-47c2-b4ef-5c9fd1fc09d1}]</property>
						</object>
						<object type="SQLExpressionPart" version="2">
							<property name="value" value=" " valueType="string"/>
						</object>
						<object type="SQLConstant" version="2">
							<property name="name" value="CONCAT_STR" valueType="string"/>
						</object>
						<object type="SQLExpressionPart" version="2">
							<property name="value" value=" '_' " valueType="string"/>
						</object>
						<object type="SQLConstant" version="2">
							<property name="name" value="CONCAT_STR" valueType="string"/>
						</object>
						<object type="SQLExpressionPart" version="2">
							<property name="value" value=" " valueType="string"/>
						</object>
						<object type="DataModel:fieldReference" version="3">
							<property name="value" valueType="url">DataModel["Aggregation[Sorted_Largest_Exposures_Pre]"{Aggregation[3b7e515a-434d-452d-b173-5ce7c95eb29e]}].hierarchy["Aggregation"{3b7e515a-434d-452d-b173-5ce7c95eb29e}].dataSource.layout["id_grp_cnnctd_clnts_or_indvdl"{d070426d-956c-4cbc-a7c9-f815d9781e5b}]</property>
						</object>
						<object type="SQLExpressionPart" version="2">
							<property name="value" value=" " valueType="string"/>
						</object>
						<object type="SQLConstant" version="2">
							<property name="name" value="CONCAT_STR" valueType="string"/>
						</object>
						<object type="SQLExpressionPart" version="2">
							<property name="value" value=" '_' " valueType="string"/>
						</object>
						<object type="SQLConstant" version="2">
							<property name="name" value="CONCAT_STR" valueType="string"/>
						</object>
						<object type="SQLExpressionPart" version="2">
							<property name="value" value=" " valueType="string"/>
						</object>
						<object type="DataModel:fieldReference" version="3">
							<property name="value" valueType="url">DataModel["Aggregation[Sorted_Largest_Exposures_Pre]"{Aggregation[3b7e515a-434d-452d-b173-5ce7c95eb29e]}].hierarchy["Aggregation"{3b7e515a-434d-452d-b173-5ce7c95eb29e}].dataSource.layout["id_mmbr_of_grp_cnnctd_clnts"{0054a2bb-8ee7-4e69-b3f9-17496bdbb6d4}]</property>
						</object>
					</property>
					<property name="valueSize" value="500" valueType="integer"/>
					<property name="valueNullable" value="false" valueType="boolean"/>
					<property name="valueType" value="VARCHAR" valueType="string"/>
				</object>
			</property>
		</object>
		<object type="Aggregation:mapping" version="7">
			<property name="field" valueType="object">
				<object type="Aggregation:localCalcFieldReference" version="7">
					<property name="value" valueType="url">Aggregation[this].calcFields["ttl_expsr_aftr_crm"{a4c8676e-21f6-4fa0-92a8-8bbf1cd02778}]</property>
				</object>
			</property>
			<property name="fieldMapping" valueType="table">
				<object type="Aggregation:fieldMapping" version="7">
					<property name="model" valueType="object">
						<object type="DataModel:reference" version="3">
							<property name="value" valueType="url">DataModel["Aggregation[Sorted_Largest_Exposures_Pre]"{Aggregation[3b7e515a-434d-452d-b173-5ce7c95eb29e]}]</property>
						</object>
					</property>
					<property name="expression" valueType="table">
						<object type="DataModel:fieldReference" version="3">
							<property name="value" valueType="url">DataModel["Aggregation[Sorted_Largest_Exposures_Pre]"{Aggregation[3b7e515a-434d-452d-b173-5ce7c95eb29e]}].hierarchy["Aggregation"{3b7e515a-434d-452d-b173-5ce7c95eb29e}].dataSource.layout["ttl_expsr_aftr_crm"{6109cf28-0685-4714-a812-1bd7d447bc69}]</property>
						</object>
					</property>
				</object>
			</property>
		</object>
		<object type="Aggregation:mapping" version="7">
			<property name="field" valueType="object">
				<object type="Aggregation:localCalcFieldReference" version="7">
					<property name="value" valueType="url">Aggregation[this].calcFields["ttl_expsr_pre_crm"{a8cc2cbd-8d9d-4b48-a152-6c03a8c334bd}]</property>
				</object>
			</property>
			<property name="fieldMapping" valueType="table">
				<object type="Aggregation:fieldMapping" version="7">
					<property name="model" valueType="object">
						<object type="DataModel:reference" version="3">
							<property name="value" valueType="url">DataModel["Aggregation[Sorted_Largest_Exposures_Pre]"{Aggregation[3b7e515a-434d-452d-b173-5ce7c95eb29e]}]</property>
						</object>
					</property>
					<property name="expression" valueType="table">
						<object type="DataModel:fieldReference" version="3">
							<property name="value" valueType="url">DataModel["Aggregation[Sorted_Largest_Exposures_Pre]"{Aggregation[3b7e515a-434d-452d-b173-5ce7c95eb29e]}].hierarchy["Aggregation"{3b7e515a-434d-452d-b173-5ce7c95eb29e}].dataSource.layout["ttl_expsr_pre_crm"{ff76e189-5398-48c2-9268-f7b50048fe25}]</property>
						</object>
					</property>
				</object>
			</property>
		</object>
		<object type="Aggregation:mapping" version="7">
			<property name="field" valueType="object">
				<object type="Aggregation:localCalcFieldReference" version="7">
					<property name="value" valueType="url">Aggregation[this].calcFields["rprtng_lvl"{f17f2afe-4e3e-4877-8e19-bbc2f4d79a96}]</property>
				</object>
			</property>
			<property name="fieldMapping" valueType="table">
				<object type="Aggregation:fieldMapping" version="7">
					<property name="model" valueType="object">
						<object type="DataModel:reference" version="3">
							<property name="value" valueType="url">DataModel["Aggregation[Sorted_Largest_Exposures_Pre]"{Aggregation[3b7e515a-434d-452d-b173-5ce7c95eb29e]}]</property>
						</object>
					</property>
					<property name="expression" valueType="table">
						<object type="DataModel:fieldReference" version="3">
							<property name="value" valueType="url">DataModel["Aggregation[Sorted_Largest_Exposures_Pre]"{Aggregation[3b7e515a-434d-452d-b173-5ce7c95eb29e]}].hierarchy["Aggregation"{3b7e515a-434d-452d-b173-5ce7c95eb29e}].dataSource.layout["enm_rprtng_lvl"{76615c4b-9127-4118-8e80-927b97170835}]</property>
						</object>
					</property>
				</object>
			</property>
		</object>
	</property>
	<property name="storageType" value="CONTINUOUS_PARTITION" valueType="string"/>
	<property name="postTableCreationStatements" valueType="table"/>
	<property name="postAdjustmentTableCreationStatements" valueType="table"/>
	<property name="detailsAsKeys" value="true" valueType="boolean"/>
	<property name="dbSourceForResults" valueType="url">DBSource["POSTGRES"{7141b02a-a2bf-46bb-9ad0-fa1087f431e1}]</property>
	<property name="archivalProperties" valueType="object">
		<object type="ArchivalProperties" version="2">
			<property name="daily" value="false" valueType="boolean"/>
			<property name="weekly" value="false" valueType="boolean"/>
			<property name="monthly" value="false" valueType="boolean"/>
			<property name="quarterly" value="false" valueType="boolean"/>
			<property name="semiAnnually" value="false" valueType="boolean"/>
			<property name="annually" value="false" valueType="boolean"/>
			<property name="intraDay" value="false" valueType="boolean"/>
			<property name="userDefined" value="false" valueType="boolean"/>
		</object>
	</property>
	<property name="condition" valueType="tree">
		<objectNode type="Condition" version="3">
			<property name="isNegated" value="false" valueType="boolean"/>
			<property name="groupingOperator" value="AND" valueType="string"/>
		</objectNode>
	</property>
	<property name="doNotAggregate" value="true" valueType="boolean"/>
	<property name="useUnionAll" value="false" valueType="boolean"/>
	<property name="fourEyesCheck" value="false" valueType="boolean"/>
	<property name="trackDrilldownInformation" value="true" valueType="boolean"/>
	<property name="trackAllInstancesMode" value="NONE" valueType="string"/>
	<property name="computeStatistics" value="FOR_ALL_COLUMNS" valueType="string"/>
	<property name="instanceRebuildRestriction" value="AlterFullRebuild" valueType="string"/>
	<property name="allowExternalDataPermissions" value="false" valueType="boolean"/>
</object>