<object stamp="69dfd84e-58e4-4af4-8507-bdbe30fe2589_1725554004052" type="Aggregation" version="12">
	<property name="name" value="CRD4_Art_359_4_5_Intra_Band_Matching" valueType="string"/>
	<property name="description" value="CRD4_Art_359_4_5_Intra_Band_Matching" valueType="string"/>
	<property name="objectId" value="a6fc1a23-9322-4928-ae65-60b8dd61df21" valueType="string"/>
	<property name="branchId" value="2cc1364c-5419-49cd-8e5e-3b45ae5d27e6" valueType="string"/>
	<property name="comment" value="This object calculates the sum of long, short positions, unmatched matched positions in the fields &quot;long_position&quot;, &quot;short_position&quot;, &quot;unmatched&quot; respectively as per Article 359 (4) and (5)" valueType="string"/>
	<property name="models" valueType="table">
		<object type="ModelBasedTask:modelEntry" version="3">
			<property name="dataModel" valueType="url">DataModel["Aggregation[CRD4_Art_359_2_a_Net_by_Maturity_Date]"{Aggregation[aa9334a2-ee3b-4f8c-a660-ea550c426147]}]</property>
			<property name="instanceSelectionRule" valueType="object">
				<object type="InstanceSelectionRule" version="3">
					<property name="instanceDateRule" valueType="object">
						<object type="InstanceSelectionRule:rule" version="3">
							<property name="type" value="EQUAL" valueType="string"/>
						</object>
					</property>
					<property name="instanceKeyRules" valueType="table"/>
				</object>
			</property>
		</object>
		<object type="ModelBasedTask:modelEntry" version="3">
			<property name="dataModel" valueType="url">DataModel["Aggregation[Commodity_Derived_Positions]"{Aggregation[80383ba2-018e-4862-87fa-8d055d2dfe42]}]</property>
			<property name="instanceSelectionRule" valueType="object">
				<object type="InstanceSelectionRule" version="3">
					<property name="instanceDateRule" valueType="object">
						<object type="InstanceSelectionRule:rule" version="3">
							<property name="type" value="EQUAL" valueType="string"/>
						</object>
					</property>
					<property name="instanceKeyRules" valueType="table"/>
				</object>
			</property>
		</object>
	</property>
	<property name="requiresAllModels" value="true" valueType="boolean"/>
	<property name="parameters" valueType="table"/>
	<property name="details" valueType="table">
		<object type="Aggregation:detail" version="6">
			<property name="name" value="entity" valueType="string"/>
			<property name="description" value="" valueType="string"/>
			<property name="id" value="9bd51a84-4626-4bf2-bd2f-562adb87c563" valueType="string"/>
			<property name="overrideLookupInformation" value="false" valueType="boolean"/>
			<property name="displayFormat" value="" valueType="string"/>
			<property name="title" value="Entity" valueType="string"/>
			<property name="overrideNullable" value="DEFAULT" valueType="string"/>
		</object>
		<object type="Aggregation:detail" version="6">
			<property name="name" value="comm_grp" valueType="string"/>
			<property name="description" value="" valueType="string"/>
			<property name="id" value="8eeeae53-4f47-46be-b912-90512cd5abd9" valueType="string"/>
			<property name="overrideLookupInformation" value="false" valueType="boolean"/>
			<property name="displayFormat" value="" valueType="string"/>
			<property name="title" value="Commodity Group" valueType="string"/>
			<property name="overrideNullable" value="NOT_NULLABLE" valueType="string"/>
		</object>
		<object type="Aggregation:detail" version="6">
			<property name="name" value="enm_comm_ctgry" valueType="string"/>
			<property name="description" value="" valueType="string"/>
			<property name="id" value="118c11cb-b264-477b-887c-f3f8cbd53049" valueType="string"/>
			<property name="overrideLookupInformation" value="false" valueType="boolean"/>
			<property name="displayFormat" value="" valueType="string"/>
			<property name="title" value="Commodity Category" valueType="string"/>
			<property name="overrideNullable" value="NOT_NULLABLE" valueType="string"/>
		</object>
		<object type="Aggregation:detail" version="6">
			<property name="name" value="enm_comm_mthd" valueType="string"/>
			<property name="description" value="" valueType="string"/>
			<property name="id" value="ae4cb50d-a55a-49cc-a5dc-2d77c32e8826" valueType="string"/>
			<property name="overrideLookupInformation" value="false" valueType="boolean"/>
			<property name="displayFormat" value="" valueType="string"/>
			<property name="title" value="Commodity Method" valueType="string"/>
			<property name="overrideNullable" value="NOT_NULLABLE" valueType="string"/>
		</object>
		<object type="Aggregation:detail" version="6">
			<property name="name" value="mtrty_bnd" valueType="string"/>
			<property name="description" value="" valueType="string"/>
			<property name="id" value="f983e1df-ff7e-4e83-bdc8-c3a04b927c95" valueType="string"/>
			<property name="overrideLookupInformation" value="false" valueType="boolean"/>
			<property name="displayFormat" value="" valueType="string"/>
			<property name="title" value="Maturity Band" valueType="string"/>
			<property name="overrideNullable" value="DEFAULT" valueType="string"/>
		</object>
		<object type="Aggregation:detail" version="6">
			<property name="name" value="enm_trdng_bnkng" valueType="string"/>
			<property name="description" value="" valueType="string"/>
			<property name="id" value="ef4b3b75-be03-4608-a5cb-33e9f7cb4aca" valueType="string"/>
			<property name="overrideLookupInformation" value="false" valueType="boolean"/>
			<property name="displayFormat" value="" valueType="string"/>
			<property name="title" value="Trading/Banking Book" valueType="string"/>
			<property name="overrideNullable" value="DEFAULT" valueType="string"/>
		</object>
		<object type="Aggregation:detail" version="6">
			<property name="name" value="id_trc" valueType="string"/>
			<property name="description" value="" valueType="string"/>
			<property name="id" value="ef3200f4-8b96-453f-bb1e-97a6d2570392" valueType="string"/>
			<property name="overrideLookupInformation" value="false" valueType="boolean"/>
			<property name="displayFormat" value="" valueType="string"/>
			<property name="title" value="Trace ID" valueType="string"/>
			<property name="overrideNullable" value="DEFAULT" valueType="string"/>
		</object>
		<object type="Aggregation:detail" version="6">
			<property name="name" value="legal_entity" valueType="string"/>
			<property name="description" value="" valueType="string"/>
			<property name="id" value="d7231b57-5b40-4c84-bf24-92c986e7f9b2" valueType="string"/>
			<property name="overrideLookupInformation" value="false" valueType="boolean"/>
			<property name="displayFormat" value="" valueType="string"/>
			<property name="title" value="Legal Entity" valueType="string"/>
			<property name="overrideNullable" value="DEFAULT" valueType="string"/>
		</object>
		<object type="Aggregation:detail" version="6">
			<property name="name" value="entity_legal_entity" valueType="string"/>
			<property name="description" value="" valueType="string"/>
			<property name="id" value="c894eb25-4f1c-4940-8931-cba124fe5a3b" valueType="string"/>
			<property name="overrideLookupInformation" value="false" valueType="boolean"/>
			<property name="displayFormat" value="" valueType="string"/>
			<property name="title" value="Entity Legal Entity" valueType="string"/>
			<property name="overrideNullable" value="DEFAULT" valueType="string"/>
		</object>
	</property>
	<property name="calcFields" valueType="table">
		<object type="Aggregation:calcField" version="7">
			<property name="name" value="shrt_pstn" valueType="string"/>
			<property name="description" value="" valueType="string"/>
			<property name="id" value="f429ee3a-7692-4c14-8145-d878e65d6d4d" valueType="string"/>
			<property name="aggrMethod" value="SUM" valueType="string"/>
			<property name="calcTotal" value="true" valueType="boolean"/>
			<property name="calcFormula" valueType="table"/>
			<property name="displayFormat" value="" valueType="string"/>
			<property name="overrideLookupInformation" value="false" valueType="boolean"/>
			<property name="title" value="Short Position" valueType="string"/>
			<property name="overrideNullable" value="DEFAULT" valueType="string"/>
		</object>
		<object type="Aggregation:calcField" version="7">
			<property name="name" value="lng_pstn" valueType="string"/>
			<property name="description" value="" valueType="string"/>
			<property name="id" value="dd7cac16-62d9-480c-8b6f-2785df507c69" valueType="string"/>
			<property name="aggrMethod" value="SUM" valueType="string"/>
			<property name="calcTotal" value="true" valueType="boolean"/>
			<property name="calcFormula" valueType="table"/>
			<property name="displayFormat" value="" valueType="string"/>
			<property name="overrideLookupInformation" value="false" valueType="boolean"/>
			<property name="title" value="Long Position" valueType="string"/>
			<property name="overrideNullable" value="DEFAULT" valueType="string"/>
		</object>
		<object type="Aggregation:calcField" version="7">
			<property name="name" value="spt_prc" valueType="string"/>
			<property name="description" value="" valueType="string"/>
			<property name="id" value="9c61dedb-86f3-4a92-ab1c-cb3b21317cb6" valueType="string"/>
			<property name="aggrMethod" value="MIN" valueType="string"/>
			<property name="calcTotal" value="true" valueType="boolean"/>
			<property name="calcFormula" valueType="table"/>
			<property name="displayFormat" value="" valueType="string"/>
			<property name="overrideLookupInformation" value="false" valueType="boolean"/>
			<property name="title" value="Spot Price" valueType="string"/>
			<property name="overrideNullable" value="DEFAULT" valueType="string"/>
		</object>
		<object type="Aggregation:calcField" version="7">
			<property name="name" value="unmtchd" valueType="string"/>
			<property name="description" value="" valueType="string"/>
			<property name="id" value="8349f0e2-4f8b-47ad-b702-40b9e0af4c55" valueType="string"/>
			<property name="aggrMethod" value="SUM" valueType="string"/>
			<property name="calcTotal" value="true" valueType="boolean"/>
			<property name="calcFormula" valueType="table"/>
			<property name="displayFormat" value="" valueType="string"/>
			<property name="overrideLookupInformation" value="false" valueType="boolean"/>
			<property name="title" value="Unmatched" valueType="string"/>
			<property name="overrideNullable" value="DEFAULT" valueType="string"/>
		</object>
	</property>
	<property name="auxFields" valueType="table"/>
	<property name="syntheticFields" valueType="table"/>
	<property name="additionalIndices" valueType="table"/>
	<property name="mappings" valueType="table">
		<object type="Aggregation:mapping" version="7">
			<property name="field" valueType="object">
				<object type="Aggregation:localDetailReference" version="7">
					<property name="value" valueType="url">Aggregation[this].details["entity"{9bd51a84-4626-4bf2-bd2f-562adb87c563}]</property>
				</object>
			</property>
			<property name="fieldMapping" valueType="table">
				<object type="Aggregation:fieldMapping" version="7">
					<property name="model" valueType="object">
						<object type="DataModel:reference" version="3">
							<property name="value" valueType="url">DataModel["Aggregation[CRD4_Art_359_2_a_Net_by_Maturity_Date]"{Aggregation[aa9334a2-ee3b-4f8c-a660-ea550c426147]}]</property>
						</object>
					</property>
					<property name="expression" valueType="table">
						<object type="DataModel:fieldReference" version="3">
							<property name="value" valueType="url">DataModel["Aggregation[CRD4_Art_359_2_a_Net_by_Maturity_Date]"{Aggregation[aa9334a2-ee3b-4f8c-a660-ea550c426147]}].hierarchy["Aggregation"{aa9334a2-ee3b-4f8c-a660-ea550c426147}].dataSource.layout["entity"{f19dd30e-3b67-4c8d-bc1b-44ce2d4f9b72}]</property>
						</object>
					</property>
				</object>
				<object type="Aggregation:fieldMapping" version="7">
					<property name="model" valueType="object">
						<object type="DataModel:reference" version="3">
							<property name="value" valueType="url">DataModel["Aggregation[Commodity_Derived_Positions]"{Aggregation[80383ba2-018e-4862-87fa-8d055d2dfe42]}]</property>
						</object>
					</property>
					<property name="expression" valueType="table">
						<object type="DataModel:fieldReference" version="3">
							<property name="value" valueType="url">DataModel["Aggregation[Commodity_Derived_Positions]"{Aggregation[80383ba2-018e-4862-87fa-8d055d2dfe42]}].hierarchy["Aggregation"{80383ba2-018e-4862-87fa-8d055d2dfe42}].dataSource.layout["entity"{c7a5d0f0-a6fd-454d-addf-040272184a69}]</property>
						</object>
					</property>
				</object>
			</property>
		</object>
		<object type="Aggregation:mapping" version="7">
			<property name="field" valueType="object">
				<object type="Aggregation:localDetailReference" version="7">
					<property name="value" valueType="url">Aggregation[this].details["comm_grp"{8eeeae53-4f47-46be-b912-90512cd5abd9}]</property>
				</object>
			</property>
			<property name="fieldMapping" valueType="table">
				<object type="Aggregation:fieldMapping" version="7">
					<property name="model" valueType="object">
						<object type="DataModel:reference" version="3">
							<property name="value" valueType="url">DataModel["Aggregation[CRD4_Art_359_2_a_Net_by_Maturity_Date]"{Aggregation[aa9334a2-ee3b-4f8c-a660-ea550c426147]}]</property>
						</object>
					</property>
					<property name="expression" valueType="table">
						<object type="DataModel:fieldReference" version="3">
							<property name="value" valueType="url">DataModel["Aggregation[CRD4_Art_359_2_a_Net_by_Maturity_Date]"{Aggregation[aa9334a2-ee3b-4f8c-a660-ea550c426147]}].hierarchy["Aggregation"{aa9334a2-ee3b-4f8c-a660-ea550c426147}].dataSource.layout["comm_grp"{f38d75e3-6165-4846-843d-48ac44b0551c}]</property>
						</object>
					</property>
				</object>
				<object type="Aggregation:fieldMapping" version="7">
					<property name="model" valueType="object">
						<object type="DataModel:reference" version="3">
							<property name="value" valueType="url">DataModel["Aggregation[Commodity_Derived_Positions]"{Aggregation[80383ba2-018e-4862-87fa-8d055d2dfe42]}]</property>
						</object>
					</property>
					<property name="expression" valueType="table">
						<object type="DataModel:fieldReference" version="3">
							<property name="value" valueType="url">DataModel["Aggregation[Commodity_Derived_Positions]"{Aggregation[80383ba2-018e-4862-87fa-8d055d2dfe42]}].hierarchy["Aggregation"{80383ba2-018e-4862-87fa-8d055d2dfe42}].dataSource.layout["comm_grp"{799bdbc8-2ff1-46c7-a426-0a52caf0397c}]</property>
						</object>
					</property>
				</object>
			</property>
		</object>
		<object type="Aggregation:mapping" version="7">
			<property name="field" valueType="object">
				<object type="Aggregation:localDetailReference" version="7">
					<property name="value" valueType="url">Aggregation[this].details["enm_comm_ctgry"{118c11cb-b264-477b-887c-f3f8cbd53049}]</property>
				</object>
			</property>
			<property name="fieldMapping" valueType="table">
				<object type="Aggregation:fieldMapping" version="7">
					<property name="model" valueType="object">
						<object type="DataModel:reference" version="3">
							<property name="value" valueType="url">DataModel["Aggregation[CRD4_Art_359_2_a_Net_by_Maturity_Date]"{Aggregation[aa9334a2-ee3b-4f8c-a660-ea550c426147]}]</property>
						</object>
					</property>
					<property name="expression" valueType="table">
						<object type="DataModel:fieldReference" version="3">
							<property name="value" valueType="url">DataModel["Aggregation[CRD4_Art_359_2_a_Net_by_Maturity_Date]"{Aggregation[aa9334a2-ee3b-4f8c-a660-ea550c426147]}].hierarchy["Aggregation"{aa9334a2-ee3b-4f8c-a660-ea550c426147}].dataSource.layout["enm_comm_ctgry"{1eaec998-e9f7-4b79-b02d-4c57c4231624}]</property>
						</object>
					</property>
				</object>
				<object type="Aggregation:fieldMapping" version="7">
					<property name="model" valueType="object">
						<object type="DataModel:reference" version="3">
							<property name="value" valueType="url">DataModel["Aggregation[Commodity_Derived_Positions]"{Aggregation[80383ba2-018e-4862-87fa-8d055d2dfe42]}]</property>
						</object>
					</property>
					<property name="expression" valueType="table">
						<object type="DataModel:fieldReference" version="3">
							<property name="value" valueType="url">DataModel["Aggregation[Commodity_Derived_Positions]"{Aggregation[80383ba2-018e-4862-87fa-8d055d2dfe42]}].hierarchy["Aggregation"{80383ba2-018e-4862-87fa-8d055d2dfe42}].dataSource.layout["enm_comm_ctgry"{46c2cccc-d5fc-472c-a358-b200cdbd7f1d}]</property>
						</object>
					</property>
				</object>
			</property>
		</object>
		<object type="Aggregation:mapping" version="7">
			<property name="field" valueType="object">
				<object type="Aggregation:localDetailReference" version="7">
					<property name="value" valueType="url">Aggregation[this].details["enm_comm_mthd"{ae4cb50d-a55a-49cc-a5dc-2d77c32e8826}]</property>
				</object>
			</property>
			<property name="fieldMapping" valueType="table">
				<object type="Aggregation:fieldMapping" version="7">
					<property name="model" valueType="object">
						<object type="DataModel:reference" version="3">
							<property name="value" valueType="url">DataModel["Aggregation[CRD4_Art_359_2_a_Net_by_Maturity_Date]"{Aggregation[aa9334a2-ee3b-4f8c-a660-ea550c426147]}]</property>
						</object>
					</property>
					<property name="expression" valueType="table">
						<object type="DataModel:fieldReference" version="3">
							<property name="value" valueType="url">DataModel["Aggregation[CRD4_Art_359_2_a_Net_by_Maturity_Date]"{Aggregation[aa9334a2-ee3b-4f8c-a660-ea550c426147]}].hierarchy["Aggregation"{aa9334a2-ee3b-4f8c-a660-ea550c426147}].dataSource.layout["enm_comm_mthd"{e3294866-5573-4a63-938e-6fed8c72f9e8}]</property>
						</object>
					</property>
				</object>
				<object type="Aggregation:fieldMapping" version="7">
					<property name="model" valueType="object">
						<object type="DataModel:reference" version="3">
							<property name="value" valueType="url">DataModel["Aggregation[Commodity_Derived_Positions]"{Aggregation[80383ba2-018e-4862-87fa-8d055d2dfe42]}]</property>
						</object>
					</property>
					<property name="expression" valueType="table">
						<object type="DataModel:fieldReference" version="3">
							<property name="value" valueType="url">DataModel["Aggregation[Commodity_Derived_Positions]"{Aggregation[80383ba2-018e-4862-87fa-8d055d2dfe42]}].hierarchy["Aggregation"{80383ba2-018e-4862-87fa-8d055d2dfe42}].dataSource.layout["enm_comm_mthd"{99eae1c1-d793-4536-b1f0-653894b49dac}]</property>
						</object>
					</property>
				</object>
			</property>
		</object>
		<object type="Aggregation:mapping" version="7">
			<property name="field" valueType="object">
				<object type="Aggregation:localDetailReference" version="7">
					<property name="value" valueType="url">Aggregation[this].details["mtrty_bnd"{f983e1df-ff7e-4e83-bdc8-c3a04b927c95}]</property>
				</object>
			</property>
			<property name="fieldMapping" valueType="table">
				<object type="Aggregation:fieldMapping" version="7">
					<property name="model" valueType="object">
						<object type="DataModel:reference" version="3">
							<property name="value" valueType="url">DataModel["Aggregation[CRD4_Art_359_2_a_Net_by_Maturity_Date]"{Aggregation[aa9334a2-ee3b-4f8c-a660-ea550c426147]}]</property>
						</object>
					</property>
					<property name="expression" valueType="table">
						<object type="DataModel:fieldReference" version="3">
							<property name="value" valueType="url">DataModel["Aggregation[CRD4_Art_359_2_a_Net_by_Maturity_Date]"{Aggregation[aa9334a2-ee3b-4f8c-a660-ea550c426147]}].hierarchy["Aggregation"{aa9334a2-ee3b-4f8c-a660-ea550c426147}].dataSource.layout["mtrty_bnd"{9a108a3b-5d3c-4129-9110-6e57f4b5dcba}]</property>
						</object>
					</property>
				</object>
				<object type="Aggregation:fieldMapping" version="7">
					<property name="model" valueType="object">
						<object type="DataModel:reference" version="3">
							<property name="value" valueType="url">DataModel["Aggregation[Commodity_Derived_Positions]"{Aggregation[80383ba2-018e-4862-87fa-8d055d2dfe42]}]</property>
						</object>
					</property>
					<property name="expression" valueType="table">
						<object type="DataModel:fieldReference" version="3">
							<property name="value" valueType="url">DataModel["Aggregation[Commodity_Derived_Positions]"{Aggregation[80383ba2-018e-4862-87fa-8d055d2dfe42]}].hierarchy["Aggregation"{80383ba2-018e-4862-87fa-8d055d2dfe42}].dataSource.layout["mtrty_bnd"{ac13893a-f59c-477a-9d69-930b500da8b6}]</property>
						</object>
					</property>
				</object>
			</property>
		</object>
		<object type="Aggregation:mapping" version="7">
			<property name="field" valueType="object">
				<object type="Aggregation:localDetailReference" version="7">
					<property name="value" valueType="url">Aggregation[this].details["enm_trdng_bnkng"{ef4b3b75-be03-4608-a5cb-33e9f7cb4aca}]</property>
				</object>
			</property>
			<property name="fieldMapping" valueType="table">
				<object type="Aggregation:fieldMapping" version="7">
					<property name="model" valueType="object">
						<object type="DataModel:reference" version="3">
							<property name="value" valueType="url">DataModel["Aggregation[CRD4_Art_359_2_a_Net_by_Maturity_Date]"{Aggregation[aa9334a2-ee3b-4f8c-a660-ea550c426147]}]</property>
						</object>
					</property>
					<property name="expression" valueType="table">
						<object type="DataModel:fieldReference" version="3">
							<property name="value" valueType="url">DataModel["Aggregation[CRD4_Art_359_2_a_Net_by_Maturity_Date]"{Aggregation[aa9334a2-ee3b-4f8c-a660-ea550c426147]}].hierarchy["Aggregation"{aa9334a2-ee3b-4f8c-a660-ea550c426147}].dataSource.layout["enm_trdng_bnkng"{a6870454-1c7d-4134-a320-5b0588d4146d}]</property>
						</object>
					</property>
				</object>
				<object type="Aggregation:fieldMapping" version="7">
					<property name="model" valueType="object">
						<object type="DataModel:reference" version="3">
							<property name="value" valueType="url">DataModel["Aggregation[Commodity_Derived_Positions]"{Aggregation[80383ba2-018e-4862-87fa-8d055d2dfe42]}]</property>
						</object>
					</property>
					<property name="expression" valueType="table">
						<object type="DataModel:fieldReference" version="3">
							<property name="value" valueType="url">DataModel["Aggregation[Commodity_Derived_Positions]"{Aggregation[80383ba2-018e-4862-87fa-8d055d2dfe42]}].hierarchy["Aggregation"{80383ba2-018e-4862-87fa-8d055d2dfe42}].dataSource.layout["enm_trdng_bnkng"{4f6a8d87-5d5f-422f-b49b-3c2b8ea69339}]</property>
						</object>
					</property>
				</object>
			</property>
		</object>
		<object type="Aggregation:mapping" version="7">
			<property name="field" valueType="object">
				<object type="Aggregation:localDetailReference" version="7">
					<property name="value" valueType="url">Aggregation[this].details["id_trc"{ef3200f4-8b96-453f-bb1e-97a6d2570392}]</property>
				</object>
			</property>
			<property name="fieldMapping" valueType="table">
				<object type="Aggregation:fieldMapping" version="7">
					<property name="model" valueType="object">
						<object type="DataModel:reference" version="3">
							<property name="value" valueType="url">DataModel["Aggregation[CRD4_Art_359_2_a_Net_by_Maturity_Date]"{Aggregation[aa9334a2-ee3b-4f8c-a660-ea550c426147]}]</property>
						</object>
					</property>
					<property name="expression" valueType="table">
						<object type="DataModel:fieldReference" version="3">
							<property name="value" valueType="url">DataModel["Aggregation[CRD4_Art_359_2_a_Net_by_Maturity_Date]"{Aggregation[aa9334a2-ee3b-4f8c-a660-ea550c426147]}].hierarchy["Aggregation"{aa9334a2-ee3b-4f8c-a660-ea550c426147}].dataSource.layout["entity"{f19dd30e-3b67-4c8d-bc1b-44ce2d4f9b72}]</property>
						</object>
						<object type="SQLExpressionPart" version="2">
							<property name="value" value=" " valueType="string"/>
						</object>
						<object type="SQLConstant" version="2">
							<property name="name" value="CONCAT_STR" valueType="string"/>
						</object>
						<object type="SQLExpressionPart" version="2">
							<property name="value" value=" '_' " valueType="string"/>
						</object>
						<object type="SQLConstant" version="2">
							<property name="name" value="CONCAT_STR" valueType="string"/>
						</object>
						<object type="SQLExpressionPart" version="2">
							<property name="value" value=" " valueType="string"/>
						</object>
						<object type="DataModel:fieldReference" version="3">
							<property name="value" valueType="url">DataModel["Aggregation[CRD4_Art_359_2_a_Net_by_Maturity_Date]"{Aggregation[aa9334a2-ee3b-4f8c-a660-ea550c426147]}].hierarchy["Aggregation"{aa9334a2-ee3b-4f8c-a660-ea550c426147}].dataSource.layout["legal_entity"{03dadae2-a1f3-473d-8b5b-0c57bb7f5672}]</property>
						</object>
						<object type="SQLExpressionPart" version="2">
							<property name="value" value=" " valueType="string"/>
						</object>
						<object type="SQLConstant" version="2">
							<property name="name" value="CONCAT_STR" valueType="string"/>
						</object>
						<object type="SQLExpressionPart" version="2">
							<property name="value" value=" '_' " valueType="string"/>
						</object>
						<object type="SQLConstant" version="2">
							<property name="name" value="CONCAT_STR" valueType="string"/>
						</object>
						<object type="SQLExpressionPart" version="2">
							<property name="value" value=" " valueType="string"/>
						</object>
						<object type="DataModel:fieldReference" version="3">
							<property name="value" valueType="url">DataModel["Aggregation[CRD4_Art_359_2_a_Net_by_Maturity_Date]"{Aggregation[aa9334a2-ee3b-4f8c-a660-ea550c426147]}].hierarchy["Aggregation"{aa9334a2-ee3b-4f8c-a660-ea550c426147}].dataSource.layout["comm_grp"{f38d75e3-6165-4846-843d-48ac44b0551c}]</property>
						</object>
						<object type="SQLExpressionPart" version="2">
							<property name="value" value=" " valueType="string"/>
						</object>
						<object type="SQLConstant" version="2">
							<property name="name" value="CONCAT_STR" valueType="string"/>
						</object>
						<object type="SQLExpressionPart" version="2">
							<property name="value" value=" '_' " valueType="string"/>
						</object>
						<object type="SQLConstant" version="2">
							<property name="name" value="CONCAT_STR" valueType="string"/>
						</object>
						<object type="SQLExpressionPart" version="2">
							<property name="value" value=" " valueType="string"/>
						</object>
						<object type="DataModel:fieldReference" version="3">
							<property name="value" valueType="url">DataModel["Aggregation[CRD4_Art_359_2_a_Net_by_Maturity_Date]"{Aggregation[aa9334a2-ee3b-4f8c-a660-ea550c426147]}].hierarchy["Aggregation"{aa9334a2-ee3b-4f8c-a660-ea550c426147}].dataSource.layout["enm_comm_ctgry"{1eaec998-e9f7-4b79-b02d-4c57c4231624}]</property>
						</object>
						<object type="SQLExpressionPart" version="2">
							<property name="value" value=" " valueType="string"/>
						</object>
						<object type="SQLConstant" version="2">
							<property name="name" value="CONCAT_STR" valueType="string"/>
						</object>
						<object type="SQLExpressionPart" version="2">
							<property name="value" value=" '_' " valueType="string"/>
						</object>
						<object type="SQLConstant" version="2">
							<property name="name" value="CONCAT_STR" valueType="string"/>
						</object>
						<object type="SQLExpressionPart" version="2">
							<property name="value" value=" " valueType="string"/>
						</object>
						<object type="DataModel:fieldReference" version="3">
							<property name="value" valueType="url">DataModel["Aggregation[CRD4_Art_359_2_a_Net_by_Maturity_Date]"{Aggregation[aa9334a2-ee3b-4f8c-a660-ea550c426147]}].hierarchy["Aggregation"{aa9334a2-ee3b-4f8c-a660-ea550c426147}].dataSource.layout["enm_comm_mthd"{e3294866-5573-4a63-938e-6fed8c72f9e8}]</property>
						</object>
						<object type="SQLExpressionPart" version="2">
							<property name="value" value=" " valueType="string"/>
						</object>
						<object type="SQLConstant" version="2">
							<property name="name" value="CONCAT_STR" valueType="string"/>
						</object>
						<object type="SQLExpressionPart" version="2">
							<property name="value" value=" '_' " valueType="string"/>
						</object>
						<object type="SQLConstant" version="2">
							<property name="name" value="CONCAT_STR" valueType="string"/>
						</object>
						<object type="SQLExpressionPart" version="2">
							<property name="value" value=" " valueType="string"/>
						</object>
						<object type="SQLPattern" version="3">
							<property name="name" value="numberToChar" valueType="string"/>
							<property name="parameters" valueType="table">
								<object type="SQLPattern:parameter" version="3">
									<property name="expressions" valueType="table">
										<object type="DataModel:fieldReference" version="3">
											<property name="value" valueType="url">DataModel["Aggregation[CRD4_Art_359_2_a_Net_by_Maturity_Date]"{Aggregation[aa9334a2-ee3b-4f8c-a660-ea550c426147]}].hierarchy["Aggregation"{aa9334a2-ee3b-4f8c-a660-ea550c426147}].dataSource.layout["mtrty_bnd"{9a108a3b-5d3c-4129-9110-6e57f4b5dcba}]</property>
										</object>
									</property>
								</object>
							</property>
						</object>
						<object type="SQLExpressionPart" version="2">
							<property name="value" value=" " valueType="string"/>
						</object>
						<object type="SQLConstant" version="2">
							<property name="name" value="CONCAT_STR" valueType="string"/>
						</object>
						<object type="SQLExpressionPart" version="2">
							<property name="value" value=" '_' " valueType="string"/>
						</object>
						<object type="SQLConstant" version="2">
							<property name="name" value="CONCAT_STR" valueType="string"/>
						</object>
						<object type="SQLExpressionPart" version="2">
							<property name="value" value=" " valueType="string"/>
						</object>
						<object type="DataModel:fieldReference" version="3">
							<property name="value" valueType="url">DataModel["Aggregation[CRD4_Art_359_2_a_Net_by_Maturity_Date]"{Aggregation[aa9334a2-ee3b-4f8c-a660-ea550c426147]}].hierarchy["Aggregation"{aa9334a2-ee3b-4f8c-a660-ea550c426147}].dataSource.layout["enm_trdng_bnkng"{a6870454-1c7d-4134-a320-5b0588d4146d}]</property>
						</object>
					</property>
					<property name="valueSize" value="500" valueType="integer"/>
					<property name="valueNullable" value="false" valueType="boolean"/>
					<property name="valueType" value="VARCHAR" valueType="string"/>
				</object>
				<object type="Aggregation:fieldMapping" version="7">
					<property name="model" valueType="object">
						<object type="DataModel:reference" version="3">
							<property name="value" valueType="url">DataModel["Aggregation[Commodity_Derived_Positions]"{Aggregation[80383ba2-018e-4862-87fa-8d055d2dfe42]}]</property>
						</object>
					</property>
					<property name="expression" valueType="table">
						<object type="DataModel:fieldReference" version="3">
							<property name="value" valueType="url">DataModel["Aggregation[Commodity_Derived_Positions]"{Aggregation[80383ba2-018e-4862-87fa-8d055d2dfe42]}].hierarchy["Aggregation"{80383ba2-018e-4862-87fa-8d055d2dfe42}].dataSource.layout["entity"{c7a5d0f0-a6fd-454d-addf-040272184a69}]</property>
						</object>
						<object type="SQLExpressionPart" version="2">
							<property name="value" value=" " valueType="string"/>
						</object>
						<object type="SQLConstant" version="2">
							<property name="name" value="CONCAT_STR" valueType="string"/>
						</object>
						<object type="SQLExpressionPart" version="2">
							<property name="value" value=" '_' " valueType="string"/>
						</object>
						<object type="SQLConstant" version="2">
							<property name="name" value="CONCAT_STR" valueType="string"/>
						</object>
						<object type="SQLExpressionPart" version="2">
							<property name="value" value=" " valueType="string"/>
						</object>
						<object type="DataModel:fieldReference" version="3">
							<property name="value" valueType="url">DataModel["Aggregation[Commodity_Derived_Positions]"{Aggregation[80383ba2-018e-4862-87fa-8d055d2dfe42]}].hierarchy["Aggregation"{80383ba2-018e-4862-87fa-8d055d2dfe42}].dataSource.layout["legal_entity"{91155c79-83e9-4164-820f-4078344a7ee7}]</property>
						</object>
						<object type="SQLExpressionPart" version="2">
							<property name="value" value=" " valueType="string"/>
						</object>
						<object type="SQLConstant" version="2">
							<property name="name" value="CONCAT_STR" valueType="string"/>
						</object>
						<object type="SQLExpressionPart" version="2">
							<property name="value" value=" '_' " valueType="string"/>
						</object>
						<object type="SQLConstant" version="2">
							<property name="name" value="CONCAT_STR" valueType="string"/>
						</object>
						<object type="SQLExpressionPart" version="2">
							<property name="value" value=" " valueType="string"/>
						</object>
						<object type="DataModel:fieldReference" version="3">
							<property name="value" valueType="url">DataModel["Aggregation[Commodity_Derived_Positions]"{Aggregation[80383ba2-018e-4862-87fa-8d055d2dfe42]}].hierarchy["Aggregation"{80383ba2-018e-4862-87fa-8d055d2dfe42}].dataSource.layout["comm_grp"{799bdbc8-2ff1-46c7-a426-0a52caf0397c}]</property>
						</object>
						<object type="SQLExpressionPart" version="2">
							<property name="value" value=" " valueType="string"/>
						</object>
						<object type="SQLConstant" version="2">
							<property name="name" value="CONCAT_STR" valueType="string"/>
						</object>
						<object type="SQLExpressionPart" version="2">
							<property name="value" value=" '_' " valueType="string"/>
						</object>
						<object type="SQLConstant" version="2">
							<property name="name" value="CONCAT_STR" valueType="string"/>
						</object>
						<object type="SQLExpressionPart" version="2">
							<property name="value" value=" " valueType="string"/>
						</object>
						<object type="DataModel:fieldReference" version="3">
							<property name="value" valueType="url">DataModel["Aggregation[Commodity_Derived_Positions]"{Aggregation[80383ba2-018e-4862-87fa-8d055d2dfe42]}].hierarchy["Aggregation"{80383ba2-018e-4862-87fa-8d055d2dfe42}].dataSource.layout["enm_comm_ctgry"{46c2cccc-d5fc-472c-a358-b200cdbd7f1d}]</property>
						</object>
						<object type="SQLExpressionPart" version="2">
							<property name="value" value=" " valueType="string"/>
						</object>
						<object type="SQLConstant" version="2">
							<property name="name" value="CONCAT_STR" valueType="string"/>
						</object>
						<object type="SQLExpressionPart" version="2">
							<property name="value" value=" '_' " valueType="string"/>
						</object>
						<object type="SQLConstant" version="2">
							<property name="name" value="CONCAT_STR" valueType="string"/>
						</object>
						<object type="SQLExpressionPart" version="2">
							<property name="value" value=" " valueType="string"/>
						</object>
						<object type="DataModel:fieldReference" version="3">
							<property name="value" valueType="url">DataModel["Aggregation[Commodity_Derived_Positions]"{Aggregation[80383ba2-018e-4862-87fa-8d055d2dfe42]}].hierarchy["Aggregation"{80383ba2-018e-4862-87fa-8d055d2dfe42}].dataSource.layout["enm_comm_mthd"{99eae1c1-d793-4536-b1f0-653894b49dac}]</property>
						</object>
						<object type="SQLExpressionPart" version="2">
							<property name="value" value=" " valueType="string"/>
						</object>
						<object type="SQLConstant" version="2">
							<property name="name" value="CONCAT_STR" valueType="string"/>
						</object>
						<object type="SQLExpressionPart" version="2">
							<property name="value" value=" '_' " valueType="string"/>
						</object>
						<object type="SQLConstant" version="2">
							<property name="name" value="CONCAT_STR" valueType="string"/>
						</object>
						<object type="SQLExpressionPart" version="2">
							<property name="value" value=" " valueType="string"/>
						</object>
						<object type="SQLPattern" version="3">
							<property name="name" value="numberToChar" valueType="string"/>
							<property name="parameters" valueType="table">
								<object type="SQLPattern:parameter" version="3">
									<property name="expressions" valueType="table">
										<object type="DataModel:fieldReference" version="3">
											<property name="value" valueType="url">DataModel["Aggregation[Commodity_Derived_Positions]"{Aggregation[80383ba2-018e-4862-87fa-8d055d2dfe42]}].hierarchy["Aggregation"{80383ba2-018e-4862-87fa-8d055d2dfe42}].dataSource.layout["mtrty_bnd"{ac13893a-f59c-477a-9d69-930b500da8b6}]</property>
										</object>
									</property>
								</object>
							</property>
						</object>
						<object type="SQLExpressionPart" version="2">
							<property name="value" value=" " valueType="string"/>
						</object>
						<object type="SQLConstant" version="2">
							<property name="name" value="CONCAT_STR" valueType="string"/>
						</object>
						<object type="SQLExpressionPart" version="2">
							<property name="value" value=" '_' " valueType="string"/>
						</object>
						<object type="SQLConstant" version="2">
							<property name="name" value="CONCAT_STR" valueType="string"/>
						</object>
						<object type="SQLExpressionPart" version="2">
							<property name="value" value=" " valueType="string"/>
						</object>
						<object type="DataModel:fieldReference" version="3">
							<property name="value" valueType="url">DataModel["Aggregation[Commodity_Derived_Positions]"{Aggregation[80383ba2-018e-4862-87fa-8d055d2dfe42]}].hierarchy["Aggregation"{80383ba2-018e-4862-87fa-8d055d2dfe42}].dataSource.layout["enm_trdng_bnkng"{4f6a8d87-5d5f-422f-b49b-3c2b8ea69339}]</property>
						</object>
					</property>
					<property name="valueSize" value="10" valueType="integer"/>
					<property name="valueNullable" value="false" valueType="boolean"/>
					<property name="valueType" value="VARCHAR" valueType="string"/>
				</object>
			</property>
		</object>
		<object type="Aggregation:mapping" version="7">
			<property name="field" valueType="object">
				<object type="Aggregation:localDetailReference" version="7">
					<property name="value" valueType="url">Aggregation[this].details["legal_entity"{d7231b57-5b40-4c84-bf24-92c986e7f9b2}]</property>
				</object>
			</property>
			<property name="fieldMapping" valueType="table">
				<object type="Aggregation:fieldMapping" version="7">
					<property name="model" valueType="object">
						<object type="DataModel:reference" version="3">
							<property name="value" valueType="url">DataModel["Aggregation[CRD4_Art_359_2_a_Net_by_Maturity_Date]"{Aggregation[aa9334a2-ee3b-4f8c-a660-ea550c426147]}]</property>
						</object>
					</property>
					<property name="expression" valueType="table">
						<object type="DataModel:fieldReference" version="3">
							<property name="value" valueType="url">DataModel["Aggregation[CRD4_Art_359_2_a_Net_by_Maturity_Date]"{Aggregation[aa9334a2-ee3b-4f8c-a660-ea550c426147]}].hierarchy["Aggregation"{aa9334a2-ee3b-4f8c-a660-ea550c426147}].dataSource.layout["legal_entity"{03dadae2-a1f3-473d-8b5b-0c57bb7f5672}]</property>
						</object>
					</property>
				</object>
				<object type="Aggregation:fieldMapping" version="7">
					<property name="model" valueType="object">
						<object type="DataModel:reference" version="3">
							<property name="value" valueType="url">DataModel["Aggregation[Commodity_Derived_Positions]"{Aggregation[80383ba2-018e-4862-87fa-8d055d2dfe42]}]</property>
						</object>
					</property>
					<property name="expression" valueType="table">
						<object type="DataModel:fieldReference" version="3">
							<property name="value" valueType="url">DataModel["Aggregation[Commodity_Derived_Positions]"{Aggregation[80383ba2-018e-4862-87fa-8d055d2dfe42]}].hierarchy["Aggregation"{80383ba2-018e-4862-87fa-8d055d2dfe42}].dataSource.layout["legal_entity"{91155c79-83e9-4164-820f-4078344a7ee7}]</property>
						</object>
					</property>
				</object>
			</property>
		</object>
		<object type="Aggregation:mapping" version="7">
			<property name="field" valueType="object">
				<object type="Aggregation:localDetailReference" version="7">
					<property name="value" valueType="url">Aggregation[this].details["entity_legal_entity"{c894eb25-4f1c-4940-8931-cba124fe5a3b}]</property>
				</object>
			</property>
			<property name="fieldMapping" valueType="table">
				<object type="Aggregation:fieldMapping" version="7">
					<property name="model" valueType="object">
						<object type="DataModel:reference" version="3">
							<property name="value" valueType="url">DataModel["Aggregation[CRD4_Art_359_2_a_Net_by_Maturity_Date]"{Aggregation[aa9334a2-ee3b-4f8c-a660-ea550c426147]}]</property>
						</object>
					</property>
					<property name="expression" valueType="table">
						<object type="DataModel:fieldReference" version="3">
							<property name="value" valueType="url">DataModel["Aggregation[CRD4_Art_359_2_a_Net_by_Maturity_Date]"{Aggregation[aa9334a2-ee3b-4f8c-a660-ea550c426147]}].hierarchy["Aggregation"{aa9334a2-ee3b-4f8c-a660-ea550c426147}].dataSource.layout["entity"{f19dd30e-3b67-4c8d-bc1b-44ce2d4f9b72}]</property>
						</object>
						<object type="SQLExpressionPart" version="2">
							<property name="value" value=" " valueType="string"/>
						</object>
						<object type="SQLConstant" version="2">
							<property name="name" value="CONCAT_STR" valueType="string"/>
						</object>
						<object type="SQLExpressionPart" version="2">
							<property name="value" value=" " valueType="string"/>
						</object>
						<object type="DataModel:fieldReference" version="3">
							<property name="value" valueType="url">DataModel["Aggregation[CRD4_Art_359_2_a_Net_by_Maturity_Date]"{Aggregation[aa9334a2-ee3b-4f8c-a660-ea550c426147]}].hierarchy["Aggregation"{aa9334a2-ee3b-4f8c-a660-ea550c426147}].dataSource.layout["legal_entity"{03dadae2-a1f3-473d-8b5b-0c57bb7f5672}]</property>
						</object>
					</property>
					<property name="valueSize" value="200" valueType="integer"/>
					<property name="valueNullable" value="false" valueType="boolean"/>
					<property name="valueType" value="VARCHAR" valueType="string"/>
				</object>
				<object type="Aggregation:fieldMapping" version="7">
					<property name="model" valueType="object">
						<object type="DataModel:reference" version="3">
							<property name="value" valueType="url">DataModel["Aggregation[Commodity_Derived_Positions]"{Aggregation[80383ba2-018e-4862-87fa-8d055d2dfe42]}]</property>
						</object>
					</property>
					<property name="expression" valueType="table">
						<object type="DataModel:fieldReference" version="3">
							<property name="value" valueType="url">DataModel["Aggregation[Commodity_Derived_Positions]"{Aggregation[80383ba2-018e-4862-87fa-8d055d2dfe42]}].hierarchy["Aggregation"{80383ba2-018e-4862-87fa-8d055d2dfe42}].dataSource.layout["entity"{c7a5d0f0-a6fd-454d-addf-040272184a69}]</property>
						</object>
						<object type="SQLExpressionPart" version="2">
							<property name="value" value=" " valueType="string"/>
						</object>
						<object type="SQLConstant" version="2">
							<property name="name" value="CONCAT_STR" valueType="string"/>
						</object>
						<object type="SQLExpressionPart" version="2">
							<property name="value" value=" " valueType="string"/>
						</object>
						<object type="DataModel:fieldReference" version="3">
							<property name="value" valueType="url">DataModel["Aggregation[Commodity_Derived_Positions]"{Aggregation[80383ba2-018e-4862-87fa-8d055d2dfe42]}].hierarchy["Aggregation"{80383ba2-018e-4862-87fa-8d055d2dfe42}].dataSource.layout["legal_entity"{91155c79-83e9-4164-820f-4078344a7ee7}]</property>
						</object>
					</property>
					<property name="valueSize" value="200" valueType="integer"/>
					<property name="valueNullable" value="false" valueType="boolean"/>
					<property name="valueType" value="VARCHAR" valueType="string"/>
				</object>
			</property>
		</object>
		<object type="Aggregation:mapping" version="7">
			<property name="field" valueType="object">
				<object type="Aggregation:localCalcFieldReference" version="7">
					<property name="value" valueType="url">Aggregation[this].calcFields["shrt_pstn"{f429ee3a-7692-4c14-8145-d878e65d6d4d}]</property>
				</object>
			</property>
			<property name="fieldMapping" valueType="table">
				<object type="Aggregation:fieldMapping" version="7">
					<property name="model" valueType="object">
						<object type="DataModel:reference" version="3">
							<property name="value" valueType="url">DataModel["Aggregation[CRD4_Art_359_2_a_Net_by_Maturity_Date]"{Aggregation[aa9334a2-ee3b-4f8c-a660-ea550c426147]}]</property>
						</object>
					</property>
					<property name="expression" valueType="table">
						<object type="SQLExpressionPart" version="2">
							<property name="value" value="case when " valueType="string"/>
						</object>
						<object type="DataModel:fieldReference" version="3">
							<property name="value" valueType="url">DataModel["Aggregation[CRD4_Art_359_2_a_Net_by_Maturity_Date]"{Aggregation[aa9334a2-ee3b-4f8c-a660-ea550c426147]}].hierarchy["Aggregation"{aa9334a2-ee3b-4f8c-a660-ea550c426147}].dataSource.layout["qntty_aftr_offset"{12024bb2-cc0e-4987-8d47-46f07ec51bb6}]</property>
						</object>
						<object type="SQLExpressionPart" version="2">
							<property name="value" value=">0 then 0 else  " valueType="string"/>
						</object>
						<object type="DataModel:fieldReference" version="3">
							<property name="value" valueType="url">DataModel["Aggregation[CRD4_Art_359_2_a_Net_by_Maturity_Date]"{Aggregation[aa9334a2-ee3b-4f8c-a660-ea550c426147]}].hierarchy["Aggregation"{aa9334a2-ee3b-4f8c-a660-ea550c426147}].dataSource.layout["qntty_aftr_offset"{12024bb2-cc0e-4987-8d47-46f07ec51bb6}]</property>
						</object>
						<object type="SQLExpressionPart" version="2">
							<property name="value" value=" end" valueType="string"/>
						</object>
					</property>
					<property name="valueNullable" value="false" valueType="boolean"/>
					<property name="valueType" value="FLOAT" valueType="string"/>
				</object>
				<object type="Aggregation:fieldMapping" version="7">
					<property name="model" valueType="object">
						<object type="DataModel:reference" version="3">
							<property name="value" valueType="url">DataModel["Aggregation[Commodity_Derived_Positions]"{Aggregation[80383ba2-018e-4862-87fa-8d055d2dfe42]}]</property>
						</object>
					</property>
					<property name="expression" valueType="table">
						<object type="SQLExpressionPart" version="2">
							<property name="value" value="case when " valueType="string"/>
						</object>
						<object type="DataModel:fieldReference" version="3">
							<property name="value" valueType="url">DataModel["Aggregation[Commodity_Derived_Positions]"{Aggregation[80383ba2-018e-4862-87fa-8d055d2dfe42]}].hierarchy["Aggregation"{80383ba2-018e-4862-87fa-8d055d2dfe42}].dataSource.layout["qntty"{31f40ffb-d4a4-466c-97b7-4a28f1b8c779}]</property>
						</object>
						<object type="SQLExpressionPart" version="2">
							<property name="value" value=">0 then 0 else " valueType="string"/>
						</object>
						<object type="DataModel:fieldReference" version="3">
							<property name="value" valueType="url">DataModel["Aggregation[Commodity_Derived_Positions]"{Aggregation[80383ba2-018e-4862-87fa-8d055d2dfe42]}].hierarchy["Aggregation"{80383ba2-018e-4862-87fa-8d055d2dfe42}].dataSource.layout["qntty"{31f40ffb-d4a4-466c-97b7-4a28f1b8c779}]</property>
						</object>
						<object type="SQLExpressionPart" version="2">
							<property name="value" value=" end" valueType="string"/>
						</object>
					</property>
					<property name="valueNullable" value="false" valueType="boolean"/>
					<property name="valueType" value="FLOAT" valueType="string"/>
				</object>
			</property>
		</object>
		<object type="Aggregation:mapping" version="7">
			<property name="field" valueType="object">
				<object type="Aggregation:localCalcFieldReference" version="7">
					<property name="value" valueType="url">Aggregation[this].calcFields["lng_pstn"{dd7cac16-62d9-480c-8b6f-2785df507c69}]</property>
				</object>
			</property>
			<property name="fieldMapping" valueType="table">
				<object type="Aggregation:fieldMapping" version="7">
					<property name="model" valueType="object">
						<object type="DataModel:reference" version="3">
							<property name="value" valueType="url">DataModel["Aggregation[CRD4_Art_359_2_a_Net_by_Maturity_Date]"{Aggregation[aa9334a2-ee3b-4f8c-a660-ea550c426147]}]</property>
						</object>
					</property>
					<property name="expression" valueType="table">
						<object type="SQLExpressionPart" version="2">
							<property name="value" value="case when  " valueType="string"/>
						</object>
						<object type="DataModel:fieldReference" version="3">
							<property name="value" valueType="url">DataModel["Aggregation[CRD4_Art_359_2_a_Net_by_Maturity_Date]"{Aggregation[aa9334a2-ee3b-4f8c-a660-ea550c426147]}].hierarchy["Aggregation"{aa9334a2-ee3b-4f8c-a660-ea550c426147}].dataSource.layout["qntty_aftr_offset"{12024bb2-cc0e-4987-8d47-46f07ec51bb6}]</property>
						</object>
						<object type="SQLExpressionPart" version="2">
							<property name="value" value="&lt;0 then 0 else  " valueType="string"/>
						</object>
						<object type="DataModel:fieldReference" version="3">
							<property name="value" valueType="url">DataModel["Aggregation[CRD4_Art_359_2_a_Net_by_Maturity_Date]"{Aggregation[aa9334a2-ee3b-4f8c-a660-ea550c426147]}].hierarchy["Aggregation"{aa9334a2-ee3b-4f8c-a660-ea550c426147}].dataSource.layout["qntty_aftr_offset"{12024bb2-cc0e-4987-8d47-46f07ec51bb6}]</property>
						</object>
						<object type="SQLExpressionPart" version="2">
							<property name="value" value=" end" valueType="string"/>
						</object>
					</property>
					<property name="valueNullable" value="false" valueType="boolean"/>
					<property name="valueType" value="FLOAT" valueType="string"/>
				</object>
				<object type="Aggregation:fieldMapping" version="7">
					<property name="model" valueType="object">
						<object type="DataModel:reference" version="3">
							<property name="value" valueType="url">DataModel["Aggregation[Commodity_Derived_Positions]"{Aggregation[80383ba2-018e-4862-87fa-8d055d2dfe42]}]</property>
						</object>
					</property>
					<property name="expression" valueType="table">
						<object type="SQLExpressionPart" version="2">
							<property name="value" value="case when " valueType="string"/>
						</object>
						<object type="DataModel:fieldReference" version="3">
							<property name="value" valueType="url">DataModel["Aggregation[Commodity_Derived_Positions]"{Aggregation[80383ba2-018e-4862-87fa-8d055d2dfe42]}].hierarchy["Aggregation"{80383ba2-018e-4862-87fa-8d055d2dfe42}].dataSource.layout["qntty"{31f40ffb-d4a4-466c-97b7-4a28f1b8c779}]</property>
						</object>
						<object type="SQLExpressionPart" version="2">
							<property name="value" value="&lt;0 then 0 else  " valueType="string"/>
						</object>
						<object type="DataModel:fieldReference" version="3">
							<property name="value" valueType="url">DataModel["Aggregation[Commodity_Derived_Positions]"{Aggregation[80383ba2-018e-4862-87fa-8d055d2dfe42]}].hierarchy["Aggregation"{80383ba2-018e-4862-87fa-8d055d2dfe42}].dataSource.layout["qntty"{31f40ffb-d4a4-466c-97b7-4a28f1b8c779}]</property>
						</object>
						<object type="SQLExpressionPart" version="2">
							<property name="value" value=" end" valueType="string"/>
						</object>
					</property>
					<property name="valueNullable" value="false" valueType="boolean"/>
					<property name="valueType" value="FLOAT" valueType="string"/>
				</object>
			</property>
		</object>
		<object type="Aggregation:mapping" version="7">
			<property name="field" valueType="object">
				<object type="Aggregation:localCalcFieldReference" version="7">
					<property name="value" valueType="url">Aggregation[this].calcFields["spt_prc"{9c61dedb-86f3-4a92-ab1c-cb3b21317cb6}]</property>
				</object>
			</property>
			<property name="fieldMapping" valueType="table">
				<object type="Aggregation:fieldMapping" version="7">
					<property name="model" valueType="object">
						<object type="DataModel:reference" version="3">
							<property name="value" valueType="url">DataModel["Aggregation[CRD4_Art_359_2_a_Net_by_Maturity_Date]"{Aggregation[aa9334a2-ee3b-4f8c-a660-ea550c426147]}]</property>
						</object>
					</property>
					<property name="expression" valueType="table">
						<object type="DataModel:fieldReference" version="3">
							<property name="value" valueType="url">DataModel["Aggregation[CRD4_Art_359_2_a_Net_by_Maturity_Date]"{Aggregation[aa9334a2-ee3b-4f8c-a660-ea550c426147]}].hierarchy["Aggregation"{aa9334a2-ee3b-4f8c-a660-ea550c426147}].dataSource.layout["spt_prc"{1a620d0c-5c91-4332-b98f-e30a73d6a2c2}]</property>
						</object>
					</property>
				</object>
				<object type="Aggregation:fieldMapping" version="7">
					<property name="model" valueType="object">
						<object type="DataModel:reference" version="3">
							<property name="value" valueType="url">DataModel["Aggregation[Commodity_Derived_Positions]"{Aggregation[80383ba2-018e-4862-87fa-8d055d2dfe42]}]</property>
						</object>
					</property>
					<property name="expression" valueType="table">
						<object type="DataModel:fieldReference" version="3">
							<property name="value" valueType="url">DataModel["Aggregation[Commodity_Derived_Positions]"{Aggregation[80383ba2-018e-4862-87fa-8d055d2dfe42]}].hierarchy["Aggregation"{80383ba2-018e-4862-87fa-8d055d2dfe42}].dataSource.layout["spt_prc"{859cc797-7149-4339-bfa3-24c612189770}]</property>
						</object>
					</property>
				</object>
			</property>
		</object>
		<object type="Aggregation:mapping" version="7">
			<property name="field" valueType="object">
				<object type="Aggregation:localCalcFieldReference" version="7">
					<property name="value" valueType="url">Aggregation[this].calcFields["unmtchd"{8349f0e2-4f8b-47ad-b702-40b9e0af4c55}]</property>
				</object>
			</property>
			<property name="fieldMapping" valueType="table">
				<object type="Aggregation:fieldMapping" version="7">
					<property name="model" valueType="object">
						<object type="DataModel:reference" version="3">
							<property name="value" valueType="url">DataModel["Aggregation[CRD4_Art_359_2_a_Net_by_Maturity_Date]"{Aggregation[aa9334a2-ee3b-4f8c-a660-ea550c426147]}]</property>
						</object>
					</property>
					<property name="expression" valueType="table">
						<object type="DataModel:fieldReference" version="3">
							<property name="value" valueType="url">DataModel["Aggregation[CRD4_Art_359_2_a_Net_by_Maturity_Date]"{Aggregation[aa9334a2-ee3b-4f8c-a660-ea550c426147]}].hierarchy["Aggregation"{aa9334a2-ee3b-4f8c-a660-ea550c426147}].dataSource.layout["qntty_aftr_offset"{12024bb2-cc0e-4987-8d47-46f07ec51bb6}]</property>
						</object>
					</property>
				</object>
				<object type="Aggregation:fieldMapping" version="7">
					<property name="model" valueType="object">
						<object type="DataModel:reference" version="3">
							<property name="value" valueType="url">DataModel["Aggregation[Commodity_Derived_Positions]"{Aggregation[80383ba2-018e-4862-87fa-8d055d2dfe42]}]</property>
						</object>
					</property>
					<property name="expression" valueType="table">
						<object type="DataModel:fieldReference" version="3">
							<property name="value" valueType="url">DataModel["Aggregation[Commodity_Derived_Positions]"{Aggregation[80383ba2-018e-4862-87fa-8d055d2dfe42]}].hierarchy["Aggregation"{80383ba2-018e-4862-87fa-8d055d2dfe42}].dataSource.layout["qntty"{31f40ffb-d4a4-466c-97b7-4a28f1b8c779}]</property>
						</object>
					</property>
				</object>
			</property>
		</object>
	</property>
	<property name="storageType" value="CONTINUOUS_PARTITION" valueType="string"/>
	<property name="postTableCreationStatements" valueType="table"/>
	<property name="postAdjustmentTableCreationStatements" valueType="table"/>
	<property name="detailsAsKeys" value="true" valueType="boolean"/>
	<property name="dbSourceForResults" valueType="url">DBSource["POSTGRES"{7141b02a-a2bf-46bb-9ad0-fa1087f431e1}]</property>
	<property name="archivalProperties" valueType="object">
		<object type="ArchivalProperties" version="2">
			<property name="daily" value="false" valueType="boolean"/>
			<property name="weekly" value="false" valueType="boolean"/>
			<property name="monthly" value="false" valueType="boolean"/>
			<property name="quarterly" value="false" valueType="boolean"/>
			<property name="semiAnnually" value="false" valueType="boolean"/>
			<property name="annually" value="false" valueType="boolean"/>
			<property name="intraDay" value="false" valueType="boolean"/>
			<property name="userDefined" value="false" valueType="boolean"/>
		</object>
	</property>
	<property name="condition" valueType="tree">
		<objectNode type="Condition" version="3">
			<property name="isNegated" value="false" valueType="boolean"/>
			<property name="groupingOperator" value="AND" valueType="string"/>
			<children>
				<objectNode type="Condition:shorthand" version="3">
					<property name="shorthand" valueType="url">Shorthand["After_Offset"{23a15391-31cf-4c2f-9094-476c0702f6c3}]</property>
					<property name="operation" value="=" valueType="string"/>
				</objectNode>
			</children>
		</objectNode>
	</property>
	<property name="doNotAggregate" value="false" valueType="boolean"/>
	<property name="fourEyesCheck" value="false" valueType="boolean"/>
	<property name="trackDrilldownInformation" value="true" valueType="boolean"/>
	<property name="trackAllInstancesMode" value="NONE" valueType="string"/>
	<property name="computeStatistics" value="FOR_ALL_COLUMNS" valueType="string"/>
	<property name="instanceRebuildRestriction" value="AlterFullRebuild" valueType="string"/>
	<property name="allowExternalDataPermissions" value="false" valueType="boolean"/>
</object>