<object stamp="bc434129-2003-43aa-99eb-29ffd4eaf6f8_1725273590143" type="WorkFlow" version="45">
	<property name="name" value="IR_Alt_ZSR_Netting" valueType="string"/>
	<property name="description" value="Alternate ZSR Netting Flow" valueType="string"/>
	<property name="objectId" value="cfedd7e2-ae89-48b1-9ac6-a61127030fc0" valueType="string"/>
	<property name="branchId" value="2cc1364c-5419-49cd-8e5e-3b45ae5d27e6" valueType="string"/>
	<property name="modules" valueType="table">
		<object type="WorkFlow:taskModule" version="29">
			<property name="name" value="baf5ccda-87ee-4803-be4b-9cdfc68ebddb" valueType="string"/>
			<property name="description" value="CRD4_Art_331_2_ZSR_Positions" valueType="string"/>
			<property name="id" value="baf5ccda-87ee-4803-be4b-9cdfc68ebddb" valueType="string"/>
			<property name="taskType" value="Aggregation" valueType="string"/>
			<property name="underlyingObject" valueType="url">Aggregation["CRD4_Art_331_2_ZSR_Positions"{4edf7be4-10cf-4b3d-9e73-090cffac2ef3}]</property>
			<property name="asOfDateFormula" value="TIME_TAG" valueType="string"/>
			<property name="instanceKeyValues" valueType="table">
				<object type="InstanceObject:instanceKeyValue" version="2">
					<property name="name" value="v" valueType="string"/>
					<property name="keyValueType" value="VARCHAR" valueType="string"/>
					<property name="keyValue" value="$v" valueType="freehand"/>
				</object>
				<object type="InstanceObject:instanceKeyValue" version="2">
					<property name="name" value="run_id" valueType="string"/>
					<property name="keyValueType" value="VARCHAR" valueType="string"/>
					<property name="keyValue" value="$run_id" valueType="freehand"/>
				</object>
				<object type="InstanceObject:instanceKeyValue" version="2">
					<property name="name" value="scenarioKey" valueType="string"/>
					<property name="keyValueType" value="VARCHAR" valueType="string"/>
					<property name="keyValue" value="$scenarioKey" valueType="freehand"/>
				</object>
				<object type="InstanceObject:instanceKeyValue" version="2">
					<property name="name" value="run_type" valueType="string"/>
					<property name="keyValueType" value="VARCHAR" valueType="string"/>
					<property name="keyValue" value="$run_type" valueType="freehand"/>
				</object>
			</property>
			<property name="keyParameters" valueType="object">
				<object type="Task:keyParameters_Aggregation" version="2">
					<property name="models" valueType="table">
						<object type="Task:modelNameRef" version="2">
							<property name="model" value="Aggregation[Interest_Rate_Derived_Positions]" valueType="string"/>
						</object>
					</property>
					<property name="streams" valueType="table">
						<object type="Task:streamKeyValues" version="2">
							<property name="streamKeyName" value="entity" valueType="string"/>
							<property name="values" value="$entity" valueType="freehand"/>
						</object>
					</property>
				</object>
			</property>
			<property name="nonKeyParameters" valueType="object">
				<object type="Task:nonKeyParameters_Aggregation" version="4">
					<property name="modelDates" valueType="table">
						<object type="Task:modelDateEntry" version="3">
							<property name="model" value="Aggregation[Interest_Rate_Derived_Positions]" valueType="string"/>
							<property name="instanceDateAndKeysValues" value="TIME_TAG" valueType="freehand"/>
						</object>
					</property>
					<property name="archivalFrequency" value="ARCHIVAL_FREQUENCY" valueType="freehand"/>
				</object>
			</property>
			<property name="parentModules" valueType="table"/>
			<property name="locationX" value="310.0" valueType="double"/>
			<property name="locationY" value="15.0" valueType="double"/>
		</object>
		<object type="WorkFlow:taskModule" version="29">
			<property name="name" value="7930377e-b024-4797-80f7-f5d35e5b94a0" valueType="string"/>
			<property name="description" value="Alt_ZSR_Remaining_Positions" valueType="string"/>
			<property name="id" value="7930377e-b024-4797-80f7-f5d35e5b94a0" valueType="string"/>
			<property name="taskType" value="ModifyModel" valueType="string"/>
			<property name="underlyingObject" valueType="url">ModifyModel["Alt_ZSR_Remaining_Positions"{1aa887b3-e372-48b4-af20-a3f259ff71eb}]</property>
			<property name="asOfDateFormula" value="TIME_TAG" valueType="string"/>
			<property name="instanceKeyValues" valueType="table">
				<object type="InstanceObject:instanceKeyValue" version="2">
					<property name="name" value="v" valueType="string"/>
					<property name="keyValueType" value="VARCHAR" valueType="string"/>
					<property name="keyValue" value="$v" valueType="freehand"/>
				</object>
				<object type="InstanceObject:instanceKeyValue" version="2">
					<property name="name" value="run_id" valueType="string"/>
					<property name="keyValueType" value="VARCHAR" valueType="string"/>
					<property name="keyValue" value="$run_id" valueType="freehand"/>
				</object>
				<object type="InstanceObject:instanceKeyValue" version="2">
					<property name="name" value="scenarioKey" valueType="string"/>
					<property name="keyValueType" value="VARCHAR" valueType="string"/>
					<property name="keyValue" value="$scenarioKey" valueType="freehand"/>
				</object>
				<object type="InstanceObject:instanceKeyValue" version="2">
					<property name="name" value="run_type" valueType="string"/>
					<property name="keyValueType" value="VARCHAR" valueType="string"/>
					<property name="keyValue" value="$run_type" valueType="freehand"/>
				</object>
			</property>
			<property name="keyParameters" valueType="object">
				<object type="Task:keyParameters_ModifyModel" version="2"/>
			</property>
			<property name="nonKeyParameters" valueType="object">
				<object type="Task:nonKeyParameters_ModifyModel" version="2">
					<property name="cloneOriginalModelInstance" value="true" valueType="boolean"/>
				</object>
			</property>
			<property name="parentModules" valueType="table">
				<object type="WorkFlow:parentModule" version="2">
					<property name="id" value="bf400648-d6e3-4e36-b99c-523a70a35a7c" valueType="string"/>
					<property name="lineConnectors" valueType="table"/>
				</object>
			</property>
			<property name="locationX" value="706.0" valueType="double"/>
			<property name="locationY" value="245.0" valueType="double"/>
		</object>
		<object type="WorkFlow:taskModule" version="29">
			<property name="name" value="bf400648-d6e3-4e36-b99c-523a70a35a7c" valueType="string"/>
			<property name="description" value="Alt_CRD4_Art_331_2_Net_ZSR_Solver" valueType="string"/>
			<property name="id" value="bf400648-d6e3-4e36-b99c-523a70a35a7c" valueType="string"/>
			<property name="taskType" value="Computation" valueType="string"/>
			<property name="underlyingObject" valueType="url">Computation["Alt_CRD4_Art_331_2_Net_ZSR_Solver"{07e9b6b6-4ea6-4f03-b18c-f42e3db375d6}]</property>
			<property name="asOfDateFormula" value="TIME_TAG" valueType="string"/>
			<property name="instanceKeyValues" valueType="table">
				<object type="InstanceObject:instanceKeyValue" version="2">
					<property name="name" value="v" valueType="string"/>
					<property name="keyValueType" value="VARCHAR" valueType="string"/>
					<property name="keyValue" value="$v" valueType="freehand"/>
				</object>
				<object type="InstanceObject:instanceKeyValue" version="2">
					<property name="name" value="run_id" valueType="string"/>
					<property name="keyValueType" value="VARCHAR" valueType="string"/>
					<property name="keyValue" value="$run_id" valueType="freehand"/>
				</object>
				<object type="InstanceObject:instanceKeyValue" version="2">
					<property name="name" value="scenarioKey" valueType="string"/>
					<property name="keyValueType" value="VARCHAR" valueType="string"/>
					<property name="keyValue" value="$scenarioKey" valueType="freehand"/>
				</object>
				<object type="InstanceObject:instanceKeyValue" version="2">
					<property name="name" value="run_type" valueType="string"/>
					<property name="keyValueType" value="VARCHAR" valueType="string"/>
					<property name="keyValue" value="$run_type" valueType="freehand"/>
				</object>
			</property>
			<property name="keyParameters" valueType="object">
				<object type="Task:keyParameters_Computation" version="1">
					<property name="models" valueType="table">
						<object type="Task:modelNameRef" version="2">
							<property name="model" value="Aggregation[CRD4_Art_331_2_ZSR_Positions]" valueType="string"/>
						</object>
					</property>
					<property name="streams" valueType="table">
						<object type="Task:streamKeyValues" version="2">
							<property name="streamKeyName" value="entity" valueType="string"/>
							<property name="values" value="$entity" valueType="freehand"/>
						</object>
					</property>
				</object>
			</property>
			<property name="nonKeyParameters" valueType="object">
				<object type="Task:nonKeyParameters_Computation" version="1">
					<property name="modelDates" valueType="table">
						<object type="Task:modelDateEntry" version="3">
							<property name="model" value="Aggregation[CRD4_Art_331_2_ZSR_Positions]" valueType="string"/>
							<property name="instanceDateAndKeysValues" value="TIME_TAG" valueType="freehand"/>
						</object>
					</property>
					<property name="archivalFrequency" value="ARCHIVAL_FREQUENCY" valueType="freehand"/>
					<property name="variables" valueType="table">
						<object type="Task:parameterValue" version="2">
							<property name="name" value="precision" valueType="string"/>
							<property name="value" value="getSystemDefault(&quot;ZSR_Precision&quot;)" valueType="freehand"/>
						</object>
					</property>
				</object>
			</property>
			<property name="parentModules" valueType="table">
				<object type="WorkFlow:parentModule" version="2">
					<property name="id" value="baf5ccda-87ee-4803-be4b-9cdfc68ebddb" valueType="string"/>
					<property name="lineConnectors" valueType="table">
						<object type="WorkFlow:lineConnector" version="2">
							<property name="locationX" value="599.0" valueType="double"/>
							<property name="locationY" value="197.0" valueType="double"/>
						</object>
						<object type="WorkFlow:lineConnector" version="2">
							<property name="locationX" value="282.0" valueType="double"/>
							<property name="locationY" value="200.0" valueType="double"/>
						</object>
					</property>
				</object>
			</property>
			<property name="locationX" value="307.0" valueType="double"/>
			<property name="locationY" value="247.0" valueType="double"/>
		</object>
		<object type="WorkFlow:taskModule" version="29">
			<property name="name" value="b183a5c4-1cf5-48dc-99ce-5a416e5cbacc" valueType="string"/>
			<property name="description" value="Alt_ZSR_Remaining_Positions" valueType="string"/>
			<property name="id" value="b183a5c4-1cf5-48dc-99ce-5a416e5cbacc" valueType="string"/>
			<property name="taskType" value="Aggregation" valueType="string"/>
			<property name="underlyingObject" valueType="url">Aggregation["Alt_ZSR_Remaining_Positions"{9917d222-c417-4a75-8b29-0f71b312024a}]</property>
			<property name="asOfDateFormula" value="TIME_TAG" valueType="string"/>
			<property name="instanceKeyValues" valueType="table">
				<object type="InstanceObject:instanceKeyValue" version="2">
					<property name="name" value="v" valueType="string"/>
					<property name="keyValueType" value="VARCHAR" valueType="string"/>
					<property name="keyValue" value="$v" valueType="freehand"/>
				</object>
				<object type="InstanceObject:instanceKeyValue" version="2">
					<property name="name" value="run_id" valueType="string"/>
					<property name="keyValueType" value="VARCHAR" valueType="string"/>
					<property name="keyValue" value="$run_id" valueType="freehand"/>
				</object>
				<object type="InstanceObject:instanceKeyValue" version="2">
					<property name="name" value="scenarioKey" valueType="string"/>
					<property name="keyValueType" value="VARCHAR" valueType="string"/>
					<property name="keyValue" value="$scenarioKey" valueType="freehand"/>
				</object>
				<object type="InstanceObject:instanceKeyValue" version="2">
					<property name="name" value="run_type" valueType="string"/>
					<property name="keyValueType" value="VARCHAR" valueType="string"/>
					<property name="keyValue" value="$run_type" valueType="freehand"/>
				</object>
			</property>
			<property name="keyParameters" valueType="object">
				<object type="Task:keyParameters_Aggregation" version="2">
					<property name="models" valueType="table">
						<object type="Task:modelNameRef" version="2">
							<property name="model" value="ModifyModel[Alt_ZSR_Remaining_Positions].Aggregation[CRD4_Art_331_2_ZSR_Positions]" valueType="string"/>
						</object>
					</property>
					<property name="streams" valueType="table">
						<object type="Task:streamKeyValues" version="2">
							<property name="streamKeyName" value="entity" valueType="string"/>
							<property name="values" value="$entity" valueType="freehand"/>
						</object>
					</property>
				</object>
			</property>
			<property name="nonKeyParameters" valueType="object">
				<object type="Task:nonKeyParameters_Aggregation" version="4">
					<property name="modelDates" valueType="table">
						<object type="Task:modelDateEntry" version="3">
							<property name="model" value="ModifyModel[Alt_ZSR_Remaining_Positions].Aggregation[CRD4_Art_331_2_ZSR_Positions]" valueType="string"/>
							<property name="instanceDateAndKeysValues" value="TIME_TAG" valueType="freehand"/>
						</object>
					</property>
					<property name="archivalFrequency" value="ARCHIVAL_FREQUENCY" valueType="freehand"/>
				</object>
			</property>
			<property name="parentModules" valueType="table">
				<object type="WorkFlow:parentModule" version="2">
					<property name="id" value="7930377e-b024-4797-80f7-f5d35e5b94a0" valueType="string"/>
					<property name="lineConnectors" valueType="table">
						<object type="WorkFlow:lineConnector" version="2">
							<property name="locationX" value="973.0" valueType="double"/>
							<property name="locationY" value="340.0" valueType="double"/>
						</object>
						<object type="WorkFlow:lineConnector" version="2">
							<property name="locationX" value="687.0" valueType="double"/>
							<property name="locationY" value="342.0" valueType="double"/>
						</object>
					</property>
				</object>
			</property>
			<property name="locationX" value="712.0" valueType="double"/>
			<property name="locationY" value="360.0" valueType="double"/>
		</object>
		<object type="WorkFlow:taskModule" version="29">
			<property name="name" value="7e242910-c38c-4f31-8e69-6f56202756a3" valueType="string"/>
			<property name="description" value="CRD4_Art_331_2_Net_ZSR_Journal" valueType="string"/>
			<property name="id" value="7e242910-c38c-4f31-8e69-6f56202756a3" valueType="string"/>
			<property name="taskType" value="ModifyModel" valueType="string"/>
			<property name="underlyingObject" valueType="url">ModifyModel["CRD4_Art_331_2_Net_ZSR_Journal"{f0ed1dd7-efcc-45b2-97dd-8a8e39686108}]</property>
			<property name="asOfDateFormula" value="TIME_TAG" valueType="string"/>
			<property name="instanceKeyValues" valueType="table">
				<object type="InstanceObject:instanceKeyValue" version="2">
					<property name="name" value="v" valueType="string"/>
					<property name="keyValueType" value="VARCHAR" valueType="string"/>
					<property name="keyValue" value="$v" valueType="freehand"/>
				</object>
				<object type="InstanceObject:instanceKeyValue" version="2">
					<property name="name" value="run_id" valueType="string"/>
					<property name="keyValueType" value="VARCHAR" valueType="string"/>
					<property name="keyValue" value="$run_id" valueType="freehand"/>
				</object>
				<object type="InstanceObject:instanceKeyValue" version="2">
					<property name="name" value="scenarioKey" valueType="string"/>
					<property name="keyValueType" value="VARCHAR" valueType="string"/>
					<property name="keyValue" value="$scenarioKey" valueType="freehand"/>
				</object>
				<object type="InstanceObject:instanceKeyValue" version="2">
					<property name="name" value="run_type" valueType="string"/>
					<property name="keyValueType" value="VARCHAR" valueType="string"/>
					<property name="keyValue" value="$run_type" valueType="freehand"/>
				</object>
			</property>
			<property name="keyParameters" valueType="object">
				<object type="Task:keyParameters_ModifyModel" version="2"/>
			</property>
			<property name="nonKeyParameters" valueType="object">
				<object type="Task:nonKeyParameters_ModifyModel" version="2">
					<property name="cloneOriginalModelInstance" value="true" valueType="boolean"/>
				</object>
			</property>
			<property name="parentModules" valueType="table">
				<object type="WorkFlow:parentModule" version="2">
					<property name="id" value="bf400648-d6e3-4e36-b99c-523a70a35a7c" valueType="string"/>
					<property name="lineConnectors" valueType="table">
						<object type="WorkFlow:lineConnector" version="2">
							<property name="locationX" value="635.0" valueType="double"/>
							<property name="locationY" value="379.0" valueType="double"/>
						</object>
						<object type="WorkFlow:lineConnector" version="2">
							<property name="locationX" value="304.0" valueType="double"/>
							<property name="locationY" value="378.0" valueType="double"/>
						</object>
					</property>
				</object>
			</property>
			<property name="locationX" value="331.0" valueType="double"/>
			<property name="locationY" value="395.0" valueType="double"/>
		</object>
		<object type="WorkFlow:taskModule" version="29">
			<property name="name" value="d69e28d2-2b57-4437-b0b3-4582a9686b12" valueType="string"/>
			<property name="description" value="Alt_ZSR_Netting_Results" valueType="string"/>
			<property name="id" value="d69e28d2-2b57-4437-b0b3-4582a9686b12" valueType="string"/>
			<property name="taskType" value="ModifyModel" valueType="string"/>
			<property name="underlyingObject" valueType="url">ModifyModel["Alt_ZSR_Netting_Results"{04673667-2e22-4cdf-a16f-c1b83d6d6927}]</property>
			<property name="asOfDateFormula" value="TIME_TAG" valueType="string"/>
			<property name="instanceKeyValues" valueType="table">
				<object type="InstanceObject:instanceKeyValue" version="2">
					<property name="name" value="v" valueType="string"/>
					<property name="keyValueType" value="VARCHAR" valueType="string"/>
					<property name="keyValue" value="$v" valueType="freehand"/>
				</object>
				<object type="InstanceObject:instanceKeyValue" version="2">
					<property name="name" value="run_id" valueType="string"/>
					<property name="keyValueType" value="VARCHAR" valueType="string"/>
					<property name="keyValue" value="$run_id" valueType="freehand"/>
				</object>
				<object type="InstanceObject:instanceKeyValue" version="2">
					<property name="name" value="scenarioKey" valueType="string"/>
					<property name="keyValueType" value="VARCHAR" valueType="string"/>
					<property name="keyValue" value="$scenarioKey" valueType="freehand"/>
				</object>
				<object type="InstanceObject:instanceKeyValue" version="2">
					<property name="name" value="run_type" valueType="string"/>
					<property name="keyValueType" value="VARCHAR" valueType="string"/>
					<property name="keyValue" value="$run_type" valueType="freehand"/>
				</object>
			</property>
			<property name="keyParameters" valueType="object">
				<object type="Task:keyParameters_ModifyModel" version="2"/>
			</property>
			<property name="nonKeyParameters" valueType="object">
				<object type="Task:nonKeyParameters_ModifyModel" version="2">
					<property name="cloneOriginalModelInstance" value="true" valueType="boolean"/>
				</object>
			</property>
			<property name="parentModules" valueType="table">
				<object type="WorkFlow:parentModule" version="2">
					<property name="id" value="b183a5c4-1cf5-48dc-99ce-5a416e5cbacc" valueType="string"/>
					<property name="lineConnectors" valueType="table">
						<object type="WorkFlow:lineConnector" version="2">
							<property name="locationX" value="980.0" valueType="double"/>
							<property name="locationY" value="462.0" valueType="double"/>
						</object>
						<object type="WorkFlow:lineConnector" version="2">
							<property name="locationX" value="688.0" valueType="double"/>
							<property name="locationY" value="467.0" valueType="double"/>
						</object>
					</property>
				</object>
			</property>
			<property name="locationX" value="715.0" valueType="double"/>
			<property name="locationY" value="481.0" valueType="double"/>
		</object>
		<object type="WorkFlow:taskModule" version="29">
			<property name="name" value="b7562360-15f4-413e-afbf-ad1f51cd1c6f" valueType="string"/>
			<property name="description" value="Alt_ZSR_Netting_Results" valueType="string"/>
			<property name="id" value="b7562360-15f4-413e-afbf-ad1f51cd1c6f" valueType="string"/>
			<property name="taskType" value="Aggregation" valueType="string"/>
			<property name="underlyingObject" valueType="url">Aggregation["Alt_ZSR_Netting_Results"{6920c6b8-d0e0-4ea4-8596-caaa7514ae66}]</property>
			<property name="asOfDateFormula" value="TIME_TAG" valueType="string"/>
			<property name="instanceKeyValues" valueType="table">
				<object type="InstanceObject:instanceKeyValue" version="2">
					<property name="name" value="v" valueType="string"/>
					<property name="keyValueType" value="VARCHAR" valueType="string"/>
					<property name="keyValue" value="$v" valueType="freehand"/>
				</object>
				<object type="InstanceObject:instanceKeyValue" version="2">
					<property name="name" value="run_id" valueType="string"/>
					<property name="keyValueType" value="VARCHAR" valueType="string"/>
					<property name="keyValue" value="$run_id" valueType="freehand"/>
				</object>
				<object type="InstanceObject:instanceKeyValue" version="2">
					<property name="name" value="scenarioKey" valueType="string"/>
					<property name="keyValueType" value="VARCHAR" valueType="string"/>
					<property name="keyValue" value="$scenarioKey" valueType="freehand"/>
				</object>
				<object type="InstanceObject:instanceKeyValue" version="2">
					<property name="name" value="run_type" valueType="string"/>
					<property name="keyValueType" value="VARCHAR" valueType="string"/>
					<property name="keyValue" value="$run_type" valueType="freehand"/>
				</object>
			</property>
			<property name="keyParameters" valueType="object">
				<object type="Task:keyParameters_Aggregation" version="2">
					<property name="models" valueType="table">
						<object type="Task:modelNameRef" version="2">
							<property name="model" value="ModifyModel[Alt_ZSR_Netting_Results].Aggregation[CRD4_Art_331_2_ZSR_Positions]" valueType="string"/>
						</object>
					</property>
					<property name="streams" valueType="table">
						<object type="Task:streamKeyValues" version="2">
							<property name="streamKeyName" value="entity" valueType="string"/>
							<property name="values" value="$entity" valueType="freehand"/>
						</object>
					</property>
				</object>
			</property>
			<property name="nonKeyParameters" valueType="object">
				<object type="Task:nonKeyParameters_Aggregation" version="4">
					<property name="modelDates" valueType="table">
						<object type="Task:modelDateEntry" version="3">
							<property name="model" value="ModifyModel[Alt_ZSR_Netting_Results].Aggregation[CRD4_Art_331_2_ZSR_Positions]" valueType="string"/>
							<property name="instanceDateAndKeysValues" value="TIME_TAG" valueType="freehand"/>
						</object>
					</property>
					<property name="archivalFrequency" value="ARCHIVAL_FREQUENCY" valueType="freehand"/>
				</object>
			</property>
			<property name="parentModules" valueType="table">
				<object type="WorkFlow:parentModule" version="2">
					<property name="id" value="d69e28d2-2b57-4437-b0b3-4582a9686b12" valueType="string"/>
					<property name="lineConnectors" valueType="table"/>
				</object>
			</property>
			<property name="locationX" value="995.0" valueType="double"/>
			<property name="locationY" value="481.0" valueType="double"/>
		</object>
		<object type="WorkFlow:taskModule" version="29">
			<property name="name" value="18e7549a-eba6-4e13-b1d6-d079e6f51076" valueType="string"/>
			<property name="description" value="ZSR_Netting_Results" valueType="string"/>
			<property name="id" value="18e7549a-eba6-4e13-b1d6-d079e6f51076" valueType="string"/>
			<property name="taskType" value="Aggregation" valueType="string"/>
			<property name="underlyingObject" valueType="url">Aggregation["ZSR_Netting_Results"{de51fb5a-5e89-4568-a54d-e838a01b20de}]</property>
			<property name="asOfDateFormula" value="TIME_TAG" valueType="string"/>
			<property name="instanceKeyValues" valueType="table">
				<object type="InstanceObject:instanceKeyValue" version="2">
					<property name="name" value="v" valueType="string"/>
					<property name="keyValueType" value="VARCHAR" valueType="string"/>
					<property name="keyValue" value="$v" valueType="freehand"/>
				</object>
				<object type="InstanceObject:instanceKeyValue" version="2">
					<property name="name" value="run_id" valueType="string"/>
					<property name="keyValueType" value="VARCHAR" valueType="string"/>
					<property name="keyValue" value="$run_id" valueType="freehand"/>
				</object>
				<object type="InstanceObject:instanceKeyValue" version="2">
					<property name="name" value="scenarioKey" valueType="string"/>
					<property name="keyValueType" value="VARCHAR" valueType="string"/>
					<property name="keyValue" value="$scenarioKey" valueType="freehand"/>
				</object>
				<object type="InstanceObject:instanceKeyValue" version="2">
					<property name="name" value="run_type" valueType="string"/>
					<property name="keyValueType" value="VARCHAR" valueType="string"/>
					<property name="keyValue" value="$run_type" valueType="freehand"/>
				</object>
			</property>
			<property name="keyParameters" valueType="object">
				<object type="Task:keyParameters_Aggregation" version="2">
					<property name="models" valueType="table">
						<object type="Task:modelNameRef" version="2">
							<property name="model" value="Aggregation[Alt_ZSR_Netting_Results]" valueType="string"/>
						</object>
					</property>
					<property name="streams" valueType="table">
						<object type="Task:streamKeyValues" version="2">
							<property name="streamKeyName" value="entity" valueType="string"/>
							<property name="values" value="$entity" valueType="freehand"/>
						</object>
					</property>
				</object>
			</property>
			<property name="nonKeyParameters" valueType="object">
				<object type="Task:nonKeyParameters_Aggregation" version="4">
					<property name="modelDates" valueType="table">
						<object type="Task:modelDateEntry" version="3">
							<property name="model" value="Aggregation[Alt_ZSR_Netting_Results]" valueType="string"/>
							<property name="instanceDateAndKeysValues" value="TIME_TAG" valueType="freehand"/>
						</object>
					</property>
					<property name="archivalFrequency" value="ARCHIVAL_FREQUENCY" valueType="freehand"/>
				</object>
			</property>
			<property name="parentModules" valueType="table">
				<object type="WorkFlow:parentModule" version="2">
					<property name="id" value="b7562360-15f4-413e-afbf-ad1f51cd1c6f" valueType="string"/>
					<property name="lineConnectors" valueType="table"/>
				</object>
			</property>
			<property name="locationX" value="1274.0" valueType="double"/>
			<property name="locationY" value="481.0" valueType="double"/>
		</object>
		<object type="WorkFlow:taskModule" version="29">
			<property name="name" value="00de36c3-2c86-4715-9ede-44c416a5e21c" valueType="string"/>
			<property name="description" value="CRD4_Art_331_2_Net_ZSR_Journal" valueType="string"/>
			<property name="id" value="00de36c3-2c86-4715-9ede-44c416a5e21c" valueType="string"/>
			<property name="taskType" value="Aggregation" valueType="string"/>
			<property name="underlyingObject" valueType="url">Aggregation["CRD4_Art_331_2_Net_ZSR_Journal"{46f03305-246a-49e2-954d-a183747f4bf1}]</property>
			<property name="asOfDateFormula" value="TIME_TAG" valueType="string"/>
			<property name="instanceKeyValues" valueType="table">
				<object type="InstanceObject:instanceKeyValue" version="2">
					<property name="name" value="v" valueType="string"/>
					<property name="keyValueType" value="VARCHAR" valueType="string"/>
					<property name="keyValue" value="$v" valueType="freehand"/>
				</object>
				<object type="InstanceObject:instanceKeyValue" version="2">
					<property name="name" value="run_id" valueType="string"/>
					<property name="keyValueType" value="VARCHAR" valueType="string"/>
					<property name="keyValue" value="$run_id" valueType="freehand"/>
				</object>
				<object type="InstanceObject:instanceKeyValue" version="2">
					<property name="name" value="scenarioKey" valueType="string"/>
					<property name="keyValueType" value="VARCHAR" valueType="string"/>
					<property name="keyValue" value="$scenarioKey" valueType="freehand"/>
				</object>
				<object type="InstanceObject:instanceKeyValue" version="2">
					<property name="name" value="run_type" valueType="string"/>
					<property name="keyValueType" value="VARCHAR" valueType="string"/>
					<property name="keyValue" value="$run_type" valueType="freehand"/>
				</object>
			</property>
			<property name="keyParameters" valueType="object">
				<object type="Task:keyParameters_Aggregation" version="2">
					<property name="models" valueType="table">
						<object type="Task:modelNameRef" version="2">
							<property name="model" value="ModifyModel[CRD4_Art_331_2_Net_ZSR_Journal].Computation[Alt_CRD4_Art_331_2_Net_ZSR_Solver].alloc" valueType="string"/>
						</object>
					</property>
					<property name="streams" valueType="table">
						<object type="Task:streamKeyValues" version="2">
							<property name="streamKeyName" value="entity" valueType="string"/>
							<property name="values" value="$entity" valueType="freehand"/>
						</object>
					</property>
				</object>
			</property>
			<property name="nonKeyParameters" valueType="object">
				<object type="Task:nonKeyParameters_Aggregation" version="4">
					<property name="modelDates" valueType="table">
						<object type="Task:modelDateEntry" version="3">
							<property name="model" value="ModifyModel[CRD4_Art_331_2_Net_ZSR_Journal].Computation[Alt_CRD4_Art_331_2_Net_ZSR_Solver].alloc" valueType="string"/>
							<property name="instanceDateAndKeysValues" value="TIME_TAG" valueType="freehand"/>
						</object>
					</property>
					<property name="archivalFrequency" value="ARCHIVAL_FREQUENCY" valueType="freehand"/>
				</object>
			</property>
			<property name="parentModules" valueType="table">
				<object type="WorkFlow:parentModule" version="2">
					<property name="id" value="7e242910-c38c-4f31-8e69-6f56202756a3" valueType="string"/>
					<property name="lineConnectors" valueType="table"/>
				</object>
			</property>
			<property name="locationX" value="668.0" valueType="double"/>
			<property name="locationY" value="604.0" valueType="double"/>
		</object>
	</property>
	<property name="archivalProperties" valueType="object">
		<object type="ArchivalProperties" version="2">
			<property name="daily" value="false" valueType="boolean"/>
			<property name="weekly" value="false" valueType="boolean"/>
			<property name="monthly" value="false" valueType="boolean"/>
			<property name="quarterly" value="false" valueType="boolean"/>
			<property name="semiAnnually" value="false" valueType="boolean"/>
			<property name="annually" value="false" valueType="boolean"/>
			<property name="intraDay" value="false" valueType="boolean"/>
			<property name="userDefined" value="false" valueType="boolean"/>
		</object>
	</property>
	<property name="iterators" valueType="table"/>
	<property name="keyParameters" valueType="table"/>
	<property name="nonKeyParameters" valueType="table"/>
</object>