<object stamp="7bd538f8-7251-4736-9f76-f096af77686e_1691742907592" type="DataModel" version="6">
	<property name="name" value="Ref_SEC_Report_Data" valueType="string"/>
	<property name="description" value="" valueType="string"/>
	<property name="objectId" value="bc088752-25d7-4fd0-a505-b7a22a1f16d0" valueType="string"/>
	<property name="branchId" value="41f71885-5945-4ca2-8235-6271d0248d54" valueType="string"/>
	<property name="isPermanent" value="false" valueType="boolean"/>
	<property name="instanceKeys" valueType="table">
		<object type="InstanceKey" version="2">
			<property name="name" value="v" valueType="string"/>
			<property name="description" value="" valueType="string"/>
			<property name="type" value="VARCHAR" valueType="string"/>
			<property name="size" value="100" valueType="integer"/>
			<property name="defaultInstanceKeyValueFormula" value="" valueType="string"/>
		</object>
	</property>
	<property name="hierarchy" valueType="tree">
		<objectNode type="DataModel:node" version="3">
			<property name="name" value="root" valueType="string"/>
			<property name="description" value="" valueType="string"/>
			<property name="id" value="8ae19171-9693-49de-92f2-9a6a99701047" valueType="string"/>
			<property name="dataSource" valueType="url">DataSource["Ref_SEC_Report_Data"{0c7dafcd-97ab-4182-8c58-5d51a2c02167}]</property>
			<property name="relationshipToParent" value="ONE_TO_ONE" valueType="string"/>
			<property name="mandatoryInJoin" value="false" valueType="boolean"/>
			<property name="additionalConstraint" valueType="table"/>
			<property name="additionalJoinExpression" valueType="table"/>
			<property name="instanceSelectionRule" valueType="object">
				<object type="InstanceSelectionRule" version="3">
					<property name="instanceDateRule" valueType="object">
						<object type="InstanceSelectionRule:rule" version="3">
							<property name="type" value="EQUAL" valueType="string"/>
						</object>
					</property>
					<property name="instanceKeyRules" valueType="table">
						<object type="InstanceSelectionRule:instanceKeyRule" version="3">
							<property name="type" value="EQUAL" valueType="string"/>
							<property name="instanceKeyName" value="v" valueType="string"/>
						</object>
					</property>
				</object>
			</property>
			<property name="join" valueType="table"/>
		</objectNode>
	</property>
	<property name="streamKeys" valueType="table"/>
	<property name="freezeLevel" value="1" valueType="integer"/>
	<property name="performJoinOnAllStreamColumns" value="false" valueType="boolean"/>
	<property name="mustInheritSourceIKs" value="true" valueType="boolean"/>
</object>