<object stamp="62064e56-93c6-4a3b-aca6-08a90b429d93_1537874342220" type="DataModel" version="6">
	<property name="name" value="Ref_Party" valueType="string"/>
	<property name="description" value="Ref_Party" valueType="string"/>
	<property name="objectId" value="6dbba20e-bfc6-4f86-b83d-5463f183736f" valueType="string"/>
	<property name="branchId" value="41f71885-5945-4ca2-8235-6271d0248d54" valueType="string"/>
	<property name="isPermanent" value="false" valueType="boolean"/>
	<property name="instanceKeys" valueType="table">
		<object type="InstanceKey" version="2">
			<property name="name" value="v" valueType="string"/>
			<property name="description" value="Version" valueType="string"/>
			<property name="type" value="VARCHAR" valueType="string"/>
			<property name="size" value="50" valueType="integer"/>
			<property name="defaultInstanceKeyValueFormula" value="" valueType="string"/>
		</object>
	</property>
	<property name="hierarchy" valueType="tree">
		<objectNode type="DataModel:node" version="3">
			<property name="name" value="root" valueType="string"/>
			<property name="description" value="Ref_Party_Sample" valueType="string"/>
			<property name="id" value="9ed6c734-1826-4636-aa9d-8f014f8ffa27" valueType="string"/>
			<property name="dataSource" valueType="url">DataSource["Ref_Party_Sample"{b0b1d0d7-e204-44a6-96d9-af9a49e7c8ab}]</property>
			<property name="relationshipToParent" value="ONE_TO_ONE" valueType="string"/>
			<property name="mandatoryInJoin" value="false" valueType="boolean"/>
			<property name="additionalConstraint" valueType="table"/>
			<property name="additionalJoinExpression" valueType="table"/>
			<property name="instanceSelectionRule" valueType="object">
				<object type="InstanceSelectionRule" version="3">
					<property name="instanceDateRule" valueType="object">
						<object type="InstanceSelectionRule:rule" version="3">
							<property name="type" value="EQUAL" valueType="string"/>
						</object>
					</property>
					<property name="instanceKeyRules" valueType="table">
						<object type="InstanceSelectionRule:instanceKeyRule" version="3">
							<property name="type" value="EQUAL" valueType="string"/>
							<property name="instanceKeyName" value="v" valueType="string"/>
						</object>
					</property>
				</object>
			</property>
			<property name="join" valueType="table"/>
		</objectNode>
	</property>
	<property name="streamKeys" valueType="table"/>
	<property name="freezeLevel" value="1" valueType="integer"/>
	<property name="performJoinOnAllStreamColumns" value="false" valueType="boolean"/>
	<property name="mustInheritSourceIKs" value="true" valueType="boolean"/>
</object>