<object stamp="d90f8cd7-d04c-45d4-8816-5710411a7d0b_1729066032144" type="Shorthand" version="6">
	<property name="name" value="LR_Derivative_Cube_to_RDD" valueType="string"/>
	<property name="description" value="" valueType="string"/>
	<property name="objectId" value="d7becae5-ad7d-4435-9071-7cee79bbab1d" valueType="string"/>
	<property name="branchId" value="7ca400a9-8409-4345-aa3f-1d5f813761af" valueType="string"/>
	<property name="models" valueType="table">
		<object type="DataModel:reference" version="3">
			<property name="value" valueType="url">DataModel["leverage_ratio:Aggregation[LR_Derivative_Margin_Output_Cube]"{1e1cbd15-aba4-495a-b09f-3e65e2fad69f:Aggregation[e535b7ea-1a9c-4dd2-8a99-2ccfd4306607]}]</property>
		</object>
		<object type="DataModel:reference" version="3">
			<property name="value" valueType="url">DataModel["leverage_ratio:Aggregation[LR_Derivatives_Positions_Output_Cube]"{1e1cbd15-aba4-495a-b09f-3e65e2fad69f:Aggregation[8129f12b-cb4a-40ca-a502-65198e2d8898]}]</property>
		</object>
	</property>
	<property name="condition" valueType="tree">
		<objectNode type="Condition" version="3">
			<property name="isNegated" value="false" valueType="boolean"/>
			<property name="groupingOperator" value="AND" valueType="string"/>
		</objectNode>
	</property>
	<property name="modelConditionOverrides" valueType="table">
		<object type="Shorthand:modelCondition" version="2">
			<property name="name" value="deriv_margin" valueType="string"/>
			<property name="models" valueType="table">
				<object type="DataModel:reference" version="3">
					<property name="value" valueType="url">DataModel["leverage_ratio:Aggregation[LR_Derivative_Margin_Output_Cube]"{1e1cbd15-aba4-495a-b09f-3e65e2fad69f:Aggregation[e535b7ea-1a9c-4dd2-8a99-2ccfd4306607]}]</property>
				</object>
			</property>
			<property name="condition" valueType="tree">
				<objectNode type="Condition" version="3">
					<property name="isNegated" value="false" valueType="boolean"/>
					<property name="groupingOperator" value="AND" valueType="string"/>
					<children>
						<objectNode type="Condition:freehandExpression" version="3">
							<property name="expression" valueType="table">
								<object type="SQLPattern" version="3">
									<property name="name" value="isNull" valueType="string"/>
									<property name="parameters" valueType="table">
										<object type="SQLPattern:parameter" version="3">
											<property name="expressions" valueType="table">
												<object type="DataModel:fieldMap" version="3">
													<property name="map" valueType="table">
														<object type="DataModel:fieldReference" version="3">
															<property name="value" valueType="url">DataModel["leverage_ratio:Aggregation[LR_Derivative_Margin_Output_Cube]"{1e1cbd15-aba4-495a-b09f-3e65e2fad69f:Aggregation[e535b7ea-1a9c-4dd2-8a99-2ccfd4306607]}].hierarchy["Aggregation"{e535b7ea-1a9c-4dd2-8a99-2ccfd4306607}].dataSource.layout["id_drvtv_mrgn_trc"{a3cbaf33-f7fc-487a-884f-095967fec7d8}]</property>
														</object>
													</property>
												</object>
											</property>
										</object>
										<object type="SQLPattern:parameter" version="3">
											<property name="expressions" valueType="table">
												<object type="SQLExpressionPart" version="2">
													<property name="value" value="''" valueType="string"/>
												</object>
											</property>
										</object>
									</property>
								</object>
								<object type="SQLExpressionPart" version="2">
									<property name="value" value="!=''&#xd;" valueType="string"/>
								</object>
							</property>
						</objectNode>
					</children>
				</objectNode>
			</property>
		</object>
	</property>
</object>