<object stamp="77c1c276-cee1-4580-86ff-6720c698635d_1719512712717" type="DataSource" version="18">
	<property name="name" value="PRA_Specific_Market_Risk_PRA" valueType="string"/>
	<property name="description" value="Specific Market Risk PRAs" valueType="string"/>
	<property name="objectId" value="3992b4a3-8376-4f76-ab1e-fc50c16459a1" valueType="string"/>
	<property name="branchId" value="f373907f-fa0a-40d6-b143-ab4efdb3216b" valueType="string"/>
	<property name="hosting" value="INTERNAL" valueType="string"/>
	<property name="dbSource" valueType="url">DBSource["POSTGRES"{7141b02a-a2bf-46bb-9ad0-fa1087f431e1}]</property>
	<property name="loader" valueType="url">DataSourceLoader["load_table"{load_table}]</property>
	<property name="defaultVisibilityInModel" value="true" valueType="boolean"/>
	<property name="dataStructure" value="FLAT" valueType="string"/>
	<property name="layout" valueType="table">
		<object type="DataSource:field" version="5">
			<property name="name" value="sa_rw_vl_lwr" valueType="string"/>
			<property name="description" value="" valueType="string"/>
			<property name="id" value="0f1c5841-d02f-40da-819f-cbf5249f1756" valueType="string"/>
			<property name="title" value="Standardised Approach Risk Weight Lower Value" valueType="string"/>
			<property name="type" value="FLOAT" valueType="string"/>
			<property name="allowNulls" value="false" valueType="boolean"/>
			<property name="allowDefault" value="false" valueType="boolean"/>
			<property name="syntheticContent" valueType="table"/>
			<property name="lookupSource" valueType="url"/>
			<property name="parentFields" valueType="table"/>
			<property name="aggregatedFunction" value="" valueType="string"/>
			<property name="isCountFieldFor" valueType="url"/>
			<property name="producingMap" valueType="table"/>
			<property name="displayFormat" value="" valueType="string"/>
			<property name="showSubtotal" value="false" valueType="boolean"/>
			<property name="isHidden" value="false" valueType="boolean"/>
		</object>
		<object type="DataSource:field" version="5">
			<property name="name" value="sa_rw_vl_uppr" valueType="string"/>
			<property name="description" value="" valueType="string"/>
			<property name="id" value="b2b94d88-fbcd-4214-9676-cd3b9c97ba72" valueType="string"/>
			<property name="title" value="Standardised Approach Risk Weight Upper Value" valueType="string"/>
			<property name="type" value="FLOAT" valueType="string"/>
			<property name="allowNulls" value="false" valueType="boolean"/>
			<property name="allowDefault" value="false" valueType="boolean"/>
			<property name="syntheticContent" valueType="table"/>
			<property name="lookupSource" valueType="url"/>
			<property name="parentFields" valueType="table"/>
			<property name="aggregatedFunction" value="" valueType="string"/>
			<property name="isCountFieldFor" valueType="url"/>
			<property name="producingMap" valueType="table"/>
			<property name="displayFormat" value="" valueType="string"/>
			<property name="showSubtotal" value="false" valueType="boolean"/>
			<property name="isHidden" value="false" valueType="boolean"/>
		</object>
		<object type="DataSource:field" version="5">
			<property name="name" value="rsdl_mtrty_lwr" valueType="string"/>
			<property name="description" value="" valueType="string"/>
			<property name="id" value="04c0a098-b542-4f57-871e-5ba0e8f04474" valueType="string"/>
			<property name="title" value="Residual Maturity Lower" valueType="string"/>
			<property name="type" value="FLOAT" valueType="string"/>
			<property name="allowNulls" value="false" valueType="boolean"/>
			<property name="allowDefault" value="false" valueType="boolean"/>
			<property name="syntheticContent" valueType="table"/>
			<property name="lookupSource" valueType="url"/>
			<property name="parentFields" valueType="table"/>
			<property name="aggregatedFunction" value="" valueType="string"/>
			<property name="isCountFieldFor" valueType="url"/>
			<property name="producingMap" valueType="table"/>
			<property name="displayFormat" value="" valueType="string"/>
			<property name="showSubtotal" value="false" valueType="boolean"/>
			<property name="isHidden" value="false" valueType="boolean"/>
		</object>
		<object type="DataSource:field" version="5">
			<property name="name" value="rsdl_mtrty_uppr" valueType="string"/>
			<property name="description" value="" valueType="string"/>
			<property name="id" value="f62142c8-4c6a-4035-8969-cf9d1d83aca0" valueType="string"/>
			<property name="title" value="Residual Maturity Upper" valueType="string"/>
			<property name="type" value="FLOAT" valueType="string"/>
			<property name="allowNulls" value="false" valueType="boolean"/>
			<property name="allowDefault" value="false" valueType="boolean"/>
			<property name="syntheticContent" valueType="table"/>
			<property name="lookupSource" valueType="url"/>
			<property name="parentFields" valueType="table"/>
			<property name="aggregatedFunction" value="" valueType="string"/>
			<property name="isCountFieldFor" valueType="url"/>
			<property name="producingMap" valueType="table"/>
			<property name="displayFormat" value="" valueType="string"/>
			<property name="showSubtotal" value="false" valueType="boolean"/>
			<property name="isHidden" value="false" valueType="boolean"/>
		</object>
		<object type="DataSource:field" version="5">
			<property name="name" value="dscrptn" valueType="string"/>
			<property name="description" value="" valueType="string"/>
			<property name="id" value="3348463a-db87-4bc0-be0c-939ea8bbc861" valueType="string"/>
			<property name="title" value="Description" valueType="string"/>
			<property name="type" value="VARCHAR" valueType="string"/>
			<property name="size" value="100" valueType="integer"/>
			<property name="allowNulls" value="false" valueType="boolean"/>
			<property name="allowDefault" value="false" valueType="boolean"/>
			<property name="isAutoUniqueId" value="false" valueType="boolean"/>
			<property name="syntheticContent" valueType="table"/>
			<property name="lookupSource" valueType="url"/>
			<property name="parentFields" valueType="table"/>
			<property name="aggregatedFunction" value="" valueType="string"/>
			<property name="isCountFieldFor" valueType="url"/>
			<property name="producingMap" valueType="table"/>
			<property name="displayFormat" value="" valueType="string"/>
			<property name="showSubtotal" value="false" valueType="boolean"/>
			<property name="isHidden" value="false" valueType="boolean"/>
		</object>
		<object type="DataSource:field" version="5">
			<property name="name" value="ir_spec_pra" valueType="string"/>
			<property name="description" value="" valueType="string"/>
			<property name="id" value="7207830d-2cf8-4d03-84fe-a5f45f52e87e" valueType="string"/>
			<property name="title" value="Interest Rate Specific Risk PRA" valueType="string"/>
			<property name="type" value="FLOAT" valueType="string"/>
			<property name="allowNulls" value="false" valueType="boolean"/>
			<property name="allowDefault" value="false" valueType="boolean"/>
			<property name="syntheticContent" valueType="table"/>
			<property name="lookupSource" valueType="url"/>
			<property name="parentFields" valueType="table"/>
			<property name="aggregatedFunction" value="" valueType="string"/>
			<property name="isCountFieldFor" valueType="url"/>
			<property name="producingMap" valueType="table"/>
			<property name="displayFormat" value="" valueType="string"/>
			<property name="showSubtotal" value="false" valueType="boolean"/>
			<property name="isHidden" value="false" valueType="boolean"/>
		</object>
	</property>
	<property name="keyFields" valueType="table">
		<object type="DataSource:localFieldReference" version="3">
			<property name="value" valueType="url">DataSource[this].layout["sa_rw_vl_lwr"{0f1c5841-d02f-40da-819f-cbf5249f1756}]</property>
		</object>
		<object type="DataSource:localFieldReference" version="3">
			<property name="value" valueType="url">DataSource[this].layout["sa_rw_vl_uppr"{b2b94d88-fbcd-4214-9676-cd3b9c97ba72}]</property>
		</object>
		<object type="DataSource:localFieldReference" version="3">
			<property name="value" valueType="url">DataSource[this].layout["rsdl_mtrty_lwr"{04c0a098-b542-4f57-871e-5ba0e8f04474}]</property>
		</object>
		<object type="DataSource:localFieldReference" version="3">
			<property name="value" valueType="url">DataSource[this].layout["rsdl_mtrty_uppr"{f62142c8-4c6a-4035-8969-cf9d1d83aca0}]</property>
		</object>
	</property>
	<property name="index" valueType="table"/>
	<property name="createIndexOnKeyFields" value="true" valueType="boolean"/>
	<property name="indexOnKeyFieldsClustered" value="true" valueType="boolean"/>
	<property name="storageType" value="PERMANENT" valueType="string"/>
	<property name="internalSourceTablePrefix" value="" valueType="string"/>
	<property name="loaderConfigFields" valueType="table">
		<object type="DataSource:loaderConfigField" version="3">
			<property name="sourceField" valueType="url">DataSource[this].layout["sa_rw_vl_lwr"{0f1c5841-d02f-40da-819f-cbf5249f1756}]</property>
			<property name="origColumn" value="sa_rw_vl_lwr" valueType="string"/>
			<property name="format" value="" valueType="string"/>
		</object>
		<object type="DataSource:loaderConfigField" version="3">
			<property name="sourceField" valueType="url">DataSource[this].layout["sa_rw_vl_uppr"{b2b94d88-fbcd-4214-9676-cd3b9c97ba72}]</property>
			<property name="origColumn" value="sa_rw_vl_uppr" valueType="string"/>
			<property name="format" value="" valueType="string"/>
		</object>
		<object type="DataSource:loaderConfigField" version="3">
			<property name="sourceField" valueType="url">DataSource[this].layout["rsdl_mtrty_lwr"{04c0a098-b542-4f57-871e-5ba0e8f04474}]</property>
			<property name="origColumn" value="rsdl_mtrty_lwr" valueType="string"/>
			<property name="format" value="" valueType="string"/>
		</object>
		<object type="DataSource:loaderConfigField" version="3">
			<property name="sourceField" valueType="url">DataSource[this].layout["rsdl_mtrty_uppr"{f62142c8-4c6a-4035-8969-cf9d1d83aca0}]</property>
			<property name="origColumn" value="rsdl_mtrty_uppr" valueType="string"/>
			<property name="format" value="" valueType="string"/>
		</object>
		<object type="DataSource:loaderConfigField" version="3">
			<property name="sourceField" valueType="url">DataSource[this].layout["dscrptn"{3348463a-db87-4bc0-be0c-939ea8bbc861}]</property>
			<property name="origColumn" value="dscrptn" valueType="string"/>
			<property name="format" value="" valueType="string"/>
		</object>
		<object type="DataSource:loaderConfigField" version="3">
			<property name="sourceField" valueType="url">DataSource[this].layout["ir_spec_pra"{7207830d-2cf8-4d03-84fe-a5f45f52e87e}]</property>
			<property name="origColumn" value="ir_spec_pra" valueType="string"/>
			<property name="format" value="" valueType="string"/>
		</object>
	</property>
	<property name="loaderActions" valueType="table"/>
	<property name="postTableCreationStatements" valueType="table"/>
	<property name="postAdjustmentTableCreationStatements" valueType="table"/>
	<property name="dataLoadVariables" valueType="table"/>
	<property name="computeStatistics" value="NONE" valueType="string"/>
	<property name="reapplyAdjustmentsAfterDataLoad" value="false" valueType="boolean"/>
	<property name="archivalProperties" valueType="object">
		<object type="ArchivalProperties" version="2">
			<property name="daily" value="false" valueType="boolean"/>
			<property name="weekly" value="false" valueType="boolean"/>
			<property name="monthly" value="false" valueType="boolean"/>
			<property name="quarterly" value="false" valueType="boolean"/>
			<property name="semiAnnually" value="false" valueType="boolean"/>
			<property name="annually" value="false" valueType="boolean"/>
			<property name="intraDay" value="false" valueType="boolean"/>
			<property name="userDefined" value="false" valueType="boolean"/>
		</object>
	</property>
	<property name="validations" valueType="table"/>
	<property name="loaderSelectDistinct" value="false" valueType="boolean"/>
	<property name="loaderCondition" value="" valueType="string"/>
	<property name="fourEyesCheck" value="false" valueType="boolean"/>
	<property name="readOnlyAdjustment" value="false" valueType="boolean"/>
	<property name="keepTableContent" value="false" valueType="boolean"/>
	<property name="dbSourceToLoadFrom" valueType="url">DBSource["POSTGRES"{7141b02a-a2bf-46bb-9ad0-fa1087f431e1}]</property>
	<property name="tableLoadingMethod" value="memoryBased" valueType="string"/>
	<property name="freezeLevel" value="1" valueType="integer"/>
	<property name="instanceRebuildRestriction" value="AlterFullRebuild" valueType="string"/>
</object>