<object stamp="5e420113-bd91-4fb6-92a9-acfc0c569cb2_1719512716333" type="DataSource" version="18">
	<property name="name" value="PRA_Securitisations_PRA" valueType="string"/>
	<property name="description" value="PRAs for Securitisations &amp; Resecuritisations" valueType="string"/>
	<property name="objectId" value="58357d4d-eb48-4ebf-8734-5da1d015d542" valueType="string"/>
	<property name="branchId" value="f373907f-fa0a-40d6-b143-ab4efdb3216b" valueType="string"/>
	<property name="hosting" value="INTERNAL" valueType="string"/>
	<property name="dbSource" valueType="url">DBSource["POSTGRES"{7141b02a-a2bf-46bb-9ad0-fa1087f431e1}]</property>
	<property name="loader" valueType="url">DataSourceLoader["load_table"{load_table}]</property>
	<property name="defaultVisibilityInModel" value="true" valueType="boolean"/>
	<property name="dataStructure" value="FLAT" valueType="string"/>
	<property name="layout" valueType="table">
		<object type="DataSource:field" version="5">
			<property name="name" value="typ" valueType="string"/>
			<property name="description" value="" valueType="string"/>
			<property name="id" value="06e9b261-53f5-48dc-8907-ec7502d29e15" valueType="string"/>
			<property name="title" value="Type" valueType="string"/>
			<property name="type" value="VARCHAR" valueType="string"/>
			<property name="size" value="25" valueType="integer"/>
			<property name="allowNulls" value="false" valueType="boolean"/>
			<property name="allowDefault" value="false" valueType="boolean"/>
			<property name="isAutoUniqueId" value="false" valueType="boolean"/>
			<property name="syntheticContent" valueType="table"/>
			<property name="lookupSource" valueType="url"/>
			<property name="parentFields" valueType="table"/>
			<property name="aggregatedFunction" value="" valueType="string"/>
			<property name="isCountFieldFor" valueType="url"/>
			<property name="producingMap" valueType="table"/>
			<property name="displayFormat" value="" valueType="string"/>
			<property name="showSubtotal" value="false" valueType="boolean"/>
			<property name="isHidden" value="false" valueType="boolean"/>
		</object>
		<object type="DataSource:field" version="5">
			<property name="name" value="cqs" valueType="string"/>
			<property name="description" value="" valueType="string"/>
			<property name="id" value="0a102614-00c9-495d-a502-fa30af4ab200" valueType="string"/>
			<property name="title" value="CQS" valueType="string"/>
			<property name="type" value="INTEGER" valueType="string"/>
			<property name="allowNulls" value="false" valueType="boolean"/>
			<property name="allowDefault" value="false" valueType="boolean"/>
			<property name="syntheticContent" valueType="table"/>
			<property name="lookupSource" valueType="url"/>
			<property name="parentFields" valueType="table"/>
			<property name="aggregatedFunction" value="" valueType="string"/>
			<property name="isCountFieldFor" valueType="url"/>
			<property name="producingMap" valueType="table"/>
			<property name="displayFormat" value="" valueType="string"/>
			<property name="showSubtotal" value="false" valueType="boolean"/>
			<property name="isHidden" value="false" valueType="boolean"/>
		</object>
		<object type="DataSource:field" version="5">
			<property name="name" value="ir_spec_pra" valueType="string"/>
			<property name="description" value="" valueType="string"/>
			<property name="id" value="7a042d57-d654-49d8-a5b7-b39d06135be0" valueType="string"/>
			<property name="title" value="IR Spec PRA" valueType="string"/>
			<property name="type" value="FLOAT" valueType="string"/>
			<property name="allowNulls" value="false" valueType="boolean"/>
			<property name="allowDefault" value="false" valueType="boolean"/>
			<property name="syntheticContent" valueType="table"/>
			<property name="lookupSource" valueType="url"/>
			<property name="parentFields" valueType="table"/>
			<property name="aggregatedFunction" value="" valueType="string"/>
			<property name="isCountFieldFor" valueType="url"/>
			<property name="producingMap" valueType="table"/>
			<property name="displayFormat" value="" valueType="string"/>
			<property name="showSubtotal" value="false" valueType="boolean"/>
			<property name="isHidden" value="false" valueType="boolean"/>
		</object>
		<object type="DataSource:field" version="5">
			<property name="name" value="rsk_chrg_code" valueType="string"/>
			<property name="description" value="" valueType="string"/>
			<property name="id" value="e0151fbc-ec82-47a8-97cb-5ff96104362f" valueType="string"/>
			<property name="title" value="Risk Charge Code" valueType="string"/>
			<property name="type" value="VARCHAR" valueType="string"/>
			<property name="size" value="50" valueType="integer"/>
			<property name="allowNulls" value="true" valueType="boolean"/>
			<property name="allowDefault" value="false" valueType="boolean"/>
			<property name="isAutoUniqueId" value="false" valueType="boolean"/>
			<property name="syntheticContent" valueType="table"/>
			<property name="lookupSource" valueType="url"/>
			<property name="parentFields" valueType="table"/>
			<property name="aggregatedFunction" value="" valueType="string"/>
			<property name="isCountFieldFor" valueType="url"/>
			<property name="producingMap" valueType="table"/>
			<property name="displayFormat" value="" valueType="string"/>
			<property name="showSubtotal" value="false" valueType="boolean"/>
			<property name="isHidden" value="false" valueType="boolean"/>
		</object>
	</property>
	<property name="keyFields" valueType="table">
		<object type="DataSource:localFieldReference" version="3">
			<property name="value" valueType="url">DataSource[this].layout["typ"{06e9b261-53f5-48dc-8907-ec7502d29e15}]</property>
		</object>
		<object type="DataSource:localFieldReference" version="3">
			<property name="value" valueType="url">DataSource[this].layout["cqs"{0a102614-00c9-495d-a502-fa30af4ab200}]</property>
		</object>
	</property>
	<property name="index" valueType="table"/>
	<property name="createIndexOnKeyFields" value="true" valueType="boolean"/>
	<property name="indexOnKeyFieldsClustered" value="true" valueType="boolean"/>
	<property name="storageType" value="PERMANENT" valueType="string"/>
	<property name="internalSourceTablePrefix" value="" valueType="string"/>
	<property name="loaderConfigFields" valueType="table">
		<object type="DataSource:loaderConfigField" version="3">
			<property name="sourceField" valueType="url">DataSource[this].layout["typ"{06e9b261-53f5-48dc-8907-ec7502d29e15}]</property>
			<property name="origColumn" value="typ" valueType="string"/>
			<property name="format" value="" valueType="string"/>
		</object>
		<object type="DataSource:loaderConfigField" version="3">
			<property name="sourceField" valueType="url">DataSource[this].layout["cqs"{0a102614-00c9-495d-a502-fa30af4ab200}]</property>
			<property name="origColumn" value="cqs" valueType="string"/>
			<property name="format" value="" valueType="string"/>
		</object>
		<object type="DataSource:loaderConfigField" version="3">
			<property name="sourceField" valueType="url">DataSource[this].layout["ir_spec_pra"{7a042d57-d654-49d8-a5b7-b39d06135be0}]</property>
			<property name="origColumn" value="ir_spec_pra" valueType="string"/>
			<property name="format" value="" valueType="string"/>
		</object>
		<object type="DataSource:loaderConfigField" version="3">
			<property name="sourceField" valueType="url">DataSource[this].layout["rsk_chrg_code"{e0151fbc-ec82-47a8-97cb-5ff96104362f}]</property>
			<property name="origColumn" value="rsk_chrg_code" valueType="string"/>
			<property name="format" value="" valueType="string"/>
		</object>
	</property>
	<property name="loaderActions" valueType="table"/>
	<property name="postTableCreationStatements" valueType="table"/>
	<property name="postAdjustmentTableCreationStatements" valueType="table"/>
	<property name="dataLoadVariables" valueType="table"/>
	<property name="computeStatistics" value="NONE" valueType="string"/>
	<property name="reapplyAdjustmentsAfterDataLoad" value="false" valueType="boolean"/>
	<property name="archivalProperties" valueType="object">
		<object type="ArchivalProperties" version="2">
			<property name="daily" value="false" valueType="boolean"/>
			<property name="weekly" value="false" valueType="boolean"/>
			<property name="monthly" value="false" valueType="boolean"/>
			<property name="quarterly" value="false" valueType="boolean"/>
			<property name="semiAnnually" value="false" valueType="boolean"/>
			<property name="annually" value="false" valueType="boolean"/>
			<property name="intraDay" value="false" valueType="boolean"/>
			<property name="userDefined" value="false" valueType="boolean"/>
		</object>
	</property>
	<property name="validations" valueType="table"/>
	<property name="loaderSelectDistinct" value="false" valueType="boolean"/>
	<property name="loaderCondition" value="" valueType="string"/>
	<property name="fourEyesCheck" value="false" valueType="boolean"/>
	<property name="readOnlyAdjustment" value="false" valueType="boolean"/>
	<property name="keepTableContent" value="false" valueType="boolean"/>
	<property name="dbSourceToLoadFrom" valueType="url">DBSource["POSTGRES"{7141b02a-a2bf-46bb-9ad0-fa1087f431e1}]</property>
	<property name="tableLoadingMethod" value="memoryBased" valueType="string"/>
	<property name="freezeLevel" value="1" valueType="integer"/>
	<property name="instanceRebuildRestriction" value="AlterFullRebuild" valueType="string"/>
</object>